"usager_id","timestamp","age","niveau_diplome","anciennete_poste_ans","code_rome_vise","code_insee_commune","est_allocataire","nationalite_hors_ue","synthese_entretien","classe_retour_emploi","prediction","proba_0","proba_1","proba_2"
"PROD_00000","2026-01-01 00:00:00.000000000","39.0","Bac+5","14.3","M1806","67232","1.0","1","Comp?tences ? r?actualiser sur les outils num?riques. Motivation correcte.","1","1","0.20988249469739767","0.6340984351749036","0.15601907012769878"
"PROD_00001","2026-01-01 00:43:12.844281427","31.0","Bac+2","0.4","A1401","57093","0.0","0","Projet de reconversion ? affiner. Besoin d'une formation compl?mentaire.","1","1","0.15913700585827023","0.6562710959646754","0.18459189817705446"
"PROD_00002","2026-01-01 01:26:25.688562854","46.0","Sans dipl?me","2.0","A1501","59263","0.0","0","Profil autonome, recherche active, aucun frein p?riph?rique identifi?.","1","1","0.18871587283917685","0.6378280011080087","0.17345612605281435"
"PROD_00003","2026-01-01 02:09:38.532844281","41.0","Bac","2.3","G1801","02346","1.0","0","Projet de reconversion ? affiner. Besoin d'une formation compl?mentaire.","1","1","0.18707942643362652","0.6305710181564329","0.18234955540994058"
"PROD_00004","2026-01-01 02:52:51.377125708","48.0","Bac","0.9","M1802","62585","1.0","0","Cumul de difficult?s. Pas de moyen de transport et garde d'enfants complexe.","0","0","0.6042122562716011","0.2486668313961838","0.14712091233221505"
"PROD_00005","2026-01-01 03:36:04.221407135","60.0","Bac+2","14.0","M1801","54132","1.0","1","Cumul de difficult?s. Pas de moyen de transport et garde d'enfants complexe.","2","2","0.14429141660913866","0.23005432257573577","0.6256542608151255"
"PROD_00006","2026-01-01 04:19:17.065688562","49.0","Bac+5","17.0","K2101","18050","1.0","0","Projet de reconversion ? affiner. Besoin d'une formation compl?mentaire.","1","1","0.21471996071682506","0.601037901196586","0.18424213808658896"
"PROD_00007","2026-01-01 05:02:29.909969990","41.0","Bac+2","2.3","A1401","32357","1.0","0","Candidat tr?s dynamique, mobilit? nationale valid?e. Projet clair.","2","2","0.14418602028697816","0.19170216317371264","0.6641118165393092"
"PROD_00008","2026-01-01 05:45:42.754251417","29.0","Bac+5","1.8","A1501","06083","1.0","1","Candidat tr?s dynamique, mobilit? nationale valid?e. Projet clair.","1","1","0.14638298278422712","0.6164499042647779","0.23716711295099502"
"PROD_00009","2026-01-01 06:28:55.598532844","43.0","Bac","2.5","M1801","16284","0.0","0","Excellente pr?sentation, comp?tences techniques ? jour. Reprise rapide vis?e.","0","0","0.6736082019095863","0.1755914571784999","0.15080034091191385"
"PROD_00010","2026-01-01 07:12:08.442814271","55.0","Bac+2","8.0","K1304","34305","0.0","0","Comp?tences ? r?actualiser sur les outils num?riques. Motivation correcte.","0","0","0.6140686808056863","0.14607554806644796","0.2398557711278657"
"PROD_00011","2026-01-01 07:55:21.287095698","37.0","Bac","1.3","C1102","33162","0.0","0","Projet de reconversion ? affiner. Besoin d'une formation compl?mentaire.","0","0","0.5993329275797962","0.1754867316644158","0.22518034075578802"
"PROD_00012","2026-01-01 08:38:34.131377125","26.0","Bac+2","0.7","M1805","09116","1.0","0","Profil autonome, recherche active, aucun frein p?riph?rique identifi?.","0","0","0.6036256414674388","0.2603707695988108","0.13600358893375042"
"PROD_00013","2026-01-01 09:21:46.975658552","61.0","Bac+2","2.6","D1503","93063","0.0","0","Information non renseignee","2","2","0.14085993535869865","0.2514736994051325","0.6076663652361689"
"PROD_00014","2026-01-01 10:04:59.819939980","58.0","Bac+5","0.4","D1210","16102","1.0","1","Profil autonome, recherche active, aucun frein p?riph?rique identifi?.","1","1","0.14942263910663695","0.6537852438186971","0.19679211707466604"
"PROD_00015","2026-01-01 10:48:12.664221407","31.0","Bac+2","1.3","A1203","58267","1.0","0","Probl?me ponctuel de mobilit? g?ographique. Zone mal desservie.","1","1","0.21103453206118103","0.6473094304339456","0.14165603750487332"
"PROD_00016","2026-01-01 11:31:25.508502834","49.0","Bac","0.4","N4101","67083","1.0","1","Excellente pr?sentation, comp?tences techniques ? jour. Reprise rapide vis?e.","1","1","0.14489911435820338","0.5987639777216887","0.256336907920108"
"PROD_00017","2026-01-01 12:14:38.352784261","45.0","Sans dipl?me","0.4","C1302","63404","1.0","0","Perte de confiance importante. Risque d'exclusion, barri?re de la langue.","1","1","0.21934299189568002","0.6473952913106112","0.1332617167937088"
"PROD_00018","2026-01-01 12:57:51.197065688","32.0","Bac","11.7","K2106","24502","0.0","0","Candidat tr?s dynamique, mobilit? nationale valid?e. Projet clair.","1","1","0.17220980032184086","0.6780713849122098","0.1497188147659494"
"PROD_00019","2026-01-01 13:41:04.041347115","28.0","Bac","4.6","N1301","70421","0.0","0","Candidat tr?s dynamique, mobilit? nationale valid?e. Projet clair.","0","0","0.6157320359057209","0.17418802966613184","0.21007993442814726"
"PROD_00020","2026-01-01 14:24:16.885628542","38.0","Bac","2.5","G1801","24107","0.0","0","Projet de reconversion ? affiner. Besoin d'une formation compl?mentaire.","1","1","0.20257565640660374","0.6667032678123346","0.13072107578106174"
"PROD_00021","2026-01-01 15:07:29.729909969","53.0","Bac+5","1.8","G1602","86114","1.0","0","Comp?tences ? r?actualiser sur les outils num?riques. Motivation correcte.","2","2","0.18554822264427112","0.14973241374476323","0.6647193636109657"
"PROD_00022","2026-01-01 15:50:42.574191397","33.0","Bac+2","1.6","A1202","33220","1.0","0","Excellente pr?sentation, comp?tences techniques ? jour. Reprise rapide vis?e.","0","0","0.5981971532137543","0.13280221740357392","0.2690006293826718"
"PROD_00023","2026-01-01 16:33:55.418472824","59.0","Bac+5","0.5","H1504","36029","0.0","0","Comp?tences ? r?actualiser sur les outils num?riques. Motivation correcte.","1","1","0.1655361521717194","0.645691226050266","0.18877262177801468"
"PROD_00024","2026-01-01 17:17:08.262754251","54.0","Bac+2","1.5","G1302","46263","1.0","0","Excellente pr?sentation, comp?tences techniques ? jour. Reprise rapide vis?e.","1","1","0.17308812214315342","0.6971427642589924","0.12976911359785426"
"PROD_00025","2026-01-01 18:00:21.107035678","58.0","Bac","0.0","C1110","78077","1.0","0","Comp?tences ? r?actualiser sur les outils num?riques. Motivation correcte.","1","1","0.25910068198361413","0.6119602031448099","0.12893911487157594"
"PROD_00026","2026-01-01 18:43:33.951317105","41.0","Bac+5","6.0","H1504","48063","0.0","0","Candidat tr?s dynamique, mobilit? nationale valid?e. Projet clair.","0","0","0.5978539430841133","0.20551021962344268","0.196635837292444"
"PROD_00027","2026-01-01 19:26:46.795598532","33.0","Bac","1.4","M1501","62849","0.0","0","Probl?me ponctuel de mobilit? g?ographique. Zone mal desservie.","1","1","0.22885206872408348","0.5984802326605227","0.17266769861539377"
"PROD_00028","2026-01-01 20:09:59.639879960","62.0","Bac","3.3","H1206","62798","1.0","0","Probl?me ponctuel de mobilit? g?ographique. Zone mal desservie.","1","1","0.21396466560481656","0.6088025052471825","0.17723282914800098"
"PROD_00029","2026-01-01 20:53:12.484161387","60.0","Bac","0.6","A1401","60369","1.0","0","Projet de reconversion ? affiner. Besoin d'une formation compl?mentaire.","1","1","0.2351568481824417","0.6057485620938508","0.1590945897237075"
"PROD_00030","2026-01-01 21:36:25.328442814","40.0","Bac","2.0","D1502","94065","1.0","0","Cumul de difficult?s. Pas de moyen de transport et garde d'enfants complexe.","1","1","0.17130680498758147","0.6063449650313453","0.2223482299810733"
"PROD_00031","2026-01-01 22:19:38.172724241","29.0","Bac","7.2","K1403","30191","1.0","0","Candidat tr?s dynamique, mobilit? nationale valid?e. Projet clair.","0","0","0.6443902961280826","0.15423776106589127","0.2013719428060261"
"PROD_00032","2026-01-01 23:02:51.017005668","46.0","Bac+5","2.7","D1406","52377","1.0","1","Excellente pr?sentation, comp?tences techniques ? jour. Reprise rapide vis?e.","0","0","0.6405702974149554","0.1728294921674258","0.1866002104176188"
"PROD_00033","2026-01-01 23:46:03.861287095","55.0","Bac","0.6","M1203","45336","1.0","0","Probl?me ponctuel de mobilit? g?ographique. Zone mal desservie.","0","0","0.6192293986172843","0.1694407929084575","0.21132980847425817"
"PROD_00034","2026-01-02 00:29:16.705568522","56.0","Sans dipl?me","0.2","M1806","41055","1.0","0","Perte de confiance importante. Risque d'exclusion, barri?re de la langue.","0","0","0.6989410684152192","0.1304878005380646","0.1705711310467162"
"PROD_00035","2026-01-02 01:12:29.549849949","19.0","Bac","0.5","K1903","59283","1.0","0","Cumul de difficult?s. Pas de moyen de transport et garde d'enfants complexe.","2","2","0.1613419942660264","0.16375902273923018","0.6748989829947435"
"PROD_00036","2026-01-02 01:55:42.394131377","40.0","Bac","3.5","I1304","31419","0.0","0","Profil autonome, recherche active, aucun frein p?riph?rique identifi?.","0","0","0.6999820069995861","0.15094111659248807","0.1490768764079258"
"PROD_00037","2026-01-02 02:38:55.238412804","26.0","Bac+5","2.6","C1201","74018","0.0","0","Cumul de difficult?s. Pas de moyen de transport et garde d'enfants complexe.","2","2","0.2350681318557376","0.1441981457276923","0.6207337224165701"
"PROD_00038","2026-01-02 03:22:08.082694231","45.0","Sans dipl?me","5.0","K1403","80508","0.0","0","Profil autonome, recherche active, aucun frein p?riph?rique identifi?.","1","1","0.15145096548118173","0.6083620906778895","0.24018694384092876"
"PROD_00039","2026-01-02 04:05:20.926975658","25.0","Bac","0.2","A1203","40284","0.0","0","Cumul de difficult?s. Pas de moyen de transport et garde d'enfants complexe.","0","0","0.7293927887217244","0.1310007550235669","0.1396064562547087"
"PROD_00040","2026-01-02 04:48:33.771257085","52.0","Bac+2","2.8","G1302","08498","1.0","0","Candidat tr?s dynamique, mobilit? nationale valid?e. Projet clair.","1","1","0.17052409953044242","0.6174540182712007","0.21202188219835683"
"PROD_00041","2026-01-02 05:31:46.615538512","38.0","Bac","6.3","I1304","38248","1.0","0","Excellente pr?sentation, comp?tences techniques ? jour. Reprise rapide vis?e.","0","0","0.67374927583323","0.12933828737353964","0.1969124367932304"
"PROD_00042","2026-01-02 06:14:59.459819939","44.0","Bac+2","0.5","A1401","01289","0.0","0","Perte de confiance importante. Risque d'exclusion, barri?re de la langue.","2","2","0.14663450884452928","0.23597009919291762","0.617395391962553"
"PROD_00043","2026-01-02 06:58:12.304101367","37.0","Bac+2","9.9","F1603","52232","1.0","0","Probl?me ponctuel de mobilit? g?ographique. Zone mal desservie.","1","1","0.2598870552582459","0.6106219926380305","0.12949095210372352"
"PROD_00044","2026-01-02 07:41:25.148382794","28.0","Bac","0.1","C1201","27464","1.0","0","Candidat tr?s dynamique, mobilit? nationale valid?e. Projet clair.","0","0","0.6407062268645254","0.21021197088253316","0.14908180225294146"
"PROD_00045","2026-01-02 08:24:37.992664221","51.0","Bac+5","0.4","H1504","22259","1.0","0","Profil autonome, recherche active, aucun frein p?riph?rique identifi?.","0","0","0.6477754035805189","0.12884967495134805","0.22337492146813306"
"PROD_00046","2026-01-02 09:07:50.836945648","54.0","Bac+5","2.4","K2101","57567","0.0","0","Excellente pr?sentation, comp?tences techniques ? jour. Reprise rapide vis?e.","0","0","0.6180682618552221","0.22085825788124844","0.16107348026352944"
"PROD_00047","2026-01-02 09:51:03.681227075","38.0","Bac+5","2.7","N4301","29076","1.0","0","Candidat tr?s dynamique, mobilit? nationale valid?e. Projet clair.","0","0","0.630815994045604","0.12789100537809722","0.24129300057629882"
"PROD_00048","2026-01-02 10:34:16.525508502","28.0","Bac","0.1","H1504","06076","0.0","0","Perte de confiance importante. Risque d'exclusion, barri?re de la langue.","1","1","0.1642987278844081","0.6303764759873965","0.20532479612819532"
"PROD_00049","2026-01-02 11:17:29.369789929","19.0","Bac","8.3","M1607","25209","1.0","0","Cumul de difficult?s. Pas de moyen de transport et garde d'enfants complexe.","2","2","0.14176899577008237","0.2563803180127353","0.6018506862171823"
"PROD_00050","2026-01-02 12:00:42.214071357","54.0","Bac","2.0","I1304","61159","0.0","0","Comp?tences ? r?actualiser sur les outils num?riques. Motivation correcte.","0","0","0.5967207036067957","0.19660782955009504","0.20667146684310922"
"PROD_00051","2026-01-02 12:43:55.058352784","41.0","Bac+2","1.7","I1304","70550","1.0","0","Profil autonome, recherche active, aucun frein p?riph?rique identifi?.","0","0","0.6203678177355947","0.17847282825697117","0.20115935400743415"
"PROD_00052","2026-01-02 13:27:07.902634211","54.0","Bac+5","4.2","N4101","12189","1.0","0","Excellente pr?sentation, comp?tences techniques ? jour. Reprise rapide vis?e.","1","1","0.19874189286263558","0.6601993503883121","0.14105875674905233"
"PROD_00053","2026-01-02 14:10:20.746915638","39.0","Bac","0.2","D1210","22003","1.0","1","Projet de reconversion ? affiner. Besoin d'une formation compl?mentaire.","1","1","0.25187309432726795","0.5980951275642405","0.15003177810849144"
"PROD_00054","2026-01-02 14:53:33.591197065","35.0","Bac","2.5","K1201","59414","0.0","0","Profil autonome, recherche active, aucun frein p?riph?rique identifi?.","0","0","0.6518020399868718","0.17785971061874237","0.17033824939438583"
"PROD_00055","2026-01-02 15:36:46.435478492","24.0","Bac","2.9","K2111","17283","0.0","0","Comp?tences ? r?actualiser sur les outils num?riques. Motivation correcte.","0","0","0.6059846205199912","0.2490092210267905","0.14500615845321826"
"PROD_00056","2026-01-02 16:19:59.279759920","26.0","Sans dipl?me","1.6","D1406","68326","1.0","0","Perte de confiance importante. Risque d'exclusion, barri?re de la langue.","1","1","0.19654822107156167","0.6542012977111938","0.1492504812172445"
"PROD_00057","2026-01-02 17:03:12.124041347","29.0","Bac","5.9","C1302","54244","1.0","0","Freins p?riph?riques majeurs. Situation d'illettrisme num?rique constat?e.","0","0","0.6126070397682238","0.14258614573909356","0.2448068144926826"
"PROD_00058","2026-01-02 17:46:24.968322774","58.0","Bac+5","2.0","M1802","83060","1.0","0","Excellente pr?sentation, comp?tences techniques ? jour. Reprise rapide vis?e.","0","0","0.6139961299331559","0.20593602253242455","0.18006784753441957"
"PROD_00059","2026-01-02 18:29:37.812604201","32.0","Sans dipl?me","2.9","N4301","76390","1.0","0","Projet de reconversion ? affiner. Besoin d'une formation compl?mentaire.","1","1","0.22644510141609778","0.5988161653538707","0.17473873323003153"
"PROD_00060","2026-01-02 19:12:50.656885628","47.0","Bac+2","4.3","D1503","42217","1.0","0","Comp?tences ? r?actualiser sur les outils num?riques. Motivation correcte.","1","1","0.18934912172700907","0.6297755016386475","0.1808753766343434"
"PROD_00061","2026-01-02 19:56:03.501167055","28.0","Bac+5","8.6","M1607","76389","0.0","0","Freins p?riph?riques majeurs. Situation d'illettrisme num?rique constat?e.","2","2","0.1576139646114847","0.12868044097090475","0.7137055944176105"
"PROD_00062","2026-01-02 20:39:16.345448482","47.0","Bac+2","0.5","D1503","61423","0.0","1","Cumul de difficult?s. Pas de moyen de transport et garde d'enfants complexe.","1","1","0.1926944986651043","0.6231814484891064","0.18412405284578937"
"PROD_00063","2026-01-02 21:22:29.189729909","41.0","Bac","1.2","H1206","60008","1.0","0","Profil autonome, recherche active, aucun frein p?riph?rique identifi?.","1","1","0.17749832064837945","0.623937840235413","0.19856383911620756"
"PROD_00064","2026-01-02 22:05:42.034011337","55.0","Bac","0.8","I1304","81060","0.0","0","Information non renseignee","1","1","0.13626784059647032","0.7288957374216818","0.13483642198184786"
"PROD_00065","2026-01-02 22:48:54.878292764","20.0","Sans dipl?me","2.1","D1401","35314","0.0","0","Cumul de difficult?s. Pas de moyen de transport et garde d'enfants complexe.","1","1","0.15954302294957062","0.6626222542512996","0.1778347227991297"
"PROD_00066","2026-01-02 23:32:07.722574191","55.0","Bac","4.6","G1801","30209","0.0","0","Cumul de difficult?s. Pas de moyen de transport et garde d'enfants complexe.","1","1","0.160209772058362","0.6793180308569564","0.16047219708468163"
"PROD_00067","2026-01-03 00:15:20.566855618","53.0","Bac+2","1.8","G1602","86114","1.0","0","Comp?tences ? r?actualiser sur les outils num?riques. Motivation correcte.","2","2","0.1938035109250733","0.18353955106625283","0.6226569380086738"
"PROD_00068","2026-01-03 00:58:33.411137045","49.0","Bac","14.7","A1301","27394","1.0","0","Profil autonome, recherche active, aucun frein p?riph?rique identifi?.","2","2","0.17667127710946007","0.18888863055376748","0.6344400923367725"
"PROD_00069","2026-01-03 01:41:46.255418472","41.0","Bac+2","1.1","N4101","61498","0.0","0","Candidat tr?s dynamique, mobilit? nationale valid?e. Projet clair.","1","1","0.20374542360579104","0.6652619425508103","0.13099263384339865"
"PROD_00070","2026-01-03 02:24:59.099699899","32.0","Bac+2","3.2","M1607","81275","1.0","0","Comp?tences ? r?actualiser sur les outils num?riques. Motivation correcte.","1","1","0.15807422313027059","0.679302477102126","0.16262329976760348"
"PROD_00071","2026-01-03 03:08:11.943981327","49.0","Bac","0.2","N4301","02198","0.0","0","Probl?me ponctuel de mobilit? g?ographique. Zone mal desservie.","2","2","0.21441504325708505","0.14285012526708218","0.6427348314758328"
"PROD_00072","2026-01-03 03:51:24.788262754","61.0","Sans dipl?me","6.8","M1802","25375","1.0","0","Perte de confiance importante. Risque d'exclusion, barri?re de la langue.","2","2","0.1279168953585521","0.15892170416486193","0.7131614004765859"
"PROD_00073","2026-01-03 04:34:37.632544181","21.0","Bac","0.8","G1801","50039","0.0","0","Candidat tr?s dynamique, mobilit? nationale valid?e. Projet clair.","0","0","0.6398042260094292","0.17412019504795337","0.18607557894261742"
"PROD_00074","2026-01-03 05:17:50.476825608","28.0","Sans dipl?me","2.0","M1805","36161","1.0","0","Cumul de difficult?s. Pas de moyen de transport et garde d'enfants complexe.","1","1","0.21021259848072565","0.602669867852735","0.18711753366653927"
"PROD_00075","2026-01-03 06:01:03.321107035","46.0","Bac","5.5","M1705","35275","0.0","1","Comp?tences ? r?actualiser sur les outils num?riques. Motivation correcte.","1","1","0.21421820023666277","0.6208284902118569","0.16495330955148024"
"PROD_00076","2026-01-03 06:44:16.165388462","59.0","Bac","0.3","M1607","02732","1.0","0","Projet de reconversion ? affiner. Besoin d'une formation compl?mentaire.","2","2","0.23012944752557224","0.16926285113883402","0.6006077013355938"
"PROD_00077","2026-01-03 07:27:29.009669889","52.0","Sans dipl?me","8.2","A1501","27117","0.0","0","Profil autonome, recherche active, aucun frein p?riph?rique identifi?.","2","2","0.2086846518215281","0.14376254719739806","0.6475528009810738"
"PROD_00078","2026-01-03 08:10:41.853951317","32.0","Bac","3.0","K2111","85296","1.0","0","Profil autonome, recherche active, aucun frein p?riph?rique identifi?.","0","0","0.6817766648185634","0.1670391794774889","0.15118415570394775"
"PROD_00079","2026-01-03 08:53:54.698232744","39.0","Bac+2","0.6","M1501","51141","1.0","0","Freins p?riph?riques majeurs. Situation d'illettrisme num?rique constat?e.","1","1","0.21489795013837687","0.6320122792903995","0.15308977057122364"
"PROD_00080","2026-01-03 09:37:07.542514171","51.0","Bac","7.6","I1304","84083","0.0","0","Projet de reconversion ? affiner. Besoin d'une formation compl?mentaire.","1","1","0.14506258199033492","0.6907016065687768","0.16423581144088828"
"PROD_00081","2026-01-03 10:20:20.386795598","57.0","Bac","5.0","M1806","88127","0.0","0","Probl?me ponctuel de mobilit? g?ographique. Zone mal desservie.","1","1","0.21620096551100165","0.6099870153135001","0.17381201917549827"
"PROD_00082","2026-01-03 11:03:33.231077025","54.0","Bac+5","0.6","K1601","34045","0.0","1","Probl?me ponctuel de mobilit? g?ographique. Zone mal desservie.","2","2","0.19567160042469495","0.16088950624095094","0.643438893334354"
"PROD_00083","2026-01-03 11:46:46.075358452","41.0","Bac","0.2","D1401","28064","0.0","0","Candidat tr?s dynamique, mobilit? nationale valid?e. Projet clair.","0","0","0.7324893086894848","0.13919095060588219","0.128319740704633"
"PROD_00084","2026-01-03 12:29:58.919639879","41.0","Bac+2","3.7","K2111","62437","1.0","0","Probl?me ponctuel de mobilit? g?ographique. Zone mal desservie.","0","0","0.6852517782922575","0.1532078232519689","0.16154039845577362"
"PROD_00085","2026-01-03 13:13:11.763921307","32.0","Sans dipl?me","2.0","A1203","58295","1.0","0","Probl?me ponctuel de mobilit? g?ographique. Zone mal desservie.","0","0","0.7127995254593779","0.15171647988281975","0.1354839946578024"
"PROD_00086","2026-01-03 13:56:24.608202734","57.0","Sans dipl?me","3.6","D1502","46283","1.0","1","Perte de confiance importante. Risque d'exclusion, barri?re de la langue.","2","2","0.24057159448563484","0.12780008418016608","0.6316283213341991"
"PROD_00087","2026-01-03 14:39:37.452484161","55.0","Sans dipl?me","3.9","M1801","16038","0.0","0","Freins p?riph?riques majeurs. Situation d'illettrisme num?rique constat?e.","2","2","0.14792840387403383","0.16936848082208586","0.6827031153038803"
"PROD_00088","2026-01-03 15:22:50.296765588","62.0","Sans dipl?me","12.9","M1806","58077","1.0","0","Perte de confiance importante. Risque d'exclusion, barri?re de la langue.","2","2","0.13165773488341204","0.2404507989881824","0.6278914661284056"
"PROD_00089","2026-01-03 16:06:03.141047015","36.0","Bac+5","1.9","G1203","72193","1.0","0","Excellente pr?sentation, comp?tences techniques ? jour. Reprise rapide vis?e.","0","0","0.6738345829594297","0.1747973944264106","0.15136802261415974"
"PROD_00090","2026-01-03 16:49:15.985328442","22.0","Bac+5","1.2","G1801","25563","1.0","0","Excellente pr?sentation, comp?tences techniques ? jour. Reprise rapide vis?e.","0","0","0.6101339795995193","0.2199943561244077","0.16987166427607298"
"PROD_00091","2026-01-03 17:32:28.829609869","60.0","Bac+5","0.7","K1403","03036","1.0","0","Probl?me ponctuel de mobilit? g?ographique. Zone mal desservie.","1","1","0.2070668443177789","0.64131623749894","0.15161691818328116"
"PROD_00092","2026-01-03 18:15:41.673891297","50.0","Bac+2","0.1","G1801","69276","1.0","0","Comp?tences ? r?actualiser sur les outils num?riques. Motivation correcte.","1","1","0.19576209312767676","0.6302281357535506","0.17400977111877258"
"PROD_00093","2026-01-03 18:58:54.518172724","22.0","Bac+2","1.8","M1602","54050","0.0","0","Projet de reconversion ? affiner. Besoin d'une formation compl?mentaire.","2","2","0.1711948417605757","0.1814739522461991","0.6473312059932251"
"PROD_00094","2026-01-03 19:42:07.362454151","30.0","Sans dipl?me","0.7","H2502","76442","1.0","0","Probl?me ponctuel de mobilit? g?ographique. Zone mal desservie.","1","1","0.15432189469604563","0.6129832980355032","0.23269480726845115"
"PROD_00095","2026-01-03 20:25:20.206735578","41.0","Bac","9.4","K1601","70275","1.0","0","Cumul de difficult?s. Pas de moyen de transport et garde d'enfants complexe.","2","2","0.1840005180079803","0.14603965287573406","0.6699598291162856"
"PROD_00096","2026-01-03 21:08:33.051017005","41.0","Bac+2","8.9","N1301","24355","0.0","1","Comp?tences ? r?actualiser sur les outils num?riques. Motivation correcte.","1","1","0.17058782700120353","0.6676636107448195","0.16174856225397694"
"PROD_00097","2026-01-03 21:51:45.895298432","56.0","Bac+5","0.1","M1806","80056","1.0","0","Projet de reconversion ? affiner. Besoin d'une formation compl?mentaire.","0","0","0.63499772276807","0.18948736832736918","0.17551490890456084"
"PROD_00098","2026-01-03 22:34:58.739579859","62.0","Bac+2","3.0","M1501","78586","1.0","0","Projet de reconversion ? affiner. Besoin d'une formation compl?mentaire.","1","1","0.14230224864840288","0.6640803830612394","0.1936173682903577"
"PROD_00099","2026-01-03 23:18:11.583861287","59.0","Bac+2","0.8","D1503","02655","0.0","0","Comp?tences ? r?actualiser sur les outils num?riques. Motivation correcte.","2","2","0.14424816753524405","0.14148786934883023","0.7142639631159258"
"PROD_00100","2026-01-04 00:01:24.428142714","41.1","Bac","0.2","D1401","28064","0.0","0","Candidat tr?s dynamique, mobilit? nationale valid?e. Projet clair.","0","0","0.6411916464421339","0.15642813628869154","0.20238021726917457"
"PROD_00101","2026-01-04 00:44:37.272424141","41.1","Bac+5","0.1","H1206","81273","1.0","0","Comp?tences ? r?actualiser sur les outils num?riques. Motivation correcte.","1","1","0.13111044467601252","0.605474786345855","0.26341476897813243"
"PROD_00102","2026-01-04 01:27:50.116705568","51.1","Sans dipl?me","0.4","M1203","32367","1.0","0","Excellente pr?sentation, comp?tences techniques ? jour. Reprise rapide vis?e.","2","2","0.2639729926230773","0.13312858040751618","0.6028984269694065"
"PROD_00103","2026-01-04 02:11:02.960986995","41.1","Bac+2","3.1","J1506","52273","1.0","0","Excellente pr?sentation, comp?tences techniques ? jour. Reprise rapide vis?e.","0","0","0.6730232113310685","0.15780123461728965","0.1691755540516419"
"PROD_00104","2026-01-04 02:54:15.805268422","37.1","Bac","7.6","M1806","76004","0.0","0","Excellente pr?sentation, comp?tences techniques ? jour. Reprise rapide vis?e.","0","0","0.6613084029427132","0.1728611662608179","0.1658304307964689"
"PROD_00105","2026-01-04 03:37:28.649549849","27.1","Bac","4.9","G1203","90014","0.0","0","Cumul de difficult?s. Pas de moyen de transport et garde d'enfants complexe.","2","2","0.20290462039973126","0.16463916020905733","0.6324562193912114"
"PROD_00106","2026-01-04 04:20:41.493831277","45.1","Bac+5","0.7","K1403","30160","1.0","0","Freins p?riph?riques majeurs. Situation d'illettrisme num?rique constat?e.","0","0","0.6889492183408066","0.12961515677776828","0.18143562488142514"
"PROD_00107","2026-01-04 05:03:54.338112704","47.1","Bac","1.6","H1206","70257","0.0","0","Profil autonome, recherche active, aucun frein p?riph?rique identifi?.","0","0","0.6132642153005609","0.24981420216690484","0.1369215825325343"
"PROD_00108","2026-01-04 05:47:07.182394131","24.1","Bac+5","12.3","H1504","54390","0.0","0","Perte de confiance importante. Risque d'exclusion, barri?re de la langue.","2","2","0.2356679016072239","0.16579616204533804","0.5985359363474381"
"PROD_00109","2026-01-04 06:30:20.026675558","42.1","Bac","4.9","C1110","76359","0.0","0","Freins p?riph?riques majeurs. Situation d'illettrisme num?rique constat?e.","1","1","0.152242801964802","0.7085291148861524","0.13922808314904556"
"PROD_00110","2026-01-04 07:13:32.870956985","46.1","Bac","1.3","N4301","07223","1.0","0","Excellente pr?sentation, comp?tences techniques ? jour. Reprise rapide vis?e.","0","0","0.62109442280497","0.2244290863505343","0.15447649084449575"
"PROD_00111","2026-01-04 07:56:45.715238412","19.1","Bac","0.2","D1210","59278","1.0","0","Information non renseignee","1","1","0.14440354348635487","0.6728513482415863","0.1827451082720588"
"PROD_00112","2026-01-04 08:39:58.559519840","36.1","Bac+2","5.5","K2106","24388","0.0","1","Comp?tences ? r?actualiser sur les outils num?riques. Motivation correcte.","1","1","0.15995335663406934","0.6922941630720569","0.14775248029387367"
"PROD_00113","2026-01-04 09:23:11.403801267","28.1","Bac+5","1.4","C1302","11095","1.0","1","Freins p?riph?riques majeurs. Situation d'illettrisme num?rique constat?e.","1","1","0.1735283495027287","0.6912074726098032","0.13526417788746814"
"PROD_00114","2026-01-04 10:06:24.248082694","40.1","Bac","6.1","K1903","03192","0.0","0","Candidat tr?s dynamique, mobilit? nationale valid?e. Projet clair.","0","0","0.6615512113191304","0.14701812339714293","0.19143066528372665"
"PROD_00115","2026-01-04 10:49:37.092364121","40.1","Bac","4.1","N1301","15078","1.0","0","Profil autonome, recherche active, aucun frein p?riph?rique identifi?.","0","0","0.6576487256544473","0.16877193864176462","0.17357933570378806"
"PROD_00116","2026-01-04 11:32:49.936645548","41.1","Bac+2","0.1","K1304","70125","1.0","0","Perte de confiance importante. Risque d'exclusion, barri?re de la langue.","0","0","0.6011828205064167","0.2596348778517672","0.1391823016418161"
"PROD_00117","2026-01-04 12:16:02.780926975","59.1","Bac+2","0.8","D1503","02655","0.0","0","Comp?tences ? r?actualiser sur les outils num?riques. Motivation correcte.","2","2","0.1390078228462374","0.21417112012344003","0.6468210570303226"
"PROD_00118","2026-01-04 12:59:15.625208402","62.1","Bac","5.0","J1506","21649","1.0","0","Excellente pr?sentation, comp?tences techniques ? jour. Reprise rapide vis?e.","0","0","0.633830982994326","0.14255002215243115","0.2236189948532428"
"PROD_00119","2026-01-04 13:42:28.469489829","35.1","Bac+2","2.4","C1302","58265","1.0","0","Freins p?riph?riques majeurs. Situation d'illettrisme num?rique constat?e.","0","0","0.6893139558996809","0.16584808879840113","0.14483795530191795"
"PROD_00120","2026-01-04 14:25:41.313771257","60.1","Bac","0.9","C1302","28281","0.0","0","Comp?tences ? r?actualiser sur les outils num?riques. Motivation correcte.","1","1","0.12999756457359804","0.6751172772131121","0.1948851582132899"
"PROD_00121","2026-01-04 15:08:54.158052684","44.1","Bac","2.6","K2111","88078","0.0","0","Excellente pr?sentation, comp?tences techniques ? jour. Reprise rapide vis?e.","1","1","0.27550293771360634","0.5961473506654068","0.12834971162098685"
"PROD_00122","2026-01-04 15:52:07.002334111","46.1","Sans dipl?me","2.0","A1501","59263","0.0","0","Profil autonome, recherche active, aucun frein p?riph?rique identifi?.","1","1","0.2235264015452631","0.6070121098771841","0.16946148857755272"
"PROD_00123","2026-01-04 16:35:19.846615538","57.1","Bac+5","2.6","K1903","49110","1.0","0","Probl?me ponctuel de mobilit? g?ographique. Zone mal desservie.","1","1","0.14778079405484962","0.6370951802111671","0.21512402573398326"
"PROD_00124","2026-01-04 17:18:32.690896965","60.1","Bac+5","3.0","D1502","26176","0.0","0","Probl?me ponctuel de mobilit? g?ographique. Zone mal desservie.","1","1","0.17223427264125438","0.6608521127904758","0.1669136145682698"
"PROD_00125","2026-01-04 18:01:45.535178392","58.1","Sans dipl?me","0.3","H2502","07030","0.0","0","Comp?tences ? r?actualiser sur les outils num?riques. Motivation correcte.","1","1","0.1328249289240614","0.701542937150139","0.16563213392579956"
"PROD_00126","2026-01-04 18:44:58.379459819","41.1","Bac","11.5","M1801","71445","1.0","0","Candidat tr?s dynamique, mobilit? nationale valid?e. Projet clair.","1","1","0.14065557257565844","0.6390074184760262","0.22033700894831543"
"PROD_00127","2026-01-04 19:28:11.223741247","51.1","Bac","0.5","K1903","34276","1.0","0","Projet de reconversion ? affiner. Besoin d'une formation compl?mentaire.","1","1","0.13931465677643196","0.6682319391212943","0.19245340410227374"
"PROD_00128","2026-01-04 20:11:24.068022674","56.1","Bac","0.5","M1705","22045","1.0","0","Cumul de difficult?s. Pas de moyen de transport et garde d'enfants complexe.","2","2","0.20116400637995158","0.1834592062140087","0.6153767874060397"
"PROD_00129","2026-01-04 20:54:36.912304101","41.1","Bac+5","4.8","K2106","61426","0.0","0","Comp?tences ? r?actualiser sur les outils num?riques. Motivation correcte.","0","0","0.6024706806341728","0.16629771048800868","0.23123160887781857"
"PROD_00130","2026-01-04 21:37:49.756585528","58.1","Sans dipl?me","0.3","H2502","07030","0.0","0","Comp?tences ? r?actualiser sur les outils num?riques. Motivation correcte.","1","1","0.17811521097755653","0.6045184767185252","0.21736631230391823"
"PROD_00131","2026-01-04 22:21:02.600866955","61.1","Bac+5","2.6","A1203","62864","1.0","0","Probl?me ponctuel de mobilit? g?ographique. Zone mal desservie.","1","1","0.15115090564655687","0.6640156822720378","0.18483341208140536"
"PROD_00132","2026-01-04 23:04:15.445148382","50.1","Bac","3.3","C1201","51547","1.0","0","Information non renseignee","0","0","0.6707028236911403","0.1505267405702104","0.17877043573864929"
"PROD_00133","2026-01-04 23:47:28.289429809","25.1","Bac+5","0.1","N1303","12101","1.0","0","Perte de confiance importante. Risque d'exclusion, barri?re de la langue.","0","0","0.6266250220056044","0.1412506306890382","0.23212434730535736"
"PROD_00134","2026-01-05 00:30:41.133711237","61.1","Bac","5.6","N4101","65125","1.0","0","Probl?me ponctuel de mobilit? g?ographique. Zone mal desservie.","1","1","0.16311480755208704","0.6730793952304747","0.16380579721743826"
"PROD_00135","2026-01-05 01:13:53.977992664","22.1","Bac","5.6","N4101","57384","1.0","0","Probl?me ponctuel de mobilit? g?ographique. Zone mal desservie.","1","1","0.13881135240584788","0.6081585573880292","0.253030090206123"
"PROD_00136","2026-01-05 01:57:06.822274091","32.1","Sans dipl?me","1.4","G1801","16364","0.0","0","Perte de confiance importante. Risque d'exclusion, barri?re de la langue.","1","1","0.18563871223059242","0.6473039789359017","0.16705730883350578"
"PROD_00137","2026-01-05 02:40:19.666555518","38.1","Bac","9.0","C1302","80726","0.0","0","Cumul de difficult?s. Pas de moyen de transport et garde d'enfants complexe.","2","2","0.14175612713333124","0.208429930832769","0.6498139420338997"
"PROD_00138","2026-01-05 03:23:32.510836945","62.1","Bac","1.8","M1805","34195","1.0","0","Perte de confiance importante. Risque d'exclusion, barri?re de la langue.","1","1","0.1680566716467526","0.6177991076242211","0.21414422072902628"
"PROD_00139","2026-01-05 04:06:45.355118372","27.1","Bac","0.0","M1602","63443","0.0","1","Probl?me ponctuel de mobilit? g?ographique. Zone mal desservie.","1","1","0.19968355316466152","0.6479728798150997","0.15234356702023888"
"PROD_00140","2026-01-05 04:49:58.199399799","28.1","Sans dipl?me","1.8","C1110","07249","1.0","0","Comp?tences ? r?actualiser sur les outils num?riques. Motivation correcte.","1","1","0.18670678803623714","0.6855152221615359","0.12777798980222688"
"PROD_00141","2026-01-05 05:33:11.043681227","49.1","Sans dipl?me","1.6","D1503","27341","1.0","0","Information non renseignee","1","1","0.1563797065219164","0.6499124017567671","0.19370789172131653"
"PROD_00142","2026-01-05 06:16:23.887962654","45.1","Sans dipl?me","5.0","K1403","80508","0.0","0","Profil autonome, recherche active, aucun frein p?riph?rique identifi?.","1","1","0.1441307013765536","0.6102515853390337","0.24561771328441273"
"PROD_00143","2026-01-05 06:59:36.732244081","57.1","Bac+2","1.1","C1102","57659","1.0","0","Probl?me ponctuel de mobilit? g?ographique. Zone mal desservie.","1","1","0.1468611505954012","0.659867256435547","0.19327159296905183"
"PROD_00144","2026-01-05 07:42:49.576525508","55.1","Sans dipl?me","4.9","A1501","51334","1.0","0","Profil autonome, recherche active, aucun frein p?riph?rique identifi?.","2","2","0.18357925231722946","0.17448733297830754","0.641933414704463"
"PROD_00145","2026-01-05 08:26:02.420806935","32.1","Bac+2","2.3","K2106","19280","0.0","1","Freins p?riph?riques majeurs. Situation d'illettrisme num?rique constat?e.","1","1","0.14754443629802688","0.6556271915549294","0.19682837214704363"
"PROD_00146","2026-01-05 09:09:15.265088362","46.1","Bac+5","1.4","M1501","69231","0.0","0","Excellente pr?sentation, comp?tences techniques ? jour. Reprise rapide vis?e.","0","0","0.6710448845028825","0.15752599395697353","0.171429121540144"
"PROD_00147","2026-01-05 09:52:28.109369789","60.1","Bac+2","3.1","D1503","76613","0.0","0","Freins p?riph?riques majeurs. Situation d'illettrisme num?rique constat?e.","1","1","0.14687977340887262","0.6606381198726323","0.19248210671849508"
"PROD_00148","2026-01-05 10:35:40.953651217","36.1","Bac+5","2.0","D1406","77071","0.0","0","Perte de confiance importante. Risque d'exclusion, barri?re de la langue.","0","0","0.6154892343143202","0.24634476235984293","0.13816600332583684"
"PROD_00149","2026-01-05 11:18:53.797932644","47.1","Bac","0.1","C1110","23012","1.0","0","Excellente pr?sentation, comp?tences techniques ? jour. Reprise rapide vis?e.","0","0","0.5964696951955666","0.21947971101950756","0.18405059378492586"
"PROD_00150","2026-01-05 12:02:06.642214071","23.1","Bac+2","4.1","A1401","72048","1.0","0","Comp?tences ? r?actualiser sur les outils num?riques. Motivation correcte.","1","1","0.1522462312659117","0.689808087875688","0.15794568085840033"
"PROD_00151","2026-01-05 12:45:19.486495498","62.1","Bac+5","0.2","M1607","22002","1.0","0","Projet de reconversion ? affiner. Besoin d'une formation compl?mentaire.","0","0","0.6602774446793611","0.13984281258391998","0.1998797427367189"
"PROD_00152","2026-01-05 13:28:32.330776925","20.1","Bac","10.3","J1301","77253","1.0","0","Probl?me ponctuel de mobilit? g?ographique. Zone mal desservie.","0","0","0.6102661343676434","0.23712007660510998","0.1526137890272466"
"PROD_00153","2026-01-05 14:11:45.175058352","27.1","Bac+5","0.8","K1601","74208","0.0","0","Candidat tr?s dynamique, mobilit? nationale valid?e. Projet clair.","0","0","0.6700297706993152","0.15429370438532358","0.17567652491536118"
"PROD_00154","2026-01-05 14:54:58.019339779","43.1","Bac","1.1","I1304","07208","1.0","0","Cumul de difficult?s. Pas de moyen de transport et garde d'enfants complexe.","0","0","0.6012601354949015","0.16803271991467952","0.23070714459041894"
"PROD_00155","2026-01-05 15:38:10.863621207","47.1","Bac+5","0.4","A1203","12093","1.0","0","Freins p?riph?riques majeurs. Situation d'illettrisme num?rique constat?e.","0","0","0.6827634304818649","0.1793730248284838","0.13786354468965126"
"PROD_00156","2026-01-05 16:21:23.707902634","44.1","Bac","0.2","N1301","13071","1.0","0","Perte de confiance importante. Risque d'exclusion, barri?re de la langue.","2","2","0.1471201476313761","0.20844537368596466","0.6444344786826592"
"PROD_00157","2026-01-05 17:04:36.552184061","34.1","Bac","2.6","G1203","88483","0.0","0","Probl?me ponctuel de mobilit? g?ographique. Zone mal desservie.","1","1","0.22798035580660234","0.6311529919890112","0.14086665220438643"
"PROD_00158","2026-01-05 17:47:49.396465488","19.1","Bac","0.4","K2101","19268","1.0","0","Comp?tences ? r?actualiser sur les outils num?riques. Motivation correcte.","1","1","0.200205817556935","0.6482077211741478","0.15158646126891717"
"PROD_00159","2026-01-05 18:31:02.240746915","62.1","Bac+2","1.2","N1301","63304","1.0","0","Probl?me ponctuel de mobilit? g?ographique. Zone mal desservie.","0","0","0.6869896958498598","0.18322881425163332","0.12978148989850688"
"PROD_00160","2026-01-05 19:14:15.085028342","24.1","Bac+2","0.8","I1304","30329","0.0","0","Excellente pr?sentation, comp?tences techniques ? jour. Reprise rapide vis?e.","0","0","0.6898055943071848","0.15223950131564312","0.15795490437717208"
"PROD_00161","2026-01-05 19:57:27.929309769","45.1","Bac","0.7","N1303","10190","1.0","0","Profil autonome, recherche active, aucun frein p?riph?rique identifi?.","0","0","0.686448371482456","0.13853215120595347","0.17501947731159057"
"PROD_00162","2026-01-05 20:40:40.773591197","25.1","Sans dipl?me","0.6","C1201","63415","0.0","0","Projet de reconversion ? affiner. Besoin d'une formation compl?mentaire.","0","0","0.6275550192453621","0.22719314876478616","0.14525183198985178"
"PROD_00163","2026-01-05 21:23:53.617872624","21.1","Bac","0.2","H1206","68334","1.0","0","Candidat tr?s dynamique, mobilit? nationale valid?e. Projet clair.","0","0","0.6551264713480414","0.14753524885965147","0.19733827979230717"
"PROD_00164","2026-01-05 22:07:06.462154051","25.1","Bac","0.1","N4101","2B036","1.0","1","Projet de reconversion ? affiner. Besoin d'une formation compl?mentaire.","1","1","0.16041406747886167","0.6836962820799827","0.15588965044115566"
"PROD_00165","2026-01-05 22:50:19.306435478","51.1","Bac+5","3.8","M1607","57629","1.0","0","Excellente pr?sentation, comp?tences techniques ? jour. Reprise rapide vis?e.","1","1","0.20662411253231147","0.5962841710762823","0.1970917163914062"
"PROD_00166","2026-01-05 23:33:32.150716905","28.1","Sans dipl?me","4.9","N1301","30264","1.0","0","Projet de reconversion ? affiner. Besoin d'une formation compl?mentaire.","1","1","0.1751632720565754","0.6739008176100729","0.15093591033335163"
"PROD_00167","2026-01-06 00:16:44.994998332","59.1","Bac+5","3.7","K1903","37022","1.0","0","Projet de reconversion ? affiner. Besoin d'une formation compl?mentaire.","1","1","0.14985836236128713","0.6829089285749644","0.16723270906374843"
"PROD_00168","2026-01-06 00:59:57.839279759","51.1","Bac+2","0.8","C1302","56264","1.0","0","Probl?me ponctuel de mobilit? g?ographique. Zone mal desservie.","1","1","0.22707817922648887","0.6370397588502208","0.13588206192329033"
"PROD_00169","2026-01-06 01:43:10.683561187","53.1","Bac","5.3","K1403","47065","1.0","0","Perte de confiance importante. Risque d'exclusion, barri?re de la langue.","1","1","0.12754238640284046","0.6627779517137425","0.20967966188341702"
"PROD_00170","2026-01-06 02:26:23.527842614","26.1","Sans dipl?me","2.9","K1304","61014","0.0","1","Cumul de difficult?s. Pas de moyen de transport et garde d'enfants complexe.","2","2","0.14854397784428203","0.1714643747918239","0.6799916473638941"
"PROD_00171","2026-01-06 03:09:36.372124041","33.1","Bac","1.3","K1403","10335","1.0","0","Candidat tr?s dynamique, mobilit? nationale valid?e. Projet clair.","0","0","0.6122140712468135","0.16549984354372033","0.2222860852094662"
"PROD_00172","2026-01-06 03:52:49.216405468","53.1","Sans dipl?me","2.5","M1602","59450","1.0","1","Profil autonome, recherche active, aucun frein p?riph?rique identifi?.","2","2","0.23265183316338406","0.15682300642022184","0.6105251604163942"
"PROD_00173","2026-01-06 04:36:02.060686895","39.1","Bac","1.5","M1607","67167","0.0","1","Comp?tences ? r?actualiser sur les outils num?riques. Motivation correcte.","1","1","0.1584108668411005","0.6715021083451053","0.17008702481379423"
"PROD_00174","2026-01-06 05:19:14.904968322","61.1","Bac","5.2","W1401","70479","1.0","0","Comp?tences ? r?actualiser sur les outils num?riques. Motivation correcte.","1","1","0.1925562593275124","0.6638854117751456","0.143558328897342"
"PROD_00175","2026-01-06 06:02:27.749249749","44.1","Sans dipl?me","9.5","A1203","86086","1.0","0","Profil autonome, recherche active, aucun frein p?riph?rique identifi?.","0","0","0.6990287321895068","0.17333675308865104","0.12763451472184217"
"PROD_00176","2026-01-06 06:45:40.593531177","55.1","Bac","2.7","G1601","86248","1.0","0","Probl?me ponctuel de mobilit? g?ographique. Zone mal desservie.","1","1","0.24485377876210132","0.613968348126592","0.1411778731113067"
"PROD_00177","2026-01-06 07:28:53.437812604","25.1","Sans dipl?me","3.8","M1805","21197","1.0","0","Excellente pr?sentation, comp?tences techniques ? jour. Reprise rapide vis?e.","1","1","0.14666072468644423","0.6578719455035759","0.19546732980997994"
"PROD_00178","2026-01-06 08:12:06.282094031","35.1","Sans dipl?me","4.5","H1206","09246","1.0","0","Freins p?riph?riques majeurs. Situation d'illettrisme num?rique constat?e.","1","1","0.1813511542209498","0.6878414147857387","0.1308074309933115"
"PROD_00179","2026-01-06 08:55:19.126375458","36.1","Bac+2","2.2","I1304","70538","0.0","0","Profil autonome, recherche active, aucun frein p?riph?rique identifi?.","0","0","0.6951804258559009","0.13694899673591693","0.16787057740818218"
"PROD_00180","2026-01-06 09:38:31.970656885","49.1","Bac+5","5.8","G1601","65065","1.0","0","Perte de confiance importante. Risque d'exclusion, barri?re de la langue.","0","0","0.7080648423534743","0.14918459999453637","0.1427505576519893"
"PROD_00181","2026-01-06 10:21:44.814938312","18.1","Bac+5","3.1","N1303","38167","1.0","0","Freins p?riph?riques majeurs. Situation d'illettrisme num?rique constat?e.","2","2","0.21635107055809996","0.17682009202723215","0.6068288374146679"
"PROD_00182","2026-01-06 11:04:57.659219739","48.1","Bac+5","4.2","F1603","80118","1.0","1","Probl?me ponctuel de mobilit? g?ographique. Zone mal desservie.","1","1","0.17624069512752355","0.6453299987783522","0.17842930609412433"
"PROD_00183","2026-01-06 11:48:10.503501167","32.1","Sans dipl?me","3.3","D1503","02495","1.0","0","Candidat tr?s dynamique, mobilit? nationale valid?e. Projet clair.","2","2","0.1572791429043818","0.20640250445280728","0.6363183526428109"
"PROD_00184","2026-01-06 12:31:23.347782594","21.1","Bac","3.3","G1801","39126","1.0","0","Perte de confiance importante. Risque d'exclusion, barri?re de la langue.","1","1","0.2229434493674832","0.6070063848102475","0.17005016582226928"
"PROD_00185","2026-01-06 13:14:36.192064021","25.1","Bac","3.6","N4101","81126","1.0","0","Perte de confiance importante. Risque d'exclusion, barri?re de la langue.","2","2","0.21932133702166876","0.1677255829791967","0.6129530799991345"
"PROD_00186","2026-01-06 13:57:49.036345448","33.1","Bac+5","5.3","K2111","39162","0.0","1","Profil autonome, recherche active, aucun frein p?riph?rique identifi?.","0","0","0.6032157246259433","0.219912895591114","0.1768713797829427"
"PROD_00187","2026-01-06 14:41:01.880626875","50.1","Bac","1.1","A1401","38426","1.0","0","Information non renseignee","1","1","0.20211568322733098","0.6540826470547909","0.1438016697178781"
"PROD_00188","2026-01-06 15:24:14.724908302","57.1","Bac+5","0.6","W1401","17083","0.0","0","Comp?tences ? r?actualiser sur les outils num?riques. Motivation correcte.","1","1","0.21184596442687437","0.5971015758393972","0.19105245973372842"
"PROD_00189","2026-01-06 16:07:27.569189729","43.1","Bac+2","1.9","D1210","31408","0.0","0","Profil autonome, recherche active, aucun frein p?riph?rique identifi?.","0","0","0.6287704588885499","0.2373459148646878","0.1338836262467623"
"PROD_00190","2026-01-06 16:50:40.413471157","46.1","Bac+2","1.4","G1602","08351","1.0","0","Excellente pr?sentation, comp?tences techniques ? jour. Reprise rapide vis?e.","0","0","0.6405722249649899","0.14952407027117845","0.20990370476383166"
"PROD_00191","2026-01-06 17:33:53.257752584","51.1","Bac","3.9","M1602","28015","1.0","0","Profil autonome, recherche active, aucun frein p?riph?rique identifi?.","2","2","0.14717397465867346","0.16611724370594622","0.6867087816353803"
"PROD_00192","2026-01-06 18:17:06.102034011","41.1","Sans dipl?me","4.0","I1304","55008","0.0","0","Profil autonome, recherche active, aucun frein p?riph?rique identifi?.","0","0","0.6249240708216022","0.24271941078639456","0.13235651839200327"
"PROD_00193","2026-01-06 19:00:18.946315438","23.1","Bac","7.2","H1206","31273","0.0","0","Candidat tr?s dynamique, mobilit? nationale valid?e. Projet clair.","0","0","0.6212331423078582","0.1297504167110513","0.2490164409810905"
"PROD_00194","2026-01-06 19:43:31.790596865","19.1","Bac","6.8","D1406","29295","1.0","0","Comp?tences ? r?actualiser sur les outils num?riques. Motivation correcte.","1","1","0.17997880566392727","0.6834490755941504","0.13657211874192232"
"PROD_00195","2026-01-06 20:26:44.634878292","41.1","Bac","0.5","A1203","90083","0.0","0","Projet de reconversion ? affiner. Besoin d'une formation compl?mentaire.","1","1","0.1846850781312517","0.6164123111257486","0.19890261074299975"
"PROD_00196","2026-01-06 21:09:57.479159719","40.1","Sans dipl?me","1.1","C1302","47215","0.0","0","Excellente pr?sentation, comp?tences techniques ? jour. Reprise rapide vis?e.","1","1","0.16635598401092166","0.6485689092301068","0.18507510675897154"
"PROD_00197","2026-01-06 21:53:10.323441147","21.1","Sans dipl?me","1.0","M1806","58038","0.0","0","Freins p?riph?riques majeurs. Situation d'illettrisme num?rique constat?e.","2","2","0.23805720336442887","0.16657533366081628","0.595367462974755"
"PROD_00198","2026-01-06 22:36:23.167722574","53.1","Bac+2","1.7","N4301","52219","1.0","0","Freins p?riph?riques majeurs. Situation d'illettrisme num?rique constat?e.","1","1","0.1453236270359267","0.6896789242428544","0.1649974487212189"
"PROD_00199","2026-01-06 23:19:36.012004001","35.1","Bac+2","1.2","A1203","57623","0.0","0","Candidat tr?s dynamique, mobilit? nationale valid?e. Projet clair.","1","1","0.24612404813652872","0.6177895896500808","0.13608636221339043"
"PROD_00200","2026-01-07 00:02:48.856285428","21.1","Bac+2","1.9","M1501","63327","0.0","0","Profil autonome, recherche active, aucun frein p?riph?rique identifi?.","1","1","0.1377367457789159","0.706076941813703","0.15618631240738112"
"PROD_00201","2026-01-07 00:46:01.700566855","54.1","Bac","0.5","H2502","25364","1.0","0","Comp?tences ? r?actualiser sur les outils num?riques. Motivation correcte.","1","1","0.15788589761464253","0.6509693940454934","0.19114470833986408"
"PROD_00202","2026-01-07 01:29:14.544848282","60.1","Bac+5","13.0","N1301","26019","1.0","0","Excellente pr?sentation, comp?tences techniques ? jour. Reprise rapide vis?e.","0","0","0.6213354565847703","0.13701897508175118","0.24164556833347853"
"PROD_00203","2026-01-07 02:12:27.389129709","25.1","Bac+5","4.3","W1401","21631","1.0","1","Excellente pr?sentation, comp?tences techniques ? jour. Reprise rapide vis?e.","0","0","0.6080439669864929","0.23579621530451628","0.15615981770899084"
"PROD_00204","2026-01-07 02:55:40.233411137","41.1","Bac+2","2.5","G1601","68032","1.0","0","Comp?tences ? r?actualiser sur les outils num?riques. Motivation correcte.","1","1","0.19162535886551596","0.6677855005633777","0.14058914057110639"
"PROD_00205","2026-01-07 03:38:53.077692564","40.1","Bac","2.3","J1506","21195","0.0","0","Candidat tr?s dynamique, mobilit? nationale valid?e. Projet clair.","0","0","0.6108784713266586","0.17933764848827247","0.2097838801850689"
"PROD_00206","2026-01-07 04:22:05.921973991","19.1","Bac+2","0.4","M1501","27366","1.0","0","Perte de confiance importante. Risque d'exclusion, barri?re de la langue.","1","1","0.161311266994231","0.6882888600920191","0.1503998729137499"
"PROD_00207","2026-01-07 05:05:18.766255418","30.1","Sans dipl?me","1.3","A1301","11113","1.0","0","Profil autonome, recherche active, aucun frein p?riph?rique identifi?.","0","0","0.6259023221725661","0.24378077404145257","0.1303169037859813"
"PROD_00208","2026-01-07 05:48:31.610536845","31.1","Bac","10.0","K2101","17159","1.0","0","Perte de confiance importante. Risque d'exclusion, barri?re de la langue.","2","2","0.21334618938937677","0.1424381150239687","0.6442156955866545"
"PROD_00209","2026-01-07 06:31:44.454818272","56.1","Bac","3.5","M1607","01073","0.0","0","Cumul de difficult?s. Pas de moyen de transport et garde d'enfants complexe.","2","2","0.12825851877440408","0.14552956758348484","0.726211913642111"
"PROD_00210","2026-01-07 07:14:57.299099699","53.1","Bac","0.0","D1503","53165","0.0","0","Cumul de difficult?s. Pas de moyen de transport et garde d'enfants complexe.","2","2","0.2313212053163593","0.15648021227009412","0.6121985824135465"
"PROD_00211","2026-01-07 07:58:10.143381127","55.1","Bac","2.7","G1601","86248","1.0","0","Probl?me ponctuel de mobilit? g?ographique. Zone mal desservie.","1","1","0.1539110380233853","0.6072799726842043","0.23880898929241046"
"PROD_00212","2026-01-07 08:41:22.987662554","58.1","Bac","4.8","C1110","39028","1.0","0","Freins p?riph?riques majeurs. Situation d'illettrisme num?rique constat?e.","2","2","0.16331301299255235","0.1626419205489335","0.674045066458514"
"PROD_00213","2026-01-07 09:24:35.831943981","58.1","Bac+5","1.3","C1102","14593","0.0","0","Projet de reconversion ? affiner. Besoin d'une formation compl?mentaire.","1","1","0.15053871771482413","0.7116975685464609","0.137763713738715"
"PROD_00214","2026-01-07 10:07:48.676225408","49.1","Bac+5","1.6","K1304","81064","1.0","0","Cumul de difficult?s. Pas de moyen de transport et garde d'enfants complexe.","0","0","0.6659528155330725","0.14778043130642632","0.18626675316050118"
"PROD_00215","2026-01-07 10:51:01.520506835","45.1","Bac","4.1","H1504","50247","1.0","0","Comp?tences ? r?actualiser sur les outils num?riques. Motivation correcte.","1","1","0.20622511237329816","0.6224738703213556","0.1713010173053463"
"PROD_00216","2026-01-07 11:34:14.364788262","54.1","Bac","0.6","M1801","22198","0.0","0","Cumul de difficult?s. Pas de moyen de transport et garde d'enfants complexe.","2","2","0.15561404129489237","0.1726651416085226","0.6717208170965852"
"PROD_00217","2026-01-07 12:17:27.209069689","24.1","Bac","4.5","H1504","56248","1.0","1","Comp?tences ? r?actualiser sur les outils num?riques. Motivation correcte.","1","1","0.15111872276220414","0.6095202246086089","0.23936105262918694"
"PROD_00218","2026-01-07 13:00:40.053351117","45.1","Bac","13.8","A1203","65073","1.0","0","Projet de reconversion ? affiner. Besoin d'une formation compl?mentaire.","1","1","0.23195574238696917","0.6178077982501792","0.15023645936285168"
"PROD_00219","2026-01-07 13:43:52.897632544","28.1","Sans dipl?me","0.3","G1602","80622","0.0","0","Candidat tr?s dynamique, mobilit? nationale valid?e. Projet clair.","0","0","0.6089563194929364","0.19919357972613483","0.1918501007809288"
"PROD_00220","2026-01-07 14:27:05.741913971","47.1","Bac+2","0.9","G1801","76221","0.0","0","Candidat tr?s dynamique, mobilit? nationale valid?e. Projet clair.","0","0","0.6863162157052608","0.1424149880600301","0.1712687962347091"
"PROD_00221","2026-01-07 15:10:18.586195398","26.1","Bac","10.1","G1801","83098","1.0","0","Candidat tr?s dynamique, mobilit? nationale valid?e. Projet clair.","1","1","0.19724743460524896","0.6559416197180183","0.1468109456767327"
"PROD_00222","2026-01-07 15:53:31.430476825","63.1","Bac+5","3.0","A1501","59495","0.0","0","Comp?tences ? r?actualiser sur les outils num?riques. Motivation correcte.","1","1","0.1447325918926364","0.6418247992723966","0.21344260883496702"
"PROD_00223","2026-01-07 16:36:44.274758252","63.1","Bac+5","2.1","D1502","82093","1.0","0","Probl?me ponctuel de mobilit? g?ographique. Zone mal desservie.","1","1","0.21440469123537859","0.6058679487026221","0.1797273600619994"
"PROD_00224","2026-01-07 17:19:57.119039680","33.1","Bac","2.3","A1203","21295","1.0","0","Comp?tences ? r?actualiser sur les outils num?riques. Motivation correcte.","1","1","0.16365144016816338","0.651228593885013","0.18511996594682367"
"PROD_00225","2026-01-07 18:03:09.963321107","32.1","Bac+2","2.3","C1501","64354","1.0","0","Excellente pr?sentation, comp?tences techniques ? jour. Reprise rapide vis?e.","1","1","0.13049577629827697","0.686639359906352","0.18286486379537092"
"PROD_00226","2026-01-07 18:46:22.807602534","37.1","Sans dipl?me","3.1","D1401","80157","1.0","0","Information non renseignee","1","1","0.20651911551630064","0.645070570954868","0.14841031352883138"
"PROD_00227","2026-01-07 19:29:35.651883961","51.1","Bac+5","1.8","K2111","16381","1.0","0","Freins p?riph?riques majeurs. Situation d'illettrisme num?rique constat?e.","1","1","0.2513362073166538","0.61240804407343","0.13625574860991618"
"PROD_00228","2026-01-07 20:12:48.496165388","43.1","Bac+2","5.5","H2502","48099","1.0","0","Profil autonome, recherche active, aucun frein p?riph?rique identifi?.","0","0","0.6686751219555318","0.1356825863553079","0.1956422916891603"
"PROD_00229","2026-01-07 20:56:01.340446815","46.1","Bac+2","11.1","W1401","03056","1.0","0","Probl?me ponctuel de mobilit? g?ographique. Zone mal desservie.","1","1","0.16655314115061104","0.660590047837298","0.17285681101209094"
"PROD_00230","2026-01-07 21:39:14.184728242","41.1","Bac+5","10.1","C1110","24409","0.0","1","Profil autonome, recherche active, aucun frein p?riph?rique identifi?.","0","0","0.611825372436949","0.18775280834856672","0.20042181921448426"
"PROD_00231","2026-01-07 22:22:27.029009669","61.1","Bac+2","2.5","H2502","81027","1.0","0","Profil autonome, recherche active, aucun frein p?riph?rique identifi?.","1","1","0.18088571565251121","0.6834834147626312","0.1356308695848576"
"PROD_00232","2026-01-07 23:05:39.873291097","37.1","Bac+2","0.5","H1504","60677","0.0","0","Candidat tr?s dynamique, mobilit? nationale valid?e. Projet clair.","0","0","0.6011302928583085","0.23703131427052815","0.1618383928711633"
"PROD_00233","2026-01-07 23:48:52.717572524","48.1","Bac+2","4.6","M1203","57717","0.0","0","Candidat tr?s dynamique, mobilit? nationale valid?e. Projet clair.","0","0","0.6728860362277025","0.1571791342856198","0.1699348294866777"
"PROD_00234","2026-01-08 00:32:05.561853951","52.1","Bac+5","1.1","J1301","46155","1.0","0","Excellente pr?sentation, comp?tences techniques ? jour. Reprise rapide vis?e.","0","0","0.6648441984221715","0.1714734636975022","0.16368233788032635"
"PROD_00235","2026-01-08 01:15:18.406135378","58.1","Sans dipl?me","0.3","H1504","57689","0.0","0","Profil autonome, recherche active, aucun frein p?riph?rique identifi?.","0","0","0.6353860030741459","0.13935930622253528","0.22525469070331877"
"PROD_00236","2026-01-08 01:58:31.250416805","49.1","Bac+5","1.8","J1506","28349","0.0","0","Comp?tences ? r?actualiser sur les outils num?riques. Motivation correcte.","2","2","0.15376052413073296","0.1647282728286977","0.6815112030405693"
"PROD_00237","2026-01-08 02:41:44.094698232","19.1","Bac","1.7","A1501","24004","1.0","1","Candidat tr?s dynamique, mobilit? nationale valid?e. Projet clair.","1","1","0.15726790834062174","0.6209301595527192","0.221801932106659"
"PROD_00238","2026-01-08 03:24:56.938979659","55.1","Bac+2","5.9","K1601","46246","0.0","0","Perte de confiance importante. Risque d'exclusion, barri?re de la langue.","2","2","0.14350186238613427","0.22149760598901336","0.6350005316248524"
"PROD_00239","2026-01-08 04:08:09.783261087","59.1","Bac","0.4","M1501","41096","0.0","0","Freins p?riph?riques majeurs. Situation d'illettrisme num?rique constat?e.","2","2","0.18863473523286117","0.1987226272724978","0.612642637494641"
"PROD_00240","2026-01-08 04:51:22.627542514","48.1","Bac+2","1.6","H1504","49090","1.0","0","Cumul de difficult?s. Pas de moyen de transport et garde d'enfants complexe.","1","1","0.16481928975253632","0.6618702384347334","0.1733104718127303"
"PROD_00241","2026-01-08 05:34:35.471823941","39.1","Bac","3.2","M1602","59013","1.0","0","Freins p?riph?riques majeurs. Situation d'illettrisme num?rique constat?e.","1","1","0.15148735175374684","0.714209453859032","0.13430319438722116"
"PROD_00242","2026-01-08 06:17:48.316105368","41.1","Bac+2","0.7","D1401","70195","1.0","0","Excellente pr?sentation, comp?tences techniques ? jour. Reprise rapide vis?e.","0","0","0.6500511709004799","0.14663584001145083","0.20331298908806925"
"PROD_00243","2026-01-08 07:01:01.160386795","59.1","Bac","3.0","K2111","76537","1.0","0","Cumul de difficult?s. Pas de moyen de transport et garde d'enfants complexe.","1","1","0.12903950554015894","0.724813823627025","0.14614667083281607"
"PROD_00244","2026-01-08 07:44:14.004668222","57.1","Bac+2","2.1","N4101","32382","0.0","0","Probl?me ponctuel de mobilit? g?ographique. Zone mal desservie.","1","1","0.20052416826045039","0.6075945133107118","0.19188131842883782"
"PROD_00245","2026-01-08 08:27:26.848949649","43.1","Bac+2","2.4","A1203","72135","1.0","0","Comp?tences ? r?actualiser sur les outils num?riques. Motivation correcte.","1","1","0.14309338071378586","0.6298197658616443","0.2270868534245698"
"PROD_00246","2026-01-08 09:10:39.693231077","29.1","Bac+5","1.3","C1102","40101","1.0","1","Comp?tences ? r?actualiser sur les outils num?riques. Motivation correcte.","1","1","0.17452973914739991","0.6011557429820372","0.2243145178705629"
"PROD_00247","2026-01-08 09:53:52.537512504","56.1","Sans dipl?me","0.2","M1705","66195","0.0","0","Perte de confiance importante. Risque d'exclusion, barri?re de la langue.","2","2","0.16319610565965464","0.1804241980111604","0.6563796963291849"
"PROD_00248","2026-01-08 10:37:05.381793931","27.1","Bac","4.9","G1203","90014","0.0","0","Cumul de difficult?s. Pas de moyen de transport et garde d'enfants complexe.","2","2","0.14876678857520795","0.1555039740206641","0.695729237404128"
"PROD_00249","2026-01-08 11:20:18.226075358","22.1","Bac+5","1.6","D1401","90035","1.0","0","Probl?me ponctuel de mobilit? g?ographique. Zone mal desservie.","0","0","0.6049564211370181","0.19290064830973597","0.20214293055324595"
"PROD_00250","2026-01-08 12:03:31.070356785","46.1","Bac","2.1","G1801","55516","1.0","0","Probl?me ponctuel de mobilit? g?ographique. Zone mal desservie.","1","1","0.1876617323580833","0.6800921849408039","0.1322460827011127"
"PROD_00251","2026-01-08 12:46:43.914638212","31.1","Bac+2","1.8","I1304","57328","1.0","0","Perte de confiance importante. Risque d'exclusion, barri?re de la langue.","0","0","0.6376794679780381","0.20889836035020867","0.15342217167175323"
"PROD_00252","2026-01-08 13:29:56.758919639","48.1","Bac+5","1.7","D1401","31224","0.0","0","Profil autonome, recherche active, aucun frein p?riph?rique identifi?.","0","0","0.6410560785566409","0.14328068410582073","0.21566323733753834"
"PROD_00253","2026-01-08 14:13:09.603201067","45.1","Bac","2.0","C1201","21365","1.0","0","Cumul de difficult?s. Pas de moyen de transport et garde d'enfants complexe.","0","0","0.6832768947774168","0.16248313435322886","0.15423997086935431"
"PROD_00254","2026-01-08 14:56:22.447482494","41.1","Bac","2.3","A1301","73095","1.0","0","Projet de reconversion ? affiner. Besoin d'une formation compl?mentaire.","1","1","0.16628685378963504","0.604339182479986","0.229373963730379"
"PROD_00255","2026-01-08 15:39:35.291763921","19.1","Bac","1.4","C1102","18224","1.0","0","Probl?me ponctuel de mobilit? g?ographique. Zone mal desservie.","0","0","0.7089680655621322","0.1346175418667785","0.1564143925710893"
"PROD_00256","2026-01-08 16:22:48.136045348","28.1","Bac","0.1","H1504","06076","0.0","0","Perte de confiance importante. Risque d'exclusion, barri?re de la langue.","1","1","0.19008976909658987","0.6443686196888938","0.16554161121451627"
"PROD_00257","2026-01-08 17:06:00.980326775","43.1","Bac","4.0","M1802","63082","0.0","1","Projet de reconversion ? affiner. Besoin d'une formation compl?mentaire.","0","0","0.5966005021883002","0.24033741954400512","0.1630620782676947"
"PROD_00258","2026-01-08 17:49:13.824608202","41.1","Bac+5","1.5","M1805","25445","1.0","0","Excellente pr?sentation, comp?tences techniques ? jour. Reprise rapide vis?e.","0","0","0.7223297390901444","0.14988350775273826","0.12778675315711732"
"PROD_00259","2026-01-08 18:32:26.668889629","19.1","Sans dipl?me","1.1","W1401","02259","0.0","1","Projet de reconversion ? affiner. Besoin d'une formation compl?mentaire.","2","2","0.18223447581951774","0.15408249765573914","0.6636830265247431"
"PROD_00260","2026-01-08 19:15:39.513171057","54.1","Bac+5","7.2","C1302","51166","1.0","0","Projet de reconversion ? affiner. Besoin d'une formation compl?mentaire.","1","1","0.1469803106517764","0.6843005910262385","0.16871909832198506"
"PROD_00261","2026-01-08 19:58:52.357452484","40.1","Bac","1.6","N1303","46060","0.0","0","Profil autonome, recherche active, aucun frein p?riph?rique identifi?.","0","0","0.6061449944207039","0.17561345474579973","0.21824155083349636"
"PROD_00262","2026-01-08 20:42:05.201733911","45.1","Bac+5","1.2","M1607","34311","0.0","0","Candidat tr?s dynamique, mobilit? nationale valid?e. Projet clair.","0","0","0.6420401933459112","0.20611162014075823","0.15184818651333054"
"PROD_00263","2026-01-08 21:25:18.046015338","30.1","Bac","0.8","G1602","33172","0.0","0","Projet de reconversion ? affiner. Besoin d'une formation compl?mentaire.","0","0","0.7061196968094309","0.136706394638318","0.15717390855225113"
"PROD_00264","2026-01-08 22:08:30.890296765","56.1","Bac+5","5.3","C1302","23258","0.0","0","Projet de reconversion ? affiner. Besoin d'une formation compl?mentaire.","1","1","0.14653039040079968","0.635407552115412","0.21806205748378826"
"PROD_00265","2026-01-08 22:51:43.734578192","57.1","Bac","1.0","G1602","37115","1.0","0","Projet de reconversion ? affiner. Besoin d'une formation compl?mentaire.","1","1","0.19295338394353576","0.6258879697877037","0.18115864626876055"
"PROD_00266","2026-01-08 23:34:56.578859619","45.1","Bac","13.8","A1203","65073","1.0","0","Projet de reconversion ? affiner. Besoin d'une formation compl?mentaire.","1","1","0.14169161600666447","0.7140315144310414","0.14427686956229413"
"PROD_00267","2026-01-09 00:18:09.423141047","60.1","Sans dipl?me","3.0","N4301","60142","1.0","0","Cumul de difficult?s. Pas de moyen de transport et garde d'enfants complexe.","2","2","0.15558424379872593","0.22842978205122544","0.6159859741500486"
"PROD_00268","2026-01-09 01:01:22.267422474","51.1","Bac+2","0.8","K2111","10138","0.0","0","Excellente pr?sentation, comp?tences techniques ? jour. Reprise rapide vis?e.","1","1","0.18703323161611182","0.6444186579483948","0.16854811043549334"
"PROD_00269","2026-01-09 01:44:35.111703901","49.1","Bac+5","3.1","M1802","10209","1.0","0","Profil autonome, recherche active, aucun frein p?riph?rique identifi?.","0","0","0.6695334168973478","0.16252780954389034","0.16793877355876186"
"PROD_00270","2026-01-09 02:27:47.955985328","34.1","Bac","2.4","N1303","88108","0.0","1","Comp?tences ? r?actualiser sur les outils num?riques. Motivation correcte.","1","1","0.15888950233088495","0.6975062654299654","0.14360423223914964"
"PROD_00271","2026-01-09 03:11:00.800266755","57.1","Bac+2","0.3","N1303","14748","0.0","0","Excellente pr?sentation, comp?tences techniques ? jour. Reprise rapide vis?e.","1","1","0.16224555542080615","0.7018698526995786","0.1358845918796152"
"PROD_00272","2026-01-09 03:54:13.644548182","62.1","Bac+2","1.2","K1304","59007","1.0","0","Probl?me ponctuel de mobilit? g?ographique. Zone mal desservie.","1","1","0.19909932270182318","0.6694494556233679","0.13145122167480894"
"PROD_00273","2026-01-09 04:37:26.488829609","52.1","Bac+5","0.9","N4101","40212","1.0","0","Comp?tences ? r?actualiser sur les outils num?riques. Motivation correcte.","1","1","0.19551496439653948","0.6385294750714916","0.16595556053196892"
"PROD_00274","2026-01-09 05:20:39.333111037","59.1","Bac","0.1","H2502","21418","1.0","0","Probl?me ponctuel de mobilit? g?ographique. Zone mal desservie.","1","1","0.17696096814163748","0.604148160372721","0.21889087148564146"
"PROD_00275","2026-01-09 06:03:52.177392464","56.1","Bac","1.6","A1202","81067","0.0","0","Projet de reconversion ? affiner. Besoin d'une formation compl?mentaire.","1","1","0.24784642907728446","0.6085301754417424","0.14362339548097314"
"PROD_00276","2026-01-09 06:47:05.021673891","43.1","Bac+2","1.5","G1801","42135","1.0","1","Candidat tr?s dynamique, mobilit? nationale valid?e. Projet clair.","1","1","0.1865582641547079","0.6447504703221907","0.16869126552310143"
"PROD_00277","2026-01-09 07:30:17.865955318","57.1","Bac+5","0.3","G1601","80372","1.0","0","Perte de confiance importante. Risque d'exclusion, barri?re de la langue.","1","1","0.1295644069790413","0.6178518336569481","0.25258375936401056"
"PROD_00278","2026-01-09 08:13:30.710236745","23.1","Bac","0.2","G1601","35253","1.0","0","Comp?tences ? r?actualiser sur les outils num?riques. Motivation correcte.","1","1","0.19439186907926653","0.6083894316809505","0.19721869923978297"
"PROD_00279","2026-01-09 08:56:43.554518172","50.1","Bac+5","6.0","G1601","45316","1.0","0","Candidat tr?s dynamique, mobilit? nationale valid?e. Projet clair.","0","0","0.5987875017473213","0.14693112819332915","0.25428137005934953"
"PROD_00280","2026-01-09 09:39:56.398799599","37.1","Bac","2.5","M1203","02355","1.0","0","Freins p?riph?riques majeurs. Situation d'illettrisme num?rique constat?e.","1","1","0.18404462011649123","0.6498763880003418","0.166078991883167"
"PROD_00281","2026-01-09 10:23:09.243081027","49.1","Bac+5","0.9","M1602","14680","1.0","0","Excellente pr?sentation, comp?tences techniques ? jour. Reprise rapide vis?e.","0","0","0.6542503314162349","0.1375370847961206","0.2082125837876445"
"PROD_00282","2026-01-09 11:06:22.087362454","18.1","Bac+2","3.8","A1501","76594","1.0","0","Candidat tr?s dynamique, mobilit? nationale valid?e. Projet clair.","1","1","0.1976938948506039","0.5989956490711179","0.20331045607827813"
"PROD_00283","2026-01-09 11:49:34.931643881","20.1","Bac","0.0","C1110","02454","1.0","0","Probl?me ponctuel de mobilit? g?ographique. Zone mal desservie.","1","1","0.16485822565621897","0.6315610912287904","0.20358068311499056"
"PROD_00284","2026-01-09 12:32:47.775925308","41.1","Bac+2","4.0","N1101","71313","1.0","0","Profil autonome, recherche active, aucun frein p?riph?rique identifi?.","0","0","0.6127183195615135","0.1306545020340969","0.25662717840438964"
"PROD_00285","2026-01-09 13:16:00.620206735","56.1","Bac","1.5","K1201","21011","1.0","1","Cumul de difficult?s. Pas de moyen de transport et garde d'enfants complexe.","2","2","0.20492844274415573","0.16318282606075496","0.6318887311950893"
"PROD_00286","2026-01-09 13:59:13.464488162","50.1","Bac","0.2","C1201","68062","1.0","0","Freins p?riph?riques majeurs. Situation d'illettrisme num?rique constat?e.","0","0","0.6315644756442412","0.2388980512959376","0.12953747305982116"
"PROD_00287","2026-01-09 14:42:26.308769589","26.1","Bac+5","0.5","D1210","47111","1.0","0","Excellente pr?sentation, comp?tences techniques ? jour. Reprise rapide vis?e.","0","0","0.6010813454761326","0.16500935854189647","0.23390929598197097"
"PROD_00288","2026-01-09 15:25:39.153051017","22.1","Bac","3.2","J1301","07051","1.0","0","Probl?me ponctuel de mobilit? g?ographique. Zone mal desservie.","0","0","0.660515728669232","0.16101851459251737","0.1784657567382506"
"PROD_00289","2026-01-09 16:08:51.997332444","40.1","Bac+2","0.3","C1501","65450","1.0","1","Profil autonome, recherche active, aucun frein p?riph?rique identifi?.","1","1","0.18025697358341225","0.6516964061723736","0.16804662024421413"
"PROD_00290","2026-01-09 16:52:04.841613871","40.1","Bac","11.9","K1201","72144","1.0","0","Probl?me ponctuel de mobilit? g?ographique. Zone mal desservie.","1","1","0.2491083015956452","0.6123885189906295","0.13850317941372525"
"PROD_00291","2026-01-09 17:35:17.685895298","27.1","Bac+5","7.3","N4101","77227","1.0","0","Excellente pr?sentation, comp?tences techniques ? jour. Reprise rapide vis?e.","0","0","0.6611737996246518","0.16921808178636985","0.1696081185889783"
"PROD_00292","2026-01-09 18:18:30.530176725","41.1","Bac+2","3.3","C1110","64341","0.0","0","Perte de confiance importante. Risque d'exclusion, barri?re de la langue.","0","0","0.634497556077061","0.2216274609906188","0.14387498293232015"
"PROD_00293","2026-01-09 19:01:43.374458152","23.1","Bac+5","2.9","C1201","72160","1.0","1","Comp?tences ? r?actualiser sur les outils num?riques. Motivation correcte.","1","1","0.13781360322901928","0.6860246514209161","0.17616174535006468"
"PROD_00294","2026-01-09 19:44:56.218739579","34.1","Bac+2","0.2","N1301","64001","0.0","0","Probl?me ponctuel de mobilit? g?ographique. Zone mal desservie.","0","0","0.678803831176129","0.18679980650405892","0.1343963623198121"
"PROD_00295","2026-01-09 20:28:09.063021007","51.1","Bac","0.4","D1502","84119","1.0","0","Comp?tences ? r?actualiser sur les outils num?riques. Motivation correcte.","0","0","0.6228215382093475","0.1546202979876571","0.2225581638029954"
"PROD_00296","2026-01-09 21:11:21.907302434","23.1","Sans dipl?me","8.1","D1406","15148","0.0","0","Excellente pr?sentation, comp?tences techniques ? jour. Reprise rapide vis?e.","2","2","0.16492930162550423","0.19547551276275865","0.6395951856117371"
"PROD_00297","2026-01-09 21:54:34.751583861","41.1","Bac","2.3","G1801","02346","1.0","0","Projet de reconversion ? affiner. Besoin d'une formation compl?mentaire.","1","1","0.13555215579181112","0.5993500480981581","0.2650977961100308"
"PROD_00298","2026-01-09 22:37:47.595865288","43.1","Bac","4.2","A1203","61448","1.0","0","Projet de reconversion ? affiner. Besoin d'une formation compl?mentaire.","1","1","0.257112757465764","0.6032437071648079","0.13964353536942808"
"PROD_00299","2026-01-09 23:21:00.440146715","31.1","Bac","4.2","M1806","07332","1.0","0","Candidat tr?s dynamique, mobilit? nationale valid?e. Projet clair.","0","0","0.6539053283995778","0.15520482913101571","0.19088984246940646"
"PROD_00300","2026-01-10 00:04:13.284428142","54.2","Bac+5","4.2","N4101","12189","1.0","0","Excellente pr?sentation, comp?tences techniques ? jour. Reprise rapide vis?e.","1","1","0.14362472041318822","0.6058217743101074","0.2505535052767044"
"PROD_00301","2026-01-10 00:47:26.128709569","50.2","Bac+2","0.9","K1601","67165","1.0","0","Probl?me ponctuel de mobilit? g?ographique. Zone mal desservie.","1","1","0.146204780525395","0.7080347572391542","0.1457604622354508"
"PROD_00302","2026-01-10 01:30:38.972990997","50.2","Bac+5","0.5","D1502","30029","1.0","0","Profil autonome, recherche active, aucun frein p?riph?rique identifi?.","0","0","0.5956823777930601","0.13022970262406158","0.2740879195828783"
"PROD_00303","2026-01-10 02:13:51.817272424","49.2","Bac","1.7","J1301","91001","1.0","0","Candidat tr?s dynamique, mobilit? nationale valid?e. Projet clair.","0","0","0.6961911084142738","0.13630499353510983","0.16750389805061638"
"PROD_00304","2026-01-10 02:57:04.661553851","53.2","Bac","2.7","A1401","44102","1.0","0","Profil autonome, recherche active, aucun frein p?riph?rique identifi?.","1","1","0.1588415626725144","0.625821084238358","0.2153373530891276"
"PROD_00305","2026-01-10 03:40:17.505835278","48.2","Bac+2","1.6","H1504","49090","1.0","0","Cumul de difficult?s. Pas de moyen de transport et garde d'enfants complexe.","1","1","0.1612351510080906","0.6556523750693928","0.18311247392251662"
"PROD_00306","2026-01-10 04:23:30.350116705","20.2","Bac+5","1.2","A1202","02054","1.0","0","Comp?tences ? r?actualiser sur les outils num?riques. Motivation correcte.","1","1","0.2029469818768322","0.6157839750789321","0.18126904304423574"
"PROD_00307","2026-01-10 05:06:43.194398132","47.2","Bac","0.6","C1110","17145","1.0","0","Projet de reconversion ? affiner. Besoin d'une formation compl?mentaire.","0","0","0.595315855306289","0.1779324247864466","0.22675171990726434"
"PROD_00308","2026-01-10 05:49:56.038679559","41.2","Sans dipl?me","10.4","K2111","11123","0.0","1","Candidat tr?s dynamique, mobilit? nationale valid?e. Projet clair.","2","2","0.1646151111123808","0.2085357654117178","0.6268491234759014"
"PROD_00309","2026-01-10 06:33:08.882960987","37.2","Bac+2","0.1","D1401","60122","0.0","0","Comp?tences ? r?actualiser sur les outils num?riques. Motivation correcte.","0","0","0.618432919885513","0.14873756040323058","0.23282951971125646"
"PROD_00310","2026-01-10 07:16:21.727242414","46.2","Sans dipl?me","3.7","M1705","39390","0.0","0","Probl?me ponctuel de mobilit? g?ographique. Zone mal desservie.","1","1","0.13267270362097822","0.5996461212733567","0.267681175105665"
"PROD_00311","2026-01-10 07:59:34.571523841","35.2","Bac+5","2.9","M1602","21680","1.0","0","Information non renseignee","0","0","0.6384874970351778","0.16859020475412895","0.19292229821069323"
"PROD_00312","2026-01-10 08:42:47.415805268","31.2","Bac+2","5.0","K1304","16067","1.0","0","Excellente pr?sentation, comp?tences techniques ? jour. Reprise rapide vis?e.","0","0","0.6676198335225146","0.18399470699842652","0.14838545947905885"
"PROD_00313","2026-01-10 09:26:00.260086695","62.2","Bac+5","0.2","M1607","22002","1.0","0","Projet de reconversion ? affiner. Besoin d'une formation compl?mentaire.","0","0","0.6417107188744386","0.15131917822102003","0.20697010290454132"
"PROD_00314","2026-01-10 10:09:13.104368122","39.2","Sans dipl?me","8.2","J1301","62768","1.0","0","Comp?tences ? r?actualiser sur les outils num?riques. Motivation correcte.","2","2","0.18322651170307103","0.17357533258552488","0.6431981557114042"
"PROD_00315","2026-01-10 10:52:25.948649549","51.2","Bac+5","7.3","I1304","41285","1.0","0","Probl?me ponctuel de mobilit? g?ographique. Zone mal desservie.","1","1","0.1311667544069351","0.658480561334998","0.21035268425806697"
"PROD_00316","2026-01-10 11:35:38.792930977","55.2","Bac+5","1.9","N4101","76572","0.0","0","Candidat tr?s dynamique, mobilit? nationale valid?e. Projet clair.","2","2","0.16538725210354507","0.13729406412971443","0.6973186837667404"
"PROD_00317","2026-01-10 12:18:51.637212404","30.2","Bac+2","4.7","A1301","70145","0.0","0","Projet de reconversion ? affiner. Besoin d'une formation compl?mentaire.","1","1","0.17245643146384368","0.6804937332084127","0.14704983532774363"
"PROD_00318","2026-01-10 13:02:04.481493831","50.2","Bac","4.1","D1406","69075","1.0","0","Comp?tences ? r?actualiser sur les outils num?riques. Motivation correcte.","1","1","0.17720664052456564","0.6825144015040884","0.14027895797134604"
"PROD_00319","2026-01-10 13:45:17.325775258","57.2","Bac","0.5","A1501","36193","1.0","0","Projet de reconversion ? affiner. Besoin d'une formation compl?mentaire.","1","1","0.14517084084802867","0.7171286774913126","0.13770048166065874"
"PROD_00320","2026-01-10 14:28:30.170056685","41.2","Sans dipl?me","2.2","C1110","73129","0.0","0","Comp?tences ? r?actualiser sur les outils num?riques. Motivation correcte.","2","2","0.2023840558423936","0.15417158913079693","0.6434443550268094"
"PROD_00321","2026-01-10 15:11:43.014338112","33.2","Bac+5","6.7","K2111","17167","0.0","0","Perte de confiance importante. Risque d'exclusion, barri?re de la langue.","0","0","0.6076705786484077","0.1543871406838422","0.2379422806677501"
"PROD_00322","2026-01-10 15:54:55.858619539","22.2","Bac","0.1","M1801","50305","1.0","0","Cumul de difficult?s. Pas de moyen de transport et garde d'enfants complexe.","0","0","0.6100717698428805","0.22902897131140487","0.16089925884571465"
"PROD_00323","2026-01-10 16:38:08.702900967","55.2","Bac+2","1.8","D1406","19226","1.0","0","Probl?me ponctuel de mobilit? g?ographique. Zone mal desservie.","1","1","0.2173200512444927","0.6005352401244352","0.18214470863107213"
"PROD_00324","2026-01-10 17:21:21.547182394","48.2","Bac+2","0.0","K1201","16419","1.0","0","Candidat tr?s dynamique, mobilit? nationale valid?e. Projet clair.","0","0","0.6032647457860194","0.2232680662030049","0.1734671880109757"
"PROD_00325","2026-01-10 18:04:34.391463821","62.2","Bac","1.5","K1403","44068","1.0","0","Probl?me ponctuel de mobilit? g?ographique. Zone mal desservie.","0","0","0.5981138335973656","0.12926430687738577","0.27262185952524864"
"PROD_00326","2026-01-10 18:47:47.235745248","34.2","Bac","1.0","K1601","80555","1.0","0","Comp?tences ? r?actualiser sur les outils num?riques. Motivation correcte.","1","1","0.13827460501913127","0.6042606040470746","0.25746479093379415"
"PROD_00327","2026-01-10 19:31:00.080026675","41.2","Bac","0.1","K1304","70125","1.0","0","Perte de confiance importante. Risque d'exclusion, barri?re de la langue.","0","0","0.6167863962844964","0.20549441734808102","0.1777191863674226"
"PROD_00328","2026-01-10 20:14:12.924308102","63.2","Bac","4.6","D1502","10409","0.0","1","Excellente pr?sentation, comp?tences techniques ? jour. Reprise rapide vis?e.","2","2","0.18508023133308524","0.1997786458500131","0.6151411228169017"
"PROD_00329","2026-01-10 20:57:25.768589529","51.2","Bac+2","0.2","K1601","04197","1.0","0","Candidat tr?s dynamique, mobilit? nationale valid?e. Projet clair.","1","1","0.17898140823754313","0.6028961426953067","0.21812244906715017"
"PROD_00330","2026-01-10 21:40:38.612870957","43.2","Bac+5","5.5","H2502","48099","1.0","0","Profil autonome, recherche active, aucun frein p?riph?rique identifi?.","0","0","0.5980749646953655","0.23052527321110872","0.1713997620935258"
"PROD_00331","2026-01-10 22:23:51.457152384","41.2","Bac","5.1","G1602","83006","0.0","0","Excellente pr?sentation, comp?tences techniques ? jour. Reprise rapide vis?e.","0","0","0.6416820499171078","0.21496732006526753","0.14335063001762471"
"PROD_00332","2026-01-10 23:07:04.301433811","51.2","Bac","9.1","G1601","39372","1.0","0","Projet de reconversion ? affiner. Besoin d'une formation compl?mentaire.","2","2","0.1838956341151956","0.1685434266528609","0.6475609392319435"
"PROD_00333","2026-01-10 23:50:17.145715238","21.2","Bac+5","2.4","J1301","38225","0.0","0","Excellente pr?sentation, comp?tences techniques ? jour. Reprise rapide vis?e.","0","0","0.6219192396532137","0.13320779474417244","0.24487296560261385"
"PROD_00334","2026-01-11 00:33:29.989996665","24.2","Bac","1.5","D1210","02110","1.0","0","Profil autonome, recherche active, aucun frein p?riph?rique identifi?.","0","0","0.6449012325759873","0.15436495814755802","0.20073380927645468"
"PROD_00335","2026-01-11 01:16:42.834278092","55.2","Sans dipl?me","1.1","J1506","30101","1.0","1","Probl?me ponctuel de mobilit? g?ographique. Zone mal desservie.","2","2","0.13789919906029738","0.26227880395969655","0.599821996980006"
"PROD_00336","2026-01-11 01:59:55.678559519","42.2","Bac+2","0.9","K1304","51601","0.0","0","Candidat tr?s dynamique, mobilit? nationale valid?e. Projet clair.","0","0","0.6129277924659204","0.193237691674782","0.19383451585929756"
"PROD_00337","2026-01-11 02:43:08.522840947","27.2","Bac+2","4.3","M1607","50124","1.0","0","Projet de reconversion ? affiner. Besoin d'une formation compl?mentaire.","1","1","0.17634895724998922","0.6052169604960147","0.21843408225399608"
"PROD_00338","2026-01-11 03:26:21.367122374","19.2","Bac+5","5.8","M1203","45108","1.0","0","Probl?me ponctuel de mobilit? g?ographique. Zone mal desservie.","0","0","0.6246643403095548","0.21468387086448132","0.16065178882596393"
"PROD_00339","2026-01-11 04:09:34.211403801","52.2","Bac","1.6","K1601","65351","0.0","1","Projet de reconversion ? affiner. Besoin d'une formation compl?mentaire.","2","2","0.1289585289132011","0.1401444074271249","0.730897063659674"
"PROD_00340","2026-01-11 04:52:47.055685228","22.2","Bac+2","2.7","D1406","54170","1.0","1","Profil autonome, recherche active, aucun frein p?riph?rique identifi?.","1","1","0.14732141346890507","0.6444413897961275","0.20823719673496743"
"PROD_00341","2026-01-11 05:35:59.899966655","22.2","Bac+5","1.8","K1903","14399","1.0","0","Comp?tences ? r?actualiser sur les outils num?riques. Motivation correcte.","0","0","0.6435110541365949","0.19703261233020006","0.159456333533205"
"PROD_00342","2026-01-11 06:19:12.744248082","21.2","Bac","1.0","K1201","51296","1.0","0","Profil autonome, recherche active, aucun frein p?riph?rique identifi?.","0","0","0.6805329727110919","0.13408907872800815","0.18537794856089992"
"PROD_00343","2026-01-11 07:02:25.588529509","26.2","Bac","0.3","G1602","42306","1.0","1","Probl?me ponctuel de mobilit? g?ographique. Zone mal desservie.","1","1","0.1717141421665868","0.6917214355870831","0.13656442224633014"
"PROD_00344","2026-01-11 07:45:38.432810937","55.2","Bac","4.6","G1801","30209","0.0","0","Cumul de difficult?s. Pas de moyen de transport et garde d'enfants complexe.","1","1","0.16338343870639116","0.6420371721673482","0.1945793891262606"
"PROD_00345","2026-01-11 08:28:51.277092364","42.2","Bac+2","3.5","N1101","63109","1.0","0","Projet de reconversion ? affiner. Besoin d'une formation compl?mentaire.","0","0","0.6881408159187158","0.1734349560604048","0.13842422802087942"
"PROD_00346","2026-01-11 09:12:04.121373791","56.2","Bac","1.2","K1201","60119","0.0","0","Comp?tences ? r?actualiser sur les outils num?riques. Motivation correcte.","1","1","0.141039767460033","0.6114623305306343","0.24749790200933275"
"PROD_00347","2026-01-11 09:55:16.965655218","23.2","Bac+5","0.6","W1401","21630","1.0","0","Candidat tr?s dynamique, mobilit? nationale valid?e. Projet clair.","0","0","0.6012360726110034","0.2355668063163145","0.16319712107268208"
"PROD_00348","2026-01-11 10:38:29.809936645","22.2","Bac","12.1","A1203","45174","1.0","1","Freins p?riph?riques majeurs. Situation d'illettrisme num?rique constat?e.","2","2","0.15015952503972607","0.2358102801304799","0.614030194829794"
"PROD_00349","2026-01-11 11:21:42.654218072","49.2","Bac+2","3.8","M1203","38286","1.0","0","Probl?me ponctuel de mobilit? g?ographique. Zone mal desservie.","1","1","0.20206703573163498","0.6277968350647769","0.17013612920358812"
"PROD_00350","2026-01-11 12:04:55.498499499","62.2","Bac+2","0.1","H1504","78036","1.0","0","Probl?me ponctuel de mobilit? g?ographique. Zone mal desservie.","1","1","0.21228534641721114","0.6589736543642797","0.12874099921850912"
"PROD_00351","2026-01-11 12:48:08.342780927","29.2","Bac+2","0.2","K2106","66123","0.0","0","Comp?tences ? r?actualiser sur les outils num?riques. Motivation correcte.","2","2","0.18117016902772437","0.20130208445225084","0.6175277465200248"
"PROD_00352","2026-01-11 13:31:21.187062354","57.2","Bac","0.2","M1705","49347","1.0","0","Freins p?riph?riques majeurs. Situation d'illettrisme num?rique constat?e.","1","1","0.18209833539427844","0.6238871067066396","0.19401455789908195"
"PROD_00353","2026-01-11 14:14:34.031343781","44.2","Bac+5","8.6","N4301","64344","1.0","0","Comp?tences ? r?actualiser sur les outils num?riques. Motivation correcte.","1","1","0.12777821354478433","0.7299688758887527","0.14225291056646294"
"PROD_00354","2026-01-11 14:57:46.875625208","51.2","Bac+5","4.9","H1504","56018","0.0","0","Profil autonome, recherche active, aucun frein p?riph?rique identifi?.","0","0","0.6513496712759369","0.18753486237237765","0.16111546635168544"
"PROD_00355","2026-01-11 15:40:59.719906635","53.2","Bac","9.7","G1203","03182","0.0","1","Excellente pr?sentation, comp?tences techniques ? jour. Reprise rapide vis?e.","0","0","0.66712085033058","0.20501973049439934","0.12785941917502067"
"PROD_00356","2026-01-11 16:24:12.564188062","62.2","Bac+2","1.2","K1304","59007","0.0","0","Probl?me ponctuel de mobilit? g?ographique. Zone mal desservie.","1","1","0.16689524129489886","0.5984831134334196","0.2346216452716815"
"PROD_00357","2026-01-11 17:07:25.408469489","61.2","Bac","0.4","A1401","14715","1.0","0","Comp?tences ? r?actualiser sur les outils num?riques. Motivation correcte.","1","1","0.18767055925230208","0.6456232323878832","0.16670620835981476"
"PROD_00358","2026-01-11 17:50:38.252750917","26.2","Bac+5","2.0","D1401","76014","1.0","0","Projet de reconversion ? affiner. Besoin d'une formation compl?mentaire.","0","0","0.6310884638737767","0.23065886336021282","0.13825267276601047"
"PROD_00359","2026-01-11 18:33:51.097032344","53.2","Sans dipl?me","3.3","D1503","35178","1.0","0","Cumul de difficult?s. Pas de moyen de transport et garde d'enfants complexe.","2","2","0.15120590243616905","0.23765704468955862","0.6111370528742723"
"PROD_00360","2026-01-11 19:17:03.941313771","31.2","Bac","0.8","J1506","76032","0.0","0","Excellente pr?sentation, comp?tences techniques ? jour. Reprise rapide vis?e.","0","0","0.6260113752844031","0.1832187145973115","0.1907699101182854"
"PROD_00361","2026-01-11 20:00:16.785595198","50.2","Bac","3.8","M1805","89187","1.0","0","Excellente pr?sentation, comp?tences techniques ? jour. Reprise rapide vis?e.","0","0","0.6524986187055168","0.14352858952793737","0.20397279176654579"
"PROD_00362","2026-01-11 20:43:29.629876625","29.2","Sans dipl?me","0.2","H1504","41296","1.0","0","Projet de reconversion ? affiner. Besoin d'une formation compl?mentaire.","1","1","0.24367864941010062","0.6072446993859071","0.14907665120399227"
"PROD_00363","2026-01-11 21:26:42.474158052","34.2","Bac","2.0","C1201","49338","1.0","0","Freins p?riph?riques majeurs. Situation d'illettrisme num?rique constat?e.","0","0","0.6339550153577047","0.21833163709238268","0.1477133475499126"
"PROD_00364","2026-01-11 22:09:55.318439479","19.2","Sans dipl?me","2.9","N1101","40165","0.0","0","Comp?tences ? r?actualiser sur les outils num?riques. Motivation correcte.","1","1","0.14109517953606807","0.6453425260036698","0.2135622944602621"
"PROD_00365","2026-01-11 22:53:08.162720907","21.2","Bac+2","0.2","N1301","39538","0.0","0","Cumul de difficult?s. Pas de moyen de transport et garde d'enfants complexe.","0","0","0.649407993801213","0.1615786570301296","0.18901334916865745"
"PROD_00366","2026-01-11 23:36:21.007002334","41.2","Bac+2","1.1","N4101","61498","0.0","0","Candidat tr?s dynamique, mobilit? nationale valid?e. Projet clair.","1","1","0.26200995874825656","0.6063440418125333","0.13164599943921018"
"PROD_00367","2026-01-12 00:19:33.851283761","41.2","Sans dipl?me","10.4","K2111","11123","0.0","1","Candidat tr?s dynamique, mobilit? nationale valid?e. Projet clair.","2","2","0.24793211610495935","0.12920417456031963","0.622863709334721"
"PROD_00368","2026-01-12 01:02:46.695565188","34.2","Bac","2.7","F1603","76255","1.0","0","Perte de confiance importante. Risque d'exclusion, barri?re de la langue.","2","2","0.2459455478906139","0.1581205347282682","0.595933917381118"
"PROD_00369","2026-01-12 01:45:59.539846615","40.2","Bac+5","0.7","M1607","91021","1.0","0","Candidat tr?s dynamique, mobilit? nationale valid?e. Projet clair.","0","0","0.7140906341268948","0.14080940208638817","0.14509996378671705"
"PROD_00370","2026-01-12 02:29:12.384128042","62.2","Sans dipl?me","4.4","H2502","71145","1.0","0","Projet de reconversion ? affiner. Besoin d'une formation compl?mentaire.","2","2","0.15113961322261518","0.1514170668804836","0.6974433198969012"
"PROD_00371","2026-01-12 03:12:25.228409469","47.2","Bac+5","0.4","A1203","12093","1.0","0","Freins p?riph?riques majeurs. Situation d'illettrisme num?rique constat?e.","0","0","0.5978620128947661","0.15015863186293343","0.2519793552423004"
"PROD_00372","2026-01-12 03:55:38.072690897","31.2","Bac","4.5","A1401","10052","0.0","0","Profil autonome, recherche active, aucun frein p?riph?rique identifi?.","0","0","0.6035726152490465","0.25803717598133213","0.13839020876962138"
"PROD_00373","2026-01-12 04:38:50.916972324","21.2","Sans dipl?me","0.4","H1206","85121","0.0","0","Probl?me ponctuel de mobilit? g?ographique. Zone mal desservie.","1","1","0.17483776686015373","0.6772537076273194","0.14790852551252687"
"PROD_00374","2026-01-12 05:22:03.761253751","21.2","Bac","0.9","I1304","22285","0.0","0","Cumul de difficult?s. Pas de moyen de transport et garde d'enfants complexe.","1","1","0.15429902565436907","0.6792539462870065","0.16644702805862444"
"PROD_00375","2026-01-12 06:05:16.605535178","41.2","Sans dipl?me","0.7","D1401","70195","1.0","0","Excellente pr?sentation, comp?tences techniques ? jour. Reprise rapide vis?e.","0","0","0.6853269169155833","0.18630982751601477","0.1283632555684019"
"PROD_00376","2026-01-12 06:48:29.449816605","48.2","Sans dipl?me","0.1","G1602","16145","1.0","0","Perte de confiance importante. Risque d'exclusion, barri?re de la langue.","2","2","0.17225649432309795","0.19664620113779374","0.6310973045391083"
"PROD_00377","2026-01-12 07:31:42.294098032","30.2","Bac","0.9","D1502","56056","0.0","0","Probl?me ponctuel de mobilit? g?ographique. Zone mal desservie.","2","2","0.18306395887850269","0.21810095573474342","0.5988350853867539"
"PROD_00378","2026-01-12 08:14:55.138379459","21.2","Bac","0.2","A1203","62380","1.0","0","Comp?tences ? r?actualiser sur les outils num?riques. Motivation correcte.","1","1","0.21512516942258741","0.6166106375517582","0.16826419302565443"
"PROD_00379","2026-01-12 08:58:07.982660887","35.2","Bac+2","7.7","F1603","27206","1.0","1","Perte de confiance importante. Risque d'exclusion, barri?re de la langue.","2","2","0.2147985576895968","0.1400571188856275","0.6451443234247758"
"PROD_00380","2026-01-12 09:41:20.826942314","57.2","Bac+5","6.3","J1506","30265","1.0","0","Candidat tr?s dynamique, mobilit? nationale valid?e. Projet clair.","0","0","0.6201265154634067","0.2460185924732861","0.1338548920633072"
"PROD_00381","2026-01-12 10:24:33.671223741","35.2","Bac+2","1.8","W1401","06158","1.0","0","Profil autonome, recherche active, aucun frein p?riph?rique identifi?.","0","0","0.6337201648244727","0.19888938389050465","0.16739045128502267"
"PROD_00382","2026-01-12 11:07:46.515505168","23.2","Bac","1.4","I1304","30030","0.0","0","Excellente pr?sentation, comp?tences techniques ? jour. Reprise rapide vis?e.","0","0","0.6490388878169954","0.14235514543728187","0.20860596674572277"
"PROD_00383","2026-01-12 11:50:59.359786595","46.2","Bac+2","11.8","G1801","55286","1.0","0","Probl?me ponctuel de mobilit? g?ographique. Zone mal desservie.","1","1","0.1363283289357443","0.6931622946111641","0.1705093764530916"
"PROD_00384","2026-01-12 12:34:12.204068022","62.2","Bac+5","12.0","A1401","30350","0.0","0","Comp?tences ? r?actualiser sur les outils num?riques. Motivation correcte.","2","2","0.2365419465035734","0.16360463260901995","0.5998534208874067"
"PROD_00385","2026-01-12 13:17:25.048349449","39.2","Bac+5","1.8","I1304","38530","0.0","0","Excellente pr?sentation, comp?tences techniques ? jour. Reprise rapide vis?e.","0","0","0.6858146613797154","0.18110969305090382","0.1330756455693808"
"PROD_00386","2026-01-12 14:00:37.892630877","28.2","Bac","0.1","C1201","27464","1.0","0","Candidat tr?s dynamique, mobilit? nationale valid?e. Projet clair.","0","0","0.644110171615976","0.208594783345851","0.14729504503817306"
"PROD_00387","2026-01-12 14:43:50.736912304","63.2","Sans dipl?me","0.6","H2502","91121","1.0","0","Projet de reconversion ? affiner. Besoin d'une formation compl?mentaire.","1","1","0.1291991583579848","0.5959009900060113","0.27489985163600394"
"PROD_00388","2026-01-12 15:27:03.581193731","61.2","Bac","0.4","A1401","14715","1.0","0","Comp?tences ? r?actualiser sur les outils num?riques. Motivation correcte.","1","1","0.22442660247073348","0.6012276326565046","0.17434576487276188"
"PROD_00389","2026-01-12 16:10:16.425475158","33.2","Sans dipl?me","1.1","K1201","15040","1.0","0","Comp?tences ? r?actualiser sur les outils num?riques. Motivation correcte.","1","1","0.17256159899671178","0.5972975439463278","0.2301408570569604"
"PROD_00390","2026-01-12 16:53:29.269756585","30.2","Bac","0.9","D1502","56056","0.0","0","Probl?me ponctuel de mobilit? g?ographique. Zone mal desservie.","2","2","0.17762485136637768","0.1621939084972795","0.6601812401363429"
"PROD_00391","2026-01-12 17:36:42.114038012","46.2","Bac","2.1","G1801","55516","1.0","0","Probl?me ponctuel de mobilit? g?ographique. Zone mal desservie.","1","1","0.17547443928652198","0.6446334746585204","0.17989208605495766"
"PROD_00392","2026-01-12 18:19:54.958319439","47.2","Sans dipl?me","0.7","M1607","42126","1.0","0","Perte de confiance importante. Risque d'exclusion, barri?re de la langue.","1","1","0.15118781870229267","0.6022587125958152","0.2465534687018921"
"PROD_00393","2026-01-12 19:03:07.802600867","47.2","Bac+2","3.4","A1203","05089","1.0","0","Projet de reconversion ? affiner. Besoin d'une formation compl?mentaire.","1","1","0.20087069818737624","0.5969440929003785","0.20218520891224523"
"PROD_00394","2026-01-12 19:46:20.646882294","34.2","Bac","2.1","C1201","55503","0.0","0","Projet de reconversion ? affiner. Besoin d'une formation compl?mentaire.","0","0","0.720523250461017","0.128059790599511","0.15141695893947205"
"PROD_00395","2026-01-12 20:29:33.491163721","24.2","Bac","4.5","C1501","01177","1.0","0","Comp?tences ? r?actualiser sur les outils num?riques. Motivation correcte.","1","1","0.14977555237165777","0.6230340812866129","0.2271903663417294"
"PROD_00396","2026-01-12 21:12:46.335445148","25.2","Bac+2","0.6","M1806","45097","1.0","0","Excellente pr?sentation, comp?tences techniques ? jour. Reprise rapide vis?e.","0","0","0.6044670190943278","0.14729967133278887","0.24823330957288336"
"PROD_00397","2026-01-12 21:55:59.179726575","60.2","Bac","2.9","H1206","88349","1.0","1","Freins p?riph?riques majeurs. Situation d'illettrisme num?rique constat?e.","2","2","0.25131757978302366","0.1474630552495937","0.6012193649673827"
"PROD_00398","2026-01-12 22:39:12.024008002","27.2","Bac","5.5","K1201","78009","0.0","0","Comp?tences ? r?actualiser sur les outils num?riques. Motivation correcte.","0","0","0.6250972079857381","0.18863654612926353","0.18626624588499838"
"PROD_00399","2026-01-12 23:22:24.868289429","35.2","Bac+2","3.8","M1501","30004","0.0","1","Candidat tr?s dynamique, mobilit? nationale valid?e. Projet clair.","0","0","0.6081151678618808","0.23542158621917053","0.15646324591894867"
"PROD_00400","2026-01-13 00:05:37.712570857","44.2","Bac","5.8","N4301","55005","0.0","0","Projet de reconversion ? affiner. Besoin d'une formation compl?mentaire.","1","1","0.1446589370198062","0.7007102027857582","0.15463086019443562"
"PROD_00401","2026-01-13 00:48:50.556852284","42.2","Bac+2","3.1","M1203","36168","1.0","0","Profil autonome, recherche active, aucun frein p?riph?rique identifi?.","0","0","0.653414262470203","0.14662077614825628","0.19996496138154077"
"PROD_00402","2026-01-13 01:32:03.401133711","41.2","Sans dipl?me","2.2","C1110","73129","0.0","0","Comp?tences ? r?actualiser sur les outils num?riques. Motivation correcte.","2","2","0.14802633454465128","0.12822237510100054","0.7237512903543482"
"PROD_00403","2026-01-13 02:15:16.245415138","32.2","Bac+5","0.9","M1802","50092","0.0","0","Perte de confiance importante. Risque d'exclusion, barri?re de la langue.","0","0","0.6182037514993509","0.19943351444906476","0.18236273405158432"
"PROD_00404","2026-01-13 02:58:29.089696565","50.2","Sans dipl?me","2.6","N4301","43034","1.0","0","Cumul de difficult?s. Pas de moyen de transport et garde d'enfants complexe.","2","2","0.13325519373773678","0.13829291648588732","0.7284518897763759"
"PROD_00405","2026-01-13 03:41:41.933977992","36.2","Bac+5","3.0","M1801","27342","1.0","0","Profil autonome, recherche active, aucun frein p?riph?rique identifi?.","0","0","0.7075927619053257","0.15254504940256194","0.13986218869211234"
"PROD_00406","2026-01-13 04:24:54.778259419","53.2","Sans dipl?me","0.3","K2111","51027","0.0","0","Perte de confiance importante. Risque d'exclusion, barri?re de la langue.","2","2","0.15485802213706706","0.17507289485500713","0.6700690830079259"
"PROD_00407","2026-01-13 05:08:07.622540847","44.2","Bac+5","0.6","D1503","04151","1.0","0","Perte de confiance importante. Risque d'exclusion, barri?re de la langue.","0","0","0.6541826847298372","0.1978056902210254","0.1480116250491374"
"PROD_00408","2026-01-13 05:51:20.466822274","61.2","Bac+2","0.3","H1504","59009","1.0","1","Perte de confiance importante. Risque d'exclusion, barri?re de la langue.","2","2","0.1351158523038768","0.24219242191941712","0.6226917257767061"
"PROD_00409","2026-01-13 06:34:33.311103701","61.2","Bac","0.7","M1806","91240","0.0","0","Comp?tences ? r?actualiser sur les outils num?riques. Motivation correcte.","2","2","0.2228817487125656","0.1623350476701715","0.6147832036172629"
"PROD_00410","2026-01-13 07:17:46.155385128","62.2","Bac+2","1.1","K2101","80830","0.0","0","Probl?me ponctuel de mobilit? g?ographique. Zone mal desservie.","1","1","0.19073199125938467","0.6587196582202485","0.15054835052036686"
"PROD_00411","2026-01-13 08:00:58.999666555","41.2","Bac+2","1.4","K1403","51036","1.0","0","Projet de reconversion ? affiner. Besoin d'une formation compl?mentaire.","1","1","0.15260684195961688","0.6666655406562092","0.18072761738417387"
"PROD_00412","2026-01-13 08:44:11.843947982","22.2","Bac","2.9","C1501","19268","1.0","0","Comp?tences ? r?actualiser sur les outils num?riques. Motivation correcte.","1","1","0.13351252924050025","0.6307056927584267","0.23578177800107303"
"PROD_00413","2026-01-13 09:27:24.688229409","47.2","Bac","0.7","C1201","83011","1.0","0","Information non renseignee","0","0","0.6657002347257384","0.13918643527999805","0.1951133299942636"
"PROD_00414","2026-01-13 10:10:37.532510837","31.2","Bac","2.5","H1504","50059","0.0","1","Excellente pr?sentation, comp?tences techniques ? jour. Reprise rapide vis?e.","0","0","0.6271536511235716","0.21257107798017663","0.1602752708962518"
"PROD_00415","2026-01-13 10:53:50.376792264","28.2","Bac","0.1","H1504","06076","0.0","0","Perte de confiance importante. Risque d'exclusion, barri?re de la langue.","1","1","0.18234762218292327","0.5990623678223189","0.21859000999475786"
"PROD_00416","2026-01-13 11:37:03.221073691","51.2","Bac+5","4.8","H1504","56018","0.0","0","Profil autonome, recherche active, aucun frein p?riph?rique identifi?.","0","0","0.6003976942188693","0.26252755414294926","0.1370747516381814"
"PROD_00417","2026-01-13 12:20:16.065355118","50.2","Sans dipl?me","0.5","K1601","76519","1.0","0","Comp?tences ? r?actualiser sur les outils num?riques. Motivation correcte.","1","1","0.23122582308394765","0.5998522562276143","0.16892192068843803"
"PROD_00418","2026-01-13 13:03:28.909636545","18.2","Bac","4.4","K2101","21253","1.0","1","Comp?tences ? r?actualiser sur les outils num?riques. Motivation correcte.","1","1","0.1611131742482278","0.6077002331878321","0.23118659256394014"
"PROD_00419","2026-01-13 13:46:41.753917972","29.2","Bac","3.7","F1603","64413","0.0","0","Perte de confiance importante. Risque d'exclusion, barri?re de la langue.","1","1","0.17816989350930665","0.668415303254514","0.1534148032361793"
"PROD_00420","2026-01-13 14:29:54.598199399","33.2","Sans dipl?me","3.6","H2502","17164","1.0","0","Comp?tences ? r?actualiser sur les outils num?riques. Motivation correcte.","1","1","0.22268877790368646","0.6307509442452889","0.14656027785102466"
"PROD_00421","2026-01-13 15:13:07.442480827","52.2","Bac+5","0.1","A1203","26170","0.0","0","Projet de reconversion ? affiner. Besoin d'une formation compl?mentaire.","1","1","0.18770602711187834","0.6712537714421057","0.14104020144601592"
"PROD_00422","2026-01-13 15:56:20.286762254","56.2","Sans dipl?me","1.4","K2106","43011","0.0","0","Perte de confiance importante. Risque d'exclusion, barri?re de la langue.","2","2","0.20956052482888599","0.13987121577909464","0.6505682593920193"
"PROD_00423","2026-01-13 16:39:33.131043681","57.2","Bac","1.0","G1602","37115","1.0","0","Projet de reconversion ? affiner. Besoin d'une formation compl?mentaire.","1","1","0.15580601781366554","0.6214570298590545","0.22273695232727997"
"PROD_00424","2026-01-13 17:22:45.975325108","20.2","Bac+2","1.0","K2106","24222","0.0","0","Freins p?riph?riques majeurs. Situation d'illettrisme num?rique constat?e.","0","0","0.6205444981630771","0.12966258983273685","0.24979291200418605"
"PROD_00425","2026-01-13 18:05:58.819606535","41.2","Bac+2","0.1","H1206","81273","1.0","0","Comp?tences ? r?actualiser sur les outils num?riques. Motivation correcte.","1","1","0.20896130732561857","0.6167784128160381","0.17426027985834336"
"PROD_00426","2026-01-13 18:49:11.663887962","21.2","Bac","2.2","N4301","67183","1.0","0","Excellente pr?sentation, comp?tences techniques ? jour. Reprise rapide vis?e.","1","1","0.15794697744520828","0.7018953493219127","0.1401576732328791"
"PROD_00427","2026-01-13 19:32:24.508169389","41.2","Bac","5.3","F1603","19116","0.0","0","Profil autonome, recherche active, aucun frein p?riph?rique identifi?.","1","1","0.15198272763603432","0.6099530432227931","0.23806422914117253"
"PROD_00428","2026-01-13 20:15:37.352450817","21.2","Bac+2","1.0","G1801","62777","0.0","1","Perte de confiance importante. Risque d'exclusion, barri?re de la langue.","1","1","0.16151914054244315","0.7052636885361181","0.1332171709214387"
"PROD_00429","2026-01-13 20:58:50.196732244","41.2","Bac","3.8","H2502","21689","0.0","0","Freins p?riph?riques majeurs. Situation d'illettrisme num?rique constat?e.","0","0","0.623817834610214","0.20853868963527622","0.16764347575450977"
"PROD_00430","2026-01-13 21:42:03.041013671","61.2","Bac+2","1.6","K1201","41140","0.0","0","Freins p?riph?riques majeurs. Situation d'illettrisme num?rique constat?e.","1","1","0.17417870130169694","0.6649036468708056","0.1609176518274975"
"PROD_00431","2026-01-13 22:25:15.885295098","45.2","Bac+2","4.1","A1401","2B179","0.0","0","Probl?me ponctuel de mobilit? g?ographique. Zone mal desservie.","1","1","0.21367398087915915","0.6121752026954104","0.1741508164254305"
"PROD_00432","2026-01-13 23:08:28.729576525","26.2","Bac","3.3","M1501","51611","1.0","0","Profil autonome, recherche active, aucun frein p?riph?rique identifi?.","0","0","0.6058510249583747","0.24427451156827967","0.1498744634733456"
"PROD_00433","2026-01-13 23:51:41.573857952","61.2","Bac+5","1.1","K1903","33046","0.0","0","Freins p?riph?riques majeurs. Situation d'illettrisme num?rique constat?e.","2","2","0.15709946345269463","0.23160560696083454","0.6112949295864708"
"PROD_00434","2026-01-14 00:34:54.418139379","53.2","Sans dipl?me","0.3","K2111","51027","0.0","0","Perte de confiance importante. Risque d'exclusion, barri?re de la langue.","2","2","0.23359576626492873","0.1462924044600316","0.6201118292750396"
"PROD_00435","2026-01-14 01:18:07.262420807","47.2","Bac","3.4","C1501","59385","0.0","0","Profil autonome, recherche active, aucun frein p?riph?rique identifi?.","2","2","0.24593634547237922","0.13468767784937047","0.6193759766782503"
"PROD_00436","2026-01-14 02:01:20.106702234","33.2","Bac+5","3.6","M1801","43160","0.0","0","Probl?me ponctuel de mobilit? g?ographique. Zone mal desservie.","1","1","0.1560728316252803","0.6634467557733724","0.18048041260134728"
"PROD_00437","2026-01-14 02:44:32.950983661","33.2","Sans dipl?me","3.6","H2502","17164","1.0","0","Comp?tences ? r?actualiser sur les outils num?riques. Motivation correcte.","1","1","0.16834705224072882","0.643160618703733","0.18849232905553814"
"PROD_00438","2026-01-14 03:27:45.795265088","45.2","Sans dipl?me","1.6","D1210","11028","1.0","0","Probl?me ponctuel de mobilit? g?ographique. Zone mal desservie.","1","1","0.22488034262253276","0.6374955589223339","0.13762409845513335"
"PROD_00439","2026-01-14 04:10:58.639546515","26.2","Bac+2","1.6","H2502","37176","0.0","0","Information non renseignee","0","0","0.6132974869614696","0.1768268059004954","0.20987570713803502"
"PROD_00440","2026-01-14 04:54:11.483827942","29.2","Bac","3.2","A1501","83100","0.0","0","Probl?me ponctuel de mobilit? g?ographique. Zone mal desservie.","1","1","0.1981515569175918","0.633203892810115","0.1686445502722932"
"PROD_00441","2026-01-14 05:37:24.328109370","56.2","Bac+5","1.5","C1102","88324","1.0","0","Comp?tences ? r?actualiser sur les outils num?riques. Motivation correcte.","1","1","0.1650021729593888","0.6289618715355926","0.20603595550501863"
"PROD_00442","2026-01-14 06:20:37.172390797","46.2","Bac+5","11.2","C1302","31171","1.0","0","Excellente pr?sentation, comp?tences techniques ? jour. Reprise rapide vis?e.","0","0","0.6192172824017311","0.16093265938739476","0.2198500582108741"
"PROD_00443","2026-01-14 07:03:50.016672224","20.2","Bac","1.3","C1110","05058","1.0","0","Perte de confiance importante. Risque d'exclusion, barri?re de la langue.","2","2","0.2463226712358085","0.12818952948488327","0.6254877992793082"
"PROD_00444","2026-01-14 07:47:02.860953651","47.2","Sans dipl?me","0.4","K2106","44162","0.0","0","Freins p?riph?riques majeurs. Situation d'illettrisme num?rique constat?e.","2","2","0.15894272587268402","0.2397015081017851","0.6013557660255309"
"PROD_00445","2026-01-14 08:30:15.705235078","58.2","Bac+5","2.9","J1506","79276","0.0","0","Projet de reconversion ? affiner. Besoin d'une formation compl?mentaire.","0","0","0.6628952090055382","0.14415001028975868","0.1929547807047031"
"PROD_00446","2026-01-14 09:13:28.549516505","47.2","Bac","2.5","J1301","32357","0.0","0","Information non renseignee","0","0","0.6087106270044782","0.2530266665074542","0.1382627064880676"
"PROD_00447","2026-01-14 09:56:41.393797932","20.2","Bac","2.7","D1406","76523","1.0","0","Comp?tences ? r?actualiser sur les outils num?riques. Motivation correcte.","1","1","0.15693579894610557","0.7046973344403265","0.138366866613568"
"PROD_00448","2026-01-14 10:39:54.238079360","40.2","Bac+2","0.9","G1801","09131","0.0","0","Comp?tences ? r?actualiser sur les outils num?riques. Motivation correcte.","1","1","0.1389079392007114","0.6402845656804309","0.22080749511885767"
"PROD_00449","2026-01-14 11:23:07.082360787","50.2","Bac+2","2.0","C1110","06019","1.0","1","Comp?tences ? r?actualiser sur les outils num?riques. Motivation correcte.","1","1","0.1909229504427075","0.6785806358552358","0.13049641370205678"
"PROD_00450","2026-01-14 12:06:19.926642214","52.2","Bac+2","3.5","G1302","61463","1.0","0","Projet de reconversion ? affiner. Besoin d'une formation compl?mentaire.","1","1","0.21310320356915954","0.6537352289289929","0.1331615675018475"
"PROD_00451","2026-01-14 12:49:32.770923641","30.2","Bac+2","0.8","G1602","33172","0.0","0","Projet de reconversion ? affiner. Besoin d'une formation compl?mentaire.","0","0","0.6709688486702734","0.19836214323931106","0.13066900809041554"
"PROD_00452","2026-01-14 13:32:45.615205068","24.2","Bac+5","1.2","K1304","65293","0.0","0","Excellente pr?sentation, comp?tences techniques ? jour. Reprise rapide vis?e.","0","0","0.6921663278968399","0.14026999604046683","0.16756367606269332"
"PROD_00453","2026-01-14 14:15:58.459486495","21.2","Bac+2","1.0","G1801","62777","0.0","1","Perte de confiance importante. Risque d'exclusion, barri?re de la langue.","1","1","0.18627341121419383","0.6800643882259163","0.13366220055988987"
"PROD_00454","2026-01-14 14:59:11.303767922","22.2","Bac","6.5","I1304","08307","0.0","0","Excellente pr?sentation, comp?tences techniques ? jour. Reprise rapide vis?e.","0","0","0.6917028330937058","0.17251290302723057","0.1357842638790636"
"PROD_00455","2026-01-14 15:42:24.148049349","51.2","Bac+2","0.2","K1601","04197","1.0","0","Candidat tr?s dynamique, mobilit? nationale valid?e. Projet clair.","1","1","0.14414379268088812","0.6680506584926127","0.18780554882649914"
"PROD_00456","2026-01-14 16:25:36.992330777","59.2","Sans dipl?me","1.1","I1304","57630","0.0","0","Perte de confiance importante. Risque d'exclusion, barri?re de la langue.","2","2","0.17542409894067246","0.15450674411177506","0.6700691569475525"
"PROD_00457","2026-01-14 17:08:49.836612204","54.2","Sans dipl?me","5.0","A1301","76522","1.0","1","Perte de confiance importante. Risque d'exclusion, barri?re de la langue.","2","2","0.13551569882078893","0.15950328588916315","0.7049810152900479"
"PROD_00458","2026-01-14 17:52:02.680893631","36.2","Sans dipl?me","3.7","H1206","63041","1.0","0","Probl?me ponctuel de mobilit? g?ographique. Zone mal desservie.","1","1","0.2348623104532136","0.6169981245979517","0.14813956494883473"
"PROD_00459","2026-01-14 18:35:15.525175058","49.2","Bac+5","0.3","D1502","25523","1.0","0","Cumul de difficult?s. Pas de moyen de transport et garde d'enfants complexe.","0","0","0.6062825323635171","0.22929767397977413","0.16441979365670872"
"PROD_00460","2026-01-14 19:18:28.369456485","50.2","Bac","1.9","G1302","48081","0.0","0","Comp?tences ? r?actualiser sur les outils num?riques. Motivation correcte.","1","1","0.20618608801811608","0.6132512176952933","0.18056269428659055"
"PROD_00461","2026-01-14 20:01:41.213737912","48.2","Bac+2","1.6","H1504","49090","1.0","0","Cumul de difficult?s. Pas de moyen de transport et garde d'enfants complexe.","1","1","0.14362166318960715","0.6978782181508019","0.15850011865959102"
"PROD_00462","2026-01-14 20:44:54.058019339","62.2","Bac+2","0.2","J1506","2B153","1.0","0","Candidat tr?s dynamique, mobilit? nationale valid?e. Projet clair.","0","0","0.6604851772729609","0.21183741480870397","0.12767740791833518"
"PROD_00463","2026-01-14 21:28:06.902300767","46.2","Bac","0.4","M1602","64432","1.0","0","Cumul de difficult?s. Pas de moyen de transport et garde d'enfants complexe.","1","1","0.1621910553544382","0.635363564850858","0.20244537979470378"
"PROD_00464","2026-01-14 22:11:19.746582194","39.2","Sans dipl?me","3.2","C1501","81062","0.0","0","Cumul de difficult?s. Pas de moyen de transport et garde d'enfants complexe.","0","0","0.6229703031524768","0.17628441444172666","0.20074528240579653"
"PROD_00465","2026-01-14 22:54:32.590863621","33.2","Bac","4.0","N1301","22177","1.0","0","Candidat tr?s dynamique, mobilit? nationale valid?e. Projet clair.","0","0","0.6318049431712102","0.2182070526621251","0.14998800416666475"
"PROD_00466","2026-01-14 23:37:45.435145048","57.2","Bac","1.9","C1201","40275","1.0","0","Candidat tr?s dynamique, mobilit? nationale valid?e. Projet clair.","1","1","0.13630242242229193","0.7163904523878615","0.14730712518984657"
"PROD_00467","2026-01-15 00:20:58.279426475","56.2","Bac+2","0.1","M1501","57674","1.0","0","Probl?me ponctuel de mobilit? g?ographique. Zone mal desservie.","2","2","0.25619685941700043","0.14731676551213735","0.5964863750708622"
"PROD_00468","2026-01-15 01:04:11.123707902","63.2","Sans dipl?me","0.2","K2106","36079","1.0","0","Cumul de difficult?s. Pas de moyen de transport et garde d'enfants complexe.","2","2","0.1538696782629318","0.23241672138592523","0.613713600351143"
"PROD_00469","2026-01-15 01:47:23.967989329","22.2","Bac+2","6.3","N1303","67248","0.0","0","Probl?me ponctuel de mobilit? g?ographique. Zone mal desservie.","0","0","0.6094132615595141","0.14066154947373785","0.249925188966748"
"PROD_00470","2026-01-15 02:30:36.812270757","25.2","Bac","2.5","N1303","47060","1.0","0","Cumul de difficult?s. Pas de moyen de transport et garde d'enfants complexe.","0","0","0.6903864786804451","0.17644225937145633","0.13317126194809856"
"PROD_00471","2026-01-15 03:13:49.656552184","41.2","Bac","5.3","F1603","19116","0.0","0","Profil autonome, recherche active, aucun frein p?riph?rique identifi?.","1","1","0.17597209757600787","0.6919844218128859","0.13204348061110627"
"PROD_00472","2026-01-15 03:57:02.500833611","19.2","Bac","1.7","A1501","24004","1.0","1","Candidat tr?s dynamique, mobilit? nationale valid?e. Projet clair.","1","1","0.14198667545842453","0.6354701162864568","0.22254320825511875"
"PROD_00473","2026-01-15 04:40:15.345115038","45.2","Bac+2","1.3","G1203","55197","0.0","0","Probl?me ponctuel de mobilit? g?ographique. Zone mal desservie.","1","1","0.220765973633249","0.6323485085913634","0.1468855177753876"
"PROD_00474","2026-01-15 05:23:28.189396465","30.2","Sans dipl?me","1.7","M1805","23144","1.0","0","Projet de reconversion ? affiner. Besoin d'une formation compl?mentaire.","1","1","0.2135271072468686","0.6581834473181426","0.12828944543498877"
"PROD_00475","2026-01-15 06:06:41.033677892","48.2","Bac+5","0.2","D1406","30098","1.0","0","Excellente pr?sentation, comp?tences techniques ? jour. Reprise rapide vis?e.","0","0","0.6309241630025972","0.20733927055371254","0.16173656644369022"
"PROD_00476","2026-01-15 06:49:53.877959319","63.2","Bac","2.6","N4101","13094","1.0","0","Candidat tr?s dynamique, mobilit? nationale valid?e. Projet clair.","2","2","0.1790835293979344","0.2130321623155375","0.6078843082865282"
"PROD_00477","2026-01-15 07:33:06.722240747","31.2","Bac","2.5","H1504","50059","0.0","1","Excellente pr?sentation, comp?tences techniques ? jour. Reprise rapide vis?e.","0","0","0.6602913795105345","0.17632115231282192","0.16338746817664357"
"PROD_00478","2026-01-15 08:16:19.566522174","49.2","Bac+5","1.8","J1506","28349","0.0","0","Comp?tences ? r?actualiser sur les outils num?riques. Motivation correcte.","2","2","0.23506142677044473","0.1530030642977353","0.6119355089318199"
"PROD_00479","2026-01-15 08:59:32.410803601","41.2","Bac+5","5.8","F1603","70470","1.0","0","Excellente pr?sentation, comp?tences techniques ? jour. Reprise rapide vis?e.","0","0","0.6960338240522936","0.17517649429637677","0.1287896816513296"
"PROD_00480","2026-01-15 09:42:45.255085028","52.2","Sans dipl?me","3.8","M1602","02445","1.0","0","Perte de confiance importante. Risque d'exclusion, barri?re de la langue.","2","2","0.22715421940256958","0.17005506806140494","0.6027907125360256"
"PROD_00481","2026-01-15 10:25:58.099366455","28.2","Bac","2.1","M1801","32292","0.0","0","Excellente pr?sentation, comp?tences techniques ? jour. Reprise rapide vis?e.","0","0","0.7137259212899417","0.14810101305735415","0.13817306565270412"
"PROD_00482","2026-01-15 11:09:10.943647882","20.2","Bac+2","1.1","D1210","74164","0.0","0","Comp?tences ? r?actualiser sur les outils num?riques. Motivation correcte.","1","1","0.16397024732438514","0.6057499907683283","0.2302797619072866"
"PROD_00483","2026-01-15 11:52:23.787929309","37.2","Bac","7.5","M1806","76004","0.0","0","Excellente pr?sentation, comp?tences techniques ? jour. Reprise rapide vis?e.","0","0","0.6323059691462901","0.17081518246785085","0.19687884838585903"
"PROD_00484","2026-01-15 12:35:36.632210737","61.2","Sans dipl?me","6.7","M1802","25375","1.0","0","Perte de confiance importante. Risque d'exclusion, barri?re de la langue.","2","2","0.23810290917317423","0.1320010274075052","0.6298960634193206"
"PROD_00485","2026-01-15 13:18:49.476492164","52.2","Sans dipl?me","2.1","M1802","83043","1.0","0","Profil autonome, recherche active, aucun frein p?riph?rique identifi?.","0","0","0.7045490606205971","0.1309421246832926","0.1645088146961103"
"PROD_00486","2026-01-15 14:02:02.320773591","51.2","Bac","0.8","C1302","56264","1.0","0","Probl?me ponctuel de mobilit? g?ographique. Zone mal desservie.","1","1","0.1555041943806123","0.6413050243459428","0.2031907812734448"
"PROD_00487","2026-01-15 14:45:15.165055018","57.2","Bac","3.1","M1805","34242","1.0","0","Probl?me ponctuel de mobilit? g?ographique. Zone mal desservie.","1","1","0.13759171497143569","0.6308540833167526","0.23155420171181174"
"PROD_00488","2026-01-15 15:28:28.009336445","51.2","Bac","0.5","K1903","34276","1.0","0","Projet de reconversion ? affiner. Besoin d'une formation compl?mentaire.","1","1","0.20983930301821657","0.6580159016376292","0.13214479534415413"
"PROD_00489","2026-01-15 16:11:40.853617872","56.2","Sans dipl?me","0.6","M1806","85011","1.0","0","Excellente pr?sentation, comp?tences techniques ? jour. Reprise rapide vis?e.","1","1","0.2758791366413349","0.596119317054848","0.1280015463038171"
"PROD_00490","2026-01-15 16:54:53.697899299","37.2","Bac","8.4","M1501","70480","1.0","0","Cumul de difficult?s. Pas de moyen de transport et garde d'enfants complexe.","1","1","0.24736349111589448","0.5980829066517636","0.15455360223234194"
"PROD_00491","2026-01-15 17:38:06.542180727","53.2","Bac","7.3","M1801","62271","1.0","0","Information non renseignee","1","1","0.2643489455717094","0.5982920495095482","0.13735900491874242"
"PROD_00492","2026-01-15 18:21:19.386462154","49.2","Sans dipl?me","4.1","K1403","60028","1.0","0","Comp?tences ? r?actualiser sur les outils num?riques. Motivation correcte.","1","1","0.14730440394498528","0.6968147419436183","0.1558808541113964"
"PROD_00493","2026-01-15 19:04:32.230743581","32.2","Sans dipl?me","1.4","G1801","16364","0.0","0","Perte de confiance importante. Risque d'exclusion, barri?re de la langue.","1","1","0.16836427530912726","0.6346674000051317","0.1969683246857411"
"PROD_00494","2026-01-15 19:47:45.075025008","34.2","Bac+5","2.2","C1501","24470","1.0","0","Profil autonome, recherche active, aucun frein p?riph?rique identifi?.","0","0","0.6841583073609093","0.18136337983621603","0.13447831280287464"
"PROD_00495","2026-01-15 20:30:57.919306435","50.2","Bac","1.3","A1401","28358","1.0","1","Comp?tences ? r?actualiser sur les outils num?riques. Motivation correcte.","1","1","0.19060284108242062","0.636623092232948","0.17277406668463136"
"PROD_00496","2026-01-15 21:14:10.763587862","31.2","Bac+2","4.9","K1304","16067","1.0","0","Excellente pr?sentation, comp?tences techniques ? jour. Reprise rapide vis?e.","0","0","0.6224237132079407","0.18212910516280306","0.19544718162925628"
"PROD_00497","2026-01-15 21:57:23.607869289","32.2","Bac","8.1","J1301","21001","0.0","0","Candidat tr?s dynamique, mobilit? nationale valid?e. Projet clair.","0","0","0.5965830013571322","0.1760300837529591","0.22738691488990875"
"PROD_00498","2026-01-15 22:40:36.452150717","59.2","Bac+5","0.5","H1504","36029","0.0","0","Comp?tences ? r?actualiser sur les outils num?riques. Motivation correcte.","1","1","0.16857745139769348","0.6183762484000915","0.21304630020221504"
"PROD_00499","2026-01-15 23:23:49.296432144","27.2","Bac+2","7.7","M1705","44158","1.0","1","Information non renseignee","2","2","0.18998021822746539","0.1403734663601182","0.6696463154124165"
"PROD_00500","2026-01-16 00:07:02.140713571","42.3","Bac","0.9","K1903","62542","1.0","0","Comp?tences ? r?actualiser sur les outils num?riques. Motivation correcte.","1","1","0.2167509423984112","0.6433276434798527","0.1399214141217361"
"PROD_00501","2026-01-16 00:50:14.984994998","56.3","Sans dipl?me","3.3","D1210","51625","1.0","0","Perte de confiance importante. Risque d'exclusion, barri?re de la langue.","2","2","0.1449987266792968","0.163041293212276","0.6919599801084272"
"PROD_00502","2026-01-16 01:33:27.829276425","42.3","Bac","0.8","K1601","05073","1.0","0","Profil autonome, recherche active, aucun frein p?riph?rique identifi?.","2","2","0.1814101323754625","0.21545472942346405","0.6031351382010735"
"PROD_00503","2026-01-16 02:16:40.673557852","59.3","Bac+2","1.5","D1406","70280","0.0","0","Projet de reconversion ? affiner. Besoin d'une formation compl?mentaire.","1","1","0.13291051977360482","0.6205832459933538","0.2465062342330414"
"PROD_00504","2026-01-16 02:59:53.517839279","44.3","Bac","1.8","H2502","50276","1.0","0","Comp?tences ? r?actualiser sur les outils num?riques. Motivation correcte.","0","0","0.6025719244472121","0.1992828808734111","0.19814519467937683"
"PROD_00505","2026-01-16 03:43:06.362120707","40.3","Bac","0.9","C1501","62438","1.0","0","Projet de reconversion ? affiner. Besoin d'une formation compl?mentaire.","1","1","0.22425512534828101","0.6175769814577222","0.15816789319399682"
"PROD_00506","2026-01-16 04:26:19.206402134","51.3","Bac+5","0.4","D1406","40224","1.0","0","Probl?me ponctuel de mobilit? g?ographique. Zone mal desservie.","1","1","0.1458096196942201","0.7185421872410206","0.13564819306475928"
"PROD_00507","2026-01-16 05:09:32.050683561","61.3","Bac","0.5","A1301","70226","1.0","1","Freins p?riph?riques majeurs. Situation d'illettrisme num?rique constat?e.","2","2","0.15973403883141285","0.22148446469859723","0.61878149646999"
"PROD_00508","2026-01-16 05:52:44.894964988","55.3","Bac","1.2","I1304","52064","0.0","0","Comp?tences ? r?actualiser sur les outils num?riques. Motivation correcte.","1","1","0.1763489417173787","0.6263117690486327","0.19733928923398858"
"PROD_00509","2026-01-16 06:35:57.739246415","34.3","Bac","1.0","K1601","80555","1.0","0","Comp?tences ? r?actualiser sur les outils num?riques. Motivation correcte.","1","1","0.1567073112782152","0.6649992664462115","0.17829342227557332"
"PROD_00510","2026-01-16 07:19:10.583527842","44.3","Bac+2","0.5","K1403","65412","0.0","0","Cumul de difficult?s. Pas de moyen de transport et garde d'enfants complexe.","1","1","0.21699774229107982","0.6370115279871381","0.14599072972178206"
"PROD_00511","2026-01-16 08:02:23.427809269","29.3","Bac+2","2.4","F1603","50504","1.0","0","Projet de reconversion ? affiner. Besoin d'une formation compl?mentaire.","1","1","0.19940396201884558","0.6433395854944127","0.1572564524867417"
"PROD_00512","2026-01-16 08:45:36.272090697","46.3","Bac","0.0","K2106","21623","1.0","1","Excellente pr?sentation, comp?tences techniques ? jour. Reprise rapide vis?e.","1","1","0.13235057915282772","0.6414190606098319","0.22623036023734044"
"PROD_00513","2026-01-16 09:28:49.116372124","35.3","Bac+5","1.8","M1602","35143","1.0","0","Candidat tr?s dynamique, mobilit? nationale valid?e. Projet clair.","0","0","0.6113294153497121","0.1710430481611954","0.21762753648909253"
"PROD_00514","2026-01-16 10:12:01.960653551","19.3","Bac","1.6","M1705","35028","1.0","0","Profil autonome, recherche active, aucun frein p?riph?rique identifi?.","0","0","0.6740654204563549","0.1803682492710564","0.14556633027258872"
"PROD_00515","2026-01-16 10:55:14.804934978","54.3","Sans dipl?me","1.9","H2502","01385","1.0","0","Cumul de difficult?s. Pas de moyen de transport et garde d'enfants complexe.","2","2","0.13305234256220816","0.15328580541228953","0.7136618520255024"
"PROD_00516","2026-01-16 11:38:27.649216405","26.3","Bac+5","1.7","I1304","07275","1.0","0","Projet de reconversion ? affiner. Besoin d'une formation compl?mentaire.","0","0","0.6546508019635292","0.18812430712732486","0.15722489090914593"
"PROD_00517","2026-01-16 12:21:40.493497832","61.3","Bac+2","1.6","D1502","56100","0.0","0","Probl?me ponctuel de mobilit? g?ographique. Zone mal desservie.","1","1","0.22835981101902295","0.6392963590597625","0.13234382992121463"
"PROD_00518","2026-01-16 13:04:53.337779259","62.3","Bac+2","0.7","G1203","36194","0.0","0","Probl?me ponctuel de mobilit? g?ographique. Zone mal desservie.","1","1","0.16956784204284844","0.6553646326906525","0.17506752526649905"
"PROD_00519","2026-01-16 13:48:06.182060687","61.3","Bac","3.4","W1401","55338","0.0","0","Freins p?riph?riques majeurs. Situation d'illettrisme num?rique constat?e.","2","2","0.18417795072198234","0.1456518002214711","0.6701702490565467"
"PROD_00520","2026-01-16 14:31:19.026342114","41.3","Bac+2","2.6","K2111","68318","1.0","0","Comp?tences ? r?actualiser sur les outils num?riques. Motivation correcte.","1","1","0.17926356911457866","0.6042992300448378","0.2164372008405836"
"PROD_00521","2026-01-16 15:14:31.870623541","50.3","Bac+5","0.3","D1401","11243","1.0","0","Candidat tr?s dynamique, mobilit? nationale valid?e. Projet clair.","0","0","0.6194066071303597","0.2159888545318664","0.16460453833777394"
"PROD_00522","2026-01-16 15:57:44.714904968","33.3","Bac+2","4.0","N4301","32465","0.0","0","Excellente pr?sentation, comp?tences techniques ? jour. Reprise rapide vis?e.","0","0","0.5987265088695511","0.1356382583551091","0.26563523277533974"
"PROD_00523","2026-01-16 16:40:57.559186395","41.3","Sans dipl?me","4.9","M1705","12131","1.0","0","Comp?tences ? r?actualiser sur les outils num?riques. Motivation correcte.","1","1","0.16122324372158753","0.6698308317103759","0.1689459245680366"
"PROD_00524","2026-01-16 17:24:10.403467822","22.3","Sans dipl?me","2.9","M1805","10204","1.0","1","Probl?me ponctuel de mobilit? g?ographique. Zone mal desservie.","1","1","0.1460130037400015","0.7047731691496584","0.14921382711034015"
"PROD_00525","2026-01-16 18:07:23.247749249","35.3","Bac","3.7","M1501","30004","0.0","1","Candidat tr?s dynamique, mobilit? nationale valid?e. Projet clair.","0","0","0.7021689898930787","0.14335753037680382","0.15447347973011744"
"PROD_00526","2026-01-16 18:50:36.092030677","39.3","Bac+5","1.4","N1101","59620","1.0","0","Perte de confiance importante. Risque d'exclusion, barri?re de la langue.","0","0","0.6545548248860973","0.15929545585504562","0.1861497192588571"
"PROD_00527","2026-01-16 19:33:48.936312104","44.3","Bac+5","0.6","D1503","04151","1.0","0","Perte de confiance importante. Risque d'exclusion, barri?re de la langue.","0","0","0.668375990693907","0.16179610315700946","0.16982790614908358"
"PROD_00528","2026-01-16 20:17:01.780593531","38.3","Bac+5","3.3","I1304","60146","0.0","0","Comp?tences ? r?actualiser sur les outils num?riques. Motivation correcte.","0","0","0.7133490112224649","0.14702545176101806","0.1396255370165171"
"PROD_00529","2026-01-16 21:00:14.624874958","34.3","Bac","1.2","A1301","80109","1.0","0","Probl?me ponctuel de mobilit? g?ographique. Zone mal desservie.","0","0","0.603111468532948","0.24159199432499182","0.15529653714206024"
"PROD_00530","2026-01-16 21:43:27.469156385","62.3","Bac+2","0.5","D1503","66150","1.0","0","Perte de confiance importante. Risque d'exclusion, barri?re de la langue.","2","2","0.17479557159352044","0.15961633361077304","0.6655880947957065"
"PROD_00531","2026-01-16 22:26:40.313437812","52.3","Bac+2","2.8","G1302","08498","1.0","0","Candidat tr?s dynamique, mobilit? nationale valid?e. Projet clair.","1","1","0.13716785097643933","0.7289608283370347","0.13387132068652596"
"PROD_00532","2026-01-16 23:09:53.157719239","51.3","Bac+2","3.3","N1301","57705","0.0","0","Candidat tr?s dynamique, mobilit? nationale valid?e. Projet clair.","0","0","0.6269499276706362","0.22719915675609104","0.1458509155732728"
"PROD_00533","2026-01-16 23:53:06.002000667","43.3","Bac","4.1","A1203","61448","1.0","0","Projet de reconversion ? affiner. Besoin d'une formation compl?mentaire.","1","1","0.182319544258141","0.6801732072748731","0.13750724846698592"
"PROD_00534","2026-01-17 00:36:18.846282094","48.3","Bac+5","0.5","H1206","63122","0.0","1","Profil autonome, recherche active, aucun frein p?riph?rique identifi?.","0","0","0.6410326015084441","0.1303071416087136","0.2286602568828423"
"PROD_00535","2026-01-17 01:19:31.690563521","31.3","Bac","4.8","H1206","68316","0.0","0","Profil autonome, recherche active, aucun frein p?riph?rique identifi?.","0","0","0.6047031694136589","0.24129471303941608","0.15400211754692505"
"PROD_00536","2026-01-17 02:02:44.534844948","26.3","Bac","10.1","G1801","83098","1.0","0","Candidat tr?s dynamique, mobilit? nationale valid?e. Projet clair.","1","1","0.13745067870780403","0.6076921790560865","0.25485714223610945"
"PROD_00537","2026-01-17 02:45:57.379126375","35.3","Bac+2","1.7","M1607","2B304","0.0","0","Cumul de difficult?s. Pas de moyen de transport et garde d'enfants complexe.","2","2","0.15721871572022839","0.20663726151148365","0.636144022768288"
"PROD_00538","2026-01-17 03:29:10.223407802","57.3","Bac","3.3","H1206","49193","1.0","0","Excellente pr?sentation, comp?tences techniques ? jour. Reprise rapide vis?e.","2","2","0.2192683861933195","0.14323906715619616","0.6374925466504843"
"PROD_00539","2026-01-17 04:12:23.067689229","25.3","Bac+5","0.3","M1805","84026","1.0","0","Cumul de difficult?s. Pas de moyen de transport et garde d'enfants complexe.","0","0","0.6550014701529134","0.17133854674195817","0.1736599831051284"
"PROD_00540","2026-01-17 04:55:35.911970657","39.3","Bac","1.6","W1401","29087","0.0","0","Probl?me ponctuel de mobilit? g?ographique. Zone mal desservie.","1","1","0.19451046425712187","0.6543338679685973","0.1511556677742809"
"PROD_00541","2026-01-17 05:38:48.756252084","43.3","Sans dipl?me","9.5","D1210","47095","1.0","0","Perte de confiance importante. Risque d'exclusion, barri?re de la langue.","2","2","0.1386025847795985","0.1545026428405315","0.70689477237987"
"PROD_00542","2026-01-17 06:22:01.600533511","29.3","Bac","0.4","N1303","62795","0.0","0","Probl?me ponctuel de mobilit? g?ographique. Zone mal desservie.","0","0","0.6114305024334109","0.16619283631274284","0.22237666125384625"
"PROD_00543","2026-01-17 07:05:14.444814938","18.3","Bac+2","4.4","K2106","81137","1.0","0","Perte de confiance importante. Risque d'exclusion, barri?re de la langue.","2","2","0.19871968789884692","0.20000343729625564","0.6012768748048976"
"PROD_00544","2026-01-17 07:48:27.289096365","63.3","Sans dipl?me","0.6","H2502","91121","1.0","0","Projet de reconversion ? affiner. Besoin d'une formation compl?mentaire.","1","1","0.13742267752442117","0.7056197712013466","0.15695755127423228"
"PROD_00545","2026-01-17 08:31:40.133377792","56.3","Bac+2","0.2","D1406","25339","1.0","0","Excellente pr?sentation, comp?tences techniques ? jour. Reprise rapide vis?e.","0","0","0.7057160413826046","0.13165215483629558","0.16263180378109984"
"PROD_00546","2026-01-17 09:14:52.977659219","41.3","Bac","1.0","C1201","06144","1.0","0","Profil autonome, recherche active, aucun frein p?riph?rique identifi?.","0","0","0.6149935823549205","0.1485961946885313","0.23641022295654818"
"PROD_00547","2026-01-17 09:58:05.821940647","49.3","Bac+5","3.1","M1802","10209","1.0","0","Profil autonome, recherche active, aucun frein p?riph?rique identifi?.","0","0","0.6651038911937306","0.1618974818998513","0.17299862690641812"
"PROD_00548","2026-01-17 10:41:18.666222074","19.3","Bac+5","6.2","G1801","62322","1.0","0","Excellente pr?sentation, comp?tences techniques ? jour. Reprise rapide vis?e.","0","0","0.6437922953091861","0.22500994482328063","0.13119775986753324"
"PROD_00549","2026-01-17 11:24:31.510503501","21.3","Sans dipl?me","5.1","K1903","26035","1.0","0","Freins p?riph?riques majeurs. Situation d'illettrisme num?rique constat?e.","2","2","0.1921437993274633","0.18769930042082167","0.6201569002517151"
"PROD_00550","2026-01-17 12:07:44.354784928","29.3","Sans dipl?me","2.4","N1303","01118","1.0","0","Comp?tences ? r?actualiser sur les outils num?riques. Motivation correcte.","1","1","0.17005026948858035","0.696961661199667","0.13298806931175267"
"PROD_00551","2026-01-17 12:50:57.199066355","41.3","Bac+2","3.5","H1206","30332","1.0","0","Profil autonome, recherche active, aucun frein p?riph?rique identifi?.","0","0","0.7071275820607362","0.13681067663638932","0.15606174130287445"
"PROD_00552","2026-01-17 13:34:10.043347782","30.3","Bac+5","3.1","N1101","83071","1.0","0","Probl?me ponctuel de mobilit? g?ographique. Zone mal desservie.","0","0","0.617219774993325","0.13501562101623918","0.2477646039904358"
"PROD_00553","2026-01-17 14:17:22.887629209","37.3","Bac+5","0.6","D1503","70368","0.0","0","Perte de confiance importante. Risque d'exclusion, barri?re de la langue.","0","0","0.6634738863191856","0.20694651775920062","0.1295795959216138"
"PROD_00554","2026-01-17 15:00:35.731910637","36.3","Bac","6.9","H2502","17446","1.0","0","Probl?me ponctuel de mobilit? g?ographique. Zone mal desservie.","1","1","0.24111075878566085","0.6215432593044141","0.13734598190992497"
"PROD_00555","2026-01-17 15:43:48.576192064","59.3","Sans dipl?me","1.9","N4301","47086","0.0","0","Perte de confiance importante. Risque d'exclusion, barri?re de la langue.","2","2","0.13768113982959013","0.17678155679985755","0.6855373033705524"
"PROD_00556","2026-01-17 16:27:01.420473491","56.3","Sans dipl?me","3.6","C1501","38550","1.0","0","Perte de confiance importante. Risque d'exclusion, barri?re de la langue.","2","2","0.22601456554590754","0.15900596383847398","0.6149794706156184"
"PROD_00557","2026-01-17 17:10:14.264754918","59.3","Bac","2.5","M1705","54032","1.0","0","Freins p?riph?riques majeurs. Situation d'illettrisme num?rique constat?e.","1","1","0.12782917727562654","0.6174941887941565","0.2546766339302169"
"PROD_00558","2026-01-17 17:53:27.109036345","45.3","Bac","1.5","M1602","55546","1.0","0","Freins p?riph?riques majeurs. Situation d'illettrisme num?rique constat?e.","0","0","0.6727384089376338","0.1432980889726924","0.1839635020896738"
"PROD_00559","2026-01-17 18:36:39.953317772","43.3","Bac+2","0.1","K1201","23086","1.0","0","Comp?tences ? r?actualiser sur les outils num?riques. Motivation correcte.","1","1","0.1626883206109248","0.6393191945331362","0.1979924848559389"
"PROD_00560","2026-01-17 19:19:52.797599199","53.3","Bac","3.1","W1401","30324","0.0","1","Probl?me ponctuel de mobilit? g?ographique. Zone mal desservie.","2","2","0.13290756728487546","0.16937470051496578","0.6977177322001589"
"PROD_00561","2026-01-17 20:03:05.641880627","45.3","Bac+2","0.7","M1801","41017","0.0","1","Comp?tences ? r?actualiser sur les outils num?riques. Motivation correcte.","1","1","0.12918437688325562","0.6753956452920196","0.19541997782472476"
"PROD_00562","2026-01-17 20:46:18.486162054","49.3","Bac","4.9","C1302","24462","0.0","0","Freins p?riph?riques majeurs. Situation d'illettrisme num?rique constat?e.","0","0","0.6056565431528702","0.2238091011972063","0.1705343556499235"
"PROD_00563","2026-01-17 21:29:31.330443481","63.3","Sans dipl?me","0.2","K2106","36079","1.0","0","Cumul de difficult?s. Pas de moyen de transport et garde d'enfants complexe.","2","2","0.16507849078327153","0.1597024097826894","0.675219099434039"
"PROD_00564","2026-01-17 22:12:44.174724908","35.3","Bac+5","3.2","M1602","64060","0.0","0","Profil autonome, recherche active, aucun frein p?riph?rique identifi?.","0","0","0.7290436394578439","0.13574727892701208","0.13520908161514403"
"PROD_00565","2026-01-17 22:55:57.019006335","34.3","Bac","1.0","K1601","80555","1.0","0","Comp?tences ? r?actualiser sur les outils num?riques. Motivation correcte.","1","1","0.13315346969595995","0.6231390699566178","0.2437074603474222"
"PROD_00566","2026-01-17 23:39:09.863287762","38.3","Bac","6.5","D1503","59323","0.0","0","Comp?tences ? r?actualiser sur les outils num?riques. Motivation correcte.","1","1","0.15817571467310237","0.59849748422415","0.24332680110274763"
"PROD_00567","2026-01-18 00:22:22.707569189","43.3","Bac+5","0.4","G1601","67091","1.0","1","Projet de reconversion ? affiner. Besoin d'une formation compl?mentaire.","1","1","0.23392365641021712","0.5992800053862767","0.16679633820350614"
"PROD_00568","2026-01-18 01:05:35.551850617","57.3","Sans dipl?me","1.6","A1401","17038","1.0","0","Candidat tr?s dynamique, mobilit? nationale valid?e. Projet clair.","2","2","0.1438020778980771","0.16255429742469193","0.693643624677231"
"PROD_00569","2026-01-18 01:48:48.396132044","24.3","Bac+2","2.6","M1806","68069","1.0","0","Excellente pr?sentation, comp?tences techniques ? jour. Reprise rapide vis?e.","0","0","0.6080467501394273","0.22882680971785807","0.1631264401427146"
"PROD_00570","2026-01-18 02:32:01.240413471","60.3","Bac","0.4","K1304","02616","1.0","0","Freins p?riph?riques majeurs. Situation d'illettrisme num?rique constat?e.","2","2","0.17827894889929807","0.17456366022610031","0.6471573908746016"
"PROD_00571","2026-01-18 03:15:14.084694898","23.3","Bac+5","0.3","A1401","60317","1.0","0","Candidat tr?s dynamique, mobilit? nationale valid?e. Projet clair.","0","0","0.6111408296661497","0.1532779070851814","0.2355812632486689"
"PROD_00572","2026-01-18 03:58:26.928976325","50.3","Bac","3.3","H1504","10408","1.0","0","Projet de reconversion ? affiner. Besoin d'une formation compl?mentaire.","1","1","0.1417610809733103","0.7127810252857995","0.14545789374089024"
"PROD_00573","2026-01-18 04:41:39.773257752","52.3","Bac","1.5","K1903","46205","0.0","0","Probl?me ponctuel de mobilit? g?ographique. Zone mal desservie.","1","1","0.15160459692326517","0.6356965050802318","0.2126988979965031"
"PROD_00574","2026-01-18 05:24:52.617539179","19.3","Bac","1.8","G1801","29241","1.0","0","Probl?me ponctuel de mobilit? g?ographique. Zone mal desservie.","1","1","0.13205535443509617","0.6887231560460525","0.1792214895188513"
"PROD_00575","2026-01-18 06:08:05.461820607","21.3","Sans dipl?me","0.4","H1206","85121","0.0","0","Probl?me ponctuel de mobilit? g?ographique. Zone mal desservie.","1","1","0.19301287071685108","0.6657917271141361","0.14119540216901283"
"PROD_00576","2026-01-18 06:51:18.306102034","48.3","Bac+2","0.6","M1806","15007","1.0","0","Cumul de difficult?s. Pas de moyen de transport et garde d'enfants complexe.","0","0","0.6395184589551225","0.16764434389976263","0.19283719714511488"
"PROD_00577","2026-01-18 07:34:31.150383461","53.3","Sans dipl?me","3.9","H1206","21255","0.0","0","Cumul de difficult?s. Pas de moyen de transport et garde d'enfants complexe.","2","2","0.17185956384153472","0.1742219679328163","0.6539184682256489"
"PROD_00578","2026-01-18 08:17:43.994664888","34.3","Bac","2.0","C1201","49338","1.0","0","Freins p?riph?riques majeurs. Situation d'illettrisme num?rique constat?e.","0","0","0.6434397343578435","0.14241828150440755","0.21414198413774893"
"PROD_00579","2026-01-18 09:00:56.838946315","59.3","Bac+2","1.0","M1501","71137","0.0","1","Cumul de difficult?s. Pas de moyen de transport et garde d'enfants complexe.","2","2","0.12793182394008065","0.211081883876514","0.6609862921834053"
"PROD_00580","2026-01-18 09:44:09.683227742","53.3","Bac+5","1.9","H1206","14346","0.0","0","Perte de confiance importante. Risque d'exclusion, barri?re de la langue.","2","2","0.13177896231484929","0.20715896131347933","0.6610620763716714"
"PROD_00581","2026-01-18 10:27:22.527509169","35.3","Bac+5","3.7","G1801","60128","0.0","0","Excellente pr?sentation, comp?tences techniques ? jour. Reprise rapide vis?e.","0","0","0.7259046579252219","0.1362588815337916","0.13783646054098656"
"PROD_00582","2026-01-18 11:10:35.371790597","58.3","Bac","2.4","K1903","57575","0.0","0","Freins p?riph?riques majeurs. Situation d'illettrisme num?rique constat?e.","0","0","0.663916173884379","0.14155140539845906","0.19453242071716198"
"PROD_00583","2026-01-18 11:53:48.216072024","18.3","Bac","5.4","M1801","12282","0.0","0","Excellente pr?sentation, comp?tences techniques ? jour. Reprise rapide vis?e.","0","0","0.6606791537087348","0.14646917057468883","0.1928516757165764"
"PROD_00584","2026-01-18 12:37:01.060353451","54.3","Bac+2","1.6","C1110","27578","1.0","1","Cumul de difficult?s. Pas de moyen de transport et garde d'enfants complexe.","2","2","0.1394614834361168","0.14192191554504935","0.718616601018834"
"PROD_00585","2026-01-18 13:20:13.904634878","30.3","Bac","0.8","G1602","33172","0.0","0","Projet de reconversion ? affiner. Besoin d'une formation compl?mentaire.","0","0","0.5953948646778789","0.22510919822430442","0.17949593709781664"
"PROD_00586","2026-01-18 14:03:26.748916305","38.3","Bac+2","0.7","G1302","57443","1.0","0","Freins p?riph?riques majeurs. Situation d'illettrisme num?rique constat?e.","1","1","0.17904687005566736","0.6169226018887455","0.2040305280555872"
"PROD_00587","2026-01-18 14:46:39.593197732","18.3","Bac+2","2.8","W1401","26058","1.0","0","Cumul de difficult?s. Pas de moyen de transport et garde d'enfants complexe.","0","0","0.6490230619951105","0.17528678000765882","0.17569015799723067"
"PROD_00588","2026-01-18 15:29:52.437479159","24.3","Bac","0.9","D1503","36226","0.0","0","Candidat tr?s dynamique, mobilit? nationale valid?e. Projet clair.","1","1","0.13827012086796117","0.5966820450124852","0.26504783411955357"
"PROD_00589","2026-01-18 16:13:05.281760587","55.3","Bac","2.3","H1206","21179","1.0","0","Projet de reconversion ? affiner. Besoin d'une formation compl?mentaire.","1","1","0.15435978675432674","0.6503943077592412","0.19524590548643206"
"PROD_00590","2026-01-18 16:56:18.126042014","52.3","Bac+5","0.3","G1601","11161","1.0","0","Perte de confiance importante. Risque d'exclusion, barri?re de la langue.","1","1","0.13112995834722752","0.7226291875437071","0.1462408541090654"
"PROD_00591","2026-01-18 17:39:30.970323441","28.3","Sans dipl?me","0.3","G1602","80622","0.0","0","Candidat tr?s dynamique, mobilit? nationale valid?e. Projet clair.","0","0","0.6279445019971587","0.16265218982460372","0.2094033081782376"
"PROD_00592","2026-01-18 18:22:43.814604868","44.3","Bac","0.5","N4101","88258","0.0","0","Freins p?riph?riques majeurs. Situation d'illettrisme num?rique constat?e.","1","1","0.20781421291624114","0.6498010015193704","0.1423847855643885"
"PROD_00593","2026-01-18 19:05:56.658886295","36.3","Sans dipl?me","3.2","W1401","45082","0.0","0","Perte de confiance importante. Risque d'exclusion, barri?re de la langue.","1","1","0.12964154021395483","0.663573477449404","0.20678498233664122"
"PROD_00594","2026-01-18 19:49:09.503167722","41.3","Sans dipl?me","2.2","C1110","73129","0.0","0","Comp?tences ? r?actualiser sur les outils num?riques. Motivation correcte.","2","2","0.1357209936207208","0.18780586043854497","0.6764731459407343"
"PROD_00595","2026-01-18 20:32:22.347449149","50.3","Bac+2","0.1","A1301","30270","0.0","0","Comp?tences ? r?actualiser sur les outils num?riques. Motivation correcte.","1","1","0.1897345768645943","0.6630215748721504","0.14724384826325532"
"PROD_00596","2026-01-18 21:15:35.191730577","51.3","Bac+2","1.8","K2111","16381","1.0","0","Freins p?riph?riques majeurs. Situation d'illettrisme num?rique constat?e.","1","1","0.15819462416504068","0.6683883012301959","0.1734170746047634"
"PROD_00597","2026-01-18 21:58:48.036012004","34.3","Bac+5","0.8","G1602","14646","0.0","0","Freins p?riph?riques majeurs. Situation d'illettrisme num?rique constat?e.","0","0","0.6080917024037626","0.12804752307833958","0.2638607745178978"
"PROD_00598","2026-01-18 22:42:00.880293431","26.3","Sans dipl?me","2.6","K1201","23255","0.0","0","Excellente pr?sentation, comp?tences techniques ? jour. Reprise rapide vis?e.","0","0","0.6130324535595746","0.14325890371855002","0.2437086427218754"
"PROD_00599","2026-01-18 23:25:13.724574858","57.3","Sans dipl?me","1.6","A1401","17038","1.0","0","Candidat tr?s dynamique, mobilit? nationale valid?e. Projet clair.","2","2","0.16608832388014072","0.13700450976439782","0.6969071663554615"
"PROD_00600","2026-01-19 00:08:26.568856285","52.3","Bac+5","21.6","I1304","59224","1.0","1","Freins p?riph?riques majeurs. Situation d'illettrisme num?rique constat?e.","2","2","0.13035957559748412","0.24935692527846923","0.6202834991240467"
"PROD_00601","2026-01-19 00:51:39.413137712","23.3","Sans dipl?me","0.5","K1201","10165","0.0","0","Comp?tences ? r?actualiser sur les outils num?riques. Motivation correcte.","1","1","0.1928233940480235","0.6477298656301638","0.15944674032181272"
"PROD_00602","2026-01-19 01:34:52.257419139","45.3","Bac+2","4.0","A1401","2B179","1.0","0","Probl?me ponctuel de mobilit? g?ographique. Zone mal desservie.","1","1","0.17959668020510852","0.6670347016549847","0.15336861813990676"
"PROD_00603","2026-01-19 02:18:05.101700567","41.3","Bac","3.4","K1201","15076","0.0","0","Cumul de difficult?s. Pas de moyen de transport et garde d'enfants complexe.","2","2","0.2354055536267003","0.14705809498465278","0.6175363513886469"
"PROD_00604","2026-01-19 03:01:17.945981994","50.3","Bac+2","0.9","K1601","67165","1.0","0","Probl?me ponctuel de mobilit? g?ographique. Zone mal desservie.","1","1","0.16055398342789123","0.6572069077861691","0.18223910878593963"
"PROD_00605","2026-01-19 03:44:30.790263421","18.3","Bac","7.8","M1705","77171","1.0","0","Freins p?riph?riques majeurs. Situation d'illettrisme num?rique constat?e.","0","0","0.6006179245759886","0.1430126318225891","0.2563694436014223"
"PROD_00606","2026-01-19 04:27:43.634544848","28.3","Bac+5","3.1","K2106","08109","0.0","1","Profil autonome, recherche active, aucun frein p?riph?rique identifi?.","0","0","0.644134315640446","0.19996258654507326","0.15590309781448075"
"PROD_00607","2026-01-19 05:10:56.478826275","34.3","Sans dipl?me","4.7","G1302","09025","0.0","0","Probl?me ponctuel de mobilit? g?ographique. Zone mal desservie.","1","1","0.24684415506454002","0.6032134902665505","0.14994235466890948"
"PROD_00608","2026-01-19 05:54:09.323107702","20.3","Bac","4.1","I1304","70236","1.0","0","Comp?tences ? r?actualiser sur les outils num?riques. Motivation correcte.","0","0","0.6902206623271969","0.14835683645695288","0.1614225012158502"
"PROD_00609","2026-01-19 06:37:22.167389129","62.3","Bac","1.6","N1301","02051","0.0","0","Probl?me ponctuel de mobilit? g?ographique. Zone mal desservie.","1","1","0.1514814869496608","0.6126767868052541","0.23584172624508515"
"PROD_00610","2026-01-19 07:20:35.011670557","30.3","Bac+5","2.3","M1602","08286","1.0","0","Excellente pr?sentation, comp?tences techniques ? jour. Reprise rapide vis?e.","0","0","0.6283301784118727","0.1786791588555828","0.19299066273254453"
"PROD_00611","2026-01-19 08:03:47.855951984","60.3","Bac","1.3","D1210","47200","1.0","0","Comp?tences ? r?actualiser sur les outils num?riques. Motivation correcte.","1","1","0.14834321379295431","0.6167276892265523","0.23492909698049336"
"PROD_00612","2026-01-19 08:47:00.700233411","40.3","Bac","1.5","N1101","87138","1.0","0","Perte de confiance importante. Risque d'exclusion, barri?re de la langue.","0","0","0.6784592683979841","0.19073530574216463","0.13080542585985128"
"PROD_00613","2026-01-19 09:30:13.544514838","30.3","Bac+2","8.8","N1101","50490","1.0","0","Comp?tences ? r?actualiser sur les outils num?riques. Motivation correcte.","1","1","0.16990222090545914","0.6095467885804312","0.22055099051410965"
"PROD_00614","2026-01-19 10:13:26.388796265","39.3","Bac+2","4.3","C1201","11181","1.0","0","Excellente pr?sentation, comp?tences techniques ? jour. Reprise rapide vis?e.","0","0","0.6047274348776097","0.20356066942618","0.19171189569621028"
"PROD_00615","2026-01-19 10:56:39.233077692","44.3","Bac","0.7","H1504","60598","0.0","0","Comp?tences ? r?actualiser sur les outils num?riques. Motivation correcte.","1","1","0.17989186955945055","0.672064638489703","0.14804349195084643"
"PROD_00616","2026-01-19 11:39:52.077359119","36.3","Bac+2","0.7","J1301","71096","0.0","0","Profil autonome, recherche active, aucun frein p?riph?rique identifi?.","0","0","0.642407353377677","0.18488935970239426","0.17270328691992878"
"PROD_00617","2026-01-19 12:23:04.921640547","29.3","Bac+2","0.5","M1501","81175","1.0","0","Probl?me ponctuel de mobilit? g?ographique. Zone mal desservie.","1","1","0.14387889340428447","0.6158606446697066","0.24026046192600892"
"PROD_00618","2026-01-19 13:06:17.765921974","46.3","Bac","0.4","F1603","80151","1.0","1","Candidat tr?s dynamique, mobilit? nationale valid?e. Projet clair.","0","0","0.6395436507661931","0.22306709155699722","0.13738925767680965"
"PROD_00619","2026-01-19 13:49:30.610203401","59.3","Bac+2","0.8","D1503","02655","0.0","0","Comp?tences ? r?actualiser sur les outils num?riques. Motivation correcte.","2","2","0.1568113100164269","0.17128002798046268","0.6719086620031104"
"PROD_00620","2026-01-19 14:32:43.454484828","53.3","Sans dipl?me","0.3","K2111","51027","0.0","0","Perte de confiance importante. Risque d'exclusion, barri?re de la langue.","2","2","0.17035853962393516","0.17867182405240867","0.6509696363236562"
"PROD_00621","2026-01-19 15:15:56.298766255","35.3","Bac+2","0.4","M1602","55570","0.0","0","Cumul de difficult?s. Pas de moyen de transport et garde d'enfants complexe.","2","2","0.17524958655879264","0.19692979744401098","0.6278206159971964"
"PROD_00622","2026-01-19 15:59:09.143047682","47.3","Bac+2","2.1","D1503","74314","1.0","0","Candidat tr?s dynamique, mobilit? nationale valid?e. Projet clair.","2","2","0.17166310891655615","0.1809958978185222","0.6473409932649217"
"PROD_00623","2026-01-19 16:42:21.987329109","20.3","Bac+2","1.0","K2106","24222","0.0","0","Freins p?riph?riques majeurs. Situation d'illettrisme num?rique constat?e.","0","0","0.6026703231930779","0.1298498015482175","0.2674798752587046"
"PROD_00624","2026-01-19 17:25:34.831610537","29.3","Bac","1.7","D1502","28100","1.0","0","Cumul de difficult?s. Pas de moyen de transport et garde d'enfants complexe.","2","2","0.14801638830833633","0.13876121651716797","0.7132223951744957"
"PROD_00625","2026-01-19 18:08:47.675891964","52.3","Sans dipl?me","2.1","M1802","83043","1.0","0","Profil autonome, recherche active, aucun frein p?riph?rique identifi?.","0","0","0.6197260892290248","0.2132309073587945","0.16704300341218067"
"PROD_00626","2026-01-19 18:52:00.520173391","34.3","Bac","0.4","G1801","06058","0.0","0","Probl?me ponctuel de mobilit? g?ographique. Zone mal desservie.","1","1","0.18517088961316747","0.6718836307419135","0.1429454796449191"
"PROD_00627","2026-01-19 19:35:13.364454818","47.3","Sans dipl?me","0.7","M1607","42126","1.0","0","Perte de confiance importante. Risque d'exclusion, barri?re de la langue.","1","1","0.1781848143770713","0.6175909365810264","0.2042242490419024"
"PROD_00628","2026-01-19 20:18:26.208736245","19.3","Bac","0.4","K2101","19268","1.0","0","Comp?tences ? r?actualiser sur les outils num?riques. Motivation correcte.","1","1","0.16808177593577991","0.617284668296218","0.21463355576800214"
"PROD_00629","2026-01-19 21:01:39.053017672","21.3","Bac+2","1.9","M1501","63327","0.0","0","Profil autonome, recherche active, aucun frein p?riph?rique identifi?.","1","1","0.19004039011990792","0.6606025325355993","0.14935707734449277"
"PROD_00630","2026-01-19 21:44:51.897299099","49.3","Bac+5","1.6","K1304","81064","1.0","0","Cumul de difficult?s. Pas de moyen de transport et garde d'enfants complexe.","0","0","0.6451678725350656","0.20989638930326437","0.14493573816167005"
"PROD_00631","2026-01-19 22:28:04.741580527","46.3","Bac","1.9","J1506","65010","1.0","0","Freins p?riph?riques majeurs. Situation d'illettrisme num?rique constat?e.","0","0","0.6504060439133833","0.13906780171151642","0.21052615437510028"
"PROD_00632","2026-01-19 23:11:17.585861954","53.3","Sans dipl?me","0.3","K2111","51027","0.0","0","Perte de confiance importante. Risque d'exclusion, barri?re de la langue.","2","2","0.1853918847750498","0.15946582946378024","0.65514228576117"
"PROD_00633","2026-01-19 23:54:30.430143381","43.3","Bac+2","3.9","G1302","87004","0.0","0","Probl?me ponctuel de mobilit? g?ographique. Zone mal desservie.","1","1","0.16594233529489125","0.5983428187905714","0.2357148459145374"
"PROD_00634","2026-01-20 00:37:43.274424808","43.3","Bac+5","1.6","A1501","27187","1.0","0","Cumul de difficult?s. Pas de moyen de transport et garde d'enfants complexe.","0","0","0.6635570741324106","0.18667058109456966","0.14977234477301973"
"PROD_00635","2026-01-20 01:20:56.118706235","37.3","Bac+2","1.6","K2101","11120","1.0","0","Probl?me ponctuel de mobilit? g?ographique. Zone mal desservie.","0","0","0.6740437692624635","0.1461936834312445","0.17976254730629204"
"PROD_00636","2026-01-20 02:04:08.962987662","26.3","Bac","1.4","M1806","14661","1.0","0","Excellente pr?sentation, comp?tences techniques ? jour. Reprise rapide vis?e.","0","0","0.644051420220534","0.2273102308748336","0.12863834890463244"
"PROD_00637","2026-01-20 02:47:21.807269089","62.3","Bac","10.9","A1203","43258","1.0","0","Freins p?riph?riques majeurs. Situation d'illettrisme num?rique constat?e.","2","2","0.1434625563130289","0.136010383309843","0.7205270603771281"
"PROD_00638","2026-01-20 03:30:34.651550517","45.3","Bac","1.5","M1602","55546","1.0","0","Freins p?riph?riques majeurs. Situation d'illettrisme num?rique constat?e.","0","0","0.6250214893744792","0.1670004984718274","0.20797801215369338"
"PROD_00639","2026-01-20 04:13:47.495831944","60.3","Bac","0.4","K1304","02616","1.0","0","Freins p?riph?riques majeurs. Situation d'illettrisme num?rique constat?e.","2","2","0.13300880398571993","0.14573673720647656","0.7212544588078036"
"PROD_00640","2026-01-20 04:57:00.340113371","18.3","Bac+2","3.7","A1501","76594","1.0","0","Candidat tr?s dynamique, mobilit? nationale valid?e. Projet clair.","1","1","0.20702664436451187","0.617521285258759","0.17545207037672905"
"PROD_00641","2026-01-20 05:40:13.184394798","55.3","Bac+2","1.8","D1406","19226","1.0","0","Probl?me ponctuel de mobilit? g?ographique. Zone mal desservie.","1","1","0.1641457159655395","0.6832468367939905","0.15260744724047004"
"PROD_00642","2026-01-20 06:23:26.028676225","53.3","Bac","0.8","M1602","14674","0.0","0","Excellente pr?sentation, comp?tences techniques ? jour. Reprise rapide vis?e.","1","1","0.19327598553209402","0.6288655635135557","0.17785845095435027"
"PROD_00643","2026-01-20 07:06:38.872957652","18.3","Bac+5","1.0","F1603","02500","1.0","0","Projet de reconversion ? affiner. Besoin d'une formation compl?mentaire.","1","1","0.1791980552530285","0.6173634966929376","0.20343844805403388"
"PROD_00644","2026-01-20 07:49:51.717239079","52.3","Sans dipl?me","5.3","M1203","50260","1.0","0","Excellente pr?sentation, comp?tences techniques ? jour. Reprise rapide vis?e.","1","1","0.17968073064260326","0.644958798337021","0.17536047102037577"
"PROD_00645","2026-01-20 08:33:04.561520507","36.3","Bac+5","7.5","N1301","61463","0.0","0","Cumul de difficult?s. Pas de moyen de transport et garde d'enfants complexe.","0","0","0.654006893391863","0.20415382605094026","0.14183928055719672"
"PROD_00646","2026-01-20 09:16:17.405801934","35.3","Sans dipl?me","6.0","K1403","23022","0.0","0","Comp?tences ? r?actualiser sur les outils num?riques. Motivation correcte.","0","0","0.6103534165758548","0.1765764586552818","0.21307012476886336"
"PROD_00647","2026-01-20 09:59:30.250083361","19.3","Bac","1.7","M1802","37146","1.0","0","Comp?tences ? r?actualiser sur les outils num?riques. Motivation correcte.","1","1","0.20770828179997564","0.6465704501915283","0.14572126800849616"
"PROD_00648","2026-01-20 10:42:43.094364788","35.3","Bac+2","5.8","W1401","57566","1.0","0","Excellente pr?sentation, comp?tences techniques ? jour. Reprise rapide vis?e.","0","0","0.6052394276123712","0.2339031962240549","0.16085737616357396"
"PROD_00649","2026-01-20 11:25:55.938646215","43.3","Sans dipl?me","5.2","M1805","27110","1.0","0","Comp?tences ? r?actualiser sur les outils num?riques. Motivation correcte.","1","1","0.24101411840746498","0.6026449507003904","0.15634093089214463"
"PROD_00650","2026-01-20 12:09:08.782927642","40.3","Sans dipl?me","1.1","M1802","50447","0.0","0","Projet de reconversion ? affiner. Besoin d'une formation compl?mentaire.","1","1","0.21700778934540071","0.622066074812963","0.16092613584163618"
"PROD_00651","2026-01-20 12:52:21.627209069","35.3","Bac+2","2.0","M1801","86026","0.0","0","Profil autonome, recherche active, aucun frein p?riph?rique identifi?.","0","0","0.7149331369508122","0.13114588842954736","0.15392097461964047"
"PROD_00652","2026-01-20 13:35:34.471490497","63.3","Bac+5","2.1","D1502","82093","1.0","0","Probl?me ponctuel de mobilit? g?ographique. Zone mal desservie.","1","1","0.14635022208918005","0.6032847019136673","0.25036507599715263"
"PROD_00653","2026-01-20 14:18:47.315771924","41.3","Bac","5.3","F1603","19116","0.0","0","Profil autonome, recherche active, aucun frein p?riph?rique identifi?.","1","1","0.20434640492632866","0.6158991749556857","0.1797544201179857"
"PROD_00654","2026-01-20 15:02:00.160053351","54.3","Bac+5","4.1","K1304","10065","1.0","0","Comp?tences ? r?actualiser sur les outils num?riques. Motivation correcte.","0","0","0.6817059807688869","0.15968821426060847","0.15860580497050464"
"PROD_00655","2026-01-20 15:45:13.004334778","27.3","Bac+5","1.7","H1206","33168","1.0","1","Comp?tences ? r?actualiser sur les outils num?riques. Motivation correcte.","1","1","0.23250637402830945","0.6373688463936703","0.13012477957802027"
"PROD_00656","2026-01-20 16:28:25.848616205","56.3","Sans dipl?me","1.4","K2106","43011","0.0","0","Perte de confiance importante. Risque d'exclusion, barri?re de la langue.","2","2","0.23463955088885335","0.12980658551414387","0.6355538635970028"
"PROD_00657","2026-01-20 17:11:38.692897632","35.3","Bac+2","16.4","A1501","26355","1.0","0","Candidat tr?s dynamique, mobilit? nationale valid?e. Projet clair.","1","1","0.14683732835783977","0.6139568704020801","0.23920580124008006"
"PROD_00658","2026-01-20 17:54:51.537179059","25.3","Sans dipl?me","4.7","W1401","67463","1.0","0","Comp?tences ? r?actualiser sur les outils num?riques. Motivation correcte.","0","0","0.6102728652380023","0.2451838751797314","0.14454325958226633"
"PROD_00659","2026-01-20 18:38:04.381460487","41.3","Bac+2","9.2","K1601","70275","1.0","0","Cumul de difficult?s. Pas de moyen de transport et garde d'enfants complexe.","2","2","0.1730749295039976","0.16703671927849717","0.6598883512175052"
"PROD_00660","2026-01-20 19:21:17.225741914","46.3","Bac+2","11.0","W1401","03056","1.0","0","Probl?me ponctuel de mobilit? g?ographique. Zone mal desservie.","1","1","0.16721865719689258","0.6965554105536998","0.1362259322494076"
"PROD_00661","2026-01-20 20:04:30.070023341","26.3","Bac","1.8","M1805","65054","1.0","0","Probl?me ponctuel de mobilit? g?ographique. Zone mal desservie.","0","0","0.6600746870067057","0.13932196966709365","0.20060334332620067"
"PROD_00662","2026-01-20 20:47:42.914304768","32.3","Bac+2","0.2","A1301","11120","1.0","0","Candidat tr?s dynamique, mobilit? nationale valid?e. Projet clair.","0","0","0.6546760717665479","0.16721108103030788","0.17811284720314427"
"PROD_00663","2026-01-20 21:30:55.758586195","19.3","Bac+5","5.8","M1203","45108","1.0","0","Probl?me ponctuel de mobilit? g?ographique. Zone mal desservie.","0","0","0.6604248972336806","0.1458767316616735","0.1936983711046459"
"PROD_00664","2026-01-20 22:14:08.602867622","18.3","Bac","2.5","M1802","50305","0.0","0","Excellente pr?sentation, comp?tences techniques ? jour. Reprise rapide vis?e.","0","0","0.7064099687070697","0.16102214136242354","0.13256788993050672"
"PROD_00665","2026-01-20 22:57:21.447149049","42.3","Bac","0.5","K1903","76259","1.0","0","Comp?tences ? r?actualiser sur les outils num?riques. Motivation correcte.","1","1","0.20947220953720574","0.6077289109399401","0.18279887952285423"
"PROD_00666","2026-01-20 23:40:34.291430477","22.3","Bac+5","2.1","M1203","71140","0.0","0","Candidat tr?s dynamique, mobilit? nationale valid?e. Projet clair.","0","0","0.6170529316818945","0.2478176801418881","0.13512938817621745"
"PROD_00667","2026-01-21 00:23:47.135711904","28.3","Bac+5","5.7","N4301","59344","0.0","1","Probl?me ponctuel de mobilit? g?ographique. Zone mal desservie.","1","1","0.18239132474633518","0.64129426471078","0.17631441054288488"
"PROD_00668","2026-01-21 01:06:59.979993331","19.3","Bac","0.3","D1503","57004","1.0","0","Probl?me ponctuel de mobilit? g?ographique. Zone mal desservie.","1","1","0.22835220419222146","0.6242582080802459","0.14738958772753263"
"PROD_00669","2026-01-21 01:50:12.824274758","46.3","Bac+5","11.1","C1302","31171","1.0","0","Excellente pr?sentation, comp?tences techniques ? jour. Reprise rapide vis?e.","0","0","0.5979713345337504","0.1782536305397567","0.2237750349264929"
"PROD_00670","2026-01-21 02:33:25.668556185","62.3","Sans dipl?me","3.5","I1304","69133","1.0","1","Profil autonome, recherche active, aucun frein p?riph?rique identifi?.","2","2","0.263757897533741","0.13344630441466038","0.6027957980515986"
"PROD_00671","2026-01-21 03:16:38.512837612","23.3","Bac+5","0.3","M1602","10076","1.0","0","Projet de reconversion ? affiner. Besoin d'une formation compl?mentaire.","1","1","0.14176711032236539","0.7066090743717566","0.15162381530587798"
"PROD_00672","2026-01-21 03:59:51.357119039","57.3","Bac","2.7","A1203","47312","0.0","1","Comp?tences ? r?actualiser sur les outils num?riques. Motivation correcte.","2","2","0.19150470756657817","0.14488741759793294","0.663607874835489"
"PROD_00673","2026-01-21 04:43:04.201400467","36.3","Sans dipl?me","4.0","A1203","05178","1.0","1","Cumul de difficult?s. Pas de moyen de transport et garde d'enfants complexe.","2","2","0.12913935907070442","0.25464464151673566","0.61621599941256"
"PROD_00674","2026-01-21 05:26:17.045681894","21.3","Bac","1.0","K1201","51296","1.0","0","Profil autonome, recherche active, aucun frein p?riph?rique identifi?.","0","0","0.7281185964409306","0.13951250805827137","0.13236889550079806"
"PROD_00675","2026-01-21 06:09:29.889963321","50.3","Sans dipl?me","2.0","D1503","45307","0.0","0","Profil autonome, recherche active, aucun frein p?riph?rique identifi?.","0","0","0.7138515842801662","0.13413306671751976","0.1520153490023141"
"PROD_00676","2026-01-21 06:52:42.734244748","60.3","Bac","1.0","D1210","71469","1.0","0","Probl?me ponctuel de mobilit? g?ographique. Zone mal desservie.","1","1","0.21111853941948974","0.6133080412752818","0.1755734193052284"
"PROD_00677","2026-01-21 07:35:55.578526175","43.3","Bac+2","2.4","A1203","72135","1.0","0","Comp?tences ? r?actualiser sur les outils num?riques. Motivation correcte.","1","1","0.13387012619842775","0.6178029495118612","0.24832692428971104"
"PROD_00678","2026-01-21 08:19:08.422807602","59.3","Bac+2","0.4","A1401","02251","1.0","0","Freins p?riph?riques majeurs. Situation d'illettrisme num?rique constat?e.","0","0","0.6427561916772248","0.18151571434212274","0.1757280939806525"
"PROD_00679","2026-01-21 09:02:21.267089029","37.3","Bac+2","0.2","C1302","72047","1.0","0","Freins p?riph?riques majeurs. Situation d'illettrisme num?rique constat?e.","0","0","0.7164530618761562","0.15029985344535968","0.13324708467848412"
"PROD_00680","2026-01-21 09:45:34.111370457","50.3","Bac","1.9","G1302","48081","0.0","0","Comp?tences ? r?actualiser sur les outils num?riques. Motivation correcte.","1","1","0.2322003744095081","0.6332512949100914","0.1345483306804005"
"PROD_00681","2026-01-21 10:28:46.955651884","49.3","Bac+5","0.7","C1501","45082","1.0","0","Comp?tences ? r?actualiser sur les outils num?riques. Motivation correcte.","0","0","0.6556676203937957","0.1733751651923086","0.17095721441389572"
"PROD_00682","2026-01-21 11:11:59.799933311","19.3","Bac","6.7","D1406","29295","1.0","0","Comp?tences ? r?actualiser sur les outils num?riques. Motivation correcte.","1","1","0.14445217632641938","0.6923841401804968","0.16316368349308386"
"PROD_00683","2026-01-21 11:55:12.644214738","19.3","Bac","1.6","M1705","35028","1.0","0","Profil autonome, recherche active, aucun frein p?riph?rique identifi?.","0","0","0.6171424652732738","0.19843121609851277","0.18442631862821346"
"PROD_00684","2026-01-21 12:38:25.488496165","43.3","Sans dipl?me","6.2","K1601","35002","0.0","0","Cumul de difficult?s. Pas de moyen de transport et garde d'enfants complexe.","1","1","0.17447720101389652","0.6303073330220381","0.19521546596406536"
"PROD_00685","2026-01-21 13:21:38.332777592","23.3","Bac+5","1.9","K1403","80390","0.0","0","Cumul de difficult?s. Pas de moyen de transport et garde d'enfants complexe.","0","0","0.6678414816812264","0.18313824965708364","0.14902026866169"
"PROD_00686","2026-01-21 14:04:51.177059019","42.3","Sans dipl?me","10.5","D1401","73099","1.0","0","Excellente pr?sentation, comp?tences techniques ? jour. Reprise rapide vis?e.","1","1","0.14434593121463213","0.7238076527496926","0.13184641603567526"
"PROD_00687","2026-01-21 14:48:04.021340447","61.3","Bac","3.1","C1501","70567","1.0","0","Cumul de difficult?s. Pas de moyen de transport et garde d'enfants complexe.","1","1","0.1374357649773998","0.6846310408085641","0.17793319421403608"
"PROD_00688","2026-01-21 15:31:16.865621874","21.3","Bac+5","2.7","A1203","66090","1.0","0","Perte de confiance importante. Risque d'exclusion, barri?re de la langue.","2","2","0.17629999794144502","0.17414986151684297","0.649550140541712"
"PROD_00689","2026-01-21 16:14:29.709903301","57.3","Bac+5","0.3","G1601","80372","1.0","0","Perte de confiance importante. Risque d'exclusion, barri?re de la langue.","1","1","0.16424466864187867","0.6494959081478504","0.1862594232102709"
"PROD_00690","2026-01-21 16:57:42.554184728","54.3","Bac","8.2","A1401","44024","1.0","0","Cumul de difficult?s. Pas de moyen de transport et garde d'enfants complexe.","2","2","0.14926777212857675","0.14191827210654828","0.7088139557648749"
"PROD_00691","2026-01-21 17:40:55.398466155","61.3","Bac","5.5","N4101","65125","1.0","0","Probl?me ponctuel de mobilit? g?ographique. Zone mal desservie.","1","1","0.1328731252531504","0.6838504864511551","0.18327638829569448"
"PROD_00692","2026-01-21 18:24:08.242747582","62.3","Bac","7.5","K2111","85254","1.0","0","Probl?me ponctuel de mobilit? g?ographique. Zone mal desservie.","1","1","0.14287520520383562","0.6443349954703407","0.21278979932582376"
"PROD_00693","2026-01-21 19:07:21.087029009","40.3","Bac+2","0.1","K1304","62568","1.0","0","Comp?tences ? r?actualiser sur les outils num?riques. Motivation correcte.","1","1","0.13057267599119446","0.649148446779504","0.2202788772293015"
"PROD_00694","2026-01-21 19:50:33.931310437","33.3","Bac","1.3","K1403","10335","1.0","0","Candidat tr?s dynamique, mobilit? nationale valid?e. Projet clair.","0","0","0.686149260690539","0.1324285342829502","0.18142220502651074"
"PROD_00695","2026-01-21 20:33:46.775591864","58.3","Bac+5","1.9","G1602","29249","0.0","0","Probl?me ponctuel de mobilit? g?ographique. Zone mal desservie.","1","1","0.1395992105018029","0.7229436958823588","0.13745709361583824"
"PROD_00696","2026-01-21 21:16:59.619873291","33.3","Bac+2","2.3","A1203","21295","1.0","0","Comp?tences ? r?actualiser sur les outils num?riques. Motivation correcte.","1","1","0.18681021427882177","0.6522084285703841","0.1609813571507942"
"PROD_00697","2026-01-21 22:00:12.464154718","30.3","Sans dipl?me","0.5","D1503","51596","0.0","0","Freins p?riph?riques majeurs. Situation d'illettrisme num?rique constat?e.","2","2","0.19005556545554844","0.15387528800158867","0.6560691465428629"
"PROD_00698","2026-01-21 22:43:25.308436145","41.3","Bac+5","1.5","J1506","44224","0.0","0","Projet de reconversion ? affiner. Besoin d'une formation compl?mentaire.","0","0","0.6366818319135946","0.2307071750393119","0.13261099304709348"
"PROD_00699","2026-01-21 23:26:38.152717572","36.3","Sans dipl?me","4.0","A1203","05178","1.0","1","Cumul de difficult?s. Pas de moyen de transport et garde d'enfants complexe.","2","2","0.2092000610216072","0.17850421545691356","0.6122957235214793"
"PROD_00700","2026-01-22 00:09:50.996998999","51.4","Bac","0.4","D1502","84119","1.0","0","Comp?tences ? r?actualiser sur les outils num?riques. Motivation correcte.","0","0","0.6875429118328004","0.1303556921260524","0.18210139604114722"
"PROD_00701","2026-01-22 00:53:03.841280427","52.4","Bac+5","21.6","I1304","59224","1.0","1","Freins p?riph?riques majeurs. Situation d'illettrisme num?rique constat?e.","2","2","0.15337265787715246","0.14268524955263312","0.7039420925702145"
"PROD_00702","2026-01-22 01:36:16.685561854","36.4","Bac","5.4","K2111","65162","1.0","0","Perte de confiance importante. Risque d'exclusion, barri?re de la langue.","1","1","0.15379343610777838","0.7156274155514606","0.130579148340761"
"PROD_00703","2026-01-22 02:19:29.529843281","29.4","Bac","0.1","N1101","24243","0.0","0","Excellente pr?sentation, comp?tences techniques ? jour. Reprise rapide vis?e.","0","0","0.642275925858434","0.14644498413606982","0.21127909000549622"
"PROD_00704","2026-01-22 03:02:42.374124708","36.4","Bac","3.3","G1602","45161","1.0","0","Profil autonome, recherche active, aucun frein p?riph?rique identifi?.","0","0","0.602970503645057","0.1957004751726923","0.2013290211822507"
"PROD_00705","2026-01-22 03:45:55.218406135","43.4","Bac","0.6","N1301","70422","1.0","0","Projet de reconversion ? affiner. Besoin d'une formation compl?mentaire.","1","1","0.19470507523226932","0.6628001466130629","0.14249477815466782"
"PROD_00706","2026-01-22 04:29:08.062687562","61.4","Bac","0.2","K2111","55044","1.0","1","Freins p?riph?riques majeurs. Situation d'illettrisme num?rique constat?e.","2","2","0.18189035563826414","0.15598010404592888","0.662129540315807"
"PROD_00707","2026-01-22 05:12:20.906968989","40.4","Bac+2","0.6","A1203","74085","1.0","0","Projet de reconversion ? affiner. Besoin d'une formation compl?mentaire.","1","1","0.19728886913039057","0.66106506322492","0.14164606764468946"
"PROD_00708","2026-01-22 05:55:33.751250417","46.4","Bac","5.4","M1705","35275","0.0","1","Comp?tences ? r?actualiser sur les outils num?riques. Motivation correcte.","1","1","0.2706188271842953","0.5988578770094461","0.13052329580625854"
"PROD_00709","2026-01-22 06:38:46.595531844","46.4","Bac+2","3.9","A1202","06150","1.0","0","Probl?me ponctuel de mobilit? g?ographique. Zone mal desservie.","1","1","0.12771355217790833","0.6266195822810462","0.24566686554104544"
"PROD_00710","2026-01-22 07:21:59.439813271","63.4","Bac+5","1.2","J1301","61445","1.0","0","Probl?me ponctuel de mobilit? g?ographique. Zone mal desservie.","0","0","0.6139718086914107","0.1430533621362698","0.24297482917231955"
"PROD_00711","2026-01-22 08:05:12.284094698","35.4","Bac+2","5.3","M1607","67442","0.0","0","Probl?me ponctuel de mobilit? g?ographique. Zone mal desservie.","1","1","0.15505403584506017","0.7153529386973214","0.12959302545761842"
"PROD_00712","2026-01-22 08:48:25.128376125","50.4","Bac+2","1.2","I1304","32104","1.0","0","Probl?me ponctuel de mobilit? g?ographique. Zone mal desservie.","0","0","0.6832936233544453","0.15731948182218636","0.15938689482336832"
"PROD_00713","2026-01-22 09:31:37.972657552","53.4","Bac","3.8","G1601","64498","0.0","0","Candidat tr?s dynamique, mobilit? nationale valid?e. Projet clair.","1","1","0.215534710746065","0.6104178992141548","0.1740473900397802"
"PROD_00714","2026-01-22 10:14:50.816938979","19.4","Bac+5","0.5","G1302","50419","0.0","0","Excellente pr?sentation, comp?tences techniques ? jour. Reprise rapide vis?e.","0","0","0.5984017466387053","0.13298165701609202","0.26861659634520274"
"PROD_00715","2026-01-22 10:58:03.661220407","43.4","Bac+2","0.5","K1201","84140","1.0","0","Cumul de difficult?s. Pas de moyen de transport et garde d'enfants complexe.","0","0","0.6108944487831246","0.23405099596283324","0.15505455525404216"
"PROD_00716","2026-01-22 11:41:16.505501834","39.4","Sans dipl?me","6.0","K1201","31304","0.0","1","Cumul de difficult?s. Pas de moyen de transport et garde d'enfants complexe.","2","2","0.21055804609131396","0.16663079861203903","0.6228111552966471"
"PROD_00717","2026-01-22 12:24:29.349783261","51.4","Bac+2","4.3","M1801","58208","1.0","0","Projet de reconversion ? affiner. Besoin d'une formation compl?mentaire.","0","0","0.6294731989979413","0.23155420969928242","0.13897259130277628"
"PROD_00718","2026-01-22 13:07:42.194064688","27.4","Bac","1.6","C1201","91161","1.0","0","Projet de reconversion ? affiner. Besoin d'une formation compl?mentaire.","1","1","0.22922815998087953","0.6431502466815812","0.1276215933375393"
"PROD_00719","2026-01-22 13:50:55.038346115","47.4","Bac","3.3","A1203","05089","1.0","0","Projet de reconversion ? affiner. Besoin d'une formation compl?mentaire.","1","1","0.2319612255296345","0.6339054364010253","0.13413333806934025"
"PROD_00720","2026-01-22 14:34:07.882627542","35.4","Bac+2","3.0","K1903","51638","1.0","0","Profil autonome, recherche active, aucun frein p?riph?rique identifi?.","1","1","0.13659899747525053","0.5959503236041812","0.2674506789205683"
"PROD_00721","2026-01-22 15:17:20.726908969","62.4","Bac","7.5","K2111","85254","1.0","0","Probl?me ponctuel de mobilit? g?ographique. Zone mal desservie.","1","1","0.1397299842273657","0.6822901260870127","0.17797988968562162"
"PROD_00722","2026-01-22 16:00:33.571190397","25.4","Bac+5","0.2","H1206","34288","0.0","1","Candidat tr?s dynamique, mobilit? nationale valid?e. Projet clair.","0","0","0.6105067576848542","0.17892143718941114","0.21057180512573467"
"PROD_00723","2026-01-22 16:43:46.415471824","37.4","Bac+2","3.0","C1302","69249","1.0","0","Excellente pr?sentation, comp?tences techniques ? jour. Reprise rapide vis?e.","0","0","0.6343603412484399","0.17097116916037444","0.19466848959118568"
"PROD_00724","2026-01-22 17:26:59.259753251","20.4","Bac+2","1.5","C1110","60330","1.0","1","Candidat tr?s dynamique, mobilit? nationale valid?e. Projet clair.","1","1","0.249084694557702","0.6104055285955922","0.14050977684670585"
"PROD_00725","2026-01-22 18:10:12.104034678","58.4","Bac+5","0.6","D1401","64387","0.0","0","Profil autonome, recherche active, aucun frein p?riph?rique identifi?.","1","1","0.1291016244754842","0.6552047092608017","0.2156936662637141"
"PROD_00726","2026-01-22 18:53:24.948316105","32.4","Sans dipl?me","8.8","C1501","22132","1.0","0","Perte de confiance importante. Risque d'exclusion, barri?re de la langue.","2","2","0.17113452872941823","0.14585889004252775","0.683006581228054"
"PROD_00727","2026-01-22 19:36:37.792597532","41.4","Bac+2","0.5","A1203","90083","1.0","0","Projet de reconversion ? affiner. Besoin d'une formation compl?mentaire.","1","1","0.140156169605807","0.6245809965921991","0.23526283380199386"
"PROD_00728","2026-01-22 20:19:50.636878959","41.4","Bac+2","5.5","N4101","38343","1.0","0","Excellente pr?sentation, comp?tences techniques ? jour. Reprise rapide vis?e.","0","0","0.6659339661320355","0.16709850433882203","0.16696752952914248"
"PROD_00729","2026-01-22 21:03:03.481160387","58.4","Bac+5","2.0","N1301","30337","1.0","0","Excellente pr?sentation, comp?tences techniques ? jour. Reprise rapide vis?e.","0","0","0.6869512276236952","0.13859969811495754","0.17444907426134726"
"PROD_00730","2026-01-22 21:46:16.325441814","39.4","Bac","8.7","A1501","69062","1.0","0","Profil autonome, recherche active, aucun frein p?riph?rique identifi?.","2","2","0.22646006833396165","0.1772199656487476","0.5963199660172906"
"PROD_00731","2026-01-22 22:29:29.169723241","32.4","Bac","4.4","K1601","70362","1.0","0","Comp?tences ? r?actualiser sur les outils num?riques. Motivation correcte.","1","1","0.14343327775893647","0.6690251936021318","0.1875415286389318"
"PROD_00732","2026-01-22 23:12:42.014004668","51.4","Bac+5","2.5","N1301","19181","1.0","0","Perte de confiance importante. Risque d'exclusion, barri?re de la langue.","0","0","0.681338371738618","0.13478340365523914","0.18387822460614286"
"PROD_00733","2026-01-22 23:55:54.858286095","19.4","Bac","10.3","J1301","11290","0.0","1","Projet de reconversion ? affiner. Besoin d'une formation compl?mentaire.","1","1","0.22033860366829788","0.600734574515468","0.1789268218162341"
"PROD_00734","2026-01-23 00:39:07.702567522","62.4","Bac","3.6","M1501","22184","0.0","0","Profil autonome, recherche active, aucun frein p?riph?rique identifi?.","1","1","0.16630005688406635","0.6422107266269331","0.19148921648900052"
"PROD_00735","2026-01-23 01:22:20.546848949","39.4","Bac","4.4","M1607","74040","0.0","0","Probl?me ponctuel de mobilit? g?ographique. Zone mal desservie.","1","1","0.14877760730409284","0.6850126875412161","0.16620970515469102"
"PROD_00736","2026-01-23 02:05:33.391130377","56.4","Bac+5","1.1","H1206","56123","1.0","0","Excellente pr?sentation, comp?tences techniques ? jour. Reprise rapide vis?e.","0","0","0.6024732887250077","0.18007122090605968","0.2174554903689326"
"PROD_00737","2026-01-23 02:48:46.235411804","63.4","Bac","5.4","A1301","71342","1.0","1","Perte de confiance importante. Risque d'exclusion, barri?re de la langue.","2","2","0.1543759760718359","0.19612092608402987","0.6495030978441342"
"PROD_00738","2026-01-23 03:31:59.079693231","25.4","Bac","2.5","N1303","47060","1.0","0","Cumul de difficult?s. Pas de moyen de transport et garde d'enfants complexe.","0","0","0.6295261823925595","0.13478958530521618","0.2356842323022243"
"PROD_00739","2026-01-23 04:15:11.923974658","30.4","Sans dipl?me","0.7","H2502","76442","1.0","0","Probl?me ponctuel de mobilit? g?ographique. Zone mal desservie.","1","1","0.23660919513313858","0.6194659905715508","0.14392481429531057"
"PROD_00740","2026-01-23 04:58:24.768256085","34.4","Bac","0.5","D1503","63008","0.0","0","Projet de reconversion ? affiner. Besoin d'une formation compl?mentaire.","1","1","0.1619948302006746","0.6897803664525637","0.1482248033467617"
"PROD_00741","2026-01-23 05:41:37.612537512","58.4","Bac+2","0.6","K2101","45051","1.0","0","Perte de confiance importante. Risque d'exclusion, barri?re de la langue.","2","2","0.19457188019918167","0.19886016403700138","0.606567955763817"
"PROD_00742","2026-01-23 06:24:50.456818939","41.4","Bac+5","4.7","K2106","61426","0.0","0","Comp?tences ? r?actualiser sur les outils num?riques. Motivation correcte.","0","0","0.5991735100273693","0.13420234914198256","0.2666241408306481"
"PROD_00743","2026-01-23 07:08:03.301100367","45.4","Bac","0.2","M1602","84054","1.0","0","Perte de confiance importante. Risque d'exclusion, barri?re de la langue.","2","2","0.1909956296849712","0.17839540809847013","0.6306089622165587"
"PROD_00744","2026-01-23 07:51:16.145381794","45.4","Bac+2","3.0","G1601","41127","0.0","0","Comp?tences ? r?actualiser sur les outils num?riques. Motivation correcte.","0","0","0.5974766369174213","0.1309405167557559","0.27158284632682284"
"PROD_00745","2026-01-23 08:34:28.989663221","50.4","Bac","1.9","K1304","19005","0.0","0","Candidat tr?s dynamique, mobilit? nationale valid?e. Projet clair.","0","0","0.5976255107109741","0.25358999709683416","0.1487844921921917"
"PROD_00746","2026-01-23 09:17:41.833944648","24.4","Sans dipl?me","7.2","M1705","42066","1.0","0","Probl?me ponctuel de mobilit? g?ographique. Zone mal desservie.","1","1","0.17046947076219574","0.6027888507732163","0.22674167846458793"
"PROD_00747","2026-01-23 10:00:54.678226075","34.4","Bac+2","0.5","C1110","13107","0.0","0","Perte de confiance importante. Risque d'exclusion, barri?re de la langue.","1","1","0.20617045005919932","0.6375590845216411","0.15627046541915957"
"PROD_00748","2026-01-23 10:44:07.522507502","41.4","Bac+2","1.1","D1502","61037","1.0","0","Projet de reconversion ? affiner. Besoin d'une formation compl?mentaire.","1","1","0.20275019441862846","0.6424765747953912","0.15477323078598026"
"PROD_00749","2026-01-23 11:27:20.366788929","42.4","Bac+2","5.8","H1504","88091","1.0","0","Freins p?riph?riques majeurs. Situation d'illettrisme num?rique constat?e.","1","1","0.1337897822008272","0.6744556906208751","0.19175452717829777"
"PROD_00750","2026-01-23 12:10:33.211070357","37.4","Sans dipl?me","5.9","C1110","67060","0.0","1","Freins p?riph?riques majeurs. Situation d'illettrisme num?rique constat?e.","2","2","0.16786136066597382","0.23497507478850227","0.597163564545524"
"PROD_00751","2026-01-23 12:53:46.055351784","46.4","Bac+2","6.2","N4101","24510","0.0","0","Perte de confiance importante. Risque d'exclusion, barri?re de la langue.","2","2","0.2126663170829336","0.18506978052042442","0.602263902396642"
"PROD_00752","2026-01-23 13:36:58.899633211","21.4","Bac","0.4","G1602","79265","1.0","0","Cumul de difficult?s. Pas de moyen de transport et garde d'enfants complexe.","1","1","0.1279511286344228","0.6172044634165867","0.25484440794899044"
"PROD_00753","2026-01-23 14:20:11.743914638","23.4","Bac+5","0.6","W1401","21630","1.0","0","Candidat tr?s dynamique, mobilit? nationale valid?e. Projet clair.","0","0","0.6478793554550847","0.2009134584138507","0.15120718613106462"
"PROD_00754","2026-01-23 15:03:24.588196065","51.4","Bac+2","0.2","K1601","04197","1.0","0","Candidat tr?s dynamique, mobilit? nationale valid?e. Projet clair.","1","1","0.24819743957094476","0.6188101197433294","0.1329924406857258"
"PROD_00755","2026-01-23 15:46:37.432477492","23.4","Bac+5","0.3","D1502","47296","0.0","0","Profil autonome, recherche active, aucun frein p?riph?rique identifi?.","0","0","0.6371139441568379","0.22280844742292624","0.1400776084202359"
"PROD_00756","2026-01-23 16:29:50.276758919","58.4","Sans dipl?me","4.4","M1203","70177","0.0","0","Probl?me ponctuel de mobilit? g?ographique. Zone mal desservie.","2","2","0.19194486785703788","0.18467283209715943","0.6233823000458026"
"PROD_00757","2026-01-23 17:13:03.121040347","55.4","Sans dipl?me","4.8","G1302","06153","0.0","0","Cumul de difficult?s. Pas de moyen de transport et garde d'enfants complexe.","2","2","0.16333414297470514","0.2233511603535822","0.6133146966717127"
"PROD_00758","2026-01-23 17:56:15.965321774","50.4","Bac+2","0.7","D1502","21700","1.0","1","Probl?me ponctuel de mobilit? g?ographique. Zone mal desservie.","1","1","0.12878408567895136","0.669449318709479","0.20176659561156962"
"PROD_00759","2026-01-23 18:39:28.809603201","19.4","Bac+5","0.6","M1203","47321","0.0","0","Perte de confiance importante. Risque d'exclusion, barri?re de la langue.","0","0","0.6430224208358726","0.19218891766600496","0.16478866149812246"
"PROD_00760","2026-01-23 19:22:41.653884628","22.4","Bac+2","0.0","K1304","13039","1.0","0","Perte de confiance importante. Risque d'exclusion, barri?re de la langue.","2","2","0.18853155679090955","0.17373921594769828","0.6377292272613921"
"PROD_00761","2026-01-23 20:05:54.498166055","54.4","Bac+5","4.1","K1304","10065","1.0","0","Comp?tences ? r?actualiser sur les outils num?riques. Motivation correcte.","0","0","0.6058016513885665","0.159467051851955","0.23473129675947854"
"PROD_00762","2026-01-23 20:49:07.342447482","60.4","Bac","0.4","K1304","02616","1.0","0","Freins p?riph?riques majeurs. Situation d'illettrisme num?rique constat?e.","2","2","0.2463841140098871","0.15633089166644365","0.5972849943236692"
"PROD_00763","2026-01-23 21:32:20.186728909","23.4","Bac+5","0.6","W1401","21630","1.0","0","Candidat tr?s dynamique, mobilit? nationale valid?e. Projet clair.","0","0","0.6115868429116895","0.21938526826873433","0.16902788881957614"
"PROD_00764","2026-01-23 22:15:33.031010337","59.4","Bac","0.4","F1603","57578","1.0","0","Comp?tences ? r?actualiser sur les outils num?riques. Motivation correcte.","0","0","0.6874353409021037","0.16716393353319428","0.14540072556470204"
"PROD_00765","2026-01-23 22:58:45.875291764","45.4","Bac+5","0.7","K1403","30160","1.0","0","Freins p?riph?riques majeurs. Situation d'illettrisme num?rique constat?e.","0","0","0.7222581641192102","0.14297158407234653","0.1347702518084433"
"PROD_00766","2026-01-23 23:41:58.719573191","51.4","Bac+2","0.8","K2111","10138","0.0","0","Excellente pr?sentation, comp?tences techniques ? jour. Reprise rapide vis?e.","1","1","0.18408517131728336","0.6156329708827928","0.2002818577999239"
"PROD_00767","2026-01-24 00:25:11.563854618","45.4","Bac","1.3","M1602","67027","1.0","0","Comp?tences ? r?actualiser sur les outils num?riques. Motivation correcte.","1","1","0.1366319098456588","0.7298834351949101","0.13348465495943118"
"PROD_00768","2026-01-24 01:08:24.408136045","59.4","Bac+2","0.8","D1503","02655","0.0","0","Comp?tences ? r?actualiser sur les outils num?riques. Motivation correcte.","2","2","0.14405282438944317","0.12764106575088963","0.7283061098596672"
"PROD_00769","2026-01-24 01:51:37.252417472","41.4","Bac","8.2","D1401","31559","0.0","0","Cumul de difficult?s. Pas de moyen de transport et garde d'enfants complexe.","1","1","0.13506720710426437","0.7337316529084145","0.1312011399873212"
"PROD_00770","2026-01-24 02:34:50.096698899","56.4","Sans dipl?me","3.2","D1210","51625","1.0","0","Perte de confiance importante. Risque d'exclusion, barri?re de la langue.","2","2","0.16420040496445873","0.23305937468511523","0.602740220350426"
"PROD_00771","2026-01-24 03:18:02.940980327","45.4","Bac+2","5.7","C1302","48048","0.0","0","Cumul de difficult?s. Pas de moyen de transport et garde d'enfants complexe.","0","0","0.6061058359354214","0.18083897194071366","0.2130551921238649"
"PROD_00772","2026-01-24 04:01:15.785261754","53.4","Bac","0.4","A1203","34106","0.0","1","Perte de confiance importante. Risque d'exclusion, barri?re de la langue.","2","2","0.1702150396580938","0.16071074963375864","0.6690742107081475"
"PROD_00773","2026-01-24 04:44:28.629543181","25.4","Sans dipl?me","1.7","G1302","22068","1.0","0","Probl?me ponctuel de mobilit? g?ographique. Zone mal desservie.","1","1","0.16648831957119406","0.6055301452546309","0.22798153517417508"
"PROD_00774","2026-01-24 05:27:41.473824608","27.4","Bac","1.9","M1602","81068","1.0","0","Comp?tences ? r?actualiser sur les outils num?riques. Motivation correcte.","1","1","0.13467704869153999","0.6194393860515608","0.24588356525689925"
"PROD_00775","2026-01-24 06:10:54.318106035","29.4","Bac+2","0.6","N4101","70088","1.0","0","Excellente pr?sentation, comp?tences techniques ? jour. Reprise rapide vis?e.","0","0","0.6615877382339083","0.1971757993587285","0.14123646240736323"
"PROD_00776","2026-01-24 06:54:07.162387462","21.4","Sans dipl?me","1.5","A1501","64159","1.0","1","Cumul de difficult?s. Pas de moyen de transport et garde d'enfants complexe.","2","2","0.2153596075899214","0.13982222324606478","0.6448181691640139"
"PROD_00777","2026-01-24 07:37:20.006668889","50.4","Bac+5","1.5","D1406","63290","1.0","0","Candidat tr?s dynamique, mobilit? nationale valid?e. Projet clair.","0","0","0.5969833747861945","0.19605690960512978","0.20695971560867576"
"PROD_00778","2026-01-24 08:20:32.850950317","53.4","Bac+5","0.9","A1202","10080","1.0","0","Comp?tences ? r?actualiser sur les outils num?riques. Motivation correcte.","1","1","0.17852489438905458","0.6254245422561641","0.19605056335478133"
"PROD_00779","2026-01-24 09:03:45.695231744","46.4","Sans dipl?me","0.7","N4301","46172","0.0","0","Candidat tr?s dynamique, mobilit? nationale valid?e. Projet clair.","1","1","0.14541893781760004","0.7023002660057815","0.15228079617661838"
"PROD_00780","2026-01-24 09:46:58.539513171","61.4","Sans dipl?me","3.7","C1302","09170","1.0","0","Freins p?riph?riques majeurs. Situation d'illettrisme num?rique constat?e.","2","2","0.13567746701737018","0.21780766470373952","0.6465148682788904"
"PROD_00781","2026-01-24 10:30:11.383794598","49.4","Bac+5","1.6","K2101","57625","0.0","0","Information non renseignee","0","0","0.6931635183071317","0.14279558022030509","0.16404090147256317"
"PROD_00782","2026-01-24 11:13:24.228076025","39.4","Bac+5","1.8","I1304","38530","0.0","0","Excellente pr?sentation, comp?tences techniques ? jour. Reprise rapide vis?e.","0","0","0.6346747702847733","0.14340270408702946","0.22192252562819728"
"PROD_00783","2026-01-24 11:56:37.072357452","50.4","Sans dipl?me","0.5","K1601","76519","1.0","0","Comp?tences ? r?actualiser sur les outils num?riques. Motivation correcte.","1","1","0.13341888037035998","0.642574884013863","0.22400623561577704"
"PROD_00784","2026-01-24 12:39:49.916638879","18.4","Bac+2","9.0","M1805","10145","0.0","0","Cumul de difficult?s. Pas de moyen de transport et garde d'enfants complexe.","0","0","0.6232718554331708","0.16900094201511157","0.20772720255171767"
"PROD_00785","2026-01-24 13:23:02.760920307","52.4","Bac+2","0.3","M1802","58255","0.0","0","Comp?tences ? r?actualiser sur les outils num?riques. Motivation correcte.","1","1","0.26556127277602415","0.5980683415573758","0.1363703856666001"
"PROD_00786","2026-01-24 14:06:15.605201734","35.4","Bac","0.3","H2502","74096","1.0","0","Freins p?riph?riques majeurs. Situation d'illettrisme num?rique constat?e.","0","0","0.6396699608751838","0.1327286247840641","0.2276014143407521"
"PROD_00787","2026-01-24 14:49:28.449483161","39.4","Bac","4.3","C1201","11181","1.0","0","Excellente pr?sentation, comp?tences techniques ? jour. Reprise rapide vis?e.","0","0","0.6462983291055332","0.13973391260563808","0.21396775828882872"
"PROD_00788","2026-01-24 15:32:41.293764588","60.4","Bac+2","1.8","K2101","31542","1.0","0","Projet de reconversion ? affiner. Besoin d'une formation compl?mentaire.","2","2","0.2602013130603045","0.13971426246531005","0.6000844244743855"
"PROD_00789","2026-01-24 16:15:54.138046015","59.4","Bac","0.4","K2106","50115","1.0","0","Candidat tr?s dynamique, mobilit? nationale valid?e. Projet clair.","0","0","0.6205401941419408","0.23701520582281888","0.1424446000352403"
"PROD_00790","2026-01-24 16:59:06.982327442","49.4","Bac","1.3","M1203","17276","0.0","0","Profil autonome, recherche active, aucun frein p?riph?rique identifi?.","1","1","0.1954959795557882","0.6612729051547026","0.14323111528950916"
"PROD_00791","2026-01-24 17:42:19.826608869","18.4","Sans dipl?me","0.0","D1406","67494","0.0","0","Probl?me ponctuel de mobilit? g?ographique. Zone mal desservie.","2","2","0.20582905251558423","0.1659156357404932","0.6282553117439226"
"PROD_00792","2026-01-24 18:25:32.670890297","41.4","Sans dipl?me","5.6","G1302","27205","0.0","0","Projet de reconversion ? affiner. Besoin d'une formation compl?mentaire.","0","0","0.6232801718756317","0.23414692635330647","0.14257290177106186"
"PROD_00793","2026-01-24 19:08:45.515171724","23.4","Bac","2.2","N1301","02014","1.0","1","Profil autonome, recherche active, aucun frein p?riph?rique identifi?.","1","1","0.2349389423392468","0.6105195991934391","0.15454145846731404"
"PROD_00794","2026-01-24 19:51:58.359453151","41.4","Bac+2","0.3","G1302","43096","1.0","1","Comp?tences ? r?actualiser sur les outils num?riques. Motivation correcte.","1","1","0.23064634150458782","0.6328054333550694","0.1365482251403427"
"PROD_00795","2026-01-24 20:35:11.203734578","31.4","Bac+2","3.8","A1202","57531","0.0","0","Probl?me ponctuel de mobilit? g?ographique. Zone mal desservie.","1","1","0.19142058403013726","0.6045478097135557","0.204031606256307"
"PROD_00796","2026-01-24 21:18:24.048016005","23.4","Bac","0.5","M1802","02327","0.0","0","Cumul de difficult?s. Pas de moyen de transport et garde d'enfants complexe.","2","2","0.19075374747280707","0.1280390355813245","0.6812072169458685"
"PROD_00797","2026-01-24 22:01:36.892297432","43.4","Bac+2","3.7","N4301","77151","1.0","0","Perte de confiance importante. Risque d'exclusion, barri?re de la langue.","0","0","0.6601227350190223","0.1578211676480121","0.1820560973329656"
"PROD_00798","2026-01-24 22:44:49.736578859","46.4","Bac+2","2.8","M1607","59375","0.0","0","Cumul de difficult?s. Pas de moyen de transport et garde d'enfants complexe.","0","0","0.6696844733970331","0.1505476977134393","0.17976782888952764"
"PROD_00799","2026-01-24 23:28:02.580860287","42.4","Bac+5","2.3","M1806","71182","1.0","0","Profil autonome, recherche active, aucun frein p?riph?rique identifi?.","0","0","0.6428102922288826","0.22287006822873798","0.13431963954237938"
"PROD_00800","2026-01-25 00:11:15.425141714","59.4","Bac","0.4","K2106","50115","1.0","0","Candidat tr?s dynamique, mobilit? nationale valid?e. Projet clair.","0","0","0.7418311312204251","0.1301557428054279","0.128013125974147"
"PROD_00801","2026-01-25 00:54:28.269423141","51.4","Bac","5.7","D1401","88482","1.0","1","Freins p?riph?riques majeurs. Situation d'illettrisme num?rique constat?e.","2","2","0.15273239307530798","0.2413664418715213","0.6059011650531707"
"PROD_00802","2026-01-25 01:37:41.113704568","57.4","Bac","0.5","J1301","56052","1.0","0","Excellente pr?sentation, comp?tences techniques ? jour. Reprise rapide vis?e.","1","1","0.22322320202433862","0.6422633942326994","0.13451340374296195"
"PROD_00803","2026-01-25 02:20:53.957985995","23.4","Bac","2.0","G1302","77235","0.0","0","Cumul de difficult?s. Pas de moyen de transport et garde d'enfants complexe.","1","1","0.15884081028709268","0.6171332553399725","0.22402593437293483"
"PROD_00804","2026-01-25 03:04:06.802267422","25.4","Bac","2.4","N1303","47060","1.0","0","Cumul de difficult?s. Pas de moyen de transport et garde d'enfants complexe.","0","0","0.7044882262495954","0.14632039064341457","0.14919138310699004"
"PROD_00805","2026-01-25 03:47:19.646548849","54.4","Bac+2","1.5","G1302","46263","1.0","0","Excellente pr?sentation, comp?tences techniques ? jour. Reprise rapide vis?e.","1","1","0.14957760366208503","0.5962821753262018","0.2541402210117132"
"PROD_00806","2026-01-25 04:30:32.490830277","34.4","Bac+2","0.2","N1301","64001","0.0","0","Probl?me ponctuel de mobilit? g?ographique. Zone mal desservie.","0","0","0.6063076228721905","0.18685253386521475","0.20683984326259472"
"PROD_00807","2026-01-25 05:13:45.335111704","25.4","Bac","4.9","D1401","08283","0.0","0","Cumul de difficult?s. Pas de moyen de transport et garde d'enfants complexe.","0","0","0.6197003400692658","0.23024068871423492","0.1500589712164993"
"PROD_00808","2026-01-25 05:56:58.179393131","18.4","Bac","0.2","H2502","14270","1.0","0","Comp?tences ? r?actualiser sur les outils num?riques. Motivation correcte.","1","1","0.16039927451303337","0.6636919473465601","0.1759087781404065"
"PROD_00809","2026-01-25 06:40:11.023674558","39.4","Bac+2","0.6","A1203","35235","1.0","0","Projet de reconversion ? affiner. Besoin d'une formation compl?mentaire.","1","1","0.20789064802824392","0.6120014587617644","0.18010789320999177"
"PROD_00810","2026-01-25 07:23:23.867955985","26.4","Bac+5","2.4","M1805","90058","0.0","0","Candidat tr?s dynamique, mobilit? nationale valid?e. Projet clair.","0","0","0.6502421851327663","0.18269032410949176","0.1670674907577419"
"PROD_00811","2026-01-25 08:06:36.712237412","39.4","Bac+2","10.2","G1203","04188","1.0","0","Comp?tences ? r?actualiser sur les outils num?riques. Motivation correcte.","1","1","0.14413095351898006","0.6075988499666376","0.2482701965143823"
"PROD_00812","2026-01-25 08:49:49.556518839","49.4","Bac+2","4.9","C1110","32145","1.0","1","Probl?me ponctuel de mobilit? g?ographique. Zone mal desservie.","1","1","0.25983311214476434","0.6093978634115969","0.1307690244436388"
"PROD_00813","2026-01-25 09:33:02.400800267","28.4","Bac+2","2.9","M1802","14291","0.0","0","Profil autonome, recherche active, aucun frein p?riph?rique identifi?.","0","0","0.6063826171814335","0.17156490929503881","0.2220524735235277"
"PROD_00814","2026-01-25 10:16:15.245081694","37.4","Bac+2","4.5","G1302","50357","1.0","0","Probl?me ponctuel de mobilit? g?ographique. Zone mal desservie.","1","1","0.15683704770590504","0.616850301132045","0.22631265116205002"
"PROD_00815","2026-01-25 10:59:28.089363121","24.4","Bac","0.9","D1503","36226","0.0","0","Candidat tr?s dynamique, mobilit? nationale valid?e. Projet clair.","1","1","0.19140289313815018","0.6756315658472721","0.1329655410145777"
"PROD_00816","2026-01-25 11:42:40.933644548","45.4","Bac+2","0.7","M1801","41017","1.0","1","Comp?tences ? r?actualiser sur les outils num?riques. Motivation correcte.","1","1","0.14244279820874514","0.7182698288741336","0.13928737291712123"
"PROD_00817","2026-01-25 12:25:53.777925975","58.4","Bac","2.3","K1903","57575","0.0","0","Freins p?riph?riques majeurs. Situation d'illettrisme num?rique constat?e.","0","0","0.6844941174131443","0.13341781739963565","0.1820880651872201"
"PROD_00818","2026-01-25 13:09:06.622207402","46.4","Sans dipl?me","3.6","M1705","39390","0.0","0","Probl?me ponctuel de mobilit? g?ographique. Zone mal desservie.","1","1","0.14137900960256244","0.6606240171387581","0.1979969732586795"
"PROD_00819","2026-01-25 13:52:19.466488829","55.4","Bac+5","15.3","N4301","63284","0.0","1","Cumul de difficult?s. Pas de moyen de transport et garde d'enfants complexe.","2","2","0.20793069730487002","0.13351272219617846","0.6585565804989515"
"PROD_00820","2026-01-25 14:35:32.310770257","19.4","Bac+2","2.9","G1203","53029","1.0","0","Excellente pr?sentation, comp?tences techniques ? jour. Reprise rapide vis?e.","1","1","0.1413805825500985","0.6316040539384208","0.22701536351148077"
"PROD_00821","2026-01-25 15:18:45.155051684","46.4","Bac+2","3.6","M1705","39390","0.0","0","Probl?me ponctuel de mobilit? g?ographique. Zone mal desservie.","1","1","0.16118714908896645","0.633338247108643","0.20547460380239058"
"PROD_00822","2026-01-25 16:01:57.999333111","50.4","Bac","3.8","D1502","59022","0.0","0","Probl?me ponctuel de mobilit? g?ographique. Zone mal desservie.","2","2","0.1302184705892279","0.2038006937195404","0.6659808356912318"
"PROD_00823","2026-01-25 16:45:10.843614538","27.4","Bac+2","5.2","J1301","33400","1.0","1","Excellente pr?sentation, comp?tences techniques ? jour. Reprise rapide vis?e.","0","0","0.6400142044293494","0.2315230035429437","0.12846279202770688"
"PROD_00824","2026-01-25 17:28:23.687895965","28.4","Bac","1.3","K1201","70368","1.0","0","Profil autonome, recherche active, aucun frein p?riph?rique identifi?.","0","0","0.6158107810623725","0.14432128643535175","0.23986793250227573"
"PROD_00825","2026-01-25 18:11:36.532177392","50.4","Bac","3.2","C1201","51547","1.0","0","Information non renseignee","0","0","0.6308434334570889","0.21807427114115227","0.1510822954017588"
"PROD_00826","2026-01-25 18:54:49.376458819","21.4","Sans dipl?me","5.1","K1903","26035","1.0","0","Freins p?riph?riques majeurs. Situation d'illettrisme num?rique constat?e.","2","2","0.15956810835512894","0.19489956511812187","0.6455323265267492"
"PROD_00827","2026-01-25 19:38:02.220740247","27.4","Sans dipl?me","2.7","K1403","32381","1.0","0","Cumul de difficult?s. Pas de moyen de transport et garde d'enfants complexe.","1","1","0.12787721341567224","0.6021546190770967","0.26996816750723107"
"PROD_00828","2026-01-25 20:21:15.065021674","51.4","Bac","1.2","A1203","89181","1.0","0","Freins p?riph?riques majeurs. Situation d'illettrisme num?rique constat?e.","1","1","0.20217811011784959","0.6489714322771245","0.1488504576050259"
"PROD_00829","2026-01-25 21:04:27.909303101","32.4","Bac","2.5","D1503","88077","0.0","0","Cumul de difficult?s. Pas de moyen de transport et garde d'enfants complexe.","0","0","0.5958141616720605","0.21999248678988392","0.1841933515380556"
"PROD_00830","2026-01-25 21:47:40.753584528","21.4","Bac","0.2","K1903","27096","0.0","0","Comp?tences ? r?actualiser sur les outils num?riques. Motivation correcte.","1","1","0.18982111773355803","0.6521157581128935","0.1580631241535485"
"PROD_00831","2026-01-25 22:30:53.597865955","46.4","Bac+2","11.6","G1801","55286","1.0","0","Probl?me ponctuel de mobilit? g?ographique. Zone mal desservie.","1","1","0.189820050032108","0.6061728316417876","0.2040071183261044"
"PROD_00832","2026-01-25 23:14:06.442147382","41.4","Bac+5","2.1","K2101","02389","1.0","0","Probl?me ponctuel de mobilit? g?ographique. Zone mal desservie.","1","1","0.15966225199583212","0.6087927738720489","0.23154497413211894"
"PROD_00833","2026-01-25 23:57:19.286428809","40.4","Bac","6.6","D1503","43014","1.0","0","Comp?tences ? r?actualiser sur les outils num?riques. Motivation correcte.","1","1","0.16960768088845599","0.6004235364357667","0.22996878267577725"
"PROD_00834","2026-01-26 00:40:32.130710237","53.4","Bac","0.8","M1602","14674","0.0","0","Excellente pr?sentation, comp?tences techniques ? jour. Reprise rapide vis?e.","1","1","0.15899851353391867","0.6067795011029701","0.23422198536311123"
"PROD_00835","2026-01-26 01:23:44.974991664","31.4","Sans dipl?me","0.5","D1503","79046","0.0","0","Profil autonome, recherche active, aucun frein p?riph?rique identifi?.","2","2","0.15469104947042578","0.20700192430249892","0.6383070262270754"
"PROD_00836","2026-01-26 02:06:57.819273091","55.4","Sans dipl?me","1.1","J1506","30101","1.0","1","Probl?me ponctuel de mobilit? g?ographique. Zone mal desservie.","2","2","0.14902034826500032","0.22946780228755803","0.6215118494474416"
"PROD_00837","2026-01-26 02:50:10.663554518","18.4","Bac+5","15.2","C1102","31455","1.0","0","Excellente pr?sentation, comp?tences techniques ? jour. Reprise rapide vis?e.","0","0","0.6376629795426898","0.183265514483611","0.1790715059736992"
"PROD_00838","2026-01-26 03:33:23.507835945","54.4","Bac+2","2.3","N1301","70560","1.0","1","Cumul de difficult?s. Pas de moyen de transport et garde d'enfants complexe.","2","2","0.1736781245160429","0.20290048743814323","0.6234213880458138"
"PROD_00839","2026-01-26 04:16:36.352117372","25.4","Bac+2","0.2","K1403","07183","0.0","0","Profil autonome, recherche active, aucun frein p?riph?rique identifi?.","0","0","0.6626776891059122","0.13840635518443997","0.19891595570964785"
"PROD_00840","2026-01-26 04:59:49.196398799","23.4","Bac","1.9","K2101","37199","1.0","0","Freins p?riph?riques majeurs. Situation d'illettrisme num?rique constat?e.","2","2","0.15875609660237916","0.18460099379232336","0.6566429096052975"
"PROD_00841","2026-01-26 05:43:02.040680227","49.4","Bac+2","4.7","C1102","51583","1.0","0","Probl?me ponctuel de mobilit? g?ographique. Zone mal desservie.","1","1","0.16956063541994612","0.6687847486506948","0.16165461592935904"
"PROD_00842","2026-01-26 06:26:14.884961654","53.4","Bac","0.7","N4301","77085","1.0","0","Probl?me ponctuel de mobilit? g?ographique. Zone mal desservie.","1","1","0.13099270765782212","0.72936077042111","0.13964652192106786"
"PROD_00843","2026-01-26 07:09:27.729243081","42.4","Bac+5","1.4","G1601","79313","0.0","0","Excellente pr?sentation, comp?tences techniques ? jour. Reprise rapide vis?e.","0","0","0.6093244110466493","0.19967098109520223","0.19100460785814852"
"PROD_00844","2026-01-26 07:52:40.573524508","57.4","Bac+5","6.3","J1506","30265","1.0","0","Candidat tr?s dynamique, mobilit? nationale valid?e. Projet clair.","0","0","0.6274652043133216","0.17412050343991703","0.19841429224676133"
"PROD_00845","2026-01-26 08:35:53.417805935","57.4","Bac+2","6.3","J1506","30265","1.0","0","Candidat tr?s dynamique, mobilit? nationale valid?e. Projet clair.","0","0","0.6229005342255342","0.22314743983759283","0.15395202593687302"
"PROD_00846","2026-01-26 09:19:06.262087362","19.4","Sans dipl?me","4.1","M1802","84083","0.0","0","Probl?me ponctuel de mobilit? g?ographique. Zone mal desservie.","1","1","0.22069823547190226","0.6295841666059683","0.14971759792212946"
"PROD_00847","2026-01-26 10:02:19.106368789","18.4","Bac","5.4","M1801","12282","0.0","0","Excellente pr?sentation, comp?tences techniques ? jour. Reprise rapide vis?e.","0","0","0.6826409121996422","0.1364255706734079","0.1809335171269499"
"PROD_00848","2026-01-26 10:45:31.950650217","42.4","Sans dipl?me","0.3","K1201","76154","1.0","0","Profil autonome, recherche active, aucun frein p?riph?rique identifi?.","1","1","0.128265009771758","0.6303900452498251","0.24134494497841685"
"PROD_00849","2026-01-26 11:28:44.794931644","23.4","Bac+2","8.3","W1401","68332","0.0","0","Cumul de difficult?s. Pas de moyen de transport et garde d'enfants complexe.","1","1","0.21479506670801252","0.6344808557514214","0.15072407754056605"
"PROD_00850","2026-01-26 12:11:57.639213071","22.4","Bac+2","4.9","C1201","51582","1.0","0","Cumul de difficult?s. Pas de moyen de transport et garde d'enfants complexe.","2","2","0.20754732379507287","0.17827217187491906","0.614180504330008"
"PROD_00851","2026-01-26 12:55:10.483494498","54.4","Bac+5","0.6","A1501","62864","1.0","0","Probl?me ponctuel de mobilit? g?ographique. Zone mal desservie.","1","1","0.1564711024635695","0.6082853034548973","0.23524359408153328"
"PROD_00852","2026-01-26 13:38:23.327775925","19.4","Sans dipl?me","1.6","A1301","10424","0.0","0","Comp?tences ? r?actualiser sur les outils num?riques. Motivation correcte.","1","1","0.12764314366424492","0.7255856199688081","0.146771236366947"
"PROD_00853","2026-01-26 14:21:36.172057352","57.4","Bac+5","0.6","W1401","17083","0.0","0","Comp?tences ? r?actualiser sur les outils num?riques. Motivation correcte.","1","1","0.21392314031317602","0.6493729331641777","0.1367039265226463"
"PROD_00854","2026-01-26 15:04:49.016338779","52.4","Sans dipl?me","3.7","M1602","02445","1.0","0","Perte de confiance importante. Risque d'exclusion, barri?re de la langue.","2","2","0.155399740625221","0.2351962703913578","0.6094039889834212"
"PROD_00855","2026-01-26 15:48:01.860620207","41.4","Sans dipl?me","1.2","M1602","70393","1.0","1","Cumul de difficult?s. Pas de moyen de transport et garde d'enfants complexe.","2","2","0.14686362364551744","0.1876681237229276","0.665468252631555"
"PROD_00856","2026-01-26 16:31:14.704901634","42.4","Sans dipl?me","2.8","K1201","64067","1.0","0","Profil autonome, recherche active, aucun frein p?riph?rique identifi?.","0","0","0.7311560845363896","0.13825486198049772","0.1305890534831127"
"PROD_00857","2026-01-26 17:14:27.549183061","49.4","Bac","2.2","C1102","64029","1.0","0","Freins p?riph?riques majeurs. Situation d'illettrisme num?rique constat?e.","0","0","0.6999155963988912","0.1588395507060984","0.14124485289501038"
"PROD_00858","2026-01-26 17:57:40.393464488","34.4","Bac+2","0.3","G1601","27288","0.0","0","Cumul de difficult?s. Pas de moyen de transport et garde d'enfants complexe.","0","0","0.6718491658439338","0.19790415798758618","0.13024667616847999"
"PROD_00859","2026-01-26 18:40:53.237745915","23.4","Bac+5","1.9","K1403","80390","0.0","0","Cumul de difficult?s. Pas de moyen de transport et garde d'enfants complexe.","0","0","0.5981320029287732","0.1417184746977987","0.2601495223734281"
"PROD_00860","2026-01-26 19:24:06.082027342","23.4","Bac","0.5","M1802","02327","0.0","0","Cumul de difficult?s. Pas de moyen de transport et garde d'enfants complexe.","2","2","0.16969604541032998","0.2287294320035407","0.6015745225861293"
"PROD_00861","2026-01-26 20:07:18.926308769","29.4","Bac+2","2.4","C1110","28408","1.0","0","Profil autonome, recherche active, aucun frein p?riph?rique identifi?.","0","0","0.6261763168002337","0.1591431503987078","0.21468053280105853"
"PROD_00862","2026-01-26 20:50:31.770590197","25.4","Bac","3.2","M1602","76079","1.0","0","Perte de confiance importante. Risque d'exclusion, barri?re de la langue.","1","1","0.144229656985478","0.7218049943187604","0.1339653486957616"
"PROD_00863","2026-01-26 21:33:44.614871624","40.4","Bac+5","0.7","M1607","91021","1.0","0","Candidat tr?s dynamique, mobilit? nationale valid?e. Projet clair.","0","0","0.669381545445555","0.13208993095119614","0.1985285236032489"
"PROD_00864","2026-01-26 22:16:57.459153051","27.4","Bac","1.9","M1602","81068","1.0","0","Comp?tences ? r?actualiser sur les outils num?riques. Motivation correcte.","1","1","0.14512010176665105","0.7249294554257765","0.1299504428075725"
"PROD_00865","2026-01-26 23:00:10.303434478","63.4","Bac+5","2.1","M1801","59047","0.0","1","Probl?me ponctuel de mobilit? g?ographique. Zone mal desservie.","1","1","0.15469114877865586","0.6949860629844289","0.15032278823691525"
"PROD_00866","2026-01-26 23:43:23.147715905","42.4","Sans dipl?me","0.3","K1201","76154","1.0","0","Profil autonome, recherche active, aucun frein p?riph?rique identifi?.","1","1","0.2531727787242085","0.6017491971741656","0.14507802410162585"
"PROD_00867","2026-01-27 00:26:35.991997332","38.4","Bac","3.1","M1203","88252","1.0","0","Comp?tences ? r?actualiser sur les outils num?riques. Motivation correcte.","1","1","0.16010709575494553","0.6656301214554077","0.1742627827896468"
"PROD_00868","2026-01-27 01:09:48.836278759","59.4","Bac","2.1","D1401","39333","0.0","0","Comp?tences ? r?actualiser sur les outils num?riques. Motivation correcte.","1","1","0.13053667304297678","0.6978147746363488","0.17164855232067444"
"PROD_00869","2026-01-27 01:53:01.680560187","25.4","Bac+5","5.1","J1506","61362","1.0","0","Perte de confiance importante. Risque d'exclusion, barri?re de la langue.","0","0","0.6898228263516847","0.137814070185882","0.17236310346243333"
"PROD_00870","2026-01-27 02:36:14.524841614","26.4","Bac+5","2.4","M1203","71407","0.0","0","Candidat tr?s dynamique, mobilit? nationale valid?e. Projet clair.","0","0","0.6307298055376158","0.2304017768974995","0.1388684175648847"
"PROD_00871","2026-01-27 03:19:27.369123041","48.4","Bac+2","3.3","H1206","81164","1.0","0","Comp?tences ? r?actualiser sur les outils num?riques. Motivation correcte.","1","1","0.17228542400110602","0.6604877319017737","0.1672268440971203"
"PROD_00872","2026-01-27 04:02:40.213404468","42.4","Bac","0.9","K1903","62542","1.0","0","Comp?tences ? r?actualiser sur les outils num?riques. Motivation correcte.","1","1","0.17793462474011057","0.6129733585896725","0.20909201667021693"
"PROD_00873","2026-01-27 04:45:53.057685895","62.4","Sans dipl?me","3.7","M1501","89038","1.0","0","Freins p?riph?riques majeurs. Situation d'illettrisme num?rique constat?e.","2","2","0.15660615929892754","0.23229229424509173","0.6111015464559808"
"PROD_00874","2026-01-27 05:29:05.901967322","41.4","Bac+2","2.2","A1401","32357","1.0","0","Candidat tr?s dynamique, mobilit? nationale valid?e. Projet clair.","2","2","0.1530468294352568","0.2519309829923773","0.5950221875723658"
"PROD_00875","2026-01-27 06:12:18.746248750","59.4","Sans dipl?me","1.9","N4301","47086","0.0","0","Perte de confiance importante. Risque d'exclusion, barri?re de la langue.","2","2","0.2474135290401192","0.1280705346323335","0.6245159363275473"
"PROD_00876","2026-01-27 06:55:31.590530177","56.4","Sans dipl?me","3.3","K1601","78383","1.0","0","Freins p?riph?riques majeurs. Situation d'illettrisme num?rique constat?e.","2","2","0.1773749079694104","0.2104568019516094","0.6121682900789801"
"PROD_00877","2026-01-27 07:38:44.434811604","41.4","Bac","11.0","C1201","58250","0.0","0","Cumul de difficult?s. Pas de moyen de transport et garde d'enfants complexe.","1","1","0.21842980026310296","0.6357352652040987","0.14583493453279828"
"PROD_00878","2026-01-27 08:21:57.279093031","26.4","Bac","2.3","N4301","81230","1.0","0","Freins p?riph?riques majeurs. Situation d'illettrisme num?rique constat?e.","2","2","0.16903527781426755","0.16090459878992192","0.6700601233958106"
"PROD_00879","2026-01-27 09:05:10.123374458","51.4","Bac","3.8","M1602","28015","1.0","0","Profil autonome, recherche active, aucun frein p?riph?rique identifi?.","2","2","0.19120694960493076","0.1707506057034874","0.6380424446915818"
"PROD_00880","2026-01-27 09:48:22.967655885","21.4","Bac","0.4","G1602","79265","1.0","0","Cumul de difficult?s. Pas de moyen de transport et garde d'enfants complexe.","1","1","0.13066287623210876","0.7415834433628579","0.12775368040503343"
"PROD_00881","2026-01-27 10:31:35.811937312","43.4","Bac","0.1","K1201","23086","1.0","0","Comp?tences ? r?actualiser sur les outils num?riques. Motivation correcte.","1","1","0.1678130614808095","0.6458664924060395","0.1863204461131509"
"PROD_00882","2026-01-27 11:14:48.656218740","31.4","Bac","0.6","M1805","25150","0.0","0","Freins p?riph?riques majeurs. Situation d'illettrisme num?rique constat?e.","0","0","0.7367364276091067","0.12750198735099078","0.1357615850399025"
"PROD_00883","2026-01-27 11:58:01.500500167","45.4","Bac+2","1.2","M1805","29104","0.0","0","Projet de reconversion ? affiner. Besoin d'une formation compl?mentaire.","1","1","0.1684601138067757","0.6438311321534103","0.18770875403981402"
"PROD_00884","2026-01-27 12:41:14.344781594","22.4","Bac+2","2.4","K2101","51276","0.0","1","Freins p?riph?riques majeurs. Situation d'illettrisme num?rique constat?e.","0","0","0.6639626349634452","0.14543569220427913","0.19060167283227566"
"PROD_00885","2026-01-27 13:24:27.189063021","23.4","Bac","0.8","D1503","10059","1.0","0","Profil autonome, recherche active, aucun frein p?riph?rique identifi?.","1","1","0.2060713319308256","0.660881863043008","0.1330468050261664"
"PROD_00886","2026-01-27 14:07:40.033344448","31.4","Bac+2","0.2","H1206","62550","1.0","0","Projet de reconversion ? affiner. Besoin d'une formation compl?mentaire.","0","0","0.611655551445179","0.13813455852856113","0.2502098900262598"
"PROD_00887","2026-01-27 14:50:52.877625875","41.4","Bac+2","0.4","M1705","67249","1.0","0","Profil autonome, recherche active, aucun frein p?riph?rique identifi?.","0","0","0.6810671084388422","0.17098254093566928","0.1479503506254885"
"PROD_00888","2026-01-27 15:34:05.721907302","26.4","Bac+2","2.5","W1401","80819","0.0","0","Excellente pr?sentation, comp?tences techniques ? jour. Reprise rapide vis?e.","0","0","0.603633872386737","0.2593604303094581","0.13700569730380485"
"PROD_00889","2026-01-27 16:17:18.566188730","45.4","Bac+2","0.2","M1602","84054","1.0","0","Perte de confiance importante. Risque d'exclusion, barri?re de la langue.","2","2","0.22680904013925837","0.16116520327461314","0.6120257565861285"
"PROD_00890","2026-01-27 17:00:31.410470157","45.4","Sans dipl?me","0.4","H1504","77268","1.0","0","Probl?me ponctuel de mobilit? g?ographique. Zone mal desservie.","1","1","0.12813496459371063","0.6628945282480332","0.20897050715825616"
"PROD_00891","2026-01-27 17:43:44.254751584","41.4","Bac","5.7","H2502","38018","1.0","0","Profil autonome, recherche active, aucun frein p?riph?rique identifi?.","0","0","0.7147106537151923","0.14975411915338094","0.1355352271314268"
"PROD_00892","2026-01-27 18:26:57.099033011","35.4","Bac+2","5.3","M1607","67442","0.0","0","Probl?me ponctuel de mobilit? g?ographique. Zone mal desservie.","1","1","0.16383062721434738","0.5965543451258773","0.23961502765977527"
"PROD_00893","2026-01-27 19:10:09.943314438","22.4","Bac+2","4.9","C1201","51582","1.0","0","Cumul de difficult?s. Pas de moyen de transport et garde d'enfants complexe.","2","2","0.18044521204204994","0.16108814426582563","0.6584666436921245"
"PROD_00894","2026-01-27 19:53:22.787595865","25.4","Bac","0.4","G1801","17462","1.0","0","Profil autonome, recherche active, aucun frein p?riph?rique identifi?.","1","1","0.1575586413049236","0.6828696329464506","0.15957172574862577"
"PROD_00895","2026-01-27 20:36:35.631877292","63.4","Bac+5","2.9","K1403","33147","0.0","0","Probl?me ponctuel de mobilit? g?ographique. Zone mal desservie.","1","1","0.2420791991619366","0.6116869553662596","0.14623384547180374"
"PROD_00896","2026-01-27 21:19:48.476158720","61.4","Bac","2.5","G1601","37233","1.0","1","Information non renseignee","2","2","0.14836047471773361","0.15494869036205458","0.6966908349202118"
"PROD_00897","2026-01-27 22:03:01.320440147","32.4","Sans dipl?me","6.1","C1302","55043","1.0","0","Profil autonome, recherche active, aucun frein p?riph?rique identifi?.","1","1","0.14738042242089866","0.622330298263038","0.23028927931606336"
"PROD_00898","2026-01-27 22:46:14.164721574","41.4","Bac","3.8","J1506","25119","1.0","0","Candidat tr?s dynamique, mobilit? nationale valid?e. Projet clair.","0","0","0.6805933755486341","0.17752406613710972","0.1418825583142562"
"PROD_00899","2026-01-27 23:29:27.009003001","52.4","Bac+5","21.5","I1304","59224","1.0","1","Freins p?riph?riques majeurs. Situation d'illettrisme num?rique constat?e.","2","2","0.1945956887515129","0.13995141782581383","0.6654528934226733"
"PROD_00900","2026-01-28 00:12:39.853284428","28.5","Bac","1.3","N4301","33090","0.0","1","Projet de reconversion ? affiner. Besoin d'une formation compl?mentaire.","1","1","0.22019812929230614","0.6475243630957163","0.13227750761197765"
"PROD_00901","2026-01-28 00:55:52.697565855","59.5","Bac+5","9.3","F1603","80185","1.0","0","Information non renseignee","1","1","0.14897406906993288","0.623966383397102","0.2270595475329652"
"PROD_00902","2026-01-28 01:39:05.541847282","47.5","Sans dipl?me","1.2","A1203","08330","1.0","1","Freins p?riph?riques majeurs. Situation d'illettrisme num?rique constat?e.","1","1","0.23638636269338686","0.5984923441721501","0.165121293134463"
"PROD_00903","2026-01-28 02:22:18.386128709","41.5","Sans dipl?me","0.1","H2502","15229","0.0","0","Probl?me ponctuel de mobilit? g?ographique. Zone mal desservie.","1","1","0.2099481635038007","0.6285054101731684","0.16154642632303085"
"PROD_00904","2026-01-28 03:05:31.230410137","28.5","Bac+5","1.4","C1302","11095","1.0","1","Freins p?riph?riques majeurs. Situation d'illettrisme num?rique constat?e.","1","1","0.14870375864096622","0.6344661368823394","0.21683010447669437"
"PROD_00905","2026-01-28 03:48:44.074691564","19.5","Bac","5.7","M1802","64311","1.0","0","Perte de confiance importante. Risque d'exclusion, barri?re de la langue.","2","2","0.1845573581473623","0.21595922062974043","0.5994834212228972"
"PROD_00906","2026-01-28 04:31:56.918972991","50.5","Sans dipl?me","0.5","H2502","21196","1.0","0","Profil autonome, recherche active, aucun frein p?riph?rique identifi?.","0","0","0.6719877969443848","0.18950792480441334","0.13850427825120185"
"PROD_00907","2026-01-28 05:15:09.763254418","49.5","Bac","0.9","M1501","42086","1.0","0","Projet de reconversion ? affiner. Besoin d'une formation compl?mentaire.","1","1","0.1958015484409266","0.6638966065920349","0.14030184496703857"
"PROD_00908","2026-01-28 05:58:22.607535845","41.5","Bac","5.0","G1602","83006","0.0","0","Excellente pr?sentation, comp?tences techniques ? jour. Reprise rapide vis?e.","0","0","0.6069687821618617","0.20299302780696638","0.19003819003117195"
"PROD_00909","2026-01-28 06:41:35.451817272","33.5","Bac","1.3","K2101","62389","1.0","0","Projet de reconversion ? affiner. Besoin d'une formation compl?mentaire.","1","1","0.2156260765929886","0.6191861867968295","0.16518773661018193"
"PROD_00910","2026-01-28 07:24:48.296098699","52.5","Sans dipl?me","5.3","M1203","50260","1.0","0","Excellente pr?sentation, comp?tences techniques ? jour. Reprise rapide vis?e.","1","1","0.19295405770713414","0.644146088554353","0.1628998537385129"
"PROD_00911","2026-01-28 08:08:01.140380127","43.5","Bac","4.5","D1401","18157","0.0","0","Profil autonome, recherche active, aucun frein p?riph?rique identifi?.","0","0","0.6765422454659865","0.16425200272085133","0.15920575181316216"
"PROD_00912","2026-01-28 08:51:13.984661554","41.5","Bac","8.2","D1401","31559","0.0","0","Cumul de difficult?s. Pas de moyen de transport et garde d'enfants complexe.","1","1","0.13022229466044913","0.6628146528942714","0.20696305244527946"
"PROD_00913","2026-01-28 09:34:26.828942981","22.5","Bac","4.9","C1201","51582","1.0","0","Cumul de difficult?s. Pas de moyen de transport et garde d'enfants complexe.","2","2","0.23264807880532873","0.16324210019558133","0.60410982099909"
"PROD_00914","2026-01-28 10:17:39.673224408","52.5","Bac","0.3","K1903","53021","0.0","0","Probl?me ponctuel de mobilit? g?ographique. Zone mal desservie.","1","1","0.18523310325847786","0.6048126342695673","0.2099542624719548"
"PROD_00915","2026-01-28 11:00:52.517505835","43.5","Sans dipl?me","3.7","N4301","77151","1.0","0","Perte de confiance importante. Risque d'exclusion, barri?re de la langue.","0","0","0.59688892809584","0.13760972184728334","0.2655013500568766"
"PROD_00916","2026-01-28 11:44:05.361787262","53.5","Bac","2.6","A1401","44102","1.0","0","Profil autonome, recherche active, aucun frein p?riph?rique identifi?.","1","1","0.20761346750922494","0.595529694192753","0.19685683829802203"
"PROD_00917","2026-01-28 12:27:18.206068689","40.5","Bac","1.5","N1101","87138","1.0","0","Perte de confiance importante. Risque d'exclusion, barri?re de la langue.","0","0","0.6301391278932345","0.14800335240573997","0.22185751970102557"
"PROD_00918","2026-01-28 13:10:31.050350117","20.5","Bac+2","0.3","G1602","07138","1.0","0","Cumul de difficult?s. Pas de moyen de transport et garde d'enfants complexe.","1","1","0.16652926047178382","0.6516634799190439","0.1818072596091722"
"PROD_00919","2026-01-28 13:53:43.894631544","62.5","Bac+2","2.9","M1501","78586","1.0","0","Projet de reconversion ? affiner. Besoin d'une formation compl?mentaire.","1","1","0.12841913486849002","0.6101820572905666","0.2613988078409434"
"PROD_00920","2026-01-28 14:36:56.738912971","61.5","Sans dipl?me","2.6","H1206","52348","1.0","0","Perte de confiance importante. Risque d'exclusion, barri?re de la langue.","2","2","0.2254034354723488","0.15796528528269482","0.6166312792449563"
"PROD_00921","2026-01-28 15:20:09.583194398","40.5","Bac+2","0.6","A1203","74085","1.0","0","Projet de reconversion ? affiner. Besoin d'une formation compl?mentaire.","1","1","0.14998954695075248","0.6177743343371961","0.2322361187120514"
"PROD_00922","2026-01-28 16:03:22.427475825","59.5","Bac","2.1","D1401","39333","0.0","0","Comp?tences ? r?actualiser sur les outils num?riques. Motivation correcte.","1","1","0.12997545609357966","0.6958580772713326","0.17416646663508772"
"PROD_00923","2026-01-28 16:46:35.271757252","43.5","Sans dipl?me","1.2","K2101","21310","1.0","0","Comp?tences ? r?actualiser sur les outils num?riques. Motivation correcte.","1","1","0.2079524315735893","0.6417445753803037","0.15030299304610695"
"PROD_00924","2026-01-28 17:29:48.116038679","56.5","Bac","2.6","A1401","09103","0.0","0","Cumul de difficult?s. Pas de moyen de transport et garde d'enfants complexe.","2","2","0.16138865944332287","0.2334119713917821","0.6051993691648949"
"PROD_00925","2026-01-28 18:13:00.960320107","40.5","Sans dipl?me","0.1","K1304","62568","1.0","0","Comp?tences ? r?actualiser sur les outils num?riques. Motivation correcte.","1","1","0.15716557441015297","0.6705854155174009","0.17224901007244608"
"PROD_00926","2026-01-28 18:56:13.804601534","41.5","Bac+2","1.1","K2101","56009","1.0","0","Excellente pr?sentation, comp?tences techniques ? jour. Reprise rapide vis?e.","0","0","0.6012737809864778","0.21417439653358966","0.18455182247993257"
"PROD_00927","2026-01-28 19:39:26.648882961","43.5","Bac+2","1.9","D1210","31408","0.0","0","Profil autonome, recherche active, aucun frein p?riph?rique identifi?.","0","0","0.6863172856804755","0.15558906908001227","0.15809364523951228"
"PROD_00928","2026-01-28 20:22:39.493164388","59.5","Bac","0.1","H2502","21418","1.0","0","Probl?me ponctuel de mobilit? g?ographique. Zone mal desservie.","1","1","0.21249323920858793","0.614991492036912","0.17251526875450018"
"PROD_00929","2026-01-28 21:05:52.337445815","52.5","Bac","2.6","M1801","68303","1.0","0","Cumul de difficult?s. Pas de moyen de transport et garde d'enfants complexe.","1","1","0.2264949829561172","0.598197712618055","0.17530730442582787"
"PROD_00930","2026-01-28 21:49:05.181727242","46.5","Bac+5","2.1","H1504","60276","1.0","0","Excellente pr?sentation, comp?tences techniques ? jour. Reprise rapide vis?e.","0","0","0.6886878642913709","0.1474827133559987","0.16382942235263045"
"PROD_00931","2026-01-28 22:32:18.026008669","25.5","Bac+5","4.2","W1401","21631","1.0","1","Excellente pr?sentation, comp?tences techniques ? jour. Reprise rapide vis?e.","0","0","0.7261314711919942","0.14457409696539633","0.1292944318426095"
"PROD_00932","2026-01-28 23:15:30.870290097","61.5","Sans dipl?me","0.2","G1801","17067","1.0","0","Cumul de difficult?s. Pas de moyen de transport et garde d'enfants complexe.","2","2","0.12809583218885076","0.13856336554502657","0.7333408022661226"
"PROD_00933","2026-01-28 23:58:43.714571524","40.5","Bac","0.8","I1304","01358","1.0","1","Probl?me ponctuel de mobilit? g?ographique. Zone mal desservie.","1","1","0.14381142496384705","0.7130090549539","0.143179520082253"
"PROD_00934","2026-01-29 00:41:56.558852951","50.5","Sans dipl?me","2.2","N1101","86289","1.0","0","Comp?tences ? r?actualiser sur les outils num?riques. Motivation correcte.","1","1","0.22134211291223688","0.5969615629422763","0.18169632414548686"
"PROD_00935","2026-01-29 01:25:09.403134378","41.5","Sans dipl?me","2.5","K1403","83106","0.0","0","Comp?tences ? r?actualiser sur les outils num?riques. Motivation correcte.","1","1","0.16515096847579985","0.5988232377164552","0.2360257938077449"
"PROD_00936","2026-01-29 02:08:22.247415805","42.5","Bac+2","5.8","H1504","88091","1.0","0","Freins p?riph?riques majeurs. Situation d'illettrisme num?rique constat?e.","1","1","0.1850235702827689","0.611532070974578","0.2034443587426531"
"PROD_00937","2026-01-29 02:51:35.091697232","43.5","Bac+5","5.8","M1801","40229","1.0","0","Excellente pr?sentation, comp?tences techniques ? jour. Reprise rapide vis?e.","0","0","0.7055882335234681","0.15008810543723744","0.14432366103929445"
"PROD_00938","2026-01-29 03:34:47.935978659","44.5","Sans dipl?me","9.3","A1203","86086","1.0","0","Profil autonome, recherche active, aucun frein p?riph?rique identifi?.","0","0","0.6279529990104918","0.1891586244147508","0.18288837657475737"
"PROD_00939","2026-01-29 04:18:00.780260087","47.5","Sans dipl?me","0.4","K2106","44162","0.0","0","Freins p?riph?riques majeurs. Situation d'illettrisme num?rique constat?e.","2","2","0.17017721497784957","0.17467079081694217","0.6551519942052083"
"PROD_00940","2026-01-29 05:01:13.624541514","23.5","Bac+5","8.9","M1801","55010","1.0","0","Perte de confiance importante. Risque d'exclusion, barri?re de la langue.","0","0","0.5968944757588099","0.2035940914905212","0.19951143275066885"
"PROD_00941","2026-01-29 05:44:26.468822941","54.5","Bac+2","1.6","C1110","27578","1.0","1","Cumul de difficult?s. Pas de moyen de transport et garde d'enfants complexe.","2","2","0.17658541995182653","0.22092424130320773","0.6024903387449657"
"PROD_00942","2026-01-29 06:27:39.313104368","22.5","Sans dipl?me","7.6","C1302","30249","0.0","0","Freins p?riph?riques majeurs. Situation d'illettrisme num?rique constat?e.","0","0","0.642187289850194","0.2002432990313179","0.15756941111848807"
"PROD_00943","2026-01-29 07:10:52.157385795","49.5","Bac","0.2","K1201","54260","1.0","0","Profil autonome, recherche active, aucun frein p?riph?rique identifi?.","0","0","0.6059555150785619","0.1653108562581549","0.22873362866328317"
"PROD_00944","2026-01-29 07:54:05.001667222","36.5","Bac","3.3","G1602","45161","1.0","0","Profil autonome, recherche active, aucun frein p?riph?rique identifi?.","0","0","0.713729977182493","0.1550578648071257","0.13121215801038133"
"PROD_00945","2026-01-29 08:37:17.845948649","38.5","Sans dipl?me","0.0","D1210","67348","1.0","0","Probl?me ponctuel de mobilit? g?ographique. Zone mal desservie.","1","1","0.13966470939236258","0.6159839031649192","0.24435138744271812"
"PROD_00946","2026-01-29 09:20:30.690230077","49.5","Bac+2","0.8","M1607","51097","0.0","0","Probl?me ponctuel de mobilit? g?ographique. Zone mal desservie.","1","1","0.1457901483992514","0.6888157434744457","0.16539410812630284"
"PROD_00947","2026-01-29 10:03:43.534511504","54.5","Bac+5","4.3","A1401","17137","1.0","0","Probl?me ponctuel de mobilit? g?ographique. Zone mal desservie.","1","1","0.14592301662942259","0.6005546947101894","0.25352228866038806"
"PROD_00948","2026-01-29 10:46:56.378792931","23.5","Bac","1.4","I1304","30030","0.0","0","Excellente pr?sentation, comp?tences techniques ? jour. Reprise rapide vis?e.","0","0","0.602709375028227","0.21558053820935233","0.1817100867624207"
"PROD_00949","2026-01-29 11:30:09.223074358","52.5","Bac+5","1.4","C1201","40078","1.0","0","Comp?tences ? r?actualiser sur les outils num?riques. Motivation correcte.","1","1","0.16189082100075133","0.6329570272932454","0.2051521517060032"
"PROD_00950","2026-01-29 12:13:22.067355785","53.5","Bac+5","1.9","H1206","14346","1.0","0","Perte de confiance importante. Risque d'exclusion, barri?re de la langue.","2","2","0.13463982305855624","0.23071019006912674","0.634649986872317"
"PROD_00951","2026-01-29 12:56:34.911637212","47.5","Bac+5","1.7","K1304","80601","1.0","0","Cumul de difficult?s. Pas de moyen de transport et garde d'enfants complexe.","0","0","0.6740894033812423","0.1286287212953038","0.19728187532345384"
"PROD_00952","2026-01-29 13:39:47.755918639","22.5","Bac","0.1","M1801","50305","1.0","0","Cumul de difficult?s. Pas de moyen de transport et garde d'enfants complexe.","0","0","0.7025509218147418","0.1522751874107953","0.14517389077446294"
"PROD_00953","2026-01-29 14:23:00.600200067","53.5","Sans dipl?me","9.4","H2502","78202","0.0","0","Freins p?riph?riques majeurs. Situation d'illettrisme num?rique constat?e.","2","2","0.16923671451186598","0.16488928862500343","0.6658739968631306"
"PROD_00954","2026-01-29 15:06:13.444481494","27.5","Bac+2","0.4","M1801","17444","1.0","0","Profil autonome, recherche active, aucun frein p?riph?rique identifi?.","0","0","0.6141211330535994","0.23609747119967883","0.14978139574672178"
"PROD_00955","2026-01-29 15:49:26.288762921","62.5","Bac+5","1.4","C1102","31217","0.0","1","Information non renseignee","0","0","0.6513655114827439","0.1918591608680907","0.15677532764916538"
"PROD_00956","2026-01-29 16:32:39.133044348","46.5","Bac+2","1.9","K1304","25393","1.0","0","Candidat tr?s dynamique, mobilit? nationale valid?e. Projet clair.","0","0","0.6037089500069577","0.25222081029435883","0.1440702396986835"
"PROD_00957","2026-01-29 17:15:51.977325775","41.5","Bac+5","4.7","K2106","61426","0.0","0","Comp?tences ? r?actualiser sur les outils num?riques. Motivation correcte.","0","0","0.6010371076816695","0.14334599086028366","0.25561690145804683"
"PROD_00958","2026-01-29 17:59:04.821607202","42.5","Bac","2.9","N1303","35062","1.0","0","Candidat tr?s dynamique, mobilit? nationale valid?e. Projet clair.","0","0","0.6139906226622516","0.22272157764552372","0.1632877996922247"
"PROD_00959","2026-01-29 18:42:17.665888629","40.5","Sans dipl?me","1.2","M1602","61074","1.0","0","Freins p?riph?riques majeurs. Situation d'illettrisme num?rique constat?e.","2","2","0.1478798226423593","0.24210743807205345","0.6100127392855872"
"PROD_00960","2026-01-29 19:25:30.510170057","33.5","Sans dipl?me","1.1","K1201","15040","1.0","0","Comp?tences ? r?actualiser sur les outils num?riques. Motivation correcte.","1","1","0.1368500440735397","0.6150673327988732","0.2480826231275871"
"PROD_00961","2026-01-29 20:08:43.354451484","57.5","Bac+2","1.1","C1102","57659","1.0","0","Probl?me ponctuel de mobilit? g?ographique. Zone mal desservie.","1","1","0.25667922808689586","0.5953861932783517","0.14793457863475235"
"PROD_00962","2026-01-29 20:51:56.198732911","38.5","Bac+2","2.6","K1304","34075","1.0","0","Projet de reconversion ? affiner. Besoin d'une formation compl?mentaire.","0","0","0.6125405012815608","0.20365248719588241","0.1838070115225568"
"PROD_00963","2026-01-29 21:35:09.043014338","42.5","Bac","0.2","N1301","14360","1.0","0","Profil autonome, recherche active, aucun frein p?riph?rique identifi?.","0","0","0.625428016362275","0.240354942796888","0.13421704084083705"
"PROD_00964","2026-01-29 22:18:21.887295765","60.5","Bac","0.4","K1304","02616","1.0","0","Freins p?riph?riques majeurs. Situation d'illettrisme num?rique constat?e.","2","2","0.14047361599255545","0.1972424572909758","0.6622839267164687"
"PROD_00965","2026-01-29 23:01:34.731577192","52.5","Bac+2","0.3","M1802","58255","0.0","0","Comp?tences ? r?actualiser sur les outils num?riques. Motivation correcte.","1","1","0.2442610986503378","0.6229867276657065","0.13275217368395575"
"PROD_00966","2026-01-29 23:44:47.575858619","18.5","Sans dipl?me","4.7","K2106","62164","0.0","0","Cumul de difficult?s. Pas de moyen de transport et garde d'enfants complexe.","2","2","0.18327711820493012","0.2033853824393182","0.6133374993557517"
"PROD_00967","2026-01-30 00:28:00.420140047","27.5","Bac+2","4.2","M1607","50124","1.0","0","Projet de reconversion ? affiner. Besoin d'une formation compl?mentaire.","1","1","0.15402351037535728","0.7124771408876316","0.13349934873701108"
"PROD_00968","2026-01-30 01:11:13.264421474","55.5","Bac","1.8","N4301","16403","0.0","1","Probl?me ponctuel de mobilit? g?ographique. Zone mal desservie.","2","2","0.22363525531625114","0.16617388899358873","0.6101908556901601"
"PROD_00969","2026-01-30 01:54:26.108702901","42.5","Bac+5","1.4","G1601","79313","0.0","0","Excellente pr?sentation, comp?tences techniques ? jour. Reprise rapide vis?e.","0","0","0.6816755160046256","0.18443762549515869","0.1338868585002157"
"PROD_00970","2026-01-30 02:37:38.952984328","57.5","Bac","0.2","M1705","49347","1.0","0","Freins p?riph?riques majeurs. Situation d'illettrisme num?rique constat?e.","1","1","0.2214106776372879","0.6088708263600413","0.16971849600267075"
"PROD_00971","2026-01-30 03:20:51.797265755","32.5","Bac","4.4","K1601","70362","1.0","0","Comp?tences ? r?actualiser sur les outils num?riques. Motivation correcte.","1","1","0.14547200086792011","0.6965612134159209","0.15796678571615896"
"PROD_00972","2026-01-30 04:04:04.641547182","36.5","Bac+2","0.7","G1203","72196","1.0","0","Profil autonome, recherche active, aucun frein p?riph?rique identifi?.","1","1","0.15861266908827726","0.654176465759198","0.18721086515252483"
"PROD_00973","2026-01-30 04:47:17.485828609","49.5","Bac","0.2","K1201","54260","1.0","0","Profil autonome, recherche active, aucun frein p?riph?rique identifi?.","0","0","0.7101396211978674","0.15580665516305833","0.13405372363907422"
"PROD_00974","2026-01-30 05:30:30.330110037","46.5","Bac+2","6.1","N4101","24510","0.0","0","Perte de confiance importante. Risque d'exclusion, barri?re de la langue.","2","2","0.13145864582753589","0.20024945482131315","0.668291899351151"
"PROD_00975","2026-01-30 06:13:43.174391464","48.5","Bac+2","5.6","J1506","64298","0.0","0","Candidat tr?s dynamique, mobilit? nationale valid?e. Projet clair.","0","0","0.642069178932088","0.2098129377005455","0.14811788336736648"
"PROD_00976","2026-01-30 06:56:56.018672891","37.5","Bac+2","0.1","M1802","18152","0.0","0","Excellente pr?sentation, comp?tences techniques ? jour. Reprise rapide vis?e.","0","0","0.5961033220594746","0.15690853112073966","0.24698814681978576"
"PROD_00977","2026-01-30 07:40:08.862954318","40.5","Bac+2","0.6","A1203","74085","1.0","0","Projet de reconversion ? affiner. Besoin d'une formation compl?mentaire.","1","1","0.20436245171365583","0.6305325274597439","0.16510502082660028"
"PROD_00978","2026-01-30 08:23:21.707235745","56.5","Bac+5","2.7","C1110","14534","1.0","0","Freins p?riph?riques majeurs. Situation d'illettrisme num?rique constat?e.","2","2","0.2546805160263972","0.14269123449355628","0.6026282494800466"
"PROD_00979","2026-01-30 09:06:34.551517172","62.5","Bac","4.9","N1303","88153","0.0","1","Projet de reconversion ? affiner. Besoin d'une formation compl?mentaire.","2","2","0.15786867873330138","0.13619951587942586","0.7059318053872727"
"PROD_00980","2026-01-30 09:49:47.395798599","30.5","Sans dipl?me","4.7","G1302","57584","1.0","0","Probl?me ponctuel de mobilit? g?ographique. Zone mal desservie.","1","1","0.14829309567973611","0.72350776088443","0.12819914343583383"
"PROD_00981","2026-01-30 10:33:00.240080027","41.5","Sans dipl?me","2.7","A1301","17234","1.0","0","Excellente pr?sentation, comp?tences techniques ? jour. Reprise rapide vis?e.","1","1","0.1597096563890774","0.7045103131449295","0.13578003046599307"
"PROD_00982","2026-01-30 11:16:13.084361454","43.5","Bac+5","5.4","H2502","48099","1.0","0","Profil autonome, recherche active, aucun frein p?riph?rique identifi?.","0","0","0.6978884404970211","0.17136517793345624","0.13074638156952262"
"PROD_00983","2026-01-30 11:59:25.928642881","22.5","Bac","0.8","C1302","21045","1.0","0","Probl?me ponctuel de mobilit? g?ographique. Zone mal desservie.","1","1","0.23318148278806317","0.6325369856915152","0.13428153152042166"
"PROD_00984","2026-01-30 12:42:38.772924308","59.5","Sans dipl?me","1.1","M1805","16203","1.0","0","Probl?me ponctuel de mobilit? g?ographique. Zone mal desservie.","1","1","0.1969878056653663","0.6627552634414581","0.1402569308931756"
"PROD_00985","2026-01-30 13:25:51.617205735","35.5","Bac+2","1.9","M1801","86026","0.0","0","Profil autonome, recherche active, aucun frein p?riph?rique identifi?.","0","0","0.6103534199852647","0.18577273748957698","0.2038738425251583"
"PROD_00986","2026-01-30 14:09:04.461487162","37.5","Bac","0.7","M1805","47060","0.0","0","Excellente pr?sentation, comp?tences techniques ? jour. Reprise rapide vis?e.","0","0","0.6325922387148339","0.151280483071757","0.21612727821340905"
"PROD_00987","2026-01-30 14:52:17.305768589","27.5","Bac+2","3.8","K2101","22224","1.0","1","Cumul de difficult?s. Pas de moyen de transport et garde d'enfants complexe.","1","1","0.15604272392148053","0.6288638912972178","0.2150933847813017"
"PROD_00988","2026-01-30 15:35:30.150050017","53.5","Bac","1.2","K1601","68385","1.0","0","Probl?me ponctuel de mobilit? g?ographique. Zone mal desservie.","1","1","0.14840764944061044","0.678144986343278","0.1734473642161115"
"PROD_00989","2026-01-30 16:18:42.994331444","41.5","Bac","0.5","M1802","06076","1.0","1","Probl?me ponctuel de mobilit? g?ographique. Zone mal desservie.","1","1","0.17370152196776886","0.6625070869928141","0.16379139103941698"
"PROD_00990","2026-01-30 17:01:55.838612871","40.5","Sans dipl?me","1.1","C1302","47215","0.0","0","Excellente pr?sentation, comp?tences techniques ? jour. Reprise rapide vis?e.","1","1","0.1533307290774702","0.6248116203407138","0.22185765058181606"
"PROD_00991","2026-01-30 17:45:08.682894298","34.5","Bac","0.3","K1201","60305","0.0","0","Candidat tr?s dynamique, mobilit? nationale valid?e. Projet clair.","0","0","0.5961348202708138","0.16758061311772982","0.23628456661145641"
"PROD_00992","2026-01-30 18:28:21.527175725","54.5","Bac+2","3.7","G1801","70225","0.0","0","Projet de reconversion ? affiner. Besoin d'une formation compl?mentaire.","1","1","0.17348502555477724","0.5991601700641943","0.2273548043810284"
"PROD_00993","2026-01-30 19:11:34.371457152","41.5","Bac+2","0.3","G1302","43096","1.0","1","Comp?tences ? r?actualiser sur les outils num?riques. Motivation correcte.","1","1","0.17927332106458357","0.690872682641237","0.12985399629417937"
"PROD_00994","2026-01-30 19:54:47.215738579","41.5","Bac","5.1","H1504","42163","0.0","1","Information non renseignee","1","1","0.19292407361919905","0.6697032269238095","0.1373726994569915"
"PROD_00995","2026-01-30 20:38:00.060020007","42.5","Sans dipl?me","1.0","N1101","28371","1.0","0","Probl?me ponctuel de mobilit? g?ographique. Zone mal desservie.","1","1","0.13602205875024978","0.6037396309168075","0.26023831033294276"
"PROD_00996","2026-01-30 21:21:12.904301434","42.5","Bac","1.0","K1304","24263","1.0","0","Excellente pr?sentation, comp?tences techniques ? jour. Reprise rapide vis?e.","0","0","0.6048599507644193","0.25592627778144816","0.1392137714541325"
"PROD_00997","2026-01-30 22:04:25.748582861","59.5","Bac","0.4","F1603","57578","1.0","0","Comp?tences ? r?actualiser sur les outils num?riques. Motivation correcte.","0","0","0.6184076719453786","0.16709271640993723","0.21449961164468417"
"PROD_00998","2026-01-30 22:47:38.592864288","35.5","Bac+2","1.2","A1203","57623","1.0","0","Candidat tr?s dynamique, mobilit? nationale valid?e. Projet clair.","1","1","0.2054628021427007","0.632190359977173","0.16234683788012627"
"PROD_00999","2026-01-30 23:30:51.437145715","63.5","Bac","1.0","M1602","27514","1.0","0","Probl?me ponctuel de mobilit? g?ographique. Zone mal desservie.","2","2","0.1329418502114419","0.19865241159910613","0.6684057381894519"
"PROD_01000","2026-01-31 00:14:04.281427142","55.5","Bac+2","1.1","J1506","30101","1.0","1","Probl?me ponctuel de mobilit? g?ographique. Zone mal desservie.","2","2","0.2312715239426173","0.14751353890088004","0.6212149371565027"
"PROD_01001","2026-01-31 00:57:17.125708569","48.5","Sans dipl?me","0.1","G1602","16145","1.0","0","Perte de confiance importante. Risque d'exclusion, barri?re de la langue.","2","2","0.1967468322834306","0.14026222370002853","0.6629909440165409"
"PROD_01002","2026-01-31 01:40:29.969989997","33.5","Bac","1.3","M1705","51579","0.0","0","Candidat tr?s dynamique, mobilit? nationale valid?e. Projet clair.","0","0","0.6120388126542975","0.25216845763021695","0.13579272971548556"
"PROD_01003","2026-01-31 02:23:42.814271424","41.5","Sans dipl?me","4.9","G1302","53211","1.0","0","Projet de reconversion ? affiner. Besoin d'une formation compl?mentaire.","1","1","0.20263629176806838","0.642557003219573","0.1548067050123586"
"PROD_01004","2026-01-31 03:06:55.658552851","45.5","Sans dipl?me","0.4","C1302","63404","1.0","0","Perte de confiance importante. Risque d'exclusion, barri?re de la langue.","1","1","0.15168399463552956","0.7080027122130509","0.1403132931514196"
"PROD_01005","2026-01-31 03:50:08.502834278","34.5","Bac+2","1.2","A1301","80109","1.0","0","Probl?me ponctuel de mobilit? g?ographique. Zone mal desservie.","0","0","0.6637357626818811","0.13833158534696122","0.19793265197115772"
"PROD_01006","2026-01-31 04:33:21.347115705","45.5","Bac+5","7.1","D1502","54208","1.0","0","Candidat tr?s dynamique, mobilit? nationale valid?e. Projet clair.","0","0","0.6331302296124366","0.16114311372481133","0.20572665666275208"
"PROD_01007","2026-01-31 05:16:34.191397132","37.5","Sans dipl?me","1.2","J1506","08388","1.0","0","Excellente pr?sentation, comp?tences techniques ? jour. Reprise rapide vis?e.","0","0","0.6935012007285334","0.17205399139269115","0.13444480787877547"
"PROD_01008","2026-01-31 05:59:47.035678559","57.5","Bac+5","9.8","K2101","72283","0.0","0","Profil autonome, recherche active, aucun frein p?riph?rique identifi?.","0","0","0.60984695367519","0.1968720037938173","0.19328104253099265"
"PROD_01009","2026-01-31 06:42:59.879959987","62.5","Bac","0.9","F1603","70200","1.0","1","Projet de reconversion ? affiner. Besoin d'une formation compl?mentaire.","2","2","0.2166262927482221","0.16128340734858065","0.6220902999031972"
"PROD_01010","2026-01-31 07:26:12.724241414","55.5","Bac","1.2","I1304","52064","0.0","0","Comp?tences ? r?actualiser sur les outils num?riques. Motivation correcte.","1","1","0.14973537936537043","0.6042449552521765","0.24601966538245312"
"PROD_01011","2026-01-31 08:09:25.568522841","46.5","Bac","4.7","M1801","41100","0.0","0","Excellente pr?sentation, comp?tences techniques ? jour. Reprise rapide vis?e.","0","0","0.6326461284192301","0.15056704917247715","0.21678682240829278"
"PROD_01012","2026-01-31 08:52:38.412804268","21.5","Bac","0.2","K1903","27096","0.0","0","Comp?tences ? r?actualiser sur les outils num?riques. Motivation correcte.","1","1","0.18649195731500914","0.6451008267129156","0.1684072159720753"
"PROD_01013","2026-01-31 09:35:51.257085695","34.5","Bac+2","0.5","C1110","13107","0.0","0","Perte de confiance importante. Risque d'exclusion, barri?re de la langue.","1","1","0.22629273256198018","0.6114271379956034","0.16228012944241643"
"PROD_01014","2026-01-31 10:19:04.101367122","43.5","Bac","0.4","G1203","70521","1.0","0","Profil autonome, recherche active, aucun frein p?riph?rique identifi?.","1","1","0.1949970679447104","0.6495274035275076","0.15547552852778201"
"PROD_01015","2026-01-31 11:02:16.945648549","42.5","Sans dipl?me","3.0","A1301","10406","1.0","0","Comp?tences ? r?actualiser sur les outils num?riques. Motivation correcte.","1","1","0.1300725291818184","0.6218074601523148","0.24812001066586675"
"PROD_01016","2026-01-31 11:45:29.789929977","41.5","Bac","1.7","M1806","42315","1.0","0","Excellente pr?sentation, comp?tences techniques ? jour. Reprise rapide vis?e.","1","1","0.1569882409539012","0.6138936076963378","0.229118151349761"
"PROD_01017","2026-01-31 12:28:42.634211404","49.5","Bac+5","3.8","N4301","34045","0.0","0","Comp?tences ? r?actualiser sur les outils num?riques. Motivation correcte.","1","1","0.22839355382762883","0.6367486954141363","0.13485775075823492"
"PROD_01018","2026-01-31 13:11:55.478492831","22.5","Bac+5","1.6","D1401","90035","1.0","0","Probl?me ponctuel de mobilit? g?ographique. Zone mal desservie.","0","0","0.6365030404754382","0.21158323351111075","0.1519137260134511"
"PROD_01019","2026-01-31 13:55:08.322774258","19.5","Sans dipl?me","2.8","N1101","40165","0.0","0","Comp?tences ? r?actualiser sur les outils num?riques. Motivation correcte.","1","1","0.1381324732353284","0.6839649244870101","0.17790260227766153"
"PROD_01020","2026-01-31 14:38:21.167055685","59.5","Bac","0.1","D1503","34129","1.0","0","Cumul de difficult?s. Pas de moyen de transport et garde d'enfants complexe.","1","1","0.19135795090029015","0.6348172688036788","0.173824780296031"
"PROD_01021","2026-01-31 15:21:34.011337112","23.5","Bac","0.6","N4301","29056","0.0","1","Comp?tences ? r?actualiser sur les outils num?riques. Motivation correcte.","1","1","0.13283606174167703","0.705700424868511","0.1614635133898119"
"PROD_01022","2026-01-31 16:04:46.855618539","35.5","Bac+5","2.0","M1705","52063","0.0","0","Profil autonome, recherche active, aucun frein p?riph?rique identifi?.","0","0","0.6224717410636843","0.15002308212210314","0.22750517681421256"
"PROD_01023","2026-01-31 16:47:59.699899967","50.5","Bac+2","0.1","G1801","69276","1.0","0","Comp?tences ? r?actualiser sur les outils num?riques. Motivation correcte.","1","1","0.1712081555141472","0.6712623227152145","0.1575295217706384"
"PROD_01024","2026-01-31 17:31:12.544181394","36.5","Bac+5","1.9","D1406","77071","0.0","0","Perte de confiance importante. Risque d'exclusion, barri?re de la langue.","0","0","0.6329059581061539","0.1470924808417898","0.2200015610520563"
"PROD_01025","2026-01-31 18:14:25.388462821","43.5","Sans dipl?me","9.3","D1210","47095","1.0","0","Perte de confiance importante. Risque d'exclusion, barri?re de la langue.","2","2","0.23366905376185176","0.1325638687669828","0.6337670774711655"
"PROD_01026","2026-01-31 18:57:38.232744248","29.5","Bac+2","0.8","C1201","28375","1.0","0","Excellente pr?sentation, comp?tences techniques ? jour. Reprise rapide vis?e.","0","0","0.6251041095127698","0.1524687775035858","0.22242711298364434"
"PROD_01027","2026-01-31 19:40:51.077025675","27.5","Bac","5.4","K1201","78009","0.0","0","Comp?tences ? r?actualiser sur les outils num?riques. Motivation correcte.","0","0","0.6817622280461908","0.15585428274012586","0.16238348921368334"
"PROD_01028","2026-01-31 20:24:03.921307102","58.5","Sans dipl?me","0.3","H2502","07030","0.0","0","Comp?tences ? r?actualiser sur les outils num?riques. Motivation correcte.","1","1","0.14147779040402905","0.5981587781324075","0.26036343146356344"
"PROD_01029","2026-01-31 21:07:16.765588529","51.5","Bac","0.8","C1302","56264","1.0","0","Probl?me ponctuel de mobilit? g?ographique. Zone mal desservie.","1","1","0.14301846695575157","0.6204300185335198","0.23655151451072864"
"PROD_01030","2026-01-31 21:50:29.609869957","46.5","Bac","4.4","A1301","71234","0.0","0","Probl?me ponctuel de mobilit? g?ographique. Zone mal desservie.","1","1","0.14524072987456005","0.6903593195002634","0.16439995062517654"
"PROD_01031","2026-01-31 22:33:42.454151384","49.5","Bac","0.9","M1501","42086","1.0","0","Projet de reconversion ? affiner. Besoin d'une formation compl?mentaire.","1","1","0.17342338636507076","0.6155286751004573","0.211047938534472"
"PROD_01032","2026-01-31 23:16:55.298432811","56.5","Bac+5","1.1","H1206","56123","1.0","0","Excellente pr?sentation, comp?tences techniques ? jour. Reprise rapide vis?e.","0","0","0.5966514575633513","0.23350702421094388","0.16984151822570487"
"PROD_01033","2026-02-01 00:00:08.142714238","47.5","Bac+2","2.4","J1301","32357","0.0","0","Information non renseignee","0","0","0.6239456616006217","0.219976228086101","0.15607811031327729"
"PROD_01034","2026-02-01 00:43:20.986995665","61.5","Bac","1.6","D1502","56100","0.0","0","Probl?me ponctuel de mobilit? g?ographique. Zone mal desservie.","1","1","0.2215480477321127","0.6351409949669631","0.14331095730092425"
"PROD_01035","2026-02-01 01:26:33.831277092","43.5","Bac","0.4","H2502","02770","0.0","1","Freins p?riph?riques majeurs. Situation d'illettrisme num?rique constat?e.","2","2","0.13530935625698873","0.18074713436907938","0.6839435093739319"
"PROD_01036","2026-02-01 02:09:46.675558519","28.5","Sans dipl?me","0.3","G1602","80622","0.0","0","Candidat tr?s dynamique, mobilit? nationale valid?e. Projet clair.","0","0","0.6561180569241308","0.15623335655127887","0.1876485865245903"
"PROD_01037","2026-02-01 02:52:59.519839947","54.5","Bac+2","2.3","N1301","70560","1.0","1","Cumul de difficult?s. Pas de moyen de transport et garde d'enfants complexe.","2","2","0.2699522752478243","0.13082042963998905","0.5992272951121866"
"PROD_01038","2026-02-01 03:36:12.364121374","27.5","Bac+2","0.0","M1602","63443","0.0","1","Probl?me ponctuel de mobilit? g?ographique. Zone mal desservie.","1","1","0.14360797972533793","0.6434125514291543","0.21297946884550778"
"PROD_01039","2026-02-01 04:19:25.208402801","42.5","Bac","7.9","M1806","49381","1.0","0","Excellente pr?sentation, comp?tences techniques ? jour. Reprise rapide vis?e.","0","0","0.6903451412262056","0.16097229938109156","0.14868255939270283"
"PROD_01040","2026-02-01 05:02:38.052684228","24.5","Bac+5","2.0","K1304","40027","1.0","0","Profil autonome, recherche active, aucun frein p?riph?rique identifi?.","0","0","0.6640690270361522","0.1701824167858853","0.16574855617796247"
"PROD_01041","2026-02-01 05:45:50.896965655","61.5","Bac","2.4","H2502","81027","1.0","0","Profil autonome, recherche active, aucun frein p?riph?rique identifi?.","1","1","0.206124537839038","0.6038123210267682","0.19006314113419387"
"PROD_01042","2026-02-01 06:29:03.741247082","57.5","Bac+5","12.1","N1303","25209","1.0","0","Probl?me ponctuel de mobilit? g?ographique. Zone mal desservie.","2","2","0.19710818410553402","0.15200650822557607","0.65088530766889"
"PROD_01043","2026-02-01 07:12:16.585528509","19.5","Sans dipl?me","2.2","G1302","62703","0.0","0","Probl?me ponctuel de mobilit? g?ographique. Zone mal desservie.","2","2","0.2339200482014499","0.1567793081470667","0.6093006436514834"
"PROD_01044","2026-02-01 07:55:29.429809937","39.5","Bac","1.6","W1401","29087","0.0","0","Probl?me ponctuel de mobilit? g?ographique. Zone mal desservie.","1","1","0.14931422736030528","0.6949421161984446","0.1557436564412501"
"PROD_01045","2026-02-01 08:38:42.274091364","31.5","Bac","4.8","H1206","68316","0.0","0","Profil autonome, recherche active, aucun frein p?riph?rique identifi?.","0","0","0.5969190316084441","0.25331888289924365","0.1497620854923123"
"PROD_01046","2026-02-01 09:21:55.118372791","41.5","Bac+2","8.7","N1301","24355","0.0","1","Comp?tences ? r?actualiser sur les outils num?riques. Motivation correcte.","1","1","0.22655317723410517","0.601269956674715","0.17217686609117988"
"PROD_01047","2026-02-01 10:05:07.962654218","42.5","Bac","0.8","H1206","88324","0.0","0","Candidat tr?s dynamique, mobilit? nationale valid?e. Projet clair.","0","0","0.6636311777831824","0.1724992576535787","0.16386956456323892"
"PROD_01048","2026-02-01 10:48:20.806935645","44.5","Bac","2.5","K2111","88078","0.0","0","Excellente pr?sentation, comp?tences techniques ? jour. Reprise rapide vis?e.","1","1","0.24527341754609872","0.62338585511773","0.1313407273361713"
"PROD_01049","2026-02-01 11:31:33.651217072","37.5","Bac+2","3.0","C1302","69249","1.0","0","Excellente pr?sentation, comp?tences techniques ? jour. Reprise rapide vis?e.","0","0","0.6274570196545629","0.2293284316662688","0.1432145486791683"
"PROD_01050","2026-02-01 12:14:46.495498499","47.5","Sans dipl?me","0.4","K2106","44162","0.0","0","Freins p?riph?riques majeurs. Situation d'illettrisme num?rique constat?e.","2","2","0.22515261008694104","0.1549723477808972","0.6198750421321618"
"PROD_01051","2026-02-01 12:57:59.339779927","38.5","Bac","2.8","D1406","60005","1.0","0","Profil autonome, recherche active, aucun frein p?riph?rique identifi?.","0","0","0.6296126597903655","0.1484977549491159","0.22188958526051858"
"PROD_01052","2026-02-01 13:41:12.184061354","46.5","Bac","0.8","F1603","32047","1.0","1","Information non renseignee","1","1","0.14689822918702006","0.598907051666422","0.254194719146558"
"PROD_01053","2026-02-01 14:24:25.028342781","52.5","Bac+5","0.9","N4101","40212","1.0","0","Comp?tences ? r?actualiser sur les outils num?riques. Motivation correcte.","1","1","0.1684558919744284","0.6693801729670308","0.16216393505854088"
"PROD_01054","2026-02-01 15:07:37.872624208","49.5","Bac","0.8","A1203","11257","1.0","0","Cumul de difficult?s. Pas de moyen de transport et garde d'enfants complexe.","1","1","0.23119469537650963","0.6311194909836256","0.13768581363986476"
"PROD_01055","2026-02-01 15:50:50.716905635","39.5","Sans dipl?me","8.4","D1406","64328","0.0","0","Perte de confiance importante. Risque d'exclusion, barri?re de la langue.","2","2","0.19032780260523652","0.14834889692700934","0.6613233004677541"
"PROD_01056","2026-02-01 16:34:03.561187062","58.5","Bac+2","1.3","C1102","14593","0.0","0","Projet de reconversion ? affiner. Besoin d'une formation compl?mentaire.","1","1","0.13146618801713472","0.6946343318294592","0.17389948015340606"
"PROD_01057","2026-02-01 17:17:16.405468489","40.5","Bac+5","0.7","M1607","91021","1.0","0","Candidat tr?s dynamique, mobilit? nationale valid?e. Projet clair.","0","0","0.6640081928716467","0.16185035374004672","0.17414145338830658"
"PROD_01058","2026-02-01 18:00:29.249749917","19.5","Bac+2","6.5","K1403","52316","1.0","0","Comp?tences ? r?actualiser sur les outils num?riques. Motivation correcte.","1","1","0.2274754884747276","0.6119472012016007","0.16057731032367162"
"PROD_01059","2026-02-01 18:43:42.094031344","32.5","Bac+2","2.1","D1502","50504","1.0","1","Probl?me ponctuel de mobilit? g?ographique. Zone mal desservie.","0","0","0.6401917810044181","0.20911096408231694","0.15069725491326497"
"PROD_01060","2026-02-01 19:26:54.938312771","43.5","Bac","2.1","M1602","29190","0.0","0","Perte de confiance importante. Risque d'exclusion, barri?re de la langue.","1","1","0.18711895072175047","0.6682377534349571","0.1446432958432925"
"PROD_01061","2026-02-01 20:10:07.782594198","34.5","Bac+2","0.3","N1301","53064","1.0","0","Information non renseignee","0","0","0.7166961645371759","0.1537496884261495","0.12955414703667462"
"PROD_01062","2026-02-01 20:53:20.626875625","59.5","Bac","9.1","A1301","64437","0.0","0","Perte de confiance importante. Risque d'exclusion, barri?re de la langue.","2","2","0.15308929343673322","0.19714466276965062","0.6497660437936162"
"PROD_01063","2026-02-01 21:36:33.471157052","47.5","Sans dipl?me","5.0","H1504","24238","1.0","0","Profil autonome, recherche active, aucun frein p?riph?rique identifi?.","1","1","0.18988673674197812","0.6269276964932853","0.18318556676473663"
"PROD_01064","2026-02-01 22:19:46.315438479","54.5","Bac+2","1.4","C1302","76158","1.0","0","Freins p?riph?riques majeurs. Situation d'illettrisme num?rique constat?e.","2","2","0.2023877771947056","0.13530292792980875","0.6623092948754856"
"PROD_01065","2026-02-01 23:02:59.159719907","40.5","Bac+5","4.0","N1301","12140","0.0","0","Candidat tr?s dynamique, mobilit? nationale valid?e. Projet clair.","1","1","0.145607829235056","0.7011147081830998","0.15327746258184416"
"PROD_01066","2026-02-01 23:46:12.004001334","48.5","Bac+2","0.6","M1806","15007","1.0","0","Cumul de difficult?s. Pas de moyen de transport et garde d'enfants complexe.","0","0","0.6027092501564968","0.21976802423148867","0.17752272561201454"
"PROD_01067","2026-02-02 00:29:24.848282761","23.5","Bac","0.5","D1503","01118","0.0","0","Comp?tences ? r?actualiser sur les outils num?riques. Motivation correcte.","1","1","0.2624908510327514","0.6039629055825426","0.133546243384706"
"PROD_01068","2026-02-02 01:12:37.692564188","63.5","Bac","5.3","A1301","71342","1.0","1","Perte de confiance importante. Risque d'exclusion, barri?re de la langue.","2","2","0.14253139904864243","0.16155860035458297","0.6959100005967747"
"PROD_01069","2026-02-02 01:55:50.536845615","39.5","Bac+2","2.7","K2106","06084","1.0","0","Candidat tr?s dynamique, mobilit? nationale valid?e. Projet clair.","0","0","0.6219844731031527","0.24276964916619143","0.13524587773065583"
"PROD_01070","2026-02-02 02:39:03.381127042","24.5","Bac+2","3.9","K2111","58207","1.0","0","Excellente pr?sentation, comp?tences techniques ? jour. Reprise rapide vis?e.","0","0","0.5976356687233414","0.231930984388991","0.1704333468876676"
"PROD_01071","2026-02-02 03:22:16.225408469","46.5","Sans dipl?me","0.0","M1806","71269","1.0","0","Projet de reconversion ? affiner. Besoin d'une formation compl?mentaire.","1","1","0.16960836281203662","0.6105582611175324","0.21983337607043096"
"PROD_01072","2026-02-02 04:05:29.069689897","50.5","Bac","4.8","K1903","16136","1.0","0","Probl?me ponctuel de mobilit? g?ographique. Zone mal desservie.","1","1","0.1484726393862857","0.6061211772194176","0.24540618339429676"
"PROD_01073","2026-02-02 04:48:41.913971324","51.5","Bac","1.3","I1304","17205","1.0","0","Profil autonome, recherche active, aucun frein p?riph?rique identifi?.","2","2","0.22130809110862815","0.1498927312016619","0.6287991776897099"
"PROD_01074","2026-02-02 05:31:54.758252751","39.5","Bac","0.2","D1210","22003","1.0","1","Projet de reconversion ? affiner. Besoin d'une formation compl?mentaire.","1","1","0.19508108248416833","0.6171533893300118","0.18776552818581982"
"PROD_01075","2026-02-02 06:15:07.602534178","23.5","Bac","2.3","J1301","65324","1.0","1","Projet de reconversion ? affiner. Besoin d'une formation compl?mentaire.","1","1","0.21132576097408112","0.6468061381025583","0.14186810092336066"
"PROD_01076","2026-02-02 06:58:20.446815605","34.5","Bac+5","6.0","M1203","12186","0.0","0","Candidat tr?s dynamique, mobilit? nationale valid?e. Projet clair.","0","0","0.5960826120148627","0.15744560249610265","0.24647178548903467"
"PROD_01077","2026-02-02 07:41:33.291097032","57.5","Bac","1.8","C1201","40275","1.0","0","Candidat tr?s dynamique, mobilit? nationale valid?e. Projet clair.","1","1","0.14385350019324833","0.6094026365069588","0.2467438632997928"
"PROD_01078","2026-02-02 08:24:46.135378459","25.5","Bac","0.1","N4101","2B036","1.0","1","Projet de reconversion ? affiner. Besoin d'une formation compl?mentaire.","1","1","0.13421505594821478","0.6097594490520133","0.2560254949997719"
"PROD_01079","2026-02-02 09:07:58.979659887","41.5","Bac+5","1.8","D1503","60449","1.0","0","Excellente pr?sentation, comp?tences techniques ? jour. Reprise rapide vis?e.","0","0","0.6051850089980914","0.2129847563462991","0.18183023465560955"
"PROD_01080","2026-02-02 09:51:11.823941314","19.5","Bac+2","0.5","G1302","50419","0.0","0","Excellente pr?sentation, comp?tences techniques ? jour. Reprise rapide vis?e.","0","0","0.6998669512672832","0.16863836889391043","0.13149467983880642"
"PROD_01081","2026-02-02 10:34:24.668222741","21.5","Bac","4.3","G1801","53025","1.0","0","Comp?tences ? r?actualiser sur les outils num?riques. Motivation correcte.","1","1","0.25517711616575794","0.598760703555547","0.1460621802786951"
"PROD_01082","2026-02-02 11:17:37.512504168","38.5","Bac+2","6.6","M1501","67515","0.0","0","Comp?tences ? r?actualiser sur les outils num?riques. Motivation correcte.","0","0","0.6917523448871831","0.16048210230552482","0.14776555280729212"
"PROD_01083","2026-02-02 12:00:50.356785595","36.5","Bac+2","5.3","K2106","24388","0.0","1","Comp?tences ? r?actualiser sur les outils num?riques. Motivation correcte.","1","1","0.2514279510575401","0.6121779170364021","0.13639413190605776"
"PROD_01084","2026-02-02 12:44:03.201067022","46.5","Bac+2","4.8","M1602","17081","1.0","0","Cumul de difficult?s. Pas de moyen de transport et garde d'enfants complexe.","2","2","0.14275171721680913","0.23060398930357134","0.6266442934796195"
"PROD_01085","2026-02-02 13:27:16.045348449","29.5","Bac+2","0.2","K1304","78334","1.0","0","Perte de confiance importante. Risque d'exclusion, barri?re de la langue.","2","2","0.13917167595347776","0.2603656514888148","0.6004626725577074"
"PROD_01086","2026-02-02 14:10:28.889629877","22.5","Bac","1.2","N1101","25271","1.0","0","Excellente pr?sentation, comp?tences techniques ? jour. Reprise rapide vis?e.","0","0","0.7069194826860328","0.16256779974564928","0.13051271756831795"
"PROD_01087","2026-02-02 14:53:41.733911304","57.5","Bac+5","1.7","C1201","40134","0.0","0","Projet de reconversion ? affiner. Besoin d'une formation compl?mentaire.","1","1","0.19640059941519472","0.6373695523798367","0.16622984820496856"
"PROD_01088","2026-02-02 15:36:54.578192731","60.5","Bac+2","0.9","G1302","30129","1.0","0","Freins p?riph?riques majeurs. Situation d'illettrisme num?rique constat?e.","1","1","0.18799390056936463","0.6438416689181585","0.16816443051247687"
"PROD_01089","2026-02-02 16:20:07.422474158","63.5","Bac","4.5","D1502","10409","0.0","1","Excellente pr?sentation, comp?tences techniques ? jour. Reprise rapide vis?e.","2","2","0.2125862215137668","0.1411092393382195","0.6463045391480137"
"PROD_01090","2026-02-02 17:03:20.266755585","18.5","Bac+5","0.6","A1301","67028","0.0","1","Comp?tences ? r?actualiser sur les outils num?riques. Motivation correcte.","1","1","0.18789394567164072","0.6592597804588837","0.15284627386947558"
"PROD_01091","2026-02-02 17:46:33.111037012","46.5","Bac","4.3","M1802","55584","1.0","0","Profil autonome, recherche active, aucun frein p?riph?rique identifi?.","0","0","0.6753687699213089","0.17892692150083936","0.14570430857785174"
"PROD_01092","2026-02-02 18:29:45.955318439","61.5","Bac","10.1","K1403","19166","1.0","0","Probl?me ponctuel de mobilit? g?ographique. Zone mal desservie.","2","2","0.19667642352265924","0.18623095531196807","0.6170926211653727"
"PROD_01093","2026-02-02 19:12:58.799599867","26.5","Bac","2.6","K1304","15098","1.0","0","Cumul de difficult?s. Pas de moyen de transport et garde d'enfants complexe.","0","0","0.6075633106882837","0.14643804004213617","0.2459986492695801"
"PROD_01094","2026-02-02 19:56:11.643881294","38.5","Bac+5","0.0","G1601","79319","0.0","0","Excellente pr?sentation, comp?tences techniques ? jour. Reprise rapide vis?e.","0","0","0.6489080401204937","0.20137468751920168","0.14971727236030458"
"PROD_01095","2026-02-02 20:39:24.488162721","19.5","Bac","1.2","K1304","29300","1.0","1","Profil autonome, recherche active, aucun frein p?riph?rique identifi?.","0","0","0.6861840583633393","0.1579619446878114","0.1558539969488493"
"PROD_01096","2026-02-02 21:22:37.332444148","62.5","Bac","0.6","N1301","10387","1.0","0","Freins p?riph?riques majeurs. Situation d'illettrisme num?rique constat?e.","1","1","0.16668276468256393","0.6366361620045294","0.19668107331290663"
"PROD_01097","2026-02-02 22:05:50.176725575","52.5","Bac+5","1.6","C1501","39285","1.0","0","Projet de reconversion ? affiner. Besoin d'une formation compl?mentaire.","1","1","0.13333341448781452","0.6772613696510866","0.18940521586109882"
"PROD_01098","2026-02-02 22:49:03.021007002","50.5","Bac+5","2.6","H2502","42322","1.0","0","Profil autonome, recherche active, aucun frein p?riph?rique identifi?.","0","0","0.6861563082035638","0.1465797196818227","0.16726397211461352"
"PROD_01099","2026-02-02 23:32:15.865288429","53.5","Sans dipl?me","0.3","K2111","51027","0.0","0","Perte de confiance importante. Risque d'exclusion, barri?re de la langue.","2","2","0.19215305792614057","0.19396035549718416","0.6138865865766753"
"PROD_01100","2026-02-03 00:15:28.709569857","47.6","Bac","2.8","G1801","62499","1.0","0","Profil autonome, recherche active, aucun frein p?riph?rique identifi?.","0","0","0.6030897352486391","0.19802426482017327","0.19888599993118766"
"PROD_01101","2026-02-03 00:58:41.553851284","41.6","Bac+2","1.1","N4101","61498","0.0","0","Candidat tr?s dynamique, mobilit? nationale valid?e. Projet clair.","1","1","0.21833398234591533","0.6294855576003233","0.1521804600537613"
"PROD_01102","2026-02-03 01:41:54.398132711","19.6","Bac","0.3","D1503","57004","1.0","0","Probl?me ponctuel de mobilit? g?ographique. Zone mal desservie.","1","1","0.18363395461152654","0.6444545591123152","0.17191148627615827"
"PROD_01103","2026-02-03 02:25:07.242414138","24.6","Bac+5","8.4","N4301","10308","1.0","0","Probl?me ponctuel de mobilit? g?ographique. Zone mal desservie.","1","1","0.133088634241393","0.6384855052441756","0.22842586051443137"
"PROD_01104","2026-02-03 03:08:20.086695565","54.6","Bac+2","2.9","C1102","60054","0.0","0","Comp?tences ? r?actualiser sur les outils num?riques. Motivation correcte.","1","1","0.13767654943845364","0.6760812251712455","0.1862422253903009"
"PROD_01105","2026-02-03 03:51:32.930976992","47.6","Bac+5","0.9","K1403","91022","1.0","1","Comp?tences ? r?actualiser sur les outils num?riques. Motivation correcte.","1","1","0.14716879992489826","0.5986720695428528","0.2541591305322489"
"PROD_01106","2026-02-03 04:34:45.775258419","34.6","Bac","7.3","C1110","64211","0.0","0","Excellente pr?sentation, comp?tences techniques ? jour. Reprise rapide vis?e.","0","0","0.6102878894168011","0.18014647785708368","0.2095656327261152"
"PROD_01107","2026-02-03 05:17:58.619539847","62.6","Bac","0.8","K1403","25421","0.0","0","Freins p?riph?riques majeurs. Situation d'illettrisme num?rique constat?e.","1","1","0.13432747600962125","0.6472046900680547","0.21846783392232405"
"PROD_01108","2026-02-03 06:01:11.463821274","41.6","Sans dipl?me","2.5","K1403","83106","0.0","0","Comp?tences ? r?actualiser sur les outils num?riques. Motivation correcte.","1","1","0.160797251106421","0.6357392741379468","0.2034634747556321"
"PROD_01109","2026-02-03 06:44:24.308102701","25.6","Bac+2","0.6","M1806","45097","1.0","0","Excellente pr?sentation, comp?tences techniques ? jour. Reprise rapide vis?e.","0","0","0.6805030500433565","0.12756059410814133","0.19193635584850213"
"PROD_01110","2026-02-03 07:27:37.152384128","22.6","Sans dipl?me","1.3","M1801","70049","1.0","0","Perte de confiance importante. Risque d'exclusion, barri?re de la langue.","2","2","0.15036110923842044","0.22795213822962962","0.6216867525319498"
"PROD_01111","2026-02-03 08:10:49.996665555","40.6","Bac","4.7","C1110","65469","0.0","0","Candidat tr?s dynamique, mobilit? nationale valid?e. Projet clair.","0","0","0.6026468440749545","0.14944121075187838","0.24791194517316711"
"PROD_01112","2026-02-03 08:54:02.840946982","19.6","Bac","0.6","K1201","56228","1.0","0","Profil autonome, recherche active, aucun frein p?riph?rique identifi?.","0","0","0.6417208198299713","0.21724138197215292","0.14103779819787576"
"PROD_01113","2026-02-03 09:37:15.685228409","40.6","Sans dipl?me","0.0","J1301","58078","1.0","0","Candidat tr?s dynamique, mobilit? nationale valid?e. Projet clair.","0","0","0.6162491926676048","0.16488176487113124","0.21886904246126396"
"PROD_01114","2026-02-03 10:20:28.529509837","37.6","Bac+5","7.7","G1302","39021","1.0","0","Profil autonome, recherche active, aucun frein p?riph?rique identifi?.","0","0","0.6528021697323143","0.2185815142181594","0.12861631604952628"
"PROD_01115","2026-02-03 11:03:41.373791264","54.6","Bac+2","3.5","G1801","25415","1.0","0","Projet de reconversion ? affiner. Besoin d'une formation compl?mentaire.","1","1","0.1375308547756558","0.699570151473344","0.16289899375100025"
"PROD_01116","2026-02-03 11:46:54.218072691","31.6","Bac+2","0.0","J1506","18079","0.0","0","Cumul de difficult?s. Pas de moyen de transport et garde d'enfants complexe.","2","2","0.19475145842547079","0.16298909018831176","0.6422594513862174"
"PROD_01117","2026-02-03 12:30:07.062354118","62.6","Bac","3.3","D1210","14027","0.0","0","Probl?me ponctuel de mobilit? g?ographique. Zone mal desservie.","1","1","0.1338408389977453","0.724767978508902","0.1413911824933528"
"PROD_01118","2026-02-03 13:13:19.906635545","50.6","Bac","1.8","G1302","48081","0.0","0","Comp?tences ? r?actualiser sur les outils num?riques. Motivation correcte.","1","1","0.16717442767611246","0.6594405648237398","0.17338500750014774"
"PROD_01119","2026-02-03 13:56:32.750916972","41.6","Bac","1.0","N1101","30289","1.0","0","Comp?tences ? r?actualiser sur les outils num?riques. Motivation correcte.","1","1","0.13161219888121295","0.6253401760666869","0.2430476250521002"
"PROD_01120","2026-02-03 14:39:45.595198399","61.6","Bac","0.7","M1806","91240","0.0","0","Comp?tences ? r?actualiser sur les outils num?riques. Motivation correcte.","2","2","0.22036523165878252","0.1646740380364365","0.614960730304781"
"PROD_01121","2026-02-03 15:22:58.439479827","61.6","Bac+2","1.6","K1201","41140","0.0","0","Freins p?riph?riques majeurs. Situation d'illettrisme num?rique constat?e.","1","1","0.2172367691549098","0.6289689813547302","0.15379424949036002"
"PROD_01122","2026-02-03 16:06:11.283761254","29.6","Sans dipl?me","8.8","N1101","61171","1.0","0","Profil autonome, recherche active, aucun frein p?riph?rique identifi?.","0","0","0.6814308835341748","0.14224841747398384","0.17632069899184136"
"PROD_01123","2026-02-03 16:49:24.128042681","39.6","Sans dipl?me","8.1","J1301","62768","1.0","0","Comp?tences ? r?actualiser sur les outils num?riques. Motivation correcte.","2","2","0.21902005956218318","0.15497901280525903","0.6260009276325578"
"PROD_01124","2026-02-03 17:32:36.972324108","36.6","Sans dipl?me","3.6","H1206","63041","1.0","0","Probl?me ponctuel de mobilit? g?ographique. Zone mal desservie.","1","1","0.1587263985703995","0.6815671896223416","0.15970641180725886"
"PROD_01125","2026-02-03 18:15:49.816605535","55.6","Bac","2.2","H1206","21179","1.0","0","Projet de reconversion ? affiner. Besoin d'une formation compl?mentaire.","1","1","0.1509914329386481","0.6867877166673826","0.16222085039396927"
"PROD_01126","2026-02-03 18:59:02.660886962","53.6","Bac","0.8","M1602","14674","0.0","0","Excellente pr?sentation, comp?tences techniques ? jour. Reprise rapide vis?e.","1","1","0.18658469680788464","0.612646969754324","0.20076833343779144"
"PROD_01127","2026-02-03 19:42:15.505168389","46.6","Bac","0.5","G1801","90086","1.0","0","Comp?tences ? r?actualiser sur les outils num?riques. Motivation correcte.","1","1","0.1542582697716561","0.6760318210526132","0.1697099091757307"
"PROD_01128","2026-02-03 20:25:28.349449817","54.6","Bac","0.1","A1202","63152","1.0","1","Perte de confiance importante. Risque d'exclusion, barri?re de la langue.","2","2","0.1485189122305419","0.17144470639651194","0.6800363813729462"
"PROD_01129","2026-02-03 21:08:41.193731244","48.6","Bac","0.7","K1403","56040","0.0","0","Perte de confiance importante. Risque d'exclusion, barri?re de la langue.","0","0","0.6154747403195637","0.13413823667527516","0.25038702300516114"
"PROD_01130","2026-02-03 21:51:54.038012671","62.6","Bac+2","2.1","G1801","50195","0.0","0","Projet de reconversion ? affiner. Besoin d'une formation compl?mentaire.","1","1","0.15730559116759618","0.6733084561868719","0.1693859526455319"
"PROD_01131","2026-02-03 22:35:06.882294098","34.6","Sans dipl?me","3.0","K1903","38275","0.0","0","Freins p?riph?riques majeurs. Situation d'illettrisme num?rique constat?e.","1","1","0.1340200937158009","0.6404752551600309","0.22550465112416818"
"PROD_01132","2026-02-03 23:18:19.726575525","54.6","Bac","1.4","M1801","27181","1.0","0","Perte de confiance importante. Risque d'exclusion, barri?re de la langue.","2","2","0.14594877195532388","0.21019054867223663","0.6438606793724395"
"PROD_01133","2026-02-04 00:01:32.570856952","53.6","Bac","0.1","H1206","01031","0.0","0","Excellente pr?sentation, comp?tences techniques ? jour. Reprise rapide vis?e.","1","1","0.23343751315195202","0.6324545050423258","0.13410798180572214"
"PROD_01134","2026-02-04 00:44:45.415138379","20.6","Bac+5","2.6","J1506","2B343","1.0","0","Information non renseignee","0","0","0.6432645008541039","0.20843248177785176","0.14830301736804433"
"PROD_01135","2026-02-04 01:27:58.259419807","47.6","Bac","0.1","C1110","23012","1.0","0","Excellente pr?sentation, comp?tences techniques ? jour. Reprise rapide vis?e.","0","0","0.603474016605852","0.24326563110688815","0.15326035228725987"
"PROD_01136","2026-02-04 02:11:11.103701234","50.6","Bac","1.6","K1304","31449","1.0","0","Projet de reconversion ? affiner. Besoin d'une formation compl?mentaire.","1","1","0.137172864391741","0.6318505181720392","0.23097661743621978"
"PROD_01137","2026-02-04 02:54:23.947982661","47.6","Bac+2","0.5","D1503","61423","0.0","1","Cumul de difficult?s. Pas de moyen de transport et garde d'enfants complexe.","1","1","0.20101942731882225","0.6649189024313464","0.1340616702498313"
"PROD_01138","2026-02-04 03:37:36.792264088","59.6","Bac","0.3","M1805","43223","1.0","0","Candidat tr?s dynamique, mobilit? nationale valid?e. Projet clair.","0","0","0.6612982810148489","0.17880898671933693","0.15989273226581419"
"PROD_01139","2026-02-04 04:20:49.636545515","53.6","Bac+5","1.3","H1504","61122","0.0","0","Projet de reconversion ? affiner. Besoin d'une formation compl?mentaire.","1","1","0.2563055248786996","0.6015316643701261","0.14216281075117432"
"PROD_01140","2026-02-04 05:04:02.480826942","26.6","Sans dipl?me","5.3","C1102","11033","0.0","0","Probl?me ponctuel de mobilit? g?ographique. Zone mal desservie.","1","1","0.16111911757125","0.6741748540581208","0.1647060283706292"
"PROD_01141","2026-02-04 05:47:15.325108369","43.6","Sans dipl?me","0.1","K2101","54064","0.0","0","Information non renseignee","1","1","0.18636591612360526","0.6100676826482591","0.20356640122813563"
"PROD_01142","2026-02-04 06:30:28.169389797","62.6","Bac","7.4","K2111","85254","1.0","0","Probl?me ponctuel de mobilit? g?ographique. Zone mal desservie.","1","1","0.12798739267408363","0.7052860307124119","0.16672657661350443"
"PROD_01143","2026-02-04 07:13:41.013671224","52.6","Bac+5","3.3","D1210","85233","1.0","0","Probl?me ponctuel de mobilit? g?ographique. Zone mal desservie.","1","1","0.15748435609495598","0.6878704974756328","0.1546451464294113"
"PROD_01144","2026-02-04 07:56:53.857952651","38.6","Bac+2","2.1","D1502","44176","1.0","0","Profil autonome, recherche active, aucun frein p?riph?rique identifi?.","0","0","0.6444458052824149","0.14604417805756661","0.20951001666001848"
"PROD_01145","2026-02-04 08:40:06.702234078","20.6","Bac+5","3.6","M1602","57519","0.0","0","Information non renseignee","1","1","0.18056086837895524","0.6218904115007228","0.19754872012032199"
"PROD_01146","2026-02-04 09:23:19.546515505","29.6","Bac+5","3.1","J1506","66068","1.0","0","Probl?me ponctuel de mobilit? g?ographique. Zone mal desservie.","0","0","0.6338938560695833","0.2240967563991771","0.14200938753123965"
"PROD_01147","2026-02-04 10:06:32.390796932","57.6","Bac","0.5","A1501","36193","1.0","0","Projet de reconversion ? affiner. Besoin d'une formation compl?mentaire.","1","1","0.20395443685472653","0.6209360208558782","0.17510954228939524"
"PROD_01148","2026-02-04 10:49:45.235078359","46.6","Bac","4.6","A1203","57076","0.0","0","Comp?tences ? r?actualiser sur les outils num?riques. Motivation correcte.","2","2","0.23586226868153704","0.13925995742846056","0.6248777738900024"
"PROD_01149","2026-02-04 11:32:58.079359787","22.6","Bac","10.0","M1501","48187","0.0","1","Probl?me ponctuel de mobilit? g?ographique. Zone mal desservie.","2","2","0.20585649653737637","0.14720037299745867","0.6469431304651649"
"PROD_01150","2026-02-04 12:16:10.923641214","57.6","Bac+2","0.1","C1102","97113","1.0","0","Candidat tr?s dynamique, mobilit? nationale valid?e. Projet clair.","1","1","0.13624110104941822","0.6913352227906928","0.17242367615988896"
"PROD_01151","2026-02-04 12:59:23.767922641","59.6","Sans dipl?me","1.8","N4301","47086","0.0","0","Perte de confiance importante. Risque d'exclusion, barri?re de la langue.","2","2","0.1471714123377321","0.24792134583925388","0.604907241823014"
"PROD_01152","2026-02-04 13:42:36.612204068","21.6","Bac+5","2.5","M1805","01054","0.0","0","Cumul de difficult?s. Pas de moyen de transport et garde d'enfants complexe.","0","0","0.6195480018841243","0.24678068470987768","0.13367131340599803"
"PROD_01153","2026-02-04 14:25:49.456485495","53.6","Bac","0.7","N4301","77085","1.0","0","Probl?me ponctuel de mobilit? g?ographique. Zone mal desservie.","1","1","0.23861791984633618","0.6151686634441834","0.1462134167094804"
"PROD_01154","2026-02-04 15:09:02.300766922","34.6","Sans dipl?me","0.5","A1301","10336","1.0","0","Probl?me ponctuel de mobilit? g?ographique. Zone mal desservie.","1","1","0.17812975707890627","0.632689689965347","0.18918055295574676"
"PROD_01155","2026-02-04 15:52:15.145048349","59.6","Sans dipl?me","1.1","M1805","16203","1.0","0","Probl?me ponctuel de mobilit? g?ographique. Zone mal desservie.","1","1","0.16915579089052823","0.6143629916750332","0.2164812174344386"
"PROD_01156","2026-02-04 16:35:27.989329777","25.6","Bac","3.2","M1602","76079","1.0","0","Perte de confiance importante. Risque d'exclusion, barri?re de la langue.","1","1","0.17626963879119087","0.6862930947518927","0.13743726645691645"
"PROD_01157","2026-02-04 17:18:40.833611204","45.6","Bac+5","7.1","D1502","54208","1.0","0","Candidat tr?s dynamique, mobilit? nationale valid?e. Projet clair.","0","0","0.6479455952187277","0.16160618739451765","0.1904482173867546"
"PROD_01158","2026-02-04 18:01:53.677892631","28.6","Sans dipl?me","5.9","H1206","54289","1.0","0","Information non renseignee","0","0","0.6076778842656766","0.1362737392825062","0.2560483764518172"
"PROD_01159","2026-02-04 18:45:06.522174058","41.6","Sans dipl?me","0.1","G1801","60540","1.0","0","Projet de reconversion ? affiner. Besoin d'une formation compl?mentaire.","0","0","0.6104001324937873","0.2170250261543648","0.17257484135184786"
"PROD_01160","2026-02-04 19:28:19.366455485","32.6","Bac+5","0.9","A1401","71116","0.0","0","Perte de confiance importante. Risque d'exclusion, barri?re de la langue.","2","2","0.14232877086694043","0.1395979877278549","0.7180732414052047"
"PROD_01161","2026-02-04 20:11:32.210736912","24.6","Bac+5","1.2","K1304","65293","1.0","0","Excellente pr?sentation, comp?tences techniques ? jour. Reprise rapide vis?e.","0","0","0.650977054800005","0.1755393716838199","0.1734835735161751"
"PROD_01162","2026-02-04 20:54:45.055018339","20.6","Bac+2","0.5","M1802","47222","1.0","1","Probl?me ponctuel de mobilit? g?ographique. Zone mal desservie.","1","1","0.19777922384964627","0.6566394898913599","0.1455812862589938"
"PROD_01163","2026-02-04 21:37:57.899299767","29.6","Bac+5","3.1","J1506","66068","1.0","0","Probl?me ponctuel de mobilit? g?ographique. Zone mal desservie.","0","0","0.6859258257248904","0.17773484944469098","0.13633932483041866"
"PROD_01164","2026-02-04 22:21:10.743581194","56.6","Sans dipl?me","0.3","D1401","01280","1.0","0","Freins p?riph?riques majeurs. Situation d'illettrisme num?rique constat?e.","2","2","0.21444428309151548","0.13261512955818597","0.6529405873502986"
"PROD_01165","2026-02-04 23:04:23.587862621","22.6","Sans dipl?me","0.6","K2106","80814","0.0","0","Probl?me ponctuel de mobilit? g?ographique. Zone mal desservie.","1","1","0.1369505843398811","0.6142945000469948","0.24875491561312413"
"PROD_01166","2026-02-04 23:47:36.432144048","31.6","Bac","4.1","M1806","07332","1.0","0","Candidat tr?s dynamique, mobilit? nationale valid?e. Projet clair.","0","0","0.6255845758190401","0.17569313567565548","0.19872228850530438"
"PROD_01167","2026-02-05 00:30:49.276425475","52.6","Bac+2","3.7","M1802","25559","1.0","0","Comp?tences ? r?actualiser sur les outils num?riques. Motivation correcte.","1","1","0.26337613567331475","0.6009297612672833","0.135694103059402"
"PROD_01168","2026-02-05 01:14:02.120706902","44.6","Bac","5.7","N4301","55005","0.0","0","Projet de reconversion ? affiner. Besoin d'une formation compl?mentaire.","1","1","0.20730878793251323","0.6214392213749449","0.17125199069254182"
"PROD_01169","2026-02-05 01:57:14.964988329","61.6","Bac","4.7","G1203","54526","1.0","0","Profil autonome, recherche active, aucun frein p?riph?rique identifi?.","0","0","0.6040142109740254","0.14761387796506503","0.24837191106090956"
"PROD_01170","2026-02-05 02:40:27.809269757","41.6","Bac","5.4","C1302","87190","1.0","1","Perte de confiance importante. Risque d'exclusion, barri?re de la langue.","2","2","0.21516435846538173","0.156918149543729","0.6279174919908892"
"PROD_01171","2026-02-05 03:23:40.653551184","32.6","Bac+2","1.3","G1602","54026","1.0","0","Excellente pr?sentation, comp?tences techniques ? jour. Reprise rapide vis?e.","0","0","0.5970567973592289","0.20780093181075554","0.19514227083001556"
"PROD_01172","2026-02-05 04:06:53.497832611","54.6","Sans dipl?me","2.5","W1401","79090","1.0","0","Profil autonome, recherche active, aucun frein p?riph?rique identifi?.","2","2","0.22043634804432607","0.17868009361791304","0.6008835583377609"
"PROD_01173","2026-02-05 04:50:06.342114038","29.6","Bac+5","1.3","D1503","88023","1.0","0","Profil autonome, recherche active, aucun frein p?riph?rique identifi?.","0","0","0.6530794481902675","0.1511521650738641","0.19576838673586838"
"PROD_01174","2026-02-05 05:33:19.186395465","55.6","Bac","8.2","G1203","59192","1.0","0","Cumul de difficult?s. Pas de moyen de transport et garde d'enfants complexe.","2","2","0.19473191052877425","0.142633283142496","0.6626348063287297"
"PROD_01175","2026-02-05 06:16:32.030676892","53.6","Bac+2","1.6","N4301","52219","1.0","0","Freins p?riph?riques majeurs. Situation d'illettrisme num?rique constat?e.","1","1","0.1966204752233276","0.636401723293164","0.16697780148350838"
"PROD_01176","2026-02-05 06:59:44.874958319","34.6","Bac+2","7.5","K1903","11275","0.0","0","Comp?tences ? r?actualiser sur les outils num?riques. Motivation correcte.","1","1","0.16947468823260753","0.6856174138899639","0.14490789787742864"
"PROD_01177","2026-02-05 07:42:57.719239747","41.6","Bac","5.4","H2502","36230","1.0","0","Candidat tr?s dynamique, mobilit? nationale valid?e. Projet clair.","0","0","0.6790666796117995","0.15943166360000605","0.1615016567881945"
"PROD_01178","2026-02-05 08:26:10.563521174","38.6","Bac","0.3","G1203","57631","1.0","0","Freins p?riph?riques majeurs. Situation d'illettrisme num?rique constat?e.","2","2","0.15600553241076803","0.20703014902492384","0.6369643185643081"
"PROD_01179","2026-02-05 09:09:23.407802601","21.6","Bac+2","1.0","G1801","62777","0.0","1","Perte de confiance importante. Risque d'exclusion, barri?re de la langue.","1","1","0.18909668416748496","0.6021043786020722","0.20879893723044285"
"PROD_01180","2026-02-05 09:52:36.252084028","30.6","Bac","0.2","M1806","12099","1.0","0","Profil autonome, recherche active, aucun frein p?riph?rique identifi?.","0","0","0.650499173302522","0.19542708833266936","0.1540737383648086"
"PROD_01181","2026-02-05 10:35:49.096365455","33.6","Sans dipl?me","3.5","H2502","17164","1.0","0","Comp?tences ? r?actualiser sur les outils num?riques. Motivation correcte.","1","1","0.1337893114506848","0.7256362987819915","0.14057438976732373"
"PROD_01182","2026-02-05 11:19:01.940646882","37.6","Bac+5","1.0","A1401","03253","0.0","0","Probl?me ponctuel de mobilit? g?ographique. Zone mal desservie.","0","0","0.6103995787003076","0.17795679118030228","0.21164363011939014"
"PROD_01183","2026-02-05 12:02:14.784928309","46.6","Bac","4.3","M1802","55584","1.0","0","Profil autonome, recherche active, aucun frein p?riph?rique identifi?.","0","0","0.632370155250994","0.14192284811914593","0.22570699662986002"
"PROD_01184","2026-02-05 12:45:27.629209737","56.6","Bac+5","1.6","D1406","02576","1.0","0","Candidat tr?s dynamique, mobilit? nationale valid?e. Projet clair.","0","0","0.6896762199518657","0.15894160119256834","0.15138217885556599"
"PROD_01185","2026-02-05 13:28:40.473491164","19.6","Sans dipl?me","0.1","H1206","06053","1.0","1","Cumul de difficult?s. Pas de moyen de transport et garde d'enfants complexe.","2","2","0.15301281446460893","0.24346677152181967","0.6035204140135715"
"PROD_01186","2026-02-05 14:11:53.317772591","41.6","Bac+2","4.1","A1202","88486","1.0","0","Freins p?riph?riques majeurs. Situation d'illettrisme num?rique constat?e.","1","1","0.16479952129822378","0.6691124196956533","0.1660880590061229"
"PROD_01187","2026-02-05 14:55:06.162054018","62.6","Bac+2","0.5","D1503","66150","1.0","0","Perte de confiance importante. Risque d'exclusion, barri?re de la langue.","2","2","0.12800407720615262","0.17155371794897914","0.7004422048448683"
"PROD_01188","2026-02-05 15:38:19.006335445","49.6","Sans dipl?me","2.8","C1501","77277","1.0","0","Cumul de difficult?s. Pas de moyen de transport et garde d'enfants complexe.","1","1","0.22724958647238033","0.5954194869880837","0.17733092653953597"
"PROD_01189","2026-02-05 16:21:31.850616872","41.6","Bac+2","3.0","J1506","52273","1.0","0","Excellente pr?sentation, comp?tences techniques ? jour. Reprise rapide vis?e.","0","0","0.6510717690402892","0.15360494418632345","0.19532328677338737"
"PROD_01190","2026-02-05 17:04:44.694898299","57.6","Bac+5","12.0","N1303","25209","1.0","0","Probl?me ponctuel de mobilit? g?ographique. Zone mal desservie.","2","2","0.1850058538427171","0.19607400664047886","0.618920139516804"
"PROD_01191","2026-02-05 17:47:57.539179727","52.6","Bac+5","1.4","C1201","40078","1.0","0","Comp?tences ? r?actualiser sur les outils num?riques. Motivation correcte.","1","1","0.2049034472654156","0.6200247007630867","0.17507185197149766"
"PROD_01192","2026-02-05 18:31:10.383461154","43.6","Bac+5","0.4","M1801","21238","1.0","0","Projet de reconversion ? affiner. Besoin d'une formation compl?mentaire.","0","0","0.5964806961687261","0.25472303216559367","0.1487962716656802"
"PROD_01193","2026-02-05 19:14:23.227742581","41.6","Bac+2","9.5","J1506","28407","1.0","0","Excellente pr?sentation, comp?tences techniques ? jour. Reprise rapide vis?e.","0","0","0.6099494236473229","0.18732710483847967","0.20272347151419748"
"PROD_01194","2026-02-05 19:57:36.072024008","54.6","Bac","0.9","N1301","76679","0.0","0","Comp?tences ? r?actualiser sur les outils num?riques. Motivation correcte.","1","1","0.22376992137065405","0.6265860169616889","0.14964406166765698"
"PROD_01195","2026-02-05 20:40:48.916305435","54.6","Sans dipl?me","4.9","A1301","76522","1.0","1","Perte de confiance importante. Risque d'exclusion, barri?re de la langue.","2","2","0.1710108822172876","0.1340800487486307","0.6949090690340818"
"PROD_01196","2026-02-05 21:24:01.760586862","35.6","Bac+2","1.3","J1506","64285","0.0","0","Profil autonome, recherche active, aucun frein p?riph?rique identifi?.","0","0","0.6671043283140311","0.18007064012143745","0.15282503156453145"
"PROD_01197","2026-02-05 22:07:14.604868289","42.6","Bac+2","1.4","A1202","10362","0.0","0","Comp?tences ? r?actualiser sur les outils num?riques. Motivation correcte.","1","1","0.1459755186447339","0.7003452100262497","0.15367927132901638"
"PROD_01198","2026-02-05 22:50:27.449149717","31.6","Bac","1.5","K1403","21389","0.0","0","Profil autonome, recherche active, aucun frein p?riph?rique identifi?.","0","0","0.6165860377807578","0.24651155898944738","0.1369024032297948"
"PROD_01199","2026-02-05 23:33:40.293431144","55.6","Bac","9.7","C1302","57349","1.0","0","Candidat tr?s dynamique, mobilit? nationale valid?e. Projet clair.","2","2","0.24885868540329648","0.15168118113920323","0.5994601334575003"
"PROD_01200","2026-02-06 00:16:53.137712571","30.6","Sans dipl?me","2.2","K1403","11226","1.0","0","Comp?tences ? r?actualiser sur les outils num?riques. Motivation correcte.","1","1","0.13545968038067205","0.6668317051124091","0.1977086145069189"
"PROD_01201","2026-02-06 01:00:05.981993998","36.6","Bac+2","0.7","G1203","72196","1.0","0","Profil autonome, recherche active, aucun frein p?riph?rique identifi?.","1","1","0.17215550739026717","0.6016410216501719","0.22620347095956095"
"PROD_01202","2026-02-06 01:43:18.826275425","36.6","Bac","6.8","H2502","17446","1.0","0","Probl?me ponctuel de mobilit? g?ographique. Zone mal desservie.","1","1","0.22218762747741752","0.6237481249163502","0.15406424760623227"
"PROD_01203","2026-02-06 02:26:31.670556852","37.6","Bac","2.2","C1201","47145","1.0","0","Profil autonome, recherche active, aucun frein p?riph?rique identifi?.","0","0","0.6245970047726567","0.14078228348005753","0.2346207117472858"
"PROD_01204","2026-02-06 03:09:44.514838279","60.6","Bac+2","0.9","G1302","30129","1.0","0","Freins p?riph?riques majeurs. Situation d'illettrisme num?rique constat?e.","1","1","0.1614207520122193","0.6559308697415087","0.182648378246272"
"PROD_01205","2026-02-06 03:52:57.359119707","41.6","Bac","4.3","H1206","02181","1.0","0","Excellente pr?sentation, comp?tences techniques ? jour. Reprise rapide vis?e.","0","0","0.7075209990692221","0.14601885225825517","0.14646014867252277"
"PROD_01206","2026-02-06 04:36:10.203401134","26.6","Bac","0.3","G1602","42306","1.0","1","Probl?me ponctuel de mobilit? g?ographique. Zone mal desservie.","1","1","0.18163451874001832","0.6254076916709169","0.19295778958906473"
"PROD_01207","2026-02-06 05:19:23.047682561","63.6","Bac","8.0","C1302","56167","0.0","0","Projet de reconversion ? affiner. Besoin d'une formation compl?mentaire.","2","2","0.1777069743876426","0.15188811973534047","0.670404905877017"
"PROD_01208","2026-02-06 06:02:35.891963988","43.6","Bac","4.1","A1203","61448","1.0","0","Projet de reconversion ? affiner. Besoin d'une formation compl?mentaire.","1","1","0.14557922596225556","0.5973003395109954","0.25712043452674904"
"PROD_01209","2026-02-06 06:45:48.736245415","42.6","Bac","0.9","K1304","51601","0.0","0","Candidat tr?s dynamique, mobilit? nationale valid?e. Projet clair.","0","0","0.6871448953872821","0.1743870422734553","0.13846806233926262"
"PROD_01210","2026-02-06 07:29:01.580526842","28.6","Bac","1.3","K1201","70368","1.0","0","Profil autonome, recherche active, aucun frein p?riph?rique identifi?.","0","0","0.6011293893305842","0.16180625212248526","0.2370643585469305"
"PROD_01211","2026-02-06 08:12:14.424808269","18.6","Bac+5","3.1","M1203","11324","0.0","1","Projet de reconversion ? affiner. Besoin d'une formation compl?mentaire.","1","1","0.18672458575645806","0.6717037914589956","0.14157162278454627"
"PROD_01212","2026-02-06 08:55:27.269089697","35.6","Sans dipl?me","5.9","K1403","23022","0.0","0","Comp?tences ? r?actualiser sur les outils num?riques. Motivation correcte.","0","0","0.6482487420757804","0.14520070623809564","0.20655055168612393"
"PROD_01213","2026-02-06 09:38:40.113371124","33.6","Bac","1.6","K1304","59243","1.0","0","Perte de confiance importante. Risque d'exclusion, barri?re de la langue.","2","2","0.19141225814803864","0.15552760294706733","0.653060138904894"
"PROD_01214","2026-02-06 10:21:52.957652551","50.6","Bac+2","7.5","N1301","70136","0.0","0","Candidat tr?s dynamique, mobilit? nationale valid?e. Projet clair.","0","0","0.6173548066369309","0.13671733200426325","0.24592786135880587"
"PROD_01215","2026-02-06 11:05:05.801933978","46.6","Bac+5","1.1","A1501","70061","1.0","0","Profil autonome, recherche active, aucun frein p?riph?rique identifi?.","0","0","0.6966773056532306","0.15688180996998233","0.14644088437678707"
"PROD_01216","2026-02-06 11:48:18.646215405","22.6","Bac","4.4","N1303","54312","1.0","0","Perte de confiance importante. Risque d'exclusion, barri?re de la langue.","0","0","0.7063275578605329","0.13509648829386278","0.1585759538456043"
"PROD_01217","2026-02-06 12:31:31.490496832","59.6","Bac","1.3","H1206","13081","0.0","0","Probl?me ponctuel de mobilit? g?ographique. Zone mal desservie.","1","1","0.1532139932954481","0.6952981919308872","0.1514878147736647"
"PROD_01218","2026-02-06 13:14:44.334778259","62.6","Bac+2","7.6","H1504","21291","1.0","0","Profil autonome, recherche active, aucun frein p?riph?rique identifi?.","1","1","0.1684875159811951","0.6399180008623744","0.19159448315643046"
"PROD_01219","2026-02-06 13:57:57.179059687","29.6","Bac","1.7","M1802","07104","1.0","0","Projet de reconversion ? affiner. Besoin d'une formation compl?mentaire.","1","1","0.19670168844284877","0.6107446353914486","0.19255367616570263"
"PROD_01220","2026-02-06 14:41:10.023341114","59.6","Bac","2.9","K2111","76537","1.0","0","Cumul de difficult?s. Pas de moyen de transport et garde d'enfants complexe.","1","1","0.19216024213205876","0.6654184880030483","0.142421269864893"
"PROD_01221","2026-02-06 15:24:22.867622541","54.6","Bac+5","4.1","K1304","10065","1.0","0","Comp?tences ? r?actualiser sur les outils num?riques. Motivation correcte.","0","0","0.6362899864173233","0.15556068294670186","0.20814933063597488"
"PROD_01222","2026-02-06 16:07:35.711903968","37.6","Sans dipl?me","5.8","C1110","67060","0.0","1","Freins p?riph?riques majeurs. Situation d'illettrisme num?rique constat?e.","2","2","0.16732260716762684","0.15686132473369777","0.6758160680986754"
"PROD_01223","2026-02-06 16:50:48.556185395","30.6","Bac","15.8","N4301","47071","0.0","0","Probl?me ponctuel de mobilit? g?ographique. Zone mal desservie.","1","1","0.15431667484198525","0.6003021795469425","0.24538114561107216"
"PROD_01224","2026-02-06 17:34:01.400466822","20.6","Bac+2","1.0","K2106","24222","0.0","0","Freins p?riph?riques majeurs. Situation d'illettrisme num?rique constat?e.","0","0","0.6243627192166445","0.13394983381027473","0.24168744697308073"
"PROD_01225","2026-02-06 18:17:14.244748249","25.6","Bac","0.8","M1602","51174","0.0","1","Profil autonome, recherche active, aucun frein p?riph?rique identifi?.","1","1","0.17671249187582563","0.6066410131726985","0.21664649495147592"
"PROD_01226","2026-02-06 19:00:27.089029677","36.6","Bac","2.1","D1406","63122","1.0","1","Perte de confiance importante. Risque d'exclusion, barri?re de la langue.","1","1","0.13684946743528156","0.6857224167191677","0.17742811584555074"
"PROD_01227","2026-02-06 19:43:39.933311104","36.6","Bac","6.8","H2502","17446","1.0","0","Probl?me ponctuel de mobilit? g?ographique. Zone mal desservie.","1","1","0.17075691432011308","0.6271826094576813","0.20206047622220558"
"PROD_01228","2026-02-06 20:26:52.777592531","29.6","Bac","5.7","C1302","54244","1.0","0","Freins p?riph?riques majeurs. Situation d'illettrisme num?rique constat?e.","0","0","0.6517662143474579","0.14882178016316053","0.19941200548938162"
"PROD_01229","2026-02-06 21:10:05.621873958","41.6","Bac","9.1","K1601","70275","1.0","0","Cumul de difficult?s. Pas de moyen de transport et garde d'enfants complexe.","2","2","0.15739066663142232","0.2229243971212071","0.6196849362473706"
"PROD_01230","2026-02-06 21:53:18.466155385","18.6","Bac+2","1.7","G1602","22186","0.0","0","Profil autonome, recherche active, aucun frein p?riph?rique identifi?.","0","0","0.630435982798688","0.19207551027070557","0.17748850693060647"
"PROD_01231","2026-02-06 22:36:31.310436812","28.6","Bac","1.4","D1401","41051","1.0","0","Cumul de difficult?s. Pas de moyen de transport et garde d'enfants complexe.","0","0","0.6562938303515077","0.18091815835408934","0.16278801129440298"
"PROD_01232","2026-02-06 23:19:44.154718239","38.6","Bac","0.2","D1210","27309","0.0","0","Candidat tr?s dynamique, mobilit? nationale valid?e. Projet clair.","0","0","0.6664830196646849","0.14433691513551794","0.18918006519979713"
"PROD_01233","2026-02-07 00:02:56.998999667","46.6","Bac","0.0","I1304","52184","0.0","0","Profil autonome, recherche active, aucun frein p?riph?rique identifi?.","0","0","0.6686699128366284","0.19956652704773872","0.13176356011563292"
"PROD_01234","2026-02-07 00:46:09.843281094","49.6","Bac+5","1.5","K2101","57625","0.0","0","Information non renseignee","0","0","0.624787213212703","0.2113749959832263","0.16383779080407068"
"PROD_01235","2026-02-07 01:29:22.687562521","63.6","Bac","1.0","M1805","21084","1.0","0","Projet de reconversion ? affiner. Besoin d'une formation compl?mentaire.","1","1","0.21213014346214906","0.6267279364730879","0.16114192006476302"
"PROD_01236","2026-02-07 02:12:35.531843948","41.6","Bac","1.5","M1607","89277","1.0","1","Excellente pr?sentation, comp?tences techniques ? jour. Reprise rapide vis?e.","1","1","0.13817396252824451","0.7314263485734493","0.1303996888983061"
"PROD_01237","2026-02-07 02:55:48.376125375","47.6","Bac","3.3","C1501","59385","0.0","0","Profil autonome, recherche active, aucun frein p?riph?rique identifi?.","2","2","0.1622927320494987","0.15549162609629594","0.6822156418542054"
"PROD_01238","2026-02-07 03:39:01.220406802","21.6","Bac","1.3","M1607","29292","0.0","0","Cumul de difficult?s. Pas de moyen de transport et garde d'enfants complexe.","1","1","0.14222644384771327","0.7018958400199525","0.15587771613233425"
"PROD_01239","2026-02-07 04:22:14.064688229","52.6","Bac","4.4","G1601","22160","0.0","0","Freins p?riph?riques majeurs. Situation d'illettrisme num?rique constat?e.","2","2","0.16365302459277253","0.18792473768538254","0.6484222377218449"
"PROD_01240","2026-02-07 05:05:26.908969657","47.6","Sans dipl?me","0.4","K2106","44162","0.0","0","Freins p?riph?riques majeurs. Situation d'illettrisme num?rique constat?e.","2","2","0.13342336076617642","0.23948218420747233","0.6270944550263512"
"PROD_01241","2026-02-07 05:48:39.753251084","42.6","Bac","3.0","M1203","36168","1.0","0","Profil autonome, recherche active, aucun frein p?riph?rique identifi?.","0","0","0.6620400877272343","0.18831016762812403","0.14964974464464165"
"PROD_01242","2026-02-07 06:31:52.597532511","42.6","Bac","0.9","K1304","51601","0.0","0","Candidat tr?s dynamique, mobilit? nationale valid?e. Projet clair.","0","0","0.7289834318847043","0.13439131009373298","0.13662525802156275"
"PROD_01243","2026-02-07 07:15:05.441813938","25.6","Bac+2","0.2","G1203","10140","1.0","0","Projet de reconversion ? affiner. Besoin d'une formation compl?mentaire.","1","1","0.14585320446742978","0.6745300744683441","0.1796167210642261"
"PROD_01244","2026-02-07 07:58:18.286095365","59.6","Bac","2.4","M1705","54032","1.0","0","Freins p?riph?riques majeurs. Situation d'illettrisme num?rique constat?e.","1","1","0.22701810915825268","0.6287130330222207","0.14426885781952659"
"PROD_01245","2026-02-07 08:41:31.130376792","52.6","Bac","0.8","N1101","57293","1.0","0","Information non renseignee","1","1","0.2059211875153117","0.6164089897643596","0.1776698227203286"
"PROD_01246","2026-02-07 09:24:43.974658219","42.6","Bac+5","1.2","I1304","21474","1.0","0","Freins p?riph?riques majeurs. Situation d'illettrisme num?rique constat?e.","0","0","0.6589631528152423","0.2119634018612067","0.12907344532355097"
"PROD_01247","2026-02-07 10:07:56.818939647","41.6","Bac","3.4","I1304","50370","0.0","0","Candidat tr?s dynamique, mobilit? nationale valid?e. Projet clair.","0","0","0.647798223627065","0.22096820936614447","0.13123356700679056"
"PROD_01248","2026-02-07 10:51:09.663221074","42.6","Bac+2","7.4","K1304","55493","1.0","0","Excellente pr?sentation, comp?tences techniques ? jour. Reprise rapide vis?e.","0","0","0.6636765437820841","0.1466264241116043","0.18969703210631164"
"PROD_01249","2026-02-07 11:34:22.507502501","46.6","Bac+2","3.3","N4101","95042","0.0","0","Perte de confiance importante. Risque d'exclusion, barri?re de la langue.","2","2","0.24144817312223604","0.13826621389078436","0.6202856129869796"
"PROD_01250","2026-02-07 12:17:35.351783928","55.6","Bac+2","4.3","N1301","89119","1.0","0","Perte de confiance importante. Risque d'exclusion, barri?re de la langue.","1","1","0.23526247149797722","0.622309285961983","0.14242824254003983"
"PROD_01251","2026-02-07 13:00:48.196065355","50.6","Sans dipl?me","0.5","H2502","21196","1.0","0","Profil autonome, recherche active, aucun frein p?riph?rique identifi?.","0","0","0.6614975981411853","0.15945248247623356","0.1790499193825812"
"PROD_01252","2026-02-07 13:44:01.040346782","50.6","Bac+2","7.4","N1301","70136","0.0","0","Candidat tr?s dynamique, mobilit? nationale valid?e. Projet clair.","0","0","0.6243788457504961","0.13177970957255133","0.2438414446769526"
"PROD_01253","2026-02-07 14:27:13.884628209","54.6","Bac+2","2.3","F1603","51316","1.0","0","Projet de reconversion ? affiner. Besoin d'une formation compl?mentaire.","1","1","0.1873518901631097","0.6268708806563832","0.1857772291805071"
"PROD_01254","2026-02-07 15:10:26.728909637","59.6","Bac","2.9","K2111","76537","1.0","0","Cumul de difficult?s. Pas de moyen de transport et garde d'enfants complexe.","1","1","0.1541402706418929","0.6466340706983427","0.1992256586597645"
"PROD_01255","2026-02-07 15:53:39.573191064","49.6","Sans dipl?me","1.4","C1302","61387","0.0","0","Perte de confiance importante. Risque d'exclusion, barri?re de la langue.","2","2","0.1330323761122047","0.2659507674382551","0.6010168564495402"
"PROD_01256","2026-02-07 16:36:52.417472491","53.6","Bac","7.0","A1501","97116","1.0","0","Excellente pr?sentation, comp?tences techniques ? jour. Reprise rapide vis?e.","0","0","0.6016393815967178","0.2467232352820876","0.1516373831211946"
"PROD_01257","2026-02-07 17:20:05.261753918","29.6","Bac+2","2.6","M1607","71386","1.0","0","Comp?tences ? r?actualiser sur les outils num?riques. Motivation correcte.","1","1","0.24176174008748297","0.6039016538049572","0.15433660610755984"
"PROD_01258","2026-02-07 18:03:18.106035345","52.6","Bac","3.7","H1206","71015","1.0","0","Probl?me ponctuel de mobilit? g?ographique. Zone mal desservie.","1","1","0.15048252577203935","0.6170609279247081","0.23245654630325252"
"PROD_01259","2026-02-07 18:46:30.950316772","50.6","Bac+2","0.1","A1301","30270","1.0","0","Comp?tences ? r?actualiser sur les outils num?riques. Motivation correcte.","1","1","0.17402057444693717","0.6816276368695944","0.14435178868346843"
"PROD_01260","2026-02-07 19:29:43.794598199","28.6","Sans dipl?me","0.7","D1502","64519","0.0","0","Comp?tences ? r?actualiser sur les outils num?riques. Motivation correcte.","1","1","0.26071627296831906","0.6035826173663698","0.13570110966531124"
"PROD_01261","2026-02-07 20:12:56.638879627","22.6","Bac+5","9.0","G1602","60412","1.0","0","Comp?tences ? r?actualiser sur les outils num?riques. Motivation correcte.","1","1","0.1410642073425497","0.6648066330034178","0.19412915965403255"
"PROD_01262","2026-02-07 20:56:09.483161054","53.6","Sans dipl?me","2.0","M1602","01017","1.0","0","Perte de confiance importante. Risque d'exclusion, barri?re de la langue.","2","2","0.15082290607703766","0.2179344066330921","0.6312426872898702"
"PROD_01263","2026-02-07 21:39:22.327442481","33.6","Bac","1.4","M1501","62849","0.0","0","Probl?me ponctuel de mobilit? g?ographique. Zone mal desservie.","1","1","0.17543542428146794","0.6595627946243441","0.16500178109418795"
"PROD_01264","2026-02-07 22:22:35.171723908","30.6","Bac+2","0.1","A1202","97126","1.0","0","Cumul de difficult?s. Pas de moyen de transport et garde d'enfants complexe.","2","2","0.2068101362193057","0.1842761344574682","0.6089137293232261"
"PROD_01265","2026-02-07 23:05:48.016005335","26.6","Bac","1.7","C1201","76455","1.0","0","Profil autonome, recherche active, aucun frein p?riph?rique identifi?.","0","0","0.6504548717925084","0.1556522592151006","0.19389286899239103"
"PROD_01266","2026-02-07 23:49:00.860286762","32.6","Bac","2.3","C1110","08063","1.0","0","Excellente pr?sentation, comp?tences techniques ? jour. Reprise rapide vis?e.","0","0","0.6087236976364906","0.19728485297621176","0.19399144938729765"
"PROD_01267","2026-02-08 00:32:13.704568189","37.6","Bac","7.1","C1102","08185","0.0","0","Excellente pr?sentation, comp?tences techniques ? jour. Reprise rapide vis?e.","0","0","0.6703316850653213","0.19536627573421633","0.1343020392004624"
"PROD_01268","2026-02-08 01:15:26.548849617","52.6","Bac","1.5","K1601","65351","0.0","1","Projet de reconversion ? affiner. Besoin d'une formation compl?mentaire.","2","2","0.13083515903543555","0.20775928467418703","0.6614055562903774"
"PROD_01269","2026-02-08 01:58:39.393131044","39.6","Bac+2","0.6","A1401","09261","1.0","0","Cumul de difficult?s. Pas de moyen de transport et garde d'enfants complexe.","0","0","0.6565788768163692","0.16703931508514136","0.17638180809848947"
"PROD_01270","2026-02-08 02:41:52.237412471","20.6","Bac+2","1.6","M1607","38050","1.0","1","Perte de confiance importante. Risque d'exclusion, barri?re de la langue.","2","2","0.19655447705830917","0.18321186469865802","0.6202336582430328"
"PROD_01271","2026-02-08 03:25:05.081693898","50.6","Bac","2.5","G1302","62313","0.0","0","Comp?tences ? r?actualiser sur les outils num?riques. Motivation correcte.","2","2","0.1586663527335533","0.14164824247813254","0.6996854047883141"
"PROD_01272","2026-02-08 04:08:17.925975325","62.6","Bac","7.3","K2111","85254","1.0","0","Probl?me ponctuel de mobilit? g?ographique. Zone mal desservie.","1","1","0.13391374910732365","0.6116286601724303","0.254457590720246"
"PROD_01273","2026-02-08 04:51:30.770256752","46.6","Bac+2","3.4","M1801","61386","0.0","0","Projet de reconversion ? affiner. Besoin d'une formation compl?mentaire.","1","1","0.2309164024239033","0.6250263790788273","0.14405721849726938"
"PROD_01274","2026-02-08 05:34:43.614538179","58.6","Sans dipl?me","0.6","K2101","45051","1.0","0","Perte de confiance importante. Risque d'exclusion, barri?re de la langue.","2","2","0.2654446058236697","0.1334088598684705","0.6011465343078598"
"PROD_01275","2026-02-08 06:17:56.458819607","35.6","Bac+2","1.3","J1506","64285","1.0","0","Profil autonome, recherche active, aucun frein p?riph?rique identifi?.","0","0","0.6101422083943603","0.19635746506664314","0.19350032653899657"
"PROD_01276","2026-02-08 07:01:09.303101034","63.6","Bac","3.7","I1304","02633","1.0","0","Probl?me ponctuel de mobilit? g?ographique. Zone mal desservie.","1","1","0.16810666936671168","0.6346433032362819","0.19725002739700637"
"PROD_01277","2026-02-08 07:44:22.147382461","31.6","Bac+2","0.4","A1401","57093","0.0","0","Projet de reconversion ? affiner. Besoin d'une formation compl?mentaire.","1","1","0.18946723485472636","0.6327599627615197","0.17777280238375393"
"PROD_01278","2026-02-08 08:27:34.991663888","47.6","Bac","4.8","G1601","89049","1.0","0","Candidat tr?s dynamique, mobilit? nationale valid?e. Projet clair.","0","0","0.6616416489614866","0.20214679938845062","0.1362115516500628"
"PROD_01279","2026-02-08 09:10:47.835945315","46.6","Bac","1.3","A1202","34225","1.0","0","Comp?tences ? r?actualiser sur les outils num?riques. Motivation correcte.","1","1","0.15940941270949036","0.599247977934238","0.2413426093562716"
"PROD_01280","2026-02-08 09:54:00.680226742","24.6","Bac","5.5","K2101","11418","0.0","0","Perte de confiance importante. Risque d'exclusion, barri?re de la langue.","1","1","0.15264842051295618","0.6227306927147632","0.22462088677228065"
"PROD_01281","2026-02-08 10:37:13.524508169","37.6","Bac","0.2","M1203","41116","1.0","1","Comp?tences ? r?actualiser sur les outils num?riques. Motivation correcte.","1","1","0.2017618770653574","0.6319389589186034","0.16629916401603917"
"PROD_01282","2026-02-08 11:20:26.368789597","32.6","Bac","1.5","D1401","81016","1.0","0","Candidat tr?s dynamique, mobilit? nationale valid?e. Projet clair.","0","0","0.6501532142992992","0.21410835494881433","0.1357384307518865"
"PROD_01283","2026-02-08 12:03:39.213071024","23.6","Bac+5","1.8","K1403","80390","0.0","0","Cumul de difficult?s. Pas de moyen de transport et garde d'enfants complexe.","0","0","0.6377199475543159","0.14879417924738342","0.21348587319830065"
"PROD_01284","2026-02-08 12:46:52.057352451","29.6","Sans dipl?me","3.0","M1607","72373","1.0","0","Cumul de difficult?s. Pas de moyen de transport et garde d'enfants complexe.","2","2","0.12906921057385753","0.206198657847254","0.6647321315788884"
"PROD_01285","2026-02-08 13:30:04.901633878","44.6","Bac+5","0.7","K1403","07007","0.0","0","Candidat tr?s dynamique, mobilit? nationale valid?e. Projet clair.","0","0","0.6629966905260556","0.15338962273994178","0.18361368673400263"
"PROD_01286","2026-02-08 14:13:17.745915305","53.6","Bac+5","3.8","M1602","86279","1.0","0","Profil autonome, recherche active, aucun frein p?riph?rique identifi?.","1","1","0.20967689254246943","0.6125819047663701","0.17774120269116045"
"PROD_01287","2026-02-08 14:56:30.590196732","35.6","Sans dipl?me","2.3","K2111","71528","1.0","1","Comp?tences ? r?actualiser sur les outils num?riques. Motivation correcte.","2","2","0.22204461375135426","0.1625502332287389","0.6154051530199067"
"PROD_01288","2026-02-08 15:39:43.434478159","59.6","Bac+5","1.0","M1501","71137","0.0","1","Cumul de difficult?s. Pas de moyen de transport et garde d'enfants complexe.","2","2","0.2514922892825187","0.13692201016179","0.6115857005556913"
"PROD_01289","2026-02-08 16:22:56.278759587","21.6","Bac","1.0","K1201","51296","1.0","0","Profil autonome, recherche active, aucun frein p?riph?rique identifi?.","0","0","0.6191453599419977","0.13746969277480234","0.24338494728319995"
"PROD_01290","2026-02-08 17:06:09.123041014","60.6","Bac+2","3.0","D1503","76613","0.0","0","Freins p?riph?riques majeurs. Situation d'illettrisme num?rique constat?e.","1","1","0.13998783484090557","0.639895772239279","0.22011639291981544"
"PROD_01291","2026-02-08 17:49:21.967322441","40.6","Bac+2","3.4","I1304","31419","0.0","0","Profil autonome, recherche active, aucun frein p?riph?rique identifi?.","0","0","0.717579169580851","0.15037760205894973","0.13204322836019927"
"PROD_01292","2026-02-08 18:32:34.811603868","29.6","Sans dipl?me","11.0","G1601","80827","1.0","0","Freins p?riph?riques majeurs. Situation d'illettrisme num?rique constat?e.","2","2","0.22741850328690394","0.1513345631933976","0.6212469335196984"
"PROD_01293","2026-02-08 19:15:47.655885295","41.6","Bac","1.4","M1607","89277","1.0","1","Excellente pr?sentation, comp?tences techniques ? jour. Reprise rapide vis?e.","1","1","0.2090831631497717","0.647716110118936","0.14320072673129225"
"PROD_01294","2026-02-08 19:59:00.500166722","55.6","Bac+5","3.4","J1301","52290","0.0","1","Comp?tences ? r?actualiser sur les outils num?riques. Motivation correcte.","1","1","0.26715918326054244","0.6004236212146344","0.13241719552482312"
"PROD_01295","2026-02-08 20:42:13.344448149","31.6","Bac","0.5","K2111","25249","0.0","0","Candidat tr?s dynamique, mobilit? nationale valid?e. Projet clair.","0","0","0.5970563987271768","0.14778787766148777","0.2551557236113355"
"PROD_01296","2026-02-08 21:25:26.188729577","58.6","Bac+2","0.5","G1203","11434","0.0","0","Comp?tences ? r?actualiser sur les outils num?riques. Motivation correcte.","1","1","0.2132307163302469","0.5959761617828729","0.19079312188688013"
"PROD_01297","2026-02-08 22:08:39.033011004","41.6","Bac","0.8","G1602","69100","0.0","0","Profil autonome, recherche active, aucun frein p?riph?rique identifi?.","0","0","0.6691597646990675","0.17224320174014202","0.15859703356079052"
"PROD_01298","2026-02-08 22:51:51.877292431","57.6","Bac","3.0","M1805","34242","1.0","0","Probl?me ponctuel de mobilit? g?ographique. Zone mal desservie.","1","1","0.16003696725543673","0.7008463140125301","0.13911671873203324"
"PROD_01299","2026-02-08 23:35:04.721573858","31.6","Bac+2","3.2","M1501","11272","1.0","0","Cumul de difficult?s. Pas de moyen de transport et garde d'enfants complexe.","1","1","0.18579935819767143","0.5952237063143926","0.21897693548793595"
"PROD_01300","2026-02-09 00:18:17.565855285","54.7","Bac","1.9","I1304","61159","0.0","0","Comp?tences ? r?actualiser sur les outils num?riques. Motivation correcte.","0","0","0.6677993353747772","0.18480886245189684","0.14739180217332595"
"PROD_01301","2026-02-09 01:01:30.410136712","28.7","Bac+2","9.8","A1202","70536","0.0","0","Perte de confiance importante. Risque d'exclusion, barri?re de la langue.","2","2","0.16786045726933568","0.204223288375506","0.6279162543551584"
"PROD_01302","2026-02-09 01:44:43.254418139","25.7","Bac+2","4.2","W1401","21631","1.0","1","Excellente pr?sentation, comp?tences techniques ? jour. Reprise rapide vis?e.","0","0","0.5963608382044387","0.23415671153524473","0.16948245026031653"
"PROD_01303","2026-02-09 02:27:56.098699567","24.7","Bac","1.4","G1801","58174","0.0","0","Comp?tences ? r?actualiser sur les outils num?riques. Motivation correcte.","1","1","0.1295319680416134","0.7379818530821044","0.13248617887628222"
"PROD_01304","2026-02-09 03:11:08.942980994","46.7","Bac+5","0.1","D1502","17442","1.0","0","Candidat tr?s dynamique, mobilit? nationale valid?e. Projet clair.","0","0","0.7095819697411295","0.1597010386216205","0.13071699163724998"
"PROD_01305","2026-02-09 03:54:21.787262421","43.7","Bac+2","3.3","G1302","02717","1.0","0","Profil autonome, recherche active, aucun frein p?riph?rique identifi?.","1","1","0.22984383041249268","0.608159741669442","0.16199642791806534"
"PROD_01306","2026-02-09 04:37:34.631543848","20.7","Bac","0.3","G1602","07138","1.0","0","Cumul de difficult?s. Pas de moyen de transport et garde d'enfants complexe.","1","1","0.2500572812330635","0.6133345886222832","0.13660813014465334"
"PROD_01307","2026-02-09 05:20:47.475825275","63.7","Sans dipl?me","1.3","N1303","55330","0.0","0","Perte de confiance importante. Risque d'exclusion, barri?re de la langue.","2","2","0.22289423457002516","0.14940269349509328","0.6277030719348816"
"PROD_01308","2026-02-09 06:04:00.320106702","57.7","Bac","3.6","D1406","86098","0.0","0","Perte de confiance importante. Risque d'exclusion, barri?re de la langue.","2","2","0.203414956636973","0.14841661378048113","0.648168429582546"
"PROD_01309","2026-02-09 06:47:13.164388129","51.7","Bac","6.4","J1301","47228","1.0","0","Probl?me ponctuel de mobilit? g?ographique. Zone mal desservie.","1","1","0.22693118687162805","0.6376431347464737","0.13542567838189823"
"PROD_01310","2026-02-09 07:30:26.008669557","58.7","Bac+2","1.0","G1801","66101","0.0","0","Information non renseignee","2","2","0.15448454840878606","0.23293418216574405","0.61258126942547"
"PROD_01311","2026-02-09 08:13:38.852950984","55.7","Bac+5","4.1","A1301","62760","1.0","0","Candidat tr?s dynamique, mobilit? nationale valid?e. Projet clair.","0","0","0.6232058454335279","0.24046612301569006","0.13632803155078208"
"PROD_01312","2026-02-09 08:56:51.697232411","42.7","Bac+2","5.3","F1603","17100","0.0","0","Probl?me ponctuel de mobilit? g?ographique. Zone mal desservie.","1","1","0.16780062841684934","0.697569302937507","0.13463006864564364"
"PROD_01313","2026-02-09 09:40:04.541513838","32.7","Bac+2","2.2","K2106","19280","0.0","1","Freins p?riph?riques majeurs. Situation d'illettrisme num?rique constat?e.","1","1","0.21255274038861116","0.6487573504248805","0.13868990918650836"
"PROD_01314","2026-02-09 10:23:17.385795265","28.7","Bac+2","0.3","G1602","80622","0.0","0","Candidat tr?s dynamique, mobilit? nationale valid?e. Projet clair.","0","0","0.655192096467401","0.18612218277345755","0.1586857207591415"
"PROD_01315","2026-02-09 11:06:30.230076692","49.7","Bac","6.6","H2502","16217","1.0","0","Freins p?riph?riques majeurs. Situation d'illettrisme num?rique constat?e.","0","0","0.6931631922551259","0.15313225454727536","0.15370455319759874"
"PROD_01316","2026-02-09 11:49:43.074358119","41.7","Bac","5.6","H2502","38018","1.0","0","Profil autonome, recherche active, aucun frein p?riph?rique identifi?.","0","0","0.6228074111073969","0.18445273767311682","0.19273985121948628"
"PROD_01317","2026-02-09 12:32:55.918639547","30.7","Sans dipl?me","0.5","D1503","51596","0.0","0","Freins p?riph?riques majeurs. Situation d'illettrisme num?rique constat?e.","2","2","0.1584988819368106","0.18623280403075654","0.6552683140324329"
"PROD_01318","2026-02-09 13:16:08.762920974","57.7","Bac+5","1.4","I1304","57311","0.0","0","Freins p?riph?riques majeurs. Situation d'illettrisme num?rique constat?e.","2","2","0.17640527400056258","0.21746981134965676","0.6061249146497807"
"PROD_01319","2026-02-09 13:59:21.607202401","28.7","Bac","11.2","D1210","54335","0.0","0","Probl?me ponctuel de mobilit? g?ographique. Zone mal desservie.","1","1","0.20607435349784275","0.6281699843714933","0.16575566213066395"
"PROD_01320","2026-02-09 14:42:34.451483828","35.7","Bac+2","2.3","C1302","58265","1.0","0","Freins p?riph?riques majeurs. Situation d'illettrisme num?rique constat?e.","0","0","0.6843040577482569","0.1807927169620448","0.13490322528969834"
"PROD_01321","2026-02-09 15:25:47.295765255","26.7","Bac","1.3","A1501","46262","0.0","0","Candidat tr?s dynamique, mobilit? nationale valid?e. Projet clair.","0","0","0.6324666256722505","0.14595250322945408","0.22158087109829538"
"PROD_01322","2026-02-09 16:09:00.140046682","42.7","Bac+2","5.0","D1406","24277","0.0","0","Comp?tences ? r?actualiser sur les outils num?riques. Motivation correcte.","0","0","0.6423652323089054","0.21539344633836","0.1422413213527346"
"PROD_01323","2026-02-09 16:52:12.984328109","41.7","Sans dipl?me","4.8","G1302","53211","1.0","0","Projet de reconversion ? affiner. Besoin d'une formation compl?mentaire.","1","1","0.15811265560712215","0.630425286021394","0.2114620583714838"
"PROD_01324","2026-02-09 17:35:25.828609537","52.7","Bac+5","1.4","K2106","17397","1.0","0","Freins p?riph?riques majeurs. Situation d'illettrisme num?rique constat?e.","2","2","0.17288075847189457","0.189742362292127","0.6373768792359784"
"PROD_01325","2026-02-09 18:18:38.672890964","53.7","Bac+5","2.6","N1101","95348","1.0","0","Candidat tr?s dynamique, mobilit? nationale valid?e. Projet clair.","0","0","0.6702323177166926","0.14992552520631136","0.17984215707699608"
"PROD_01326","2026-02-09 19:01:51.517172391","63.7","Bac+5","1.2","J1301","61445","1.0","0","Probl?me ponctuel de mobilit? g?ographique. Zone mal desservie.","0","0","0.613442460104293","0.22772425223698897","0.158833287658718"
"PROD_01327","2026-02-09 19:45:04.361453818","49.7","Sans dipl?me","1.4","C1302","61387","0.0","0","Perte de confiance importante. Risque d'exclusion, barri?re de la langue.","2","2","0.18224682212433765","0.15172881869546923","0.6660243591801931"
"PROD_01328","2026-02-09 20:28:17.205735245","24.7","Bac","3.9","K2111","58207","1.0","0","Excellente pr?sentation, comp?tences techniques ? jour. Reprise rapide vis?e.","0","0","0.6169320745915742","0.218584232079824","0.16448369332860183"
"PROD_01329","2026-02-09 21:11:30.050016672","43.7","Bac+2","2.4","K1903","19043","0.0","0","Projet de reconversion ? affiner. Besoin d'une formation compl?mentaire.","1","1","0.21827340698416764","0.6006340390232652","0.18109255399256718"
"PROD_01330","2026-02-09 21:54:42.894298099","39.7","Bac+5","1.6","C1501","23224","0.0","0","Candidat tr?s dynamique, mobilit? nationale valid?e. Projet clair.","0","0","0.6997015484679191","0.13532444898246748","0.16497400254961342"
"PROD_01331","2026-02-09 22:37:55.738579527","25.7","Sans dipl?me","1.6","G1302","22068","1.0","0","Probl?me ponctuel de mobilit? g?ographique. Zone mal desservie.","1","1","0.2636190628425459","0.6063248883665563","0.13005604879089783"
"PROD_01332","2026-02-09 23:21:08.582860954","27.7","Bac","1.2","W1401","18040","0.0","0","Comp?tences ? r?actualiser sur les outils num?riques. Motivation correcte.","1","1","0.1706541074658383","0.6064857096576003","0.2228601828765614"
"PROD_01333","2026-02-10 00:04:21.427142381","40.7","Bac","11.6","K1201","72144","1.0","0","Probl?me ponctuel de mobilit? g?ographique. Zone mal desservie.","1","1","0.22670321567411797","0.6184174274929524","0.15487935683292964"
"PROD_01334","2026-02-10 00:47:34.271423808","34.7","Bac+5","1.3","C1501","45042","1.0","1","Cumul de difficult?s. Pas de moyen de transport et garde d'enfants complexe.","2","2","0.13673799859665994","0.22599169076465822","0.6372703106386819"
"PROD_01335","2026-02-10 01:30:47.115705235","38.7","Bac","1.8","N4101","09009","1.0","0","Freins p?riph?riques majeurs. Situation d'illettrisme num?rique constat?e.","0","0","0.6995664969123438","0.13846863132631979","0.16196487176133637"
"PROD_01336","2026-02-10 02:13:59.959986662","57.7","Sans dipl?me","0.1","C1102","35125","1.0","0","Profil autonome, recherche active, aucun frein p?riph?rique identifi?.","2","2","0.14468785094199466","0.21829499369737257","0.6370171553606327"
"PROD_01337","2026-02-10 02:57:12.804268089","63.7","Bac","3.8","J1506","08110","0.0","0","Candidat tr?s dynamique, mobilit? nationale valid?e. Projet clair.","0","0","0.61529850305767","0.23116503134513622","0.1535364655971938"
"PROD_01338","2026-02-10 03:40:25.648549517","55.7","Bac+5","4.5","A1203","18176","1.0","0","Comp?tences ? r?actualiser sur les outils num?riques. Motivation correcte.","1","1","0.13447863625303674","0.7231329257386739","0.14238843800828926"
"PROD_01339","2026-02-10 04:23:38.492830944","42.7","Bac+2","1.8","G1601","45173","1.0","0","Probl?me ponctuel de mobilit? g?ographique. Zone mal desservie.","0","0","0.6427551543396038","0.14248553885291662","0.21475930680747954"
"PROD_01340","2026-02-10 05:06:51.337112371","38.7","Bac","3.5","M1805","56043","1.0","0","Profil autonome, recherche active, aucun frein p?riph?rique identifi?.","0","0","0.6036053228431074","0.18074986780237542","0.21564480935451716"
"PROD_01341","2026-02-10 05:50:04.181393798","38.7","Bac+2","2.5","H1206","68044","1.0","0","Candidat tr?s dynamique, mobilit? nationale valid?e. Projet clair.","1","1","0.17533325206830497","0.6399118283277702","0.18475491960392487"
"PROD_01342","2026-02-10 06:33:17.025675225","38.7","Sans dipl?me","0.0","D1210","67348","1.0","0","Probl?me ponctuel de mobilit? g?ographique. Zone mal desservie.","1","1","0.13641454907128966","0.7024450102702182","0.1611404406584921"
"PROD_01343","2026-02-10 07:16:29.869956652","52.7","Bac","4.1","H2502","58085","1.0","0","Comp?tences ? r?actualiser sur les outils num?riques. Motivation correcte.","1","1","0.15947785890266541","0.6193475780919349","0.22117456300539973"
"PROD_01344","2026-02-10 07:59:42.714238079","27.7","Bac+2","2.1","N4301","21629","1.0","0","Freins p?riph?riques majeurs. Situation d'illettrisme num?rique constat?e.","2","2","0.14687087082210007","0.14981491635127792","0.7033142128266221"
"PROD_01345","2026-02-10 08:42:55.558519507","22.7","Bac","0.4","M1203","55051","1.0","0","Excellente pr?sentation, comp?tences techniques ? jour. Reprise rapide vis?e.","1","1","0.14742627517427698","0.6818675355691419","0.1707061892565811"
"PROD_01346","2026-02-10 09:26:08.402800934","23.7","Bac+2","4.0","A1401","72048","1.0","0","Comp?tences ? r?actualiser sur les outils num?riques. Motivation correcte.","1","1","0.17750970502246516","0.6185046538997636","0.20398564107777117"
"PROD_01347","2026-02-10 10:09:21.247082361","63.7","Bac+2","3.0","A1401","85266","1.0","0","Comp?tences ? r?actualiser sur les outils num?riques. Motivation correcte.","1","1","0.13656104479112371","0.7168886067281418","0.14655034848073445"
"PROD_01348","2026-02-10 10:52:34.091363788","23.7","Bac","0.8","D1503","10059","1.0","0","Profil autonome, recherche active, aucun frein p?riph?rique identifi?.","1","1","0.18861944336645586","0.6232929820344972","0.1880875745990469"
"PROD_01349","2026-02-10 11:35:46.935645215","47.7","Bac","2.9","M1203","11021","1.0","0","Perte de confiance importante. Risque d'exclusion, barri?re de la langue.","2","2","0.20301744427587023","0.15206846864340634","0.6449140870807235"
"PROD_01350","2026-02-10 12:18:59.779926642","32.7","Bac","0.6","A1401","71248","1.0","0","Cumul de difficult?s. Pas de moyen de transport et garde d'enfants complexe.","1","1","0.1535501238568539","0.7012648315879143","0.14518504455523173"
"PROD_01351","2026-02-10 13:02:12.624208069","41.7","Bac","0.5","N1101","15146","1.0","0","Comp?tences ? r?actualiser sur les outils num?riques. Motivation correcte.","0","0","0.6536222068187845","0.2186253741408632","0.12775241904035234"
"PROD_01352","2026-02-10 13:45:25.468489497","21.7","Bac","3.2","G1801","39126","1.0","0","Perte de confiance importante. Risque d'exclusion, barri?re de la langue.","1","1","0.1662869803516537","0.6289318548903196","0.20478116475802677"
"PROD_01353","2026-02-10 14:28:38.312770924","38.7","Bac+5","3.2","I1304","60146","0.0","0","Comp?tences ? r?actualiser sur les outils num?riques. Motivation correcte.","0","0","0.6184847600141375","0.20256127791148312","0.17895396207437933"
"PROD_01354","2026-02-10 15:11:51.157052351","34.7","Bac","0.5","M1607","88500","1.0","1","Candidat tr?s dynamique, mobilit? nationale valid?e. Projet clair.","2","2","0.1970327903439742","0.15032514495791652","0.6526420646981094"
"PROD_01355","2026-02-10 15:55:04.001333778","31.7","Sans dipl?me","0.5","K1601","27453","1.0","0","Projet de reconversion ? affiner. Besoin d'une formation compl?mentaire.","1","1","0.13433341240251895","0.7310060232703299","0.13466056432715112"
"PROD_01356","2026-02-10 16:38:16.845615205","41.7","Bac+2","4.2","M1805","38483","1.0","0","Probl?me ponctuel de mobilit? g?ographique. Zone mal desservie.","1","1","0.15899513144855426","0.6791784741527094","0.16182639439873636"
"PROD_01357","2026-02-10 17:21:29.689896632","54.7","Bac+5","4.2","A1401","17137","1.0","0","Probl?me ponctuel de mobilit? g?ographique. Zone mal desservie.","1","1","0.16175330751552722","0.6977722361336934","0.14047445635077938"
"PROD_01358","2026-02-10 18:04:42.534178059","41.7","Bac+2","1.0","M1802","01374","1.0","0","Excellente pr?sentation, comp?tences techniques ? jour. Reprise rapide vis?e.","0","0","0.6035451303730193","0.1588702976298863","0.23758457199709443"
"PROD_01359","2026-02-10 18:47:55.378459487","23.7","Bac+5","0.1","H2502","21043","1.0","1","Excellente pr?sentation, comp?tences techniques ? jour. Reprise rapide vis?e.","1","1","0.20824967085053991","0.6488719162757156","0.14287841287374448"
"PROD_01360","2026-02-10 19:31:08.222740914","50.7","Bac+5","5.8","G1601","45316","1.0","0","Candidat tr?s dynamique, mobilit? nationale valid?e. Projet clair.","0","0","0.6472782137790161","0.18305312295447024","0.1696686632665137"
"PROD_01361","2026-02-10 20:14:21.067022341","37.7","Bac+2","1.9","M1806","50251","1.0","0","Candidat tr?s dynamique, mobilit? nationale valid?e. Projet clair.","0","0","0.6658440675733014","0.19984502133081183","0.13431091109588678"
"PROD_01362","2026-02-10 20:57:33.911303768","56.7","Bac+5","2.7","C1110","14534","1.0","0","Freins p?riph?riques majeurs. Situation d'illettrisme num?rique constat?e.","2","2","0.16492518730201","0.2207071640214567","0.6143676486765333"
"PROD_01363","2026-02-10 21:40:46.755585195","48.7","Bac+2","3.3","H1206","81164","1.0","0","Comp?tences ? r?actualiser sur les outils num?riques. Motivation correcte.","1","1","0.13448952214832155","0.6427239823353351","0.22278649551634333"
"PROD_01364","2026-02-10 22:23:59.599866622","51.7","Bac+2","0.2","K1601","04197","1.0","0","Candidat tr?s dynamique, mobilit? nationale valid?e. Projet clair.","1","1","0.13426341114649454","0.6209239287612199","0.24481266009228553"
"PROD_01365","2026-02-10 23:07:12.444148049","31.7","Bac","2.4","H1504","50059","0.0","1","Excellente pr?sentation, comp?tences techniques ? jour. Reprise rapide vis?e.","0","0","0.685949702859638","0.1593323934967512","0.15471790364361082"
"PROD_01366","2026-02-10 23:50:25.288429477","51.7","Bac","5.6","D1401","88482","1.0","1","Freins p?riph?riques majeurs. Situation d'illettrisme num?rique constat?e.","2","2","0.2218549217601926","0.1722502832412371","0.6058947949985702"
"PROD_01367","2026-02-11 00:33:38.132710904","41.7","Bac+5","2.0","K2101","02389","1.0","0","Probl?me ponctuel de mobilit? g?ographique. Zone mal desservie.","1","1","0.22114496525560287","0.6388835225653899","0.13997151217900716"
"PROD_01368","2026-02-11 01:16:50.976992331","19.7","Sans dipl?me","1.5","A1301","10424","0.0","0","Comp?tences ? r?actualiser sur les outils num?riques. Motivation correcte.","1","1","0.1545641698029637","0.6308435630855367","0.2145922671114996"
"PROD_01369","2026-02-11 02:00:03.821273758","41.7","Bac+2","4.6","K2106","61426","0.0","0","Comp?tences ? r?actualiser sur les outils num?riques. Motivation correcte.","0","0","0.6018518848095872","0.258045302381116","0.14010281280929682"
"PROD_01370","2026-02-11 02:43:16.665555185","45.7","Bac","2.3","A1401","35123","1.0","0","Excellente pr?sentation, comp?tences techniques ? jour. Reprise rapide vis?e.","1","1","0.19051323159978506","0.6213244236860203","0.18816234471419468"
"PROD_01371","2026-02-11 03:26:29.509836612","41.7","Sans dipl?me","1.3","C1501","88461","1.0","0","Projet de reconversion ? affiner. Besoin d'une formation compl?mentaire.","1","1","0.14057989447176558","0.6993967810121371","0.16002332451609735"
"PROD_01372","2026-02-11 04:09:42.354118039","39.7","Bac+2","1.6","C1501","23224","0.0","0","Candidat tr?s dynamique, mobilit? nationale valid?e. Projet clair.","0","0","0.689420327650843","0.17572532362291132","0.13485434872624563"
"PROD_01373","2026-02-11 04:52:55.198399467","56.7","Bac+5","1.6","D1406","02576","1.0","0","Candidat tr?s dynamique, mobilit? nationale valid?e. Projet clair.","0","0","0.6820069837074894","0.16442424616524123","0.1535687701272694"
"PROD_01374","2026-02-11 05:36:08.042680894","53.7","Bac","2.2","M1805","77455","0.0","0","Probl?me ponctuel de mobilit? g?ographique. Zone mal desservie.","1","1","0.18964062204978813","0.6234158866189004","0.1869434913313115"
"PROD_01375","2026-02-11 06:19:20.886962321","44.7","Sans dipl?me","6.6","K2111","58070","1.0","0","Comp?tences ? r?actualiser sur les outils num?riques. Motivation correcte.","1","1","0.22451973795261876","0.6010844933364515","0.17439576871092977"
"PROD_01376","2026-02-11 07:02:33.731243748","27.7","Bac","0.6","A1202","2A228","1.0","0","Cumul de difficult?s. Pas de moyen de transport et garde d'enfants complexe.","1","1","0.18741939656524456","0.6712756683753996","0.14130493505935582"
"PROD_01377","2026-02-11 07:45:46.575525175","41.7","Bac+5","1.1","H1206","16189","1.0","0","Perte de confiance importante. Risque d'exclusion, barri?re de la langue.","0","0","0.6463177318211375","0.1629549531706302","0.1907273150082323"
"PROD_01378","2026-02-11 08:28:59.419806602","18.7","Bac+5","0.6","A1301","67028","0.0","1","Comp?tences ? r?actualiser sur les outils num?riques. Motivation correcte.","1","1","0.18765898281342594","0.6693745497684568","0.14296646741811725"
"PROD_01379","2026-02-11 09:12:12.264088029","51.7","Bac+2","0.9","C1201","17486","0.0","0","Freins p?riph?riques majeurs. Situation d'illettrisme num?rique constat?e.","2","2","0.15944792522596324","0.2383050299693737","0.6022470448046631"
"PROD_01380","2026-02-11 09:55:25.108369457","36.7","Bac+2","1.0","J1506","63297","1.0","1","Excellente pr?sentation, comp?tences techniques ? jour. Reprise rapide vis?e.","0","0","0.6819518188607231","0.14724596907912554","0.17080221206015136"
"PROD_01381","2026-02-11 10:38:37.952650884","43.7","Bac+2","4.0","A1203","61448","1.0","0","Projet de reconversion ? affiner. Besoin d'une formation compl?mentaire.","1","1","0.2624442584612908","0.6026618977446423","0.13489384379406688"
"PROD_01382","2026-02-11 11:21:50.796932311","63.7","Bac","1.0","M1805","21084","1.0","0","Projet de reconversion ? affiner. Besoin d'une formation compl?mentaire.","1","1","0.26136812418553923","0.5981623954117806","0.14046948040268015"
"PROD_01383","2026-02-11 12:05:03.641213738","27.7","Sans dipl?me","2.7","K1403","32381","1.0","0","Cumul de difficult?s. Pas de moyen de transport et garde d'enfants complexe.","1","1","0.19562280402186172","0.6622002355723593","0.14217696040577898"
"PROD_01384","2026-02-11 12:48:16.485495165","50.7","Bac","4.0","I1304","10288","1.0","0","Candidat tr?s dynamique, mobilit? nationale valid?e. Projet clair.","0","0","0.6862624546072194","0.18546791919483419","0.12826962619794646"
"PROD_01385","2026-02-11 13:31:29.329776592","29.7","Bac","0.3","D1406","33097","1.0","0","Candidat tr?s dynamique, mobilit? nationale valid?e. Projet clair.","0","0","0.5954036436856539","0.24251915243381497","0.16207720388053112"
"PROD_01386","2026-02-11 14:14:42.174058019","34.7","Bac+2","2.5","C1110","51095","0.0","0","Probl?me ponctuel de mobilit? g?ographique. Zone mal desservie.","0","0","0.6536556854710797","0.12956599347588207","0.21677832105303826"
"PROD_01387","2026-02-11 14:57:55.018339447","42.7","Bac+2","7.4","K1304","55493","1.0","0","Excellente pr?sentation, comp?tences techniques ? jour. Reprise rapide vis?e.","0","0","0.6501345949698581","0.20088150795885848","0.14898389707128337"
"PROD_01388","2026-02-11 15:41:07.862620874","22.7","Bac+5","7.5","K1201","10317","1.0","1","Projet de reconversion ? affiner. Besoin d'une formation compl?mentaire.","1","1","0.13085363060613936","0.6088162329878453","0.2603301364060153"
"PROD_01389","2026-02-11 16:24:20.706902301","50.7","Bac","0.8","M1805","21396","0.0","0","Information non renseignee","0","0","0.6740687204034523","0.13286005485014846","0.1930712247463992"
"PROD_01390","2026-02-11 17:07:33.551183728","54.7","Bac","2.9","C1102","60054","0.0","0","Comp?tences ? r?actualiser sur les outils num?riques. Motivation correcte.","1","1","0.16231458457411702","0.7073655124800783","0.13031990294580476"
"PROD_01391","2026-02-11 17:50:46.395465155","48.7","Bac+2","0.2","H1206","10056","1.0","0","Comp?tences ? r?actualiser sur les outils num?riques. Motivation correcte.","0","0","0.6583995377500863","0.20618482738797517","0.13541563486193853"
"PROD_01392","2026-02-11 18:33:59.239746582","26.7","Bac","2.3","N4101","65068","1.0","0","Comp?tences ? r?actualiser sur les outils num?riques. Motivation correcte.","1","1","0.14426176682293365","0.6498292072321765","0.2059090259448898"
"PROD_01393","2026-02-11 19:17:12.084028009","39.7","Bac","6.8","F1603","01026","0.0","0","Comp?tences ? r?actualiser sur les outils num?riques. Motivation correcte.","1","1","0.1763036960489626","0.6398893650817666","0.1838069388692708"
"PROD_01394","2026-02-11 20:00:24.928309437","49.7","Bac","6.8","I1304","02124","1.0","0","Excellente pr?sentation, comp?tences techniques ? jour. Reprise rapide vis?e.","0","0","0.6318996979990233","0.1339669847754761","0.23413331722550054"
"PROD_01395","2026-02-11 20:43:37.772590864","35.7","Bac+2","0.4","W1401","71410","1.0","0","Candidat tr?s dynamique, mobilit? nationale valid?e. Projet clair.","1","1","0.14902963919860004","0.6558440612816372","0.1951262995197628"
"PROD_01396","2026-02-11 21:26:50.616872291","52.7","Sans dipl?me","11.0","K2101","89261","0.0","0","Candidat tr?s dynamique, mobilit? nationale valid?e. Projet clair.","2","2","0.19195218088070548","0.19311149136432357","0.614936327754971"
"PROD_01397","2026-02-11 22:10:03.461153718","19.7","Bac","2.9","K1201","58104","1.0","0","Freins p?riph?riques majeurs. Situation d'illettrisme num?rique constat?e.","0","0","0.7133718322718718","0.1354045381634778","0.15122362956465035"
"PROD_01398","2026-02-11 22:53:16.305435145","21.7","Bac+2","1.0","G1801","62777","0.0","1","Perte de confiance importante. Risque d'exclusion, barri?re de la langue.","1","1","0.13346800345377094","0.6355698290444166","0.23096216750181242"
"PROD_01399","2026-02-11 23:36:29.149716572","51.7","Bac","0.4","J1301","66109","1.0","0","Comp?tences ? r?actualiser sur les outils num?riques. Motivation correcte.","1","1","0.15925424530755142","0.676359108714491","0.1643866459779576"
"PROD_01400","2026-02-12 00:19:41.993997999","32.7","Bac+5","1.7","C1110","52203","0.0","0","Candidat tr?s dynamique, mobilit? nationale valid?e. Projet clair.","0","0","0.6451629549123606","0.16954220893540237","0.185294836152237"
"PROD_01401","2026-02-12 01:02:54.838279427","54.7","Bac+5","1.3","H1206","55374","1.0","1","Projet de reconversion ? affiner. Besoin d'une formation compl?mentaire.","1","1","0.18452342091226986","0.6744151154637402","0.14106146362398986"
"PROD_01402","2026-02-12 01:46:07.682560854","45.7","Bac+5","1.2","M1607","34311","0.0","0","Candidat tr?s dynamique, mobilit? nationale valid?e. Projet clair.","0","0","0.603732580428056","0.1457052158942656","0.2505622036776784"
"PROD_01403","2026-02-12 02:29:20.526842281","48.7","Sans dipl?me","1.6","H2502","61080","1.0","0","Probl?me ponctuel de mobilit? g?ographique. Zone mal desservie.","1","1","0.1906297223878801","0.6251140042024765","0.18425627340964335"
"PROD_01404","2026-02-12 03:12:33.371123708","29.7","Bac+5","1.3","D1503","88023","1.0","0","Profil autonome, recherche active, aucun frein p?riph?rique identifi?.","0","0","0.6523550396570047","0.20489777070942983","0.14274718963356547"
"PROD_01405","2026-02-12 03:55:46.215405135","45.7","Sans dipl?me","1.2","M1805","29104","0.0","0","Projet de reconversion ? affiner. Besoin d'une formation compl?mentaire.","1","1","0.13194658420658462","0.6791739011367369","0.18887951465667852"
"PROD_01406","2026-02-12 04:38:59.059686562","60.7","Sans dipl?me","2.9","N4301","60142","1.0","0","Cumul de difficult?s. Pas de moyen de transport et garde d'enfants complexe.","2","2","0.15386531261923","0.20321640346236394","0.6429182839184061"
"PROD_01407","2026-02-12 05:22:11.903967989","48.7","Bac+2","2.1","J1506","26255","1.0","0","Probl?me ponctuel de mobilit? g?ographique. Zone mal desservie.","0","0","0.702788294936169","0.16154810246183837","0.13566360260199262"
"PROD_01408","2026-02-12 06:05:24.748249417","60.7","Bac","0.2","A1203","63359","1.0","0","Probl?me ponctuel de mobilit? g?ographique. Zone mal desservie.","1","1","0.13118714851739613","0.6526436710229241","0.2161691804596798"
"PROD_01409","2026-02-12 06:48:37.592530844","49.7","Bac","1.3","K1601","02540","1.0","1","Perte de confiance importante. Risque d'exclusion, barri?re de la langue.","2","2","0.21726069980155108","0.155593541011598","0.627145759186851"
"PROD_01410","2026-02-12 07:31:50.436812271","60.7","Bac+2","0.4","F1603","42153","1.0","0","Excellente pr?sentation, comp?tences techniques ? jour. Reprise rapide vis?e.","1","1","0.1372590916945092","0.6695189778960172","0.19322193040947355"
"PROD_01411","2026-02-12 08:15:03.281093698","54.7","Bac","3.3","N1303","46157","1.0","0","Comp?tences ? r?actualiser sur les outils num?riques. Motivation correcte.","1","1","0.19751590980428668","0.6278939872999415","0.17459010289577181"
"PROD_01412","2026-02-12 08:58:16.125375125","20.7","Bac+2","1.1","D1210","74164","0.0","0","Comp?tences ? r?actualiser sur les outils num?riques. Motivation correcte.","1","1","0.13616542464777084","0.7335009455342332","0.130333629817996"
"PROD_01413","2026-02-12 09:41:28.969656552","18.7","Sans dipl?me","12.3","M1203","45087","1.0","0","Comp?tences ? r?actualiser sur les outils num?riques. Motivation correcte.","1","1","0.26060745276072805","0.6082324843630187","0.13116006287625326"
"PROD_01414","2026-02-12 10:24:41.813937979","30.7","Sans dipl?me","0.6","G1601","14032","1.0","0","Freins p?riph?riques majeurs. Situation d'illettrisme num?rique constat?e.","1","1","0.13332482899557752","0.7051103769569458","0.1615647940474767"
"PROD_01415","2026-02-12 11:07:54.658219406","62.7","Bac","1.2","N1301","63304","1.0","0","Probl?me ponctuel de mobilit? g?ographique. Zone mal desservie.","0","0","0.5952713703451686","0.2028563178479438","0.20187231180688756"
"PROD_01416","2026-02-12 11:51:07.502500834","22.7","Bac+2","2.6","D1406","54170","1.0","1","Profil autonome, recherche active, aucun frein p?riph?rique identifi?.","1","1","0.22219255208947253","0.6221312210365472","0.1556762268739803"
"PROD_01417","2026-02-12 12:34:20.346782261","25.7","Bac+5","0.5","C1110","89098","1.0","0","Probl?me ponctuel de mobilit? g?ographique. Zone mal desservie.","0","0","0.6087532880217265","0.15039522660066637","0.24085148537760717"
"PROD_01418","2026-02-12 13:17:33.191063688","32.7","Bac+2","3.4","C1302","11408","0.0","0","Excellente pr?sentation, comp?tences techniques ? jour. Reprise rapide vis?e.","0","0","0.6638154430096807","0.14388008509350875","0.1923044718968106"
"PROD_01419","2026-02-12 14:00:46.035345115","47.7","Bac+5","0.1","G1801","21581","0.0","0","Perte de confiance importante. Risque d'exclusion, barri?re de la langue.","0","0","0.7267812033537067","0.13708471242512882","0.13613408422116452"
"PROD_01420","2026-02-12 14:43:58.879626542","39.7","Bac+2","1.9","G1801","53181","1.0","0","Projet de reconversion ? affiner. Besoin d'une formation compl?mentaire.","1","1","0.13271400695871718","0.7323738237155364","0.13491216932574646"
"PROD_01421","2026-02-12 15:27:11.723907969","44.7","Bac+2","0.5","K1403","65412","1.0","0","Cumul de difficult?s. Pas de moyen de transport et garde d'enfants complexe.","1","1","0.22986962620288237","0.6396690947039984","0.13046127909311933"
"PROD_01422","2026-02-12 16:10:24.568189396","51.7","Bac","0.3","J1301","55007","0.0","0","Probl?me ponctuel de mobilit? g?ographique. Zone mal desservie.","0","0","0.655063106061876","0.1933120162941224","0.1516248776440016"
"PROD_01423","2026-02-12 16:53:37.412470824","29.7","Bac+2","1.4","G1601","62148","0.0","0","Excellente pr?sentation, comp?tences techniques ? jour. Reprise rapide vis?e.","0","0","0.6660011982022782","0.19297186749118017","0.14102693430654162"
"PROD_01424","2026-02-12 17:36:50.256752251","42.7","Bac+2","3.4","N1101","63109","1.0","0","Projet de reconversion ? affiner. Besoin d'une formation compl?mentaire.","0","0","0.670130270301821","0.18252386381807592","0.14734586588010304"
"PROD_01425","2026-02-12 18:20:03.101033678","18.7","Bac+5","0.7","D1406","57412","1.0","0","Probl?me ponctuel de mobilit? g?ographique. Zone mal desservie.","0","0","0.6080292445743405","0.19659737883863712","0.1953733765870224"
"PROD_01426","2026-02-12 19:03:15.945315105","39.7","Bac","4.3","M1607","74040","0.0","0","Probl?me ponctuel de mobilit? g?ographique. Zone mal desservie.","1","1","0.2183435924663467","0.6100383869081579","0.17161802062549536"
"PROD_01427","2026-02-12 19:46:28.789596532","28.7","Sans dipl?me","0.3","G1602","80622","0.0","0","Candidat tr?s dynamique, mobilit? nationale valid?e. Projet clair.","0","0","0.6912589318007598","0.13878697264653422","0.16995409555270596"
"PROD_01428","2026-02-12 20:29:41.633877959","27.7","Bac+5","7.1","N4101","77227","0.0","0","Excellente pr?sentation, comp?tences techniques ? jour. Reprise rapide vis?e.","0","0","0.605304916186859","0.1782940195614811","0.2164010642516599"
"PROD_01429","2026-02-12 21:12:54.478159386","41.7","Bac","0.5","M1802","06076","1.0","1","Probl?me ponctuel de mobilit? g?ographique. Zone mal desservie.","1","1","0.22221488960587438","0.6046662753140181","0.1731188350801075"
"PROD_01430","2026-02-12 21:56:07.322440814","39.7","Sans dipl?me","1.5","A1202","25164","1.0","0","Cumul de difficult?s. Pas de moyen de transport et garde d'enfants complexe.","1","1","0.20597738331504067","0.643768101569809","0.1502545151151503"
"PROD_01431","2026-02-12 22:39:20.166722241","41.7","Bac+2","1.5","A1501","55266","1.0","0","Candidat tr?s dynamique, mobilit? nationale valid?e. Projet clair.","0","0","0.6539660454882221","0.20388300454562236","0.14215094996615552"
"PROD_01432","2026-02-12 23:22:33.011003668","26.7","Bac+5","6.3","N1303","76109","1.0","0","Projet de reconversion ? affiner. Besoin d'une formation compl?mentaire.","0","0","0.6207329244955248","0.15850116456851418","0.22076591093596107"
"PROD_01433","2026-02-13 00:05:45.855285095","23.7","Bac","1.3","K1403","76052","0.0","0","Candidat tr?s dynamique, mobilit? nationale valid?e. Projet clair.","0","0","0.612444473179665","0.1548052337322586","0.2327502930880764"
"PROD_01434","2026-02-13 00:48:58.699566522","23.7","Sans dipl?me","1.9","M1203","76302","0.0","0","Freins p?riph?riques majeurs. Situation d'illettrisme num?rique constat?e.","2","2","0.22504574522228243","0.13477007944874508","0.6401841753289724"
"PROD_01435","2026-02-13 01:32:11.543847949","59.7","Bac+5","1.0","M1501","71137","0.0","1","Cumul de difficult?s. Pas de moyen de transport et garde d'enfants complexe.","2","2","0.21980970691661003","0.1488101223847866","0.6313801706986033"
"PROD_01436","2026-02-13 02:15:24.388129376","30.7","Bac+2","1.7","M1806","06036","1.0","0","Profil autonome, recherche active, aucun frein p?riph?rique identifi?.","0","0","0.676343495299167","0.15108040490363694","0.17257609979719601"
"PROD_01437","2026-02-13 02:58:37.232410804","53.7","Bac+2","0.7","J1506","70176","1.0","1","Probl?me ponctuel de mobilit? g?ographique. Zone mal desservie.","1","1","0.14070077584154392","0.7056587044594173","0.1536405196990388"
"PROD_01438","2026-02-13 03:41:50.076692231","51.7","Bac","2.7","M1806","16359","1.0","0","Probl?me ponctuel de mobilit? g?ographique. Zone mal desservie.","1","1","0.22887007747960064","0.6247833316691789","0.14634659085122048"
"PROD_01439","2026-02-13 04:25:02.920973658","23.7","Bac+2","6.8","D1210","65447","1.0","0","Probl?me ponctuel de mobilit? g?ographique. Zone mal desservie.","1","1","0.15214120166895606","0.6446154150445392","0.2032433832865047"
"PROD_01440","2026-02-13 05:08:15.765255085","34.7","Bac+5","0.8","G1602","14646","0.0","0","Freins p?riph?riques majeurs. Situation d'illettrisme num?rique constat?e.","0","0","0.598840244371091","0.13162475805341528","0.26953499757549376"
"PROD_01441","2026-02-13 05:51:28.609536512","63.7","Bac","1.0","M1602","27514","1.0","0","Probl?me ponctuel de mobilit? g?ographique. Zone mal desservie.","2","2","0.2075781425521539","0.17421913394164606","0.6182027235062"
"PROD_01442","2026-02-13 06:34:41.453817939","18.7","Bac","3.2","K2106","17242","0.0","0","Candidat tr?s dynamique, mobilit? nationale valid?e. Projet clair.","0","0","0.6710572720789547","0.1539491359798175","0.1749935919412278"
"PROD_01443","2026-02-13 07:17:54.298099366","48.7","Bac","0.9","M1802","62585","1.0","0","Cumul de difficult?s. Pas de moyen de transport et garde d'enfants complexe.","0","0","0.6002076727295781","0.20884509432277631","0.1909472329476456"
"PROD_01444","2026-02-13 08:01:07.142380794","59.7","Bac+2","0.8","D1503","02655","1.0","0","Comp?tences ? r?actualiser sur les outils num?riques. Motivation correcte.","2","2","0.17255936429707447","0.19955644634297393","0.6278841893599516"
"PROD_01445","2026-02-13 08:44:19.986662221","18.7","Bac","6.7","G1302","34248","1.0","0","Probl?me ponctuel de mobilit? g?ographique. Zone mal desservie.","1","1","0.13772054033935252","0.6232089958876791","0.23907046377296837"
"PROD_01446","2026-02-13 09:27:32.830943648","49.7","Bac+5","5.6","G1601","65065","1.0","0","Perte de confiance importante. Risque d'exclusion, barri?re de la langue.","0","0","0.6754707036715787","0.1579088573439566","0.1666204389844647"
"PROD_01447","2026-02-13 10:10:45.675225075","19.7","Bac","6.5","D1406","29295","1.0","0","Comp?tences ? r?actualiser sur les outils num?riques. Motivation correcte.","1","1","0.20244467382842796","0.6028302019141957","0.19472512425737631"
"PROD_01448","2026-02-13 10:53:58.519506502","37.7","Bac","0.2","M1203","41116","1.0","1","Comp?tences ? r?actualiser sur les outils num?riques. Motivation correcte.","1","1","0.1424918498926382","0.6693400067631713","0.18816814334419052"
"PROD_01449","2026-02-13 11:37:11.363787929","41.7","Bac+2","1.0","M1802","01374","1.0","0","Excellente pr?sentation, comp?tences techniques ? jour. Reprise rapide vis?e.","0","0","0.6694941364051925","0.17676635810238864","0.15373950549241885"
"PROD_01450","2026-02-13 12:20:24.208069356","27.7","Bac+5","3.2","N4101","55343","1.0","0","Information non renseignee","0","0","0.686013641873895","0.1426719139432901","0.17131444418281488"
"PROD_01451","2026-02-13 13:03:37.052350784","52.7","Bac","4.4","G1601","22160","0.0","0","Freins p?riph?riques majeurs. Situation d'illettrisme num?rique constat?e.","2","2","0.1463739346811313","0.21275932347181686","0.640866741847052"
"PROD_01452","2026-02-13 13:46:49.896632211","20.7","Bac","1.3","K1903","60636","0.0","0","Candidat tr?s dynamique, mobilit? nationale valid?e. Projet clair.","0","0","0.6371013452881638","0.15133654787542805","0.2115621068364082"
"PROD_01453","2026-02-13 14:30:02.740913638","53.7","Bac","1.2","K1601","68385","1.0","0","Probl?me ponctuel de mobilit? g?ographique. Zone mal desservie.","1","1","0.21341930043737603","0.6207328882498319","0.16584781131279214"
"PROD_01454","2026-02-13 15:13:15.585195065","25.7","Bac+5","3.6","G1601","04173","0.0","0","Comp?tences ? r?actualiser sur les outils num?riques. Motivation correcte.","1","1","0.13003885550281702","0.6362076751869311","0.23375346931025187"
"PROD_01455","2026-02-13 15:56:28.429476492","41.7","Bac+5","0.0","A1301","11028","1.0","0","Candidat tr?s dynamique, mobilit? nationale valid?e. Projet clair.","0","0","0.621249770709965","0.21050151612232","0.168248713167715"
"PROD_01456","2026-02-13 16:39:41.273757919","36.7","Bac","6.7","H2502","17446","1.0","0","Probl?me ponctuel de mobilit? g?ographique. Zone mal desservie.","1","1","0.17206251793311583","0.6936563447014503","0.1342811373654338"
"PROD_01457","2026-02-13 17:22:54.118039346","32.7","Bac+2","2.0","K1601","57704","0.0","0","Excellente pr?sentation, comp?tences techniques ? jour. Reprise rapide vis?e.","0","0","0.6033654490593477","0.20571762989458806","0.1909169210460642"
"PROD_01458","2026-02-13 18:06:06.962320774","32.7","Bac","0.7","M1602","77256","0.0","1","Candidat tr?s dynamique, mobilit? nationale valid?e. Projet clair.","1","1","0.22247539083518736","0.6412371713745265","0.13628743779028618"
"PROD_01459","2026-02-13 18:49:19.806602201","62.7","Sans dipl?me","2.2","G1601","76292","0.0","1","Freins p?riph?riques majeurs. Situation d'illettrisme num?rique constat?e.","2","2","0.25678928928450095","0.1318570642476846","0.6113536464678144"
"PROD_01460","2026-02-13 19:32:32.650883628","37.7","Sans dipl?me","1.3","K1903","49092","1.0","1","Excellente pr?sentation, comp?tences techniques ? jour. Reprise rapide vis?e.","2","2","0.13977457584590902","0.2446251400408706","0.6156002841132204"
"PROD_01461","2026-02-13 20:15:45.495165055","50.7","Bac+5","0.4","N4101","10205","1.0","0","Candidat tr?s dynamique, mobilit? nationale valid?e. Projet clair.","0","0","0.6146714403115006","0.23418343611964637","0.15114512356885307"
"PROD_01462","2026-02-13 20:58:58.339446482","52.7","Sans dipl?me","0.3","D1406","11108","0.0","0","Cumul de difficult?s. Pas de moyen de transport et garde d'enfants complexe.","2","2","0.12931200590041306","0.23085725187793021","0.6398307422216567"
"PROD_01463","2026-02-13 21:42:11.183727909","31.7","Bac","1.9","M1801","47014","1.0","0","Candidat tr?s dynamique, mobilit? nationale valid?e. Projet clair.","0","0","0.6204740270012087","0.19907765959051066","0.18044831340828066"
"PROD_01464","2026-02-13 22:25:24.028009336","29.7","Bac+5","5.1","M1806","70233","0.0","0","Profil autonome, recherche active, aucun frein p?riph?rique identifi?.","0","0","0.6744231435599589","0.17469354443026683","0.15088331200977426"
"PROD_01465","2026-02-13 23:08:36.872290764","57.7","Bac+5","7.0","M1607","26244","1.0","0","Perte de confiance importante. Risque d'exclusion, barri?re de la langue.","1","1","0.14397975392238674","0.6289749743314929","0.22704527174612044"
"PROD_01466","2026-02-13 23:51:49.716572191","30.7","Bac+5","6.2","K1304","87141","0.0","0","Candidat tr?s dynamique, mobilit? nationale valid?e. Projet clair.","0","0","0.6616748146345869","0.18364023337829344","0.15468495198711968"
"PROD_01467","2026-02-14 00:35:02.560853618","53.7","Bac","0.6","H1206","51613","1.0","0","Probl?me ponctuel de mobilit? g?ographique. Zone mal desservie.","1","1","0.24760590337313668","0.6190681357001356","0.13332596092672766"
"PROD_01468","2026-02-14 01:18:15.405135045","42.7","Bac","3.0","M1203","36168","1.0","0","Profil autonome, recherche active, aucun frein p?riph?rique identifi?.","0","0","0.6689486452975577","0.19351004709723224","0.13754130760521005"
"PROD_01469","2026-02-14 02:01:28.249416472","60.7","Bac+2","0.4","F1603","42153","1.0","0","Excellente pr?sentation, comp?tences techniques ? jour. Reprise rapide vis?e.","1","1","0.1364586727329584","0.6872130272120522","0.17632830005498934"
"PROD_01470","2026-02-14 02:44:41.093697899","31.7","Bac+2","1.5","J1506","43002","0.0","0","Probl?me ponctuel de mobilit? g?ographique. Zone mal desservie.","1","1","0.1422960880373842","0.6062487923056952","0.2514551196569206"
"PROD_01471","2026-02-14 03:27:53.937979326","63.7","Bac+5","2.0","M1801","59047","1.0","1","Probl?me ponctuel de mobilit? g?ographique. Zone mal desservie.","1","1","0.25668549189739887","0.6062228785256133","0.13709162957698784"
"PROD_01472","2026-02-14 04:11:06.782260754","58.7","Bac+5","1.2","C1102","14593","0.0","0","Projet de reconversion ? affiner. Besoin d'une formation compl?mentaire.","1","1","0.16007476863682135","0.6668864905769287","0.17303874078624992"
"PROD_01473","2026-02-14 04:54:19.626542181","58.7","Bac+2","13.9","N1303","26295","0.0","0","Cumul de difficult?s. Pas de moyen de transport et garde d'enfants complexe.","2","2","0.1514167524042578","0.21204180257473365","0.6365414450210085"
"PROD_01474","2026-02-14 05:37:32.470823608","23.7","Bac+2","4.5","I1304","03097","0.0","0","Profil autonome, recherche active, aucun frein p?riph?rique identifi?.","0","0","0.6697026916551436","0.12951356145849638","0.20078374688636"
"PROD_01475","2026-02-14 06:20:45.315105035","20.7","Bac+5","1.2","A1202","02054","1.0","0","Comp?tences ? r?actualiser sur les outils num?riques. Motivation correcte.","1","1","0.1835797420366621","0.6724841311544832","0.1439361268088547"
"PROD_01476","2026-02-14 07:03:58.159386462","20.7","Bac","0.0","C1110","02454","1.0","0","Probl?me ponctuel de mobilit? g?ographique. Zone mal desservie.","1","1","0.20108825342396033","0.602450939772702","0.19646080680333766"
"PROD_01477","2026-02-14 07:47:11.003667889","55.7","Bac+5","1.5","H1206","35256","1.0","0","Projet de reconversion ? affiner. Besoin d'une formation compl?mentaire.","1","1","0.13143495138491984","0.6800414929442417","0.18852355567083856"
"PROD_01478","2026-02-14 08:30:23.847949316","59.7","Bac+5","2.3","C1302","59320","1.0","0","Cumul de difficult?s. Pas de moyen de transport et garde d'enfants complexe.","1","1","0.16925771142317736","0.6858212560435041","0.14492103253331856"
"PROD_01479","2026-02-14 09:13:36.692230744","23.7","Bac+5","3.7","K2106","02232","0.0","0","Candidat tr?s dynamique, mobilit? nationale valid?e. Projet clair.","0","0","0.6351080454569474","0.2024460765747301","0.16244587796832247"
"PROD_01480","2026-02-14 09:56:49.536512171","62.7","Bac+2","1.2","K1304","59007","0.0","0","Probl?me ponctuel de mobilit? g?ographique. Zone mal desservie.","1","1","0.14026625044364793","0.6189420075565378","0.24079174199981423"
"PROD_01481","2026-02-14 10:40:02.380793598","25.7","Sans dipl?me","1.2","N1301","21302","1.0","0","Projet de reconversion ? affiner. Besoin d'une formation compl?mentaire.","0","0","0.6536274891625662","0.1731512910640118","0.173221219773422"
"PROD_01482","2026-02-14 11:23:15.225075025","34.7","Bac+5","2.1","C1501","24470","1.0","0","Profil autonome, recherche active, aucun frein p?riph?rique identifi?.","0","0","0.7104619659693937","0.13343107250440783","0.15610696152619846"
"PROD_01483","2026-02-14 12:06:28.069356452","37.7","Bac","2.4","A1501","26374","1.0","0","Projet de reconversion ? affiner. Besoin d'une formation compl?mentaire.","1","1","0.14627557126272173","0.6530057926397034","0.2007186360975749"
"PROD_01484","2026-02-14 12:49:40.913637879","41.7","Bac+2","1.8","G1601","01064","1.0","0","Excellente pr?sentation, comp?tences techniques ? jour. Reprise rapide vis?e.","1","1","0.14070299988351334","0.6523638921427162","0.2069331079737705"
"PROD_01485","2026-02-14 13:32:53.757919306","39.7","Bac+5","0.2","D1401","88010","1.0","0","Candidat tr?s dynamique, mobilit? nationale valid?e. Projet clair.","0","0","0.6475353261886041","0.19602091738847097","0.15644375642292493"
"PROD_01486","2026-02-14 14:16:06.602200734","22.7","Bac+2","1.4","D1401","64256","1.0","0","Cumul de difficult?s. Pas de moyen de transport et garde d'enfants complexe.","2","2","0.16025349016403095","0.13765283869248227","0.7020936711434869"
"PROD_01487","2026-02-14 14:59:19.446482161","60.7","Bac","0.2","A1203","63359","1.0","0","Probl?me ponctuel de mobilit? g?ographique. Zone mal desservie.","1","1","0.18703169437866002","0.6058914545413401","0.20707685107999985"
"PROD_01488","2026-02-14 15:42:32.290763588","53.7","Bac","1.6","K1201","59295","1.0","0","Projet de reconversion ? affiner. Besoin d'une formation compl?mentaire.","1","1","0.16053928397554693","0.7031872607133571","0.13627345531109591"
"PROD_01489","2026-02-14 16:25:45.135045015","47.7","Sans dipl?me","0.4","K2106","44162","0.0","0","Freins p?riph?riques majeurs. Situation d'illettrisme num?rique constat?e.","2","2","0.2139273208579014","0.18090914487256066","0.6051635342695381"
"PROD_01490","2026-02-14 17:08:57.979326442","26.7","Bac","1.2","A1501","46262","0.0","0","Candidat tr?s dynamique, mobilit? nationale valid?e. Projet clair.","0","0","0.6439194266819631","0.13179583577870257","0.2242847375393343"
"PROD_01491","2026-02-14 17:52:10.823607869","40.7","Sans dipl?me","1.1","M1802","50447","0.0","0","Projet de reconversion ? affiner. Besoin d'une formation compl?mentaire.","1","1","0.13889858885922912","0.6706267619010267","0.19047464923974422"
"PROD_01492","2026-02-14 18:35:23.667889296","25.7","Sans dipl?me","7.9","C1501","19058","1.0","0","Probl?me ponctuel de mobilit? g?ographique. Zone mal desservie.","2","2","0.2421777175905518","0.15111305430233624","0.606709228107112"
"PROD_01493","2026-02-14 19:18:36.512170724","29.7","Sans dipl?me","0.2","G1203","35281","0.0","1","Candidat tr?s dynamique, mobilit? nationale valid?e. Projet clair.","1","1","0.223224526025846","0.6050396554490545","0.17173581852509956"
"PROD_01494","2026-02-14 20:01:49.356452151","31.7","Bac","4.3","A1401","10052","0.0","0","Profil autonome, recherche active, aucun frein p?riph?rique identifi?.","0","0","0.6026602780058454","0.2650919798008523","0.13224774219330226"
"PROD_01495","2026-02-14 20:45:02.200733578","41.7","Bac+2","0.3","G1302","43096","1.0","1","Comp?tences ? r?actualiser sur les outils num?riques. Motivation correcte.","1","1","0.2510429704574568","0.6014782662164176","0.14747876332612553"
"PROD_01496","2026-02-14 21:28:15.045015005","59.7","Bac+2","5.4","G1302","88083","1.0","0","Projet de reconversion ? affiner. Besoin d'une formation compl?mentaire.","1","1","0.1368812498197795","0.6547227586745006","0.20839599150571986"
"PROD_01497","2026-02-14 22:11:27.889296432","19.7","Bac","0.2","D1210","59278","1.0","0","Information non renseignee","1","1","0.1434053840772673","0.6580284171846412","0.19856619873809145"
"PROD_01498","2026-02-14 22:54:40.733577859","45.7","Bac+2","1.2","G1203","55197","0.0","0","Probl?me ponctuel de mobilit? g?ographique. Zone mal desservie.","1","1","0.16670126979864466","0.6618189367841161","0.1714797934172393"
"PROD_01499","2026-02-14 23:37:53.577859286","42.7","Bac+2","2.1","C1302","34043","1.0","1","Candidat tr?s dynamique, mobilit? nationale valid?e. Projet clair.","1","1","0.2506861702422174","0.6129872561559249","0.13632657360185774"
