"usager_id","timestamp","age","niveau_diplome","anciennete_poste_ans","code_rome_vise","code_insee_commune","est_allocataire","nationalite_hors_ue","synthese_entretien","classe_retour_emploi","prediction","proba_0","proba_1","proba_2"
"PROD_01500","2026-02-15 00:21:06.422140714","41.8","Bac","5.0","H1504","42163","0.0","1","Information non renseignee","1","1","0.1827095567779036","0.6279527161048435","0.18933772711725294"
"PROD_01501","2026-02-15 01:04:19.266422141","28.8","Bac+2","0.3","I1304","72367","0.0","0","Profil autonome, recherche active, aucun frein p?riph?rique identifi?.","0","0","0.6237639510478288","0.24432145244930603","0.1319145965028652"
"PROD_01502","2026-02-15 01:47:32.110703568","40.8","Bac+5","1.0","J1301","24290","1.0","0","Profil autonome, recherche active, aucun frein p?riph?rique identifi?.","0","0","0.6403344020371982","0.1754192483272211","0.18424634963558073"
"PROD_01503","2026-02-15 02:30:44.954984995","48.8","Sans dipl?me","1.6","H2502","61080","1.0","0","Probl?me ponctuel de mobilit? g?ographique. Zone mal desservie.","1","1","0.16002031445010215","0.5951667355277784","0.24481295002211945"
"PROD_01504","2026-02-15 03:13:57.799266422","18.8","Bac+2","2.4","M1802","50305","1.0","0","Excellente pr?sentation, comp?tences techniques ? jour. Reprise rapide vis?e.","0","0","0.6266385515260823","0.2305234292210781","0.14283801925283962"
"PROD_01505","2026-02-15 03:57:10.643547849","25.8","Bac+2","2.9","C1110","25374","0.0","0","Excellente pr?sentation, comp?tences techniques ? jour. Reprise rapide vis?e.","0","0","0.6121617547606464","0.14476170210138492","0.2430765431379687"
"PROD_01506","2026-02-15 04:40:23.487829276","61.8","Bac+5","0.0","F1603","60108","1.0","0","Information non renseignee","1","1","0.14340445786847003","0.7260377095269245","0.13055783260460552"
"PROD_01507","2026-02-15 05:23:36.332110704","47.8","Bac","2.8","G1801","62499","1.0","0","Profil autonome, recherche active, aucun frein p?riph?rique identifi?.","0","0","0.6675254639350031","0.13399598371837598","0.1984785523466209"
"PROD_01508","2026-02-15 06:06:49.176392131","51.8","Bac+2","1.2","A1203","89181","1.0","0","Freins p?riph?riques majeurs. Situation d'illettrisme num?rique constat?e.","1","1","0.1351621055376631","0.604387333633423","0.26045056082891394"
"PROD_01509","2026-02-15 06:50:02.020673558","46.8","Bac","1.1","C1302","72153","0.0","1","Projet de reconversion ? affiner. Besoin d'une formation compl?mentaire.","1","1","0.20917555727808643","0.6333694668058313","0.15745497591608226"
"PROD_01510","2026-02-15 07:33:14.864954985","43.8","Bac+5","0.3","J1301","69055","0.0","0","Information non renseignee","0","0","0.6454551831130645","0.20142102370059317","0.15312379318634234"
"PROD_01511","2026-02-15 08:16:27.709236412","38.8","Bac","6.3","D1503","59323","0.0","0","Comp?tences ? r?actualiser sur les outils num?riques. Motivation correcte.","1","1","0.14103820935887243","0.6835828729575123","0.17537891768361524"
"PROD_01512","2026-02-15 08:59:40.553517839","59.8","Bac","0.3","M1805","43223","1.0","0","Candidat tr?s dynamique, mobilit? nationale valid?e. Projet clair.","0","0","0.6303357072507763","0.1415781639298843","0.22808612881933946"
"PROD_01513","2026-02-15 09:42:53.397799266","41.8","Bac","10.4","C1110","65383","0.0","0","Perte de confiance importante. Risque d'exclusion, barri?re de la langue.","1","1","0.19203532150468935","0.637520696363984","0.1704439821313266"
"PROD_01514","2026-02-15 10:26:06.242080694","48.8","Sans dipl?me","2.9","G1602","83020","0.0","0","Freins p?riph?riques majeurs. Situation d'illettrisme num?rique constat?e.","1","1","0.2624996622090695","0.5996148573537907","0.13788548043713977"
"PROD_01515","2026-02-15 11:09:19.086362121","20.8","Bac+2","6.1","M1705","58231","1.0","0","Probl?me ponctuel de mobilit? g?ographique. Zone mal desservie.","0","0","0.604864239516021","0.15068225220830597","0.24445350827567305"
"PROD_01516","2026-02-15 11:52:31.930643548","20.8","Bac+5","3.6","M1602","57519","0.0","0","Information non renseignee","1","1","0.16782579988063623","0.6194496096806111","0.21272459043875258"
"PROD_01517","2026-02-15 12:35:44.774924975","39.8","Bac+2","0.6","A1401","09261","1.0","0","Cumul de difficult?s. Pas de moyen de transport et garde d'enfants complexe.","0","0","0.625926070372937","0.23908896036889507","0.13498496925816791"
"PROD_01518","2026-02-15 13:18:57.619206402","63.8","Bac","3.4","C1201","28098","1.0","0","Comp?tences ? r?actualiser sur les outils num?riques. Motivation correcte.","1","1","0.14707929098045583","0.6835091064013715","0.16941160261817267"
"PROD_01519","2026-02-15 14:02:10.463487829","35.8","Sans dipl?me","5.9","K1403","23022","0.0","0","Comp?tences ? r?actualiser sur les outils num?riques. Motivation correcte.","0","0","0.6950108191151803","0.16743834694551893","0.13755083393930082"
"PROD_01520","2026-02-15 14:45:23.307769256","41.8","Bac","1.1","M1806","63062","1.0","0","Information non renseignee","0","0","0.6488426099219092","0.18580204666588818","0.1653553434122026"
"PROD_01521","2026-02-15 15:28:36.152050684","34.8","Bac+5","5.9","M1203","12186","0.0","0","Candidat tr?s dynamique, mobilit? nationale valid?e. Projet clair.","0","0","0.6396172319068744","0.21207490028703008","0.14830786780609556"
"PROD_01522","2026-02-15 16:11:48.996332111","33.8","Bac","7.1","M1805","09256","0.0","1","Excellente pr?sentation, comp?tences techniques ? jour. Reprise rapide vis?e.","0","0","0.6178372327349163","0.22993329158521866","0.15222947567986503"
"PROD_01523","2026-02-15 16:55:01.840613538","24.8","Bac+5","8.3","N4301","10308","1.0","0","Probl?me ponctuel de mobilit? g?ographique. Zone mal desservie.","1","1","0.264582916758302","0.5989250985921826","0.1364919846495154"
"PROD_01524","2026-02-15 17:38:14.684894965","41.8","Bac+2","2.9","M1705","76502","1.0","0","Candidat tr?s dynamique, mobilit? nationale valid?e. Projet clair.","0","0","0.6319366379545349","0.1822328183316377","0.18583054371382737"
"PROD_01525","2026-02-15 18:21:27.529176392","52.8","Sans dipl?me","0.3","D1406","11108","0.0","0","Cumul de difficult?s. Pas de moyen de transport et garde d'enfants complexe.","2","2","0.2098379876797689","0.14376309055170106","0.64639892176853"
"PROD_01526","2026-02-15 19:04:40.373457819","51.8","Bac","2.7","M1806","16359","1.0","0","Probl?me ponctuel de mobilit? g?ographique. Zone mal desservie.","1","1","0.242481209993947","0.6293501163628674","0.12816867364318552"
"PROD_01527","2026-02-15 19:47:53.217739246","50.8","Bac","1.1","C1501","08040","1.0","0","Information non renseignee","0","0","0.6641635983661301","0.13005336796535802","0.20578303366851183"
"PROD_01528","2026-02-15 20:31:06.062020674","61.8","Sans dipl?me","2.6","N1101","11052","0.0","0","Freins p?riph?riques majeurs. Situation d'illettrisme num?rique constat?e.","2","2","0.23555461985288692","0.14561705605974024","0.6188283240873729"
"PROD_01529","2026-02-15 21:14:18.906302101","19.8","Bac","0.3","D1503","57004","1.0","0","Probl?me ponctuel de mobilit? g?ographique. Zone mal desservie.","1","1","0.24180965655832465","0.621839352609042","0.13635099083263336"
"PROD_01530","2026-02-15 21:57:31.750583528","28.8","Bac","0.7","G1302","61225","1.0","0","Projet de reconversion ? affiner. Besoin d'une formation compl?mentaire.","1","1","0.1938284542483995","0.6216029096310036","0.18456863612059693"
"PROD_01531","2026-02-15 22:40:44.594864955","38.8","Bac+2","8.9","M1203","17451","0.0","0","Probl?me ponctuel de mobilit? g?ographique. Zone mal desservie.","1","1","0.14442244335213938","0.6943447742892316","0.16123278235862903"
"PROD_01532","2026-02-15 23:23:57.439146382","22.8","Bac+2","6.1","N1303","67248","0.0","0","Probl?me ponctuel de mobilit? g?ographique. Zone mal desservie.","0","0","0.6810349877826152","0.13938635286510195","0.17957865935228287"
"PROD_01533","2026-02-16 00:07:10.283427809","48.8","Bac+5","1.6","D1401","31224","1.0","0","Profil autonome, recherche active, aucun frein p?riph?rique identifi?.","0","0","0.6749354768782533","0.17517890586898485","0.14988561725276187"
"PROD_01534","2026-02-16 00:50:23.127709236","35.8","Bac+5","1.7","M1602","35143","1.0","0","Candidat tr?s dynamique, mobilit? nationale valid?e. Projet clair.","0","0","0.6390309392355508","0.22681931281864315","0.13414974794580609"
"PROD_01535","2026-02-16 01:33:35.971990664","33.8","Sans dipl?me","0.1","A1202","21112","1.0","0","Perte de confiance importante. Risque d'exclusion, barri?re de la langue.","1","1","0.26881185352535975","0.5966865151015939","0.13450163137304638"
"PROD_01536","2026-02-16 02:16:48.816272091","33.8","Sans dipl?me","1.1","K1201","15040","1.0","0","Comp?tences ? r?actualiser sur les outils num?riques. Motivation correcte.","1","1","0.26848994806104365","0.5991594565928395","0.13235059534611682"
"PROD_01537","2026-02-16 03:00:01.660553518","25.8","Bac+2","4.8","D1401","08283","0.0","0","Cumul de difficult?s. Pas de moyen de transport et garde d'enfants complexe.","0","0","0.6292114630359484","0.24287791140849632","0.12791062555555524"
"PROD_01538","2026-02-16 03:43:14.504834945","24.8","Bac+5","2.0","K1304","40027","1.0","0","Profil autonome, recherche active, aucun frein p?riph?rique identifi?.","0","0","0.6370391568075567","0.22056757396693577","0.1423932692255075"
"PROD_01539","2026-02-16 04:26:27.349116372","55.8","Bac","9.6","C1302","57349","1.0","0","Candidat tr?s dynamique, mobilit? nationale valid?e. Projet clair.","2","2","0.17017524876916165","0.2321787305785994","0.5976460206522389"
"PROD_01540","2026-02-16 05:09:40.193397799","62.8","Bac+2","0.7","G1203","36194","0.0","0","Probl?me ponctuel de mobilit? g?ographique. Zone mal desservie.","1","1","0.21131606531543465","0.6039383919274806","0.18474554275708477"
"PROD_01541","2026-02-16 05:52:53.037679226","55.8","Bac+2","4.3","N1301","89119","1.0","0","Perte de confiance importante. Risque d'exclusion, barri?re de la langue.","1","1","0.2268139447259235","0.620252655943457","0.15293339933061945"
"PROD_01542","2026-02-16 06:36:05.881960654","23.8","Sans dipl?me","6.8","K1403","79195","0.0","0","Perte de confiance importante. Risque d'exclusion, barri?re de la langue.","0","0","0.6818007134407215","0.14004710238812598","0.17815218417115256"
"PROD_01543","2026-02-16 07:19:18.726242081","41.8","Bac","1.0","D1210","58031","1.0","0","Perte de confiance importante. Risque d'exclusion, barri?re de la langue.","0","0","0.6017844720423994","0.23868927582018185","0.15952625213741878"
"PROD_01544","2026-02-16 08:02:31.570523508","59.8","Bac+5","2.3","C1302","59320","1.0","0","Cumul de difficult?s. Pas de moyen de transport et garde d'enfants complexe.","1","1","0.22778300227279472","0.6339380970938969","0.1382789006333084"
"PROD_01545","2026-02-16 08:45:44.414804935","30.8","Sans dipl?me","0.5","D1503","51596","0.0","0","Freins p?riph?riques majeurs. Situation d'illettrisme num?rique constat?e.","2","2","0.2043349934143978","0.12822474408809537","0.6674402624975069"
"PROD_01546","2026-02-16 09:28:57.259086362","20.8","Bac","6.9","K2111","84084","0.0","0","Perte de confiance importante. Risque d'exclusion, barri?re de la langue.","2","2","0.1620072125292748","0.15435967717220095","0.6836331102985242"
"PROD_01547","2026-02-16 10:12:10.103367789","41.8","Sans dipl?me","1.2","M1602","70393","1.0","1","Cumul de difficult?s. Pas de moyen de transport et garde d'enfants complexe.","2","2","0.1484989226610935","0.21207915331761987","0.6394219240212866"
"PROD_01548","2026-02-16 10:55:22.947649216","31.8","Bac+2","1.7","I1304","57328","1.0","0","Perte de confiance importante. Risque d'exclusion, barri?re de la langue.","0","0","0.6411866986394029","0.15645287941828492","0.20236042194231216"
"PROD_01549","2026-02-16 11:38:35.791930644","41.8","Bac","1.4","M1607","89277","1.0","1","Excellente pr?sentation, comp?tences techniques ? jour. Reprise rapide vis?e.","1","1","0.2343082602582995","0.6140806276558308","0.15161111208586964"
"PROD_01550","2026-02-16 12:21:48.636212071","27.8","Bac","5.4","K1201","78009","0.0","0","Comp?tences ? r?actualiser sur les outils num?riques. Motivation correcte.","0","0","0.6759083612167928","0.15436000566360242","0.16973163311960482"
"PROD_01551","2026-02-16 13:05:01.480493498","32.8","Bac+2","2.2","K2106","19280","0.0","1","Freins p?riph?riques majeurs. Situation d'illettrisme num?rique constat?e.","1","1","0.1350684868808813","0.6136621127789765","0.2512694003401421"
"PROD_01552","2026-02-16 13:48:14.324774925","34.8","Bac+5","1.2","C1501","45042","1.0","1","Cumul de difficult?s. Pas de moyen de transport et garde d'enfants complexe.","2","2","0.22093199652404485","0.17522153258759357","0.6038464708883616"
"PROD_01553","2026-02-16 14:31:27.169056352","20.8","Sans dipl?me","4.6","M1801","11168","1.0","1","Profil autonome, recherche active, aucun frein p?riph?rique identifi?.","2","2","0.1527154458671787","0.19592624106982165","0.6513583130629996"
"PROD_01554","2026-02-16 15:14:40.013337779","52.8","Bac+2","5.8","H1206","73274","1.0","0","Projet de reconversion ? affiner. Besoin d'une formation compl?mentaire.","1","1","0.1555711909800639","0.6880671773553111","0.15636163166462502"
"PROD_01555","2026-02-16 15:57:52.857619206","22.8","Sans dipl?me","1.4","D1401","64256","1.0","0","Cumul de difficult?s. Pas de moyen de transport et garde d'enfants complexe.","2","2","0.1412236103198417","0.1530767924252363","0.705699597254922"
"PROD_01556","2026-02-16 16:41:05.701900634","28.8","Bac+5","3.6","H2502","79115","0.0","0","Excellente pr?sentation, comp?tences techniques ? jour. Reprise rapide vis?e.","0","0","0.5983975246835261","0.243580237509048","0.15802223780742586"
"PROD_01557","2026-02-16 17:24:18.546182061","61.8","Bac","2.6","K1903","51082","1.0","0","Projet de reconversion ? affiner. Besoin d'une formation compl?mentaire.","1","1","0.1536229098234725","0.7002148812034595","0.14616220897306798"
"PROD_01558","2026-02-16 18:07:31.390463488","45.8","Bac","2.4","H2502","58276","0.0","0","Profil autonome, recherche active, aucun frein p?riph?rique identifi?.","0","0","0.6654161597941517","0.13247079026577085","0.20211304994007745"
"PROD_01559","2026-02-16 18:50:44.234744915","40.8","Bac+5","2.3","H1206","06072","0.0","0","Comp?tences ? r?actualiser sur les outils num?riques. Motivation correcte.","0","0","0.6462393578583756","0.15630837372830794","0.19745226841331645"
"PROD_01560","2026-02-16 19:33:57.079026342","22.8","Bac+5","1.7","K1903","14399","1.0","0","Comp?tences ? r?actualiser sur les outils num?riques. Motivation correcte.","0","0","0.598778715729054","0.22786474278863136","0.1733565414823147"
"PROD_01561","2026-02-16 20:17:09.923307769","18.8","Bac","0.6","D1503","42156","1.0","0","Cumul de difficult?s. Pas de moyen de transport et garde d'enfants complexe.","0","0","0.6326629346852596","0.16046082087070676","0.20687624444403366"
"PROD_01562","2026-02-16 21:00:22.767589196","44.8","Bac+2","4.9","A1202","65376","1.0","1","Projet de reconversion ? affiner. Besoin d'une formation compl?mentaire.","1","1","0.19394396841988257","0.6002965093403033","0.20575952223981409"
"PROD_01563","2026-02-16 21:43:35.611870624","23.8","Bac","1.9","G1302","77235","0.0","0","Cumul de difficult?s. Pas de moyen de transport et garde d'enfants complexe.","1","1","0.13867135171459308","0.6709338729923122","0.19039477529309468"
"PROD_01564","2026-02-16 22:26:48.456152051","34.8","Bac","2.5","G1203","88483","0.0","0","Probl?me ponctuel de mobilit? g?ographique. Zone mal desservie.","1","1","0.1654318170136846","0.6589007010876053","0.17566748189871007"
"PROD_01565","2026-02-16 23:10:01.300433478","41.8","Sans dipl?me","3.0","K2101","61453","0.0","0","Comp?tences ? r?actualiser sur les outils num?riques. Motivation correcte.","2","2","0.1317421938474119","0.20092932885031703","0.6673284773022711"
"PROD_01566","2026-02-16 23:53:14.144714905","23.8","Bac","0.5","M1802","02327","0.0","0","Cumul de difficult?s. Pas de moyen de transport et garde d'enfants complexe.","2","2","0.2269046524377402","0.15425460538855526","0.6188407421737045"
"PROD_01567","2026-02-17 00:36:26.988996332","41.8","Bac+2","2.9","M1705","76502","1.0","0","Candidat tr?s dynamique, mobilit? nationale valid?e. Projet clair.","0","0","0.7029534205386049","0.1341340564381784","0.1629125230232167"
"PROD_01568","2026-02-17 01:19:39.833277759","53.8","Bac","0.7","N4301","77085","1.0","0","Probl?me ponctuel de mobilit? g?ographique. Zone mal desservie.","1","1","0.2542082339844775","0.6105398478464161","0.1352519181691063"
"PROD_01569","2026-02-17 02:02:52.677559186","36.8","Bac","6.7","H2502","17446","1.0","0","Probl?me ponctuel de mobilit? g?ographique. Zone mal desservie.","1","1","0.13961854085683495","0.6581234819037947","0.20225797723937045"
"PROD_01570","2026-02-17 02:46:05.521840614","54.8","Bac+2","0.6","M1801","22198","0.0","0","Cumul de difficult?s. Pas de moyen de transport et garde d'enfants complexe.","2","2","0.1466440033128097","0.15774334309153484","0.6956126535956555"
"PROD_01571","2026-02-17 03:29:18.366122041","54.8","Bac","0.7","N4101","07031","1.0","0","Comp?tences ? r?actualiser sur les outils num?riques. Motivation correcte.","1","1","0.1445552408114305","0.6362870398636012","0.2191577193249682"
"PROD_01572","2026-02-17 04:12:31.210403468","20.8","Bac+5","0.9","M1802","86262","1.0","1","Cumul de difficult?s. Pas de moyen de transport et garde d'enfants complexe.","0","0","0.6661836585790346","0.18717615482446937","0.14664018659649602"
"PROD_01573","2026-02-17 04:55:44.054684895","55.8","Bac","5.1","C1201","2B287","0.0","0","Projet de reconversion ? affiner. Besoin d'une formation compl?mentaire.","0","0","0.6314466111573344","0.22862976439949773","0.13992362444316792"
"PROD_01574","2026-02-17 05:38:56.898966322","43.8","Bac+5","5.7","M1801","40229","1.0","0","Excellente pr?sentation, comp?tences techniques ? jour. Reprise rapide vis?e.","0","0","0.71753751558134","0.13514018894497642","0.14732229547368353"
"PROD_01575","2026-02-17 06:22:09.743247749","41.8","Bac+2","3.2","M1602","13012","1.0","0","Comp?tences ? r?actualiser sur les outils num?riques. Motivation correcte.","1","1","0.1287879556363074","0.6609814566482182","0.21023058771547443"
"PROD_01576","2026-02-17 07:05:22.587529176","26.8","Bac","2.3","N4301","81230","1.0","0","Freins p?riph?riques majeurs. Situation d'illettrisme num?rique constat?e.","2","2","0.17723241208504875","0.2122386386117455","0.6105289493032057"
"PROD_01577","2026-02-17 07:48:35.431810604","43.8","Bac+2","0.5","K1201","84140","1.0","0","Cumul de difficult?s. Pas de moyen de transport et garde d'enfants complexe.","0","0","0.6355737607073477","0.2225153990466502","0.1419108402460021"
"PROD_01578","2026-02-17 08:31:48.276092031","42.8","Sans dipl?me","0.9","K2101","25066","1.0","0","Profil autonome, recherche active, aucun frein p?riph?rique identifi?.","0","0","0.7077733073438354","0.14539972914457305","0.14682696351159158"
"PROD_01579","2026-02-17 09:15:01.120373458","54.8","Bac+2","3.4","M1602","64118","1.0","0","Projet de reconversion ? affiner. Besoin d'une formation compl?mentaire.","2","2","0.17828016130551344","0.17012061962023678","0.6515992190742499"
"PROD_01580","2026-02-17 09:58:13.964654885","18.8","Bac","4.2","K2101","21253","1.0","1","Comp?tences ? r?actualiser sur les outils num?riques. Motivation correcte.","1","1","0.2003877878104447","0.661712824634452","0.13789938755510323"
"PROD_01581","2026-02-17 10:41:26.808936312","54.8","Bac","1.9","N4101","31352","1.0","0","Candidat tr?s dynamique, mobilit? nationale valid?e. Projet clair.","1","1","0.1579110707147915","0.7112948197542819","0.13079410953092663"
"PROD_01582","2026-02-17 11:24:39.653217739","57.8","Bac","0.5","J1301","56052","1.0","0","Excellente pr?sentation, comp?tences techniques ? jour. Reprise rapide vis?e.","1","1","0.16691405327781825","0.6123713395250773","0.22071460719710445"
"PROD_01583","2026-02-17 12:07:52.497499166","19.8","Bac+2","6.4","H2502","76034","1.0","0","Projet de reconversion ? affiner. Besoin d'une formation compl?mentaire.","1","1","0.17067015212805192","0.5955711831396308","0.23375866473231732"
"PROD_01584","2026-02-17 12:51:05.341780594","34.8","Bac+2","1.5","K2106","27654","0.0","0","Candidat tr?s dynamique, mobilit? nationale valid?e. Projet clair.","0","0","0.7088229209458674","0.15570924003486114","0.13546783901927145"
"PROD_01585","2026-02-17 13:34:18.186062021","37.8","Bac+5","0.6","D1503","70368","0.0","0","Perte de confiance importante. Risque d'exclusion, barri?re de la langue.","0","0","0.663997606581464","0.18447479799522165","0.15152759542331434"
"PROD_01586","2026-02-17 14:17:31.030343448","41.8","Bac","1.3","J1506","25425","1.0","0","Perte de confiance importante. Risque d'exclusion, barri?re de la langue.","0","0","0.60086698682744","0.2080750476945391","0.1910579654780209"
"PROD_01587","2026-02-17 15:00:43.874624875","56.8","Bac+2","1.4","D1210","25202","1.0","0","Projet de reconversion ? affiner. Besoin d'une formation compl?mentaire.","1","1","0.16461097361380217","0.6738933953628117","0.16149563102338615"
"PROD_01588","2026-02-17 15:43:56.718906302","38.8","Bac+5","0.7","N1303","08278","0.0","1","Candidat tr?s dynamique, mobilit? nationale valid?e. Projet clair.","0","0","0.6518925736146186","0.1862939533822968","0.1618134730030846"
"PROD_01589","2026-02-17 16:27:09.563187729","31.8","Bac+2","3.2","M1501","11272","1.0","0","Cumul de difficult?s. Pas de moyen de transport et garde d'enfants complexe.","1","1","0.21348813916768133","0.5955115847115958","0.1910002761207229"
"PROD_01590","2026-02-17 17:10:22.407469156","26.8","Bac+2","0.7","M1805","09116","1.0","0","Profil autonome, recherche active, aucun frein p?riph?rique identifi?.","0","0","0.6325621917380386","0.19390627847552136","0.17353152978644001"
"PROD_01591","2026-02-17 17:53:35.251750584","63.8","Bac","1.0","M1805","21084","1.0","0","Projet de reconversion ? affiner. Besoin d'une formation compl?mentaire.","1","1","0.2268126193738026","0.5954891000983296","0.17769828052786785"
"PROD_01592","2026-02-17 18:36:48.096032011","55.8","Sans dipl?me","4.7","G1302","06153","0.0","0","Cumul de difficult?s. Pas de moyen de transport et garde d'enfants complexe.","2","2","0.1281178023002451","0.17879310840125787","0.693089089298497"
"PROD_01593","2026-02-17 19:20:00.940313438","41.8","Sans dipl?me","1.1","K1601","52083","1.0","0","Candidat tr?s dynamique, mobilit? nationale valid?e. Projet clair.","2","2","0.14597799438243028","0.2583107321078576","0.5957112735097121"
"PROD_01594","2026-02-17 20:03:13.784594865","41.8","Sans dipl?me","2.7","A1301","17234","1.0","0","Excellente pr?sentation, comp?tences techniques ? jour. Reprise rapide vis?e.","1","1","0.1695447693767736","0.6324908851032859","0.19796434551994058"
"PROD_01595","2026-02-17 20:46:26.628876292","52.8","Bac+2","2.7","G1302","08498","1.0","0","Candidat tr?s dynamique, mobilit? nationale valid?e. Projet clair.","1","1","0.13338659880809928","0.5971471039176538","0.26946629727424687"
"PROD_01596","2026-02-17 21:29:39.473157719","48.8","Bac+2","0.8","M1805","54507","1.0","0","Candidat tr?s dynamique, mobilit? nationale valid?e. Projet clair.","0","0","0.6034072830456074","0.20828051205272646","0.1883122049016661"
"PROD_01597","2026-02-17 22:12:52.317439146","50.8","Bac","1.5","K1304","31449","1.0","0","Projet de reconversion ? affiner. Besoin d'une formation compl?mentaire.","1","1","0.15185222132477788","0.7057690081825898","0.14237877049263226"
"PROD_01598","2026-02-17 22:56:05.161720574","63.8","Bac","1.8","M1203","23045","0.0","0","Projet de reconversion ? affiner. Besoin d'une formation compl?mentaire.","1","1","0.13366441054600967","0.69907636812771","0.16725922132628035"
"PROD_01599","2026-02-17 23:39:18.006002001","26.8","Sans dipl?me","2.3","J1301","67295","1.0","0","Cumul de difficult?s. Pas de moyen de transport et garde d'enfants complexe.","0","0","0.6979905042412073","0.1435961485345304","0.15841334722426226"
"PROD_01600","2026-02-18 00:22:30.850283428","43.8","Bac+2","1.8","D1210","31408","0.0","0","Profil autonome, recherche active, aucun frein p?riph?rique identifi?.","0","0","0.6396295046081371","0.16498979388895652","0.19538070150290643"
"PROD_01601","2026-02-18 01:05:43.694564855","25.8","Bac","0.7","A1202","51445","1.0","0","Comp?tences ? r?actualiser sur les outils num?riques. Motivation correcte.","1","1","0.14922157670139347","0.7064235672749689","0.14435485602363762"
"PROD_01602","2026-02-18 01:48:56.538846282","26.8","Bac","3.2","M1501","51611","1.0","0","Profil autonome, recherche active, aucun frein p?riph?rique identifi?.","0","0","0.6192817820862182","0.22537992671450183","0.15533829119927997"
"PROD_01603","2026-02-18 02:32:09.383127709","27.8","Bac+2","4.1","M1607","50124","1.0","0","Projet de reconversion ? affiner. Besoin d'une formation compl?mentaire.","1","1","0.19445521209682223","0.6572081464306613","0.14833664147251646"
"PROD_01604","2026-02-18 03:15:22.227409136","55.8","Bac+2","7.8","D1210","11283","0.0","0","Candidat tr?s dynamique, mobilit? nationale valid?e. Projet clair.","2","2","0.13563792876945072","0.2128080616608637","0.6515540095696857"
"PROD_01605","2026-02-18 03:58:35.071690564","27.8","Bac+2","10.0","J1506","62737","1.0","0","Probl?me ponctuel de mobilit? g?ographique. Zone mal desservie.","1","1","0.22195591417039995","0.6006989884516194","0.17734509737798065"
"PROD_01606","2026-02-18 04:41:47.915971991","46.8","Bac+2","6.0","N4101","24510","0.0","0","Perte de confiance importante. Risque d'exclusion, barri?re de la langue.","2","2","0.15555801422472176","0.20761972183816219","0.6368222639371162"
"PROD_01607","2026-02-18 05:25:00.760253418","61.8","Bac","3.1","C1501","70567","1.0","0","Cumul de difficult?s. Pas de moyen de transport et garde d'enfants complexe.","1","1","0.18671154585577895","0.6074727541904964","0.20581569995372462"
"PROD_01608","2026-02-18 06:08:13.604534845","61.8","Sans dipl?me","0.1","K1304","46140","0.0","0","Candidat tr?s dynamique, mobilit? nationale valid?e. Projet clair.","2","2","0.2249890557915044","0.1373297658315487","0.6376811783769469"
"PROD_01609","2026-02-18 06:51:26.448816272","44.8","Bac","0.2","N1301","13071","1.0","0","Perte de confiance importante. Risque d'exclusion, barri?re de la langue.","2","2","0.20491398222783014","0.19071080181098904","0.6043752159611808"
"PROD_01610","2026-02-18 07:34:39.293097699","31.8","Sans dipl?me","0.5","D1503","79046","0.0","0","Profil autonome, recherche active, aucun frein p?riph?rique identifi?.","2","2","0.15456019299875678","0.13208136525289355","0.7133584417483496"
"PROD_01611","2026-02-18 08:17:52.137379126","44.8","Bac+5","0.6","D1503","04151","1.0","0","Perte de confiance importante. Risque d'exclusion, barri?re de la langue.","0","0","0.6723688984833256","0.1806047339707273","0.1470263675459471"
"PROD_01612","2026-02-18 09:01:04.981660554","34.8","Sans dipl?me","3.0","K1903","38275","0.0","0","Freins p?riph?riques majeurs. Situation d'illettrisme num?rique constat?e.","1","1","0.13959038952661834","0.7183364001599055","0.14207321031347608"
"PROD_01613","2026-02-18 09:44:17.825941981","55.8","Sans dipl?me","3.0","J1301","08119","1.0","0","Comp?tences ? r?actualiser sur les outils num?riques. Motivation correcte.","1","1","0.12756893665459165","0.5990830120300596","0.2733480513153487"
"PROD_01614","2026-02-18 10:27:30.670223408","32.8","Bac","0.6","A1401","71248","1.0","0","Cumul de difficult?s. Pas de moyen de transport et garde d'enfants complexe.","1","1","0.23168016719992895","0.6213644291058147","0.14695540369425641"
"PROD_01615","2026-02-18 11:10:43.514504835","49.8","Bac","0.9","M1501","42086","1.0","0","Projet de reconversion ? affiner. Besoin d'une formation compl?mentaire.","1","1","0.2183635984825003","0.6259112008158655","0.1557252007016342"
"PROD_01616","2026-02-18 11:53:56.358786262","29.8","Bac","0.6","A1202","39041","1.0","0","Cumul de difficult?s. Pas de moyen de transport et garde d'enfants complexe.","2","2","0.17114518557878178","0.21860046406700573","0.6102543503542125"
"PROD_01617","2026-02-18 12:37:09.203067689","41.8","Bac+2","4.8","H1504","26145","1.0","0","Candidat tr?s dynamique, mobilit? nationale valid?e. Projet clair.","0","0","0.6026679419541399","0.2503907525353676","0.14694130551049256"
"PROD_01618","2026-02-18 13:20:22.047349116","34.8","Bac","0.1","D1210","50592","1.0","0","Candidat tr?s dynamique, mobilit? nationale valid?e. Projet clair.","0","0","0.6003813223424886","0.17432375649537352","0.22529492116213784"
"PROD_01619","2026-02-18 14:03:34.891630544","46.8","Bac+2","0.3","J1301","03218","1.0","0","Perte de confiance importante. Risque d'exclusion, barri?re de la langue.","0","0","0.62951729769533","0.2426195434832204","0.12786315882144955"
"PROD_01620","2026-02-18 14:46:47.735911971","20.8","Bac+2","6.2","K1304","08003","1.0","0","Cumul de difficult?s. Pas de moyen de transport et garde d'enfants complexe.","1","1","0.13956407738615995","0.6670062773782491","0.19342964523559092"
"PROD_01621","2026-02-18 15:30:00.580193398","28.8","Bac","1.2","N4301","33090","0.0","1","Projet de reconversion ? affiner. Besoin d'une formation compl?mentaire.","1","1","0.17036926341301334","0.6608576053716357","0.16877313121535087"
"PROD_01622","2026-02-18 16:13:13.424474825","53.8","Bac+5","4.0","M1203","51517","0.0","0","Comp?tences ? r?actualiser sur les outils num?riques. Motivation correcte.","1","1","0.20272068969186363","0.620036665621599","0.1772426446865374"
"PROD_01623","2026-02-18 16:56:26.268756252","35.8","Bac","4.7","A1301","61442","0.0","0","Excellente pr?sentation, comp?tences techniques ? jour. Reprise rapide vis?e.","1","1","0.18388300012339417","0.6031873176481743","0.21292968222843145"
"PROD_01624","2026-02-18 17:39:39.113037679","61.8","Bac+5","2.5","A1203","62864","1.0","0","Probl?me ponctuel de mobilit? g?ographique. Zone mal desservie.","1","1","0.17548412966903423","0.676797946989185","0.1477179233417807"
"PROD_01625","2026-02-18 18:22:51.957319106","56.8","Bac+2","1.7","D1502","62691","0.0","0","Freins p?riph?riques majeurs. Situation d'illettrisme num?rique constat?e.","1","1","0.14842027377432646","0.5974812535050421","0.25409847272063146"
"PROD_01626","2026-02-18 19:06:04.801600534","41.8","Bac+5","3.3","N1101","59473","1.0","0","Candidat tr?s dynamique, mobilit? nationale valid?e. Projet clair.","0","0","0.599834223461971","0.1366135683028789","0.2635522082351501"
"PROD_01627","2026-02-18 19:49:17.645881961","42.8","Bac+2","6.8","K1403","73191","1.0","0","Profil autonome, recherche active, aucun frein p?riph?rique identifi?.","0","0","0.6307698605233854","0.1783906952007845","0.19083944427583016"
"PROD_01628","2026-02-18 20:32:30.490163388","41.8","Bac+5","0.8","M1501","2A331","1.0","0","Excellente pr?sentation, comp?tences techniques ? jour. Reprise rapide vis?e.","0","0","0.6457992303378073","0.15062308885091644","0.20357768081127628"
"PROD_01629","2026-02-18 21:15:43.334444815","38.8","Bac+2","6.5","K1304","33532","1.0","0","Comp?tences ? r?actualiser sur les outils num?riques. Motivation correcte.","1","1","0.1678731935133719","0.6843371884402267","0.14778961804640134"
"PROD_01630","2026-02-18 21:58:56.178726242","40.8","Bac+2","0.6","A1203","74085","1.0","0","Projet de reconversion ? affiner. Besoin d'une formation compl?mentaire.","1","1","0.24768829790190608","0.6158813570548344","0.13643034504325957"
"PROD_01631","2026-02-18 22:42:09.023007669","26.8","Bac","1.1","G1601","89397","1.0","0","Candidat tr?s dynamique, mobilit? nationale valid?e. Projet clair.","0","0","0.6132227138524391","0.20969950284892785","0.17707778329863305"
"PROD_01632","2026-02-18 23:25:21.867289096","26.8","Bac+2","1.9","D1401","76014","1.0","0","Projet de reconversion ? affiner. Besoin d'une formation compl?mentaire.","0","0","0.6346376194345751","0.1614637174380735","0.20389866312735141"
"PROD_01633","2026-02-19 00:08:34.711570524","39.8","Bac+2","0.2","J1506","12286","1.0","0","Profil autonome, recherche active, aucun frein p?riph?rique identifi?.","0","0","0.6433832164457696","0.18189348639623906","0.17472329715799137"
"PROD_01634","2026-02-19 00:51:47.555851951","57.8","Bac","3.5","D1406","86098","0.0","0","Perte de confiance importante. Risque d'exclusion, barri?re de la langue.","2","2","0.16294527374816756","0.22376222888148944","0.613292497370343"
"PROD_01635","2026-02-19 01:35:00.400133378","18.8","Bac","7.6","M1705","77171","1.0","0","Freins p?riph?riques majeurs. Situation d'illettrisme num?rique constat?e.","0","0","0.60971150712169","0.20931610937569264","0.18097238350261738"
"PROD_01636","2026-02-19 02:18:13.244414805","52.8","Bac+2","2.7","G1302","08498","1.0","0","Candidat tr?s dynamique, mobilit? nationale valid?e. Projet clair.","1","1","0.1392955498774432","0.6315906769799247","0.22911377314263215"
"PROD_01637","2026-02-19 03:01:26.088696232","21.8","Bac+2","1.0","K1201","51296","1.0","0","Profil autonome, recherche active, aucun frein p?riph?rique identifi?.","0","0","0.6422581876036133","0.21025922672583053","0.14748258567055617"
"PROD_01638","2026-02-19 03:44:38.932977659","29.8","Sans dipl?me","2.6","A1203","88258","0.0","0","Cumul de difficult?s. Pas de moyen de transport et garde d'enfants complexe.","2","2","0.16137487468350592","0.1618916522505226","0.6767334730659714"
"PROD_01639","2026-02-19 04:27:51.777259086","54.8","Bac+2","1.6","K2106","52039","1.0","0","Comp?tences ? r?actualiser sur les outils num?riques. Motivation correcte.","1","1","0.20054440971057325","0.6124013679404556","0.18705422234897107"
"PROD_01640","2026-02-19 05:11:04.621540514","33.8","Bac","2.2","A1203","21295","1.0","0","Comp?tences ? r?actualiser sur les outils num?riques. Motivation correcte.","1","1","0.2341013807031301","0.6060707126063065","0.15982790669056335"
"PROD_01641","2026-02-19 05:54:17.465821941","54.8","Bac+2","2.1","C1110","58040","1.0","0","Comp?tences ? r?actualiser sur les outils num?riques. Motivation correcte.","1","1","0.160874150164491","0.6720211845897275","0.1671046652457815"
"PROD_01642","2026-02-19 06:37:30.310103368","45.8","Bac","13.3","A1203","65073","1.0","0","Projet de reconversion ? affiner. Besoin d'une formation compl?mentaire.","1","1","0.2071410279924268","0.6139625943842439","0.17889637762332922"
"PROD_01643","2026-02-19 07:20:43.154384795","61.8","Bac+2","3.3","W1401","55338","0.0","0","Freins p?riph?riques majeurs. Situation d'illettrisme num?rique constat?e.","2","2","0.15792730124154408","0.2014037901577348","0.6406689086007211"
"PROD_01644","2026-02-19 08:03:55.998666222","46.8","Bac+5","10.8","C1302","31171","1.0","0","Excellente pr?sentation, comp?tences techniques ? jour. Reprise rapide vis?e.","0","0","0.7255371834556604","0.1351010364617384","0.13936178008260117"
"PROD_01645","2026-02-19 08:47:08.842947649","34.8","Bac","2.3","N1303","88108","0.0","1","Comp?tences ? r?actualiser sur les outils num?riques. Motivation correcte.","1","1","0.15213803704546833","0.6811918739550182","0.1666700889995134"
"PROD_01646","2026-02-19 09:30:21.687229076","41.8","Sans dipl?me","1.3","C1501","88461","1.0","0","Projet de reconversion ? affiner. Besoin d'une formation compl?mentaire.","1","1","0.22968836747520388","0.6008621256508987","0.16944950687389737"
"PROD_01647","2026-02-19 10:13:34.531510504","51.8","Bac+5","4.3","A1501","67198","0.0","0","Excellente pr?sentation, comp?tences techniques ? jour. Reprise rapide vis?e.","0","0","0.6512708906318747","0.1833764712307689","0.1653526381373564"
"PROD_01648","2026-02-19 10:56:47.375791931","46.8","Bac+2","0.2","K1903","40035","1.0","1","Projet de reconversion ? affiner. Besoin d'une formation compl?mentaire.","1","1","0.21912061779248887","0.6258373924578233","0.15504198974968775"
"PROD_01649","2026-02-19 11:40:00.220073358","41.8","Bac+5","1.8","D1503","60449","1.0","0","Excellente pr?sentation, comp?tences techniques ? jour. Reprise rapide vis?e.","0","0","0.6505721078465508","0.14904500647909721","0.20038288567435195"
"PROD_01650","2026-02-19 12:23:13.064354785","18.8","Bac+2","0.7","G1302","67101","1.0","0","Candidat tr?s dynamique, mobilit? nationale valid?e. Projet clair.","2","2","0.18142127546616316","0.19037579834122362","0.6282029261926132"
"PROD_01651","2026-02-19 13:06:25.908636212","26.8","Bac+2","6.9","K1403","16121","1.0","0","Candidat tr?s dynamique, mobilit? nationale valid?e. Projet clair.","0","0","0.6094548201277434","0.239756836101073","0.15078834377118355"
"PROD_01652","2026-02-19 13:49:38.752917639","18.8","Bac","5.3","M1801","12282","0.0","0","Excellente pr?sentation, comp?tences techniques ? jour. Reprise rapide vis?e.","0","0","0.6624486767314324","0.15842506965085215","0.17912625361771548"
"PROD_01653","2026-02-19 14:32:51.597199066","42.8","Bac+5","0.9","K1403","71588","1.0","0","Profil autonome, recherche active, aucun frein p?riph?rique identifi?.","0","0","0.6965596769717235","0.1726351451084161","0.1308051779198604"
"PROD_01654","2026-02-19 15:16:04.441480494","19.8","Sans dipl?me","4.0","M1802","84083","0.0","0","Probl?me ponctuel de mobilit? g?ographique. Zone mal desservie.","1","1","0.16537351227435665","0.5991371813369132","0.2354893063887301"
"PROD_01655","2026-02-19 15:59:17.285761921","31.8","Bac+5","3.3","M1501","77308","1.0","0","Probl?me ponctuel de mobilit? g?ographique. Zone mal desservie.","2","2","0.15818774647997808","0.21900761634462781","0.622804637175394"
"PROD_01656","2026-02-19 16:42:30.130043348","26.8","Bac+2","1.2","M1203","45044","1.0","0","Perte de confiance importante. Risque d'exclusion, barri?re de la langue.","0","0","0.6353948220244673","0.19134836611047984","0.17325681186505287"
"PROD_01657","2026-02-19 17:25:42.974324775","30.8","Bac+2","6.1","K1403","47131","1.0","0","Cumul de difficult?s. Pas de moyen de transport et garde d'enfants complexe.","0","0","0.6131001468780165","0.20656943307419584","0.18033042004778765"
"PROD_01658","2026-02-19 18:08:55.818606202","29.8","Bac+2","0.2","K1304","78334","1.0","0","Perte de confiance importante. Risque d'exclusion, barri?re de la langue.","2","2","0.1806903022487669","0.18685575181438768","0.6324539459368455"
"PROD_01659","2026-02-19 18:52:08.662887629","56.8","Bac+5","4.6","G1302","85147","1.0","0","Cumul de difficult?s. Pas de moyen de transport et garde d'enfants complexe.","2","2","0.175686379569445","0.1920000130021744","0.6323136074283806"
"PROD_01660","2026-02-19 19:35:21.507169056","52.8","Sans dipl?me","10.9","K2101","89261","0.0","0","Candidat tr?s dynamique, mobilit? nationale valid?e. Projet clair.","2","2","0.23767152981600756","0.1366605984140066","0.6256678717699858"
"PROD_01661","2026-02-19 20:18:34.351450484","46.8","Bac+5","0.1","D1502","17442","1.0","0","Candidat tr?s dynamique, mobilit? nationale valid?e. Projet clair.","0","0","0.5962152979631248","0.2229467033093044","0.1808379987275708"
"PROD_01662","2026-02-19 21:01:47.195731911","47.8","Bac+5","1.7","C1302","69024","1.0","0","Candidat tr?s dynamique, mobilit? nationale valid?e. Projet clair.","0","0","0.6691615417647448","0.15851008663830213","0.17232837159695302"
"PROD_01663","2026-02-19 21:45:00.040013338","61.8","Bac+5","2.5","A1203","62864","1.0","0","Probl?me ponctuel de mobilit? g?ographique. Zone mal desservie.","1","1","0.20933597129845916","0.618344872944742","0.1723191557567988"
"PROD_01664","2026-02-19 22:28:12.884294765","34.8","Sans dipl?me","17.4","N1101","09297","0.0","0","Candidat tr?s dynamique, mobilit? nationale valid?e. Projet clair.","0","0","0.6877256958922939","0.15282407000799594","0.15945023409971013"
"PROD_01665","2026-02-19 23:11:25.728576192","61.8","Bac+5","0.1","A1401","77372","1.0","0","Freins p?riph?riques majeurs. Situation d'illettrisme num?rique constat?e.","2","2","0.17398529701025353","0.20731190757783136","0.6187027954119151"
"PROD_01666","2026-02-19 23:54:38.572857619","41.8","Bac+2","1.1","H1206","16189","1.0","0","Perte de confiance importante. Risque d'exclusion, barri?re de la langue.","0","0","0.6714922195405932","0.1444085339922048","0.18409924646720197"
"PROD_01667","2026-02-20 00:37:51.417139046","28.8","Bac","0.1","H1504","06076","0.0","0","Perte de confiance importante. Risque d'exclusion, barri?re de la langue.","1","1","0.17683961001025342","0.6246860273670862","0.19847436262266038"
"PROD_01668","2026-02-20 01:21:04.261420474","27.8","Bac+2","1.6","H1206","33168","1.0","1","Comp?tences ? r?actualiser sur les outils num?riques. Motivation correcte.","1","1","0.20736508017975216","0.6615789504248324","0.13105596939541542"
"PROD_01669","2026-02-20 02:04:17.105701901","50.8","Sans dipl?me","1.9","D1503","45307","0.0","0","Profil autonome, recherche active, aucun frein p?riph?rique identifi?.","0","0","0.6885120902819096","0.1458813053705402","0.16560660434755017"
"PROD_01670","2026-02-20 02:47:29.949983328","53.8","Bac","0.1","H1206","01031","0.0","0","Excellente pr?sentation, comp?tences techniques ? jour. Reprise rapide vis?e.","1","1","0.24240575402475234","0.6168493887227664","0.1407448572524812"
"PROD_01671","2026-02-20 03:30:42.794264755","27.8","Bac","4.4","K1304","08376","1.0","0","Probl?me ponctuel de mobilit? g?ographique. Zone mal desservie.","0","0","0.5969018962467986","0.2603926440264148","0.1427054597267866"
"PROD_01672","2026-02-20 04:13:55.638546182","33.8","Sans dipl?me","1.3","A1401","04137","1.0","0","Comp?tences ? r?actualiser sur les outils num?riques. Motivation correcte.","1","1","0.2333247411919512","0.6044352951977395","0.16223996361030923"
"PROD_01673","2026-02-20 04:57:08.482827609","48.8","Bac+2","4.4","M1203","57717","0.0","0","Candidat tr?s dynamique, mobilit? nationale valid?e. Projet clair.","0","0","0.599240312166205","0.2536048584113229","0.1471548294224721"
"PROD_01674","2026-02-20 05:40:21.327109036","25.8","Sans dipl?me","1.6","G1302","22068","1.0","0","Probl?me ponctuel de mobilit? g?ographique. Zone mal desservie.","1","1","0.1337949369704129","0.6062375930647772","0.2599674699648099"
"PROD_01675","2026-02-20 06:23:34.171390464","32.8","Bac+2","7.6","K1201","38512","1.0","0","Profil autonome, recherche active, aucun frein p?riph?rique identifi?.","0","0","0.6033217069847058","0.15676632398701967","0.23991196902827455"
"PROD_01676","2026-02-20 07:06:47.015671891","41.8","Bac+5","0.5","G1801","18100","0.0","0","Candidat tr?s dynamique, mobilit? nationale valid?e. Projet clair.","0","0","0.6991965133121785","0.13336141204121993","0.1674420746466016"
"PROD_01677","2026-02-20 07:49:59.859953318","50.8","Sans dipl?me","1.8","M1806","70167","1.0","0","Profil autonome, recherche active, aucun frein p?riph?rique identifi?.","1","1","0.13780046297040605","0.6180027275394075","0.2441968094901864"
"PROD_01678","2026-02-20 08:33:12.704234745","53.8","Bac+2","4.0","M1203","51517","0.0","0","Comp?tences ? r?actualiser sur les outils num?riques. Motivation correcte.","1","1","0.17417799090196054","0.6548800856500281","0.1709419234480114"
"PROD_01679","2026-02-20 09:16:25.548516172","31.8","Bac","0.5","K2111","25249","0.0","0","Candidat tr?s dynamique, mobilit? nationale valid?e. Projet clair.","0","0","0.5983112344097898","0.13872391562288477","0.2629648499673254"
"PROD_01680","2026-02-20 09:59:38.392797599","19.8","Bac","2.1","C1302","72226","1.0","0","Information non renseignee","1","1","0.1678119141999521","0.6706064454249481","0.1615816403750998"
"PROD_01681","2026-02-20 10:42:51.237079026","45.8","Bac+5","1.4","C1302","12290","1.0","0","Profil autonome, recherche active, aucun frein p?riph?rique identifi?.","0","0","0.7225553999006169","0.1340812611483363","0.1433633389510468"
"PROD_01682","2026-02-20 11:26:04.081360454","32.8","Bac+2","0.2","A1301","11120","1.0","0","Candidat tr?s dynamique, mobilit? nationale valid?e. Projet clair.","0","0","0.6665911459865159","0.15566703402987284","0.17774181998361124"
"PROD_01683","2026-02-20 12:09:16.925641881","23.8","Bac+2","5.7","M1801","29172","1.0","0","Profil autonome, recherche active, aucun frein p?riph?rique identifi?.","0","0","0.6622970871935513","0.18439299713148408","0.15330991567496463"
"PROD_01684","2026-02-20 12:52:29.769923308","51.8","Bac+2","1.5","A1301","70411","1.0","1","Freins p?riph?riques majeurs. Situation d'illettrisme num?rique constat?e.","2","2","0.14825259899347284","0.13958382997348232","0.7121635710330448"
"PROD_01685","2026-02-20 13:35:42.614204735","62.8","Bac+2","0.9","F1603","70200","1.0","1","Projet de reconversion ? affiner. Besoin d'une formation compl?mentaire.","2","2","0.13546374469310246","0.20686784389123808","0.6576684114156595"
"PROD_01686","2026-02-20 14:18:55.458486162","62.8","Sans dipl?me","0.5","A1501","28342","0.0","0","Freins p?riph?riques majeurs. Situation d'illettrisme num?rique constat?e.","1","1","0.2200361142988296","0.6343469998719831","0.1456168858291873"
"PROD_01687","2026-02-20 15:02:08.302767589","42.8","Bac","1.8","G1601","45173","1.0","0","Probl?me ponctuel de mobilit? g?ographique. Zone mal desservie.","0","0","0.6147398724711189","0.14706019965155204","0.23819992787732902"
"PROD_01688","2026-02-20 15:45:21.147049016","29.8","Sans dipl?me","0.4","G1601","22112","0.0","0","Cumul de difficult?s. Pas de moyen de transport et garde d'enfants complexe.","1","1","0.20548950347345088","0.6030268677470765","0.19148362877947267"
"PROD_01689","2026-02-20 16:28:33.991330444","43.8","Bac","2.4","M1801","16284","0.0","0","Excellente pr?sentation, comp?tences techniques ? jour. Reprise rapide vis?e.","0","0","0.6122603575392609","0.1296159112696364","0.2581237311911027"
"PROD_01690","2026-02-20 17:11:46.835611871","40.8","Bac+5","0.7","M1607","91021","1.0","0","Candidat tr?s dynamique, mobilit? nationale valid?e. Projet clair.","0","0","0.6142369634997132","0.1353831131099012","0.25037992339038556"
"PROD_01691","2026-02-20 17:54:59.679893298","53.8","Bac+2","3.0","I1304","53263","0.0","0","Candidat tr?s dynamique, mobilit? nationale valid?e. Projet clair.","1","1","0.22938175320775295","0.6104532500262291","0.16016499676601803"
"PROD_01692","2026-02-20 18:38:12.524174725","44.8","Bac+5","2.5","C1102","34286","1.0","0","Excellente pr?sentation, comp?tences techniques ? jour. Reprise rapide vis?e.","0","0","0.7041443784512142","0.14529925934853782","0.15055636220024793"
"PROD_01693","2026-02-20 19:21:25.368456152","47.8","Bac+2","0.0","A1301","08006","1.0","0","Comp?tences ? r?actualiser sur les outils num?riques. Motivation correcte.","1","1","0.16589596863023903","0.671906416878035","0.16219761449172598"
"PROD_01694","2026-02-20 20:04:38.212737579","60.8","Bac","5.9","C1501","70516","1.0","0","Excellente pr?sentation, comp?tences techniques ? jour. Reprise rapide vis?e.","0","0","0.6914734937044282","0.13233192856124473","0.17619457773432703"
"PROD_01695","2026-02-20 20:47:51.057019006","56.8","Bac+5","0.1","M1806","80056","1.0","0","Projet de reconversion ? affiner. Besoin d'une formation compl?mentaire.","0","0","0.6991583122384835","0.14391315292453755","0.156928534836979"
"PROD_01696","2026-02-20 21:31:03.901300434","34.8","Bac","1.1","M1802","89388","0.0","0","Profil autonome, recherche active, aucun frein p?riph?rique identifi?.","0","0","0.6357267415388138","0.22811458864748596","0.13615866981370023"
"PROD_01697","2026-02-20 22:14:16.745581861","42.8","Bac+2","4.1","F1603","87199","0.0","0","Information non renseignee","1","1","0.23052343222580146","0.6119242240444227","0.1575523437297759"
"PROD_01698","2026-02-20 22:57:29.589863288","61.8","Bac","6.6","H1206","39184","1.0","0","Projet de reconversion ? affiner. Besoin d'une formation compl?mentaire.","1","1","0.18771863612327155","0.6506692909632397","0.16161207291348878"
"PROD_01699","2026-02-20 23:40:42.434144715","37.8","Sans dipl?me","5.7","C1110","67060","0.0","1","Freins p?riph?riques majeurs. Situation d'illettrisme num?rique constat?e.","2","2","0.14981027187703616","0.13362475369528817","0.7165649744276756"
"PROD_01700","2026-02-21 00:23:55.278426142","33.9","Sans dipl?me","2.3","G1602","70240","0.0","0","Candidat tr?s dynamique, mobilit? nationale valid?e. Projet clair.","0","0","0.6800175565042232","0.15807587441037235","0.1619065690854044"
"PROD_01701","2026-02-21 01:07:08.122707569","54.9","Sans dipl?me","1.6","C1102","03229","1.0","0","Freins p?riph?riques majeurs. Situation d'illettrisme num?rique constat?e.","2","2","0.18732357400320399","0.1702090937728207","0.6424673322239753"
"PROD_01702","2026-02-21 01:50:20.966988996","30.9","Bac+2","4.5","D1401","32316","1.0","0","Excellente pr?sentation, comp?tences techniques ? jour. Reprise rapide vis?e.","0","0","0.6325419163637275","0.14501667033992016","0.22244141329635236"
"PROD_01703","2026-02-21 02:33:33.811270424","27.9","Sans dipl?me","0.6","N4301","08001","1.0","0","Projet de reconversion ? affiner. Besoin d'une formation compl?mentaire.","1","1","0.25442743616350555","0.605683643489801","0.13988892034669353"
"PROD_01704","2026-02-21 03:16:46.655551851","61.9","Bac","2.0","M1602","79142","0.0","0","Cumul de difficult?s. Pas de moyen de transport et garde d'enfants complexe.","2","2","0.14553940006739127","0.25283154192533064","0.6016290580072781"
"PROD_01705","2026-02-21 03:59:59.499833278","33.9","Bac+5","1.0","K1601","43188","1.0","0","Comp?tences ? r?actualiser sur les outils num?riques. Motivation correcte.","0","0","0.651271648130159","0.13870930309704096","0.2100190487728"
"PROD_01706","2026-02-21 04:43:12.344114705","32.9","Bac+2","7.6","K1201","38512","1.0","0","Profil autonome, recherche active, aucun frein p?riph?rique identifi?.","0","0","0.6395380864215735","0.1358287540563091","0.2246331595221174"
"PROD_01707","2026-02-21 05:26:25.188396132","21.9","Bac+2","5.2","M1203","63260","0.0","0","Profil autonome, recherche active, aucun frein p?riph?rique identifi?.","0","0","0.5985511559867476","0.1518883255464844","0.24956051846676802"
"PROD_01708","2026-02-21 06:09:38.032677559","39.9","Sans dipl?me","7.9","J1301","62768","1.0","0","Comp?tences ? r?actualiser sur les outils num?riques. Motivation correcte.","2","2","0.12880167023432534","0.20953400046894924","0.6616643292967255"
"PROD_01709","2026-02-21 06:52:50.876958986","41.9","Bac+2","0.8","C1501","77255","0.0","0","Probl?me ponctuel de mobilit? g?ographique. Zone mal desservie.","1","1","0.20248261356037797","0.656560795693515","0.140956590746107"
"PROD_01710","2026-02-21 07:36:03.721240414","40.9","Sans dipl?me","1.0","C1302","47215","1.0","0","Excellente pr?sentation, comp?tences techniques ? jour. Reprise rapide vis?e.","1","1","0.1809176019616088","0.6566079953814458","0.16247440265694546"
"PROD_01711","2026-02-21 08:19:16.565521841","41.9","Bac+5","10.6","N1301","27199","1.0","0","Perte de confiance importante. Risque d'exclusion, barri?re de la langue.","0","0","0.6046207435998461","0.21163546218548768","0.18374379421466625"
"PROD_01712","2026-02-21 09:02:29.409803268","38.9","Bac+2","1.9","K2106","43098","1.0","0","Excellente pr?sentation, comp?tences techniques ? jour. Reprise rapide vis?e.","0","0","0.7320881760020967","0.12760745346027777","0.14030437053762548"
"PROD_01713","2026-02-21 09:45:42.254084695","57.9","Bac+5","9.6","K2101","72283","0.0","0","Profil autonome, recherche active, aucun frein p?riph?rique identifi?.","0","0","0.6912287818895836","0.17593019034714646","0.13284102776326995"
"PROD_01714","2026-02-21 10:28:55.098366122","60.9","Bac+2","2.6","N1301","18171","0.0","0","Projet de reconversion ? affiner. Besoin d'une formation compl?mentaire.","1","1","0.16084577616341794","0.6402844071298276","0.19886981670675452"
"PROD_01715","2026-02-21 11:12:07.942647549","62.9","Bac","0.1","G1602","47185","0.0","0","Freins p?riph?riques majeurs. Situation d'illettrisme num?rique constat?e.","2","2","0.2505934382445631","0.13056671576222859","0.6188398459932083"
"PROD_01716","2026-02-21 11:55:20.786928976","59.9","Bac+2","0.0","N1303","38020","1.0","0","Comp?tences ? r?actualiser sur les outils num?riques. Motivation correcte.","1","1","0.17774397064523245","0.6255617259441931","0.19669430341057448"
"PROD_01717","2026-02-21 12:38:33.631210404","23.9","Bac+2","4.6","K1903","59419","0.0","0","Comp?tences ? r?actualiser sur les outils num?riques. Motivation correcte.","1","1","0.1934724587018256","0.6660045908050954","0.14052295049307895"
"PROD_01718","2026-02-21 13:21:46.475491831","42.9","Sans dipl?me","12.7","C1501","69098","1.0","0","Perte de confiance importante. Risque d'exclusion, barri?re de la langue.","2","2","0.17854038362936664","0.22578722557917374","0.5956723907914596"
"PROD_01719","2026-02-21 14:04:59.319773258","56.9","Sans dipl?me","0.3","D1401","01280","1.0","0","Freins p?riph?riques majeurs. Situation d'illettrisme num?rique constat?e.","2","2","0.14157726435513313","0.1425278729036539","0.715894862741213"
"PROD_01720","2026-02-21 14:48:12.164054685","51.9","Sans dipl?me","6.1","A1203","33238","0.0","0","Comp?tences ? r?actualiser sur les outils num?riques. Motivation correcte.","1","1","0.2485723922377989","0.6182242996625555","0.13320330809964553"
"PROD_01721","2026-02-21 15:31:25.008336112","23.9","Sans dipl?me","1.1","G1602","02579","1.0","1","Probl?me ponctuel de mobilit? g?ographique. Zone mal desservie.","2","2","0.20997156856295424","0.14480839505365165","0.6452200363833942"
"PROD_01722","2026-02-21 16:14:37.852617539","35.9","Bac+2","1.9","M1801","86026","0.0","0","Profil autonome, recherche active, aucun frein p?riph?rique identifi?.","0","0","0.6074776611779306","0.19550376615431395","0.1970185726677555"
"PROD_01723","2026-02-21 16:57:50.696898966","43.9","Bac","0.1","N4301","72021","0.0","0","Information non renseignee","1","1","0.18685456899788563","0.6560973627483185","0.1570480682537958"
"PROD_01724","2026-02-21 17:41:03.541180394","43.9","Bac","5.1","H1504","50054","1.0","0","Profil autonome, recherche active, aucun frein p?riph?rique identifi?.","1","1","0.2643367537118873","0.6031252783967767","0.1325379678913361"
"PROD_01725","2026-02-21 18:24:16.385461821","29.9","Bac+5","8.5","A1203","67074","1.0","0","Excellente pr?sentation, comp?tences techniques ? jour. Reprise rapide vis?e.","1","1","0.23963316610500424","0.607083482933585","0.15328335096141077"
"PROD_01726","2026-02-21 19:07:29.229743248","39.9","Bac+2","1.9","G1801","53181","1.0","0","Projet de reconversion ? affiner. Besoin d'une formation compl?mentaire.","1","1","0.1402211902655937","0.6029730996359008","0.2568057100985055"
"PROD_01727","2026-02-21 19:50:42.074024675","39.9","Sans dipl?me","3.0","K1201","39153","0.0","0","Profil autonome, recherche active, aucun frein p?riph?rique identifi?.","1","1","0.14014765341473426","0.7010740723569194","0.15877827422834634"
"PROD_01728","2026-02-21 20:33:54.918306102","61.9","Sans dipl?me","5.5","N1101","57524","1.0","0","Profil autonome, recherche active, aucun frein p?riph?rique identifi?.","2","2","0.21509514628581064","0.16431499747921324","0.6205898562349761"
"PROD_01729","2026-02-21 21:17:07.762587529","29.9","Bac","8.1","H2502","14550","0.0","0","Comp?tences ? r?actualiser sur les outils num?riques. Motivation correcte.","1","1","0.19558246022709613","0.6235909135668684","0.1808266262060355"
"PROD_01730","2026-02-21 22:00:20.606868956","56.9","Bac","3.3","M1607","01073","0.0","0","Cumul de difficult?s. Pas de moyen de transport et garde d'enfants complexe.","2","2","0.13651769347277976","0.179988900850192","0.6834934056770282"
"PROD_01731","2026-02-21 22:43:33.451150384","63.9","Bac","7.1","D1401","58287","1.0","0","Perte de confiance importante. Risque d'exclusion, barri?re de la langue.","1","1","0.22819225466898946","0.6302216815644773","0.14158606376653327"
"PROD_01732","2026-02-21 23:26:46.295431811","46.9","Bac+5","2.0","D1210","31097","1.0","0","Profil autonome, recherche active, aucun frein p?riph?rique identifi?.","0","0","0.6470808308942319","0.2205023436941188","0.13241682541164934"
"PROD_01733","2026-02-22 00:09:59.139713238","46.9","Bac+2","1.2","A1202","34225","1.0","0","Comp?tences ? r?actualiser sur les outils num?riques. Motivation correcte.","1","1","0.144661364131972","0.6290359964178098","0.2263026394502181"
"PROD_01734","2026-02-22 00:53:11.983994665","32.9","Bac","3.3","C1302","11408","0.0","0","Excellente pr?sentation, comp?tences techniques ? jour. Reprise rapide vis?e.","0","0","0.6497219869114899","0.20883160613054647","0.14144640695796368"
"PROD_01735","2026-02-22 01:36:24.828276092","26.9","Sans dipl?me","3.8","K2106","60326","1.0","0","Cumul de difficult?s. Pas de moyen de transport et garde d'enfants complexe.","1","1","0.13758589458502715","0.6617431607612562","0.2006709446537167"
"PROD_01736","2026-02-22 02:19:37.672557519","18.9","Bac+5","0.6","A1301","67028","0.0","1","Comp?tences ? r?actualiser sur les outils num?riques. Motivation correcte.","1","1","0.14438840659959368","0.7260738082903739","0.12953778511003233"
"PROD_01737","2026-02-22 03:02:50.516838947","45.9","Sans dipl?me","0.4","H1504","77268","1.0","0","Probl?me ponctuel de mobilit? g?ographique. Zone mal desservie.","1","1","0.189766888261816","0.6485179460555467","0.16171516568263733"
"PROD_01738","2026-02-22 03:46:03.361120374","40.9","Bac+5","17.5","N1303","54007","0.0","0","Cumul de difficult?s. Pas de moyen de transport et garde d'enfants complexe.","0","0","0.5980438543954063","0.21181810707720758","0.19013803852738612"
"PROD_01739","2026-02-22 04:29:16.205401801","41.9","Bac","1.8","I1304","88015","1.0","1","Profil autonome, recherche active, aucun frein p?riph?rique identifi?.","2","2","0.17041107645536116","0.1912807676657407","0.6383081558788981"
"PROD_01740","2026-02-22 05:12:29.049683228","21.9","Bac+5","2.5","M1805","01054","0.0","0","Cumul de difficult?s. Pas de moyen de transport et garde d'enfants complexe.","0","0","0.7265879384549223","0.1425043942442053","0.1309076673008724"
"PROD_01741","2026-02-22 05:55:41.893964655","59.9","Bac","0.3","M1805","43223","1.0","0","Candidat tr?s dynamique, mobilit? nationale valid?e. Projet clair.","0","0","0.6556528141321846","0.14120460753216388","0.20314257833565155"
"PROD_01742","2026-02-22 06:38:54.738246082","26.9","Bac","9.7","G1801","83098","1.0","0","Candidat tr?s dynamique, mobilit? nationale valid?e. Projet clair.","1","1","0.2063830558723546","0.6487553464949388","0.14486159763270656"
"PROD_01743","2026-02-22 07:22:07.582527510","57.9","Bac+2","0.3","N1303","14748","0.0","0","Excellente pr?sentation, comp?tences techniques ? jour. Reprise rapide vis?e.","1","1","0.1297080499944174","0.7220296717771586","0.14826227822842397"
"PROD_01744","2026-02-22 08:05:20.426808937","38.9","Bac+2","4.9","M1203","22386","1.0","0","Candidat tr?s dynamique, mobilit? nationale valid?e. Projet clair.","1","1","0.15466135412111384","0.6900258296218807","0.15531281625700544"
"PROD_01745","2026-02-22 08:48:33.271090364","36.9","Sans dipl?me","3.1","W1401","45082","0.0","0","Perte de confiance importante. Risque d'exclusion, barri?re de la langue.","1","1","0.1506190410813711","0.7073839856377945","0.14199697328083438"
"PROD_01746","2026-02-22 09:31:46.115371791","33.9","Bac+2","0.8","H1206","51587","1.0","0","Perte de confiance importante. Risque d'exclusion, barri?re de la langue.","0","0","0.6499407761993858","0.1692765509574305","0.18078267284318367"
"PROD_01747","2026-02-22 10:14:58.959653218","25.9","Bac","1.1","F1603","71366","0.0","0","Cumul de difficult?s. Pas de moyen de transport et garde d'enfants complexe.","2","2","0.18411482556574274","0.14040553678735668","0.6754796376469006"
"PROD_01748","2026-02-22 10:58:11.803934645","51.9","Sans dipl?me","0.4","M1203","32367","1.0","0","Excellente pr?sentation, comp?tences techniques ? jour. Reprise rapide vis?e.","2","2","0.17828547909435088","0.13662416875991487","0.6850903521457342"
"PROD_01749","2026-02-22 11:41:24.648216072","58.9","Sans dipl?me","0.3","H1504","57689","0.0","0","Profil autonome, recherche active, aucun frein p?riph?rique identifi?.","0","0","0.6481591829710498","0.20828353187768167","0.14355728515126853"
"PROD_01750","2026-02-22 12:24:37.492497500","62.9","Bac","7.2","K2111","85254","1.0","0","Probl?me ponctuel de mobilit? g?ographique. Zone mal desservie.","1","1","0.12921735455500127","0.6654934764160352","0.20528916902896355"
"PROD_01751","2026-02-22 13:07:50.336778927","53.9","Bac","2.2","M1805","77455","0.0","0","Probl?me ponctuel de mobilit? g?ographique. Zone mal desservie.","1","1","0.16973487688528693","0.6836664479874919","0.14659867512722125"
"PROD_01752","2026-02-22 13:51:03.181060354","57.9","Bac+2","2.0","N4101","32382","0.0","0","Probl?me ponctuel de mobilit? g?ographique. Zone mal desservie.","1","1","0.14607805599511206","0.6521242534182038","0.20179769058668418"
"PROD_01753","2026-02-22 14:34:16.025341781","52.9","Bac","2.0","M1801","33280","1.0","0","Perte de confiance importante. Risque d'exclusion, barri?re de la langue.","0","0","0.6070578498881081","0.23117544742615556","0.16176670268573637"
"PROD_01754","2026-02-22 15:17:28.869623208","51.9","Bac+2","0.2","M1602","64060","1.0","0","Perte de confiance importante. Risque d'exclusion, barri?re de la langue.","2","2","0.240806602800921","0.1563529050200184","0.6028404921790605"
"PROD_01755","2026-02-22 16:00:41.713904635","51.9","Bac","2.7","M1806","16359","1.0","0","Probl?me ponctuel de mobilit? g?ographique. Zone mal desservie.","1","1","0.22414808115045456","0.6072581034442712","0.16859381540527418"
"PROD_01756","2026-02-22 16:43:54.558186062","55.9","Bac+2","4.1","A1301","62760","1.0","0","Candidat tr?s dynamique, mobilit? nationale valid?e. Projet clair.","0","0","0.5961591035677472","0.14697241830509328","0.25686847812715957"
"PROD_01757","2026-02-22 17:27:07.402467490","42.9","Bac+2","7.0","I1304","62830","0.0","0","Projet de reconversion ? affiner. Besoin d'une formation compl?mentaire.","0","0","0.6133931372898223","0.19325921331220192","0.19334764939797583"
"PROD_01758","2026-02-22 18:10:20.246748917","24.9","Bac+2","2.5","M1806","68069","1.0","0","Excellente pr?sentation, comp?tences techniques ? jour. Reprise rapide vis?e.","0","0","0.6749728504062867","0.18749559187389458","0.13753155771981868"
"PROD_01759","2026-02-22 18:53:33.091030344","57.9","Bac+2","1.0","G1602","37115","1.0","0","Projet de reconversion ? affiner. Besoin d'une formation compl?mentaire.","1","1","0.15531277848198935","0.6391366778975313","0.20555054362047942"
"PROD_01760","2026-02-22 19:36:45.935311771","53.9","Bac+2","0.6","H1206","51613","1.0","0","Probl?me ponctuel de mobilit? g?ographique. Zone mal desservie.","1","1","0.17745883475254884","0.6488292482849047","0.1737119169625464"
"PROD_01761","2026-02-22 20:19:58.779593198","25.9","Sans dipl?me","0.6","C1201","63415","0.0","0","Projet de reconversion ? affiner. Besoin d'une formation compl?mentaire.","0","0","0.6212592751707321","0.17784085398588406","0.20089987084338384"
"PROD_01762","2026-02-22 21:03:11.623874625","29.9","Bac+2","1.8","K2106","57485","1.0","0","Profil autonome, recherche active, aucun frein p?riph?rique identifi?.","0","0","0.6597914482382202","0.1887031520502561","0.1515053997115237"
"PROD_01763","2026-02-22 21:46:24.468156052","63.9","Bac+2","0.3","G1801","08035","1.0","0","Excellente pr?sentation, comp?tences techniques ? jour. Reprise rapide vis?e.","1","1","0.23588675799164616","0.6186166679106263","0.14549657409772754"
"PROD_01764","2026-02-22 22:29:37.312437480","59.9","Bac","7.0","K1304","26359","1.0","0","Profil autonome, recherche active, aucun frein p?riph?rique identifi?.","0","0","0.6146209419927199","0.19650485299052872","0.1888742050167514"
"PROD_01765","2026-02-22 23:12:50.156718907","38.9","Sans dipl?me","1.8","M1602","02423","1.0","0","Freins p?riph?riques majeurs. Situation d'illettrisme num?rique constat?e.","2","2","0.16153578356144116","0.21185871766566372","0.6266054987728951"
"PROD_01766","2026-02-22 23:56:03.001000334","28.9","Bac+2","0.9","H2502","59327","1.0","0","Freins p?riph?riques majeurs. Situation d'illettrisme num?rique constat?e.","0","0","0.6505556982877758","0.2134158367224543","0.1360284649897699"
"PROD_01767","2026-02-23 00:39:15.845281761","38.9","Bac+5","1.0","G1801","31583","1.0","0","Projet de reconversion ? affiner. Besoin d'une formation compl?mentaire.","0","0","0.6392952610887719","0.20872052444986894","0.15198421446135918"
"PROD_01768","2026-02-23 01:22:28.689563188","28.9","Bac","0.1","C1201","27464","1.0","0","Candidat tr?s dynamique, mobilit? nationale valid?e. Projet clair.","0","0","0.6812059460278506","0.15200615172039433","0.1667879022517551"
"PROD_01769","2026-02-23 02:05:41.533844615","60.9","Bac","2.8","H1206","88349","1.0","1","Freins p?riph?riques majeurs. Situation d'illettrisme num?rique constat?e.","2","2","0.14267361547736662","0.15626854684421335","0.70105783767842"
"PROD_01770","2026-02-23 02:48:54.378126042","34.9","Bac","0.4","G1801","06058","0.0","0","Probl?me ponctuel de mobilit? g?ographique. Zone mal desservie.","1","1","0.1397135676877728","0.6417247105343298","0.21856172177789746"
"PROD_01771","2026-02-23 03:32:07.222407470","43.9","Bac","3.4","K2106","36019","1.0","0","Perte de confiance importante. Risque d'exclusion, barri?re de la langue.","0","0","0.7391112223201652","0.13245393767181807","0.1284348400080167"
"PROD_01772","2026-02-23 04:15:20.066688897","51.9","Bac+2","3.2","G1203","02355","1.0","0","Cumul de difficult?s. Pas de moyen de transport et garde d'enfants complexe.","2","2","0.22366865789721674","0.16128094203593193","0.6150504000668514"
"PROD_01773","2026-02-23 04:58:32.910970324","55.9","Bac+5","1.5","H1206","35256","1.0","0","Projet de reconversion ? affiner. Besoin d'une formation compl?mentaire.","1","1","0.201115278207874","0.645405666442638","0.15347905534948802"
"PROD_01774","2026-02-23 05:41:45.755251751","38.9","Bac","0.2","M1705","02668","1.0","0","Cumul de difficult?s. Pas de moyen de transport et garde d'enfants complexe.","0","0","0.642484848305404","0.20329525645028246","0.15421989524431357"
"PROD_01775","2026-02-23 06:24:58.599533178","61.9","Bac+5","1.0","K1903","33046","0.0","0","Freins p?riph?riques majeurs. Situation d'illettrisme num?rique constat?e.","2","2","0.24128191425423323","0.15876214949084683","0.5999559362549198"
"PROD_01776","2026-02-23 07:08:11.443814605","22.9","Bac","1.9","K2106","29212","0.0","0","Profil autonome, recherche active, aucun frein p?riph?rique identifi?.","0","0","0.6835846661315322","0.13198980274930544","0.18442553111916232"
"PROD_01777","2026-02-23 07:51:24.288096032","56.9","Bac","0.6","C1501","91434","1.0","0","Probl?me ponctuel de mobilit? g?ographique. Zone mal desservie.","1","1","0.19850307500296127","0.6217698603145315","0.1797270646825072"
"PROD_01778","2026-02-23 08:34:37.132377460","28.9","Bac","1.1","G1801","80197","1.0","0","Excellente pr?sentation, comp?tences techniques ? jour. Reprise rapide vis?e.","1","1","0.21361990529309494","0.6170156113481114","0.16936448335879362"
"PROD_01779","2026-02-23 09:17:49.976658887","49.9","Bac+2","4.8","C1110","32145","1.0","1","Probl?me ponctuel de mobilit? g?ographique. Zone mal desservie.","1","1","0.1434089129358123","0.6770951684812888","0.17949591858289893"
"PROD_01780","2026-02-23 10:01:02.820940314","41.9","Bac+5","0.8","N1301","62882","0.0","0","Candidat tr?s dynamique, mobilit? nationale valid?e. Projet clair.","0","0","0.600714535222436","0.14713030041946926","0.2521551643580947"
"PROD_01781","2026-02-23 10:44:15.665221741","18.9","Bac+2","5.3","M1602","51566","1.0","0","Comp?tences ? r?actualiser sur les outils num?riques. Motivation correcte.","1","1","0.17131482683084903","0.6875422603830424","0.14114291278610847"
"PROD_01782","2026-02-23 11:27:28.509503168","19.9","Sans dipl?me","2.9","G1203","53029","1.0","0","Excellente pr?sentation, comp?tences techniques ? jour. Reprise rapide vis?e.","1","1","0.18082883302407834","0.6237593462449602","0.19541182073096142"
"PROD_01783","2026-02-23 12:10:41.353784595","31.9","Bac+2","1.1","A1301","78048","0.0","0","Comp?tences ? r?actualiser sur les outils num?riques. Motivation correcte.","1","1","0.14833595639621633","0.626974154488748","0.22468988911503562"
"PROD_01784","2026-02-23 12:53:54.198066022","47.9","Bac","1.9","G1801","57491","1.0","0","Projet de reconversion ? affiner. Besoin d'une formation compl?mentaire.","1","1","0.22562259039675142","0.6360318301734337","0.13834557942981485"
"PROD_01785","2026-02-23 13:37:07.042347450","18.9","Bac+5","0.5","H1504","57199","0.0","0","Profil autonome, recherche active, aucun frein p?riph?rique identifi?.","0","0","0.5991800388988967","0.2545135772236802","0.14630638387742312"
"PROD_01786","2026-02-23 14:20:19.886628877","18.9","Bac+5","14.8","C1102","31455","1.0","0","Excellente pr?sentation, comp?tences techniques ? jour. Reprise rapide vis?e.","0","0","0.6096188588714246","0.14506323023537485","0.2453179108932005"
"PROD_01787","2026-02-23 15:03:32.730910304","18.9","Bac+2","2.7","W1401","26058","1.0","0","Cumul de difficult?s. Pas de moyen de transport et garde d'enfants complexe.","0","0","0.632348289651978","0.21803852684053465","0.14961318350748737"
"PROD_01788","2026-02-23 15:46:45.575191731","47.9","Bac+2","2.7","M1705","15159","1.0","0","Perte de confiance importante. Risque d'exclusion, barri?re de la langue.","0","0","0.6649818951520579","0.13735662106738672","0.19766148378055542"
"PROD_01789","2026-02-23 16:29:58.419473158","49.9","Sans dipl?me","4.0","K1403","60028","1.0","0","Comp?tences ? r?actualiser sur les outils num?riques. Motivation correcte.","1","1","0.18056632140199325","0.6169764062834352","0.20245727231457156"
"PROD_01790","2026-02-23 17:13:11.263754585","39.9","Bac","3.0","M1602","59013","1.0","0","Freins p?riph?riques majeurs. Situation d'illettrisme num?rique constat?e.","1","1","0.12921018171341467","0.7064571230811991","0.16433269520538618"
"PROD_01791","2026-02-23 17:56:24.108036012","26.9","Sans dipl?me","5.2","C1102","11033","0.0","0","Probl?me ponctuel de mobilit? g?ographique. Zone mal desservie.","1","1","0.18577965284271422","0.5955384612941653","0.21868188586312043"
"PROD_01792","2026-02-23 18:39:36.952317440","19.9","Bac","0.3","C1201","77055","1.0","0","Excellente pr?sentation, comp?tences techniques ? jour. Reprise rapide vis?e.","0","0","0.6943780659728496","0.16606198308865316","0.13955995093849727"
"PROD_01793","2026-02-23 19:22:49.796598867","52.9","Bac+5","1.3","C1201","40078","1.0","0","Comp?tences ? r?actualiser sur les outils num?riques. Motivation correcte.","1","1","0.1882372348442027","0.637022816357433","0.1747399487983643"
"PROD_01794","2026-02-23 20:06:02.640880294","18.9","Bac+2","8.8","M1805","10145","0.0","0","Cumul de difficult?s. Pas de moyen de transport et garde d'enfants complexe.","0","0","0.600426802484308","0.2213915128497409","0.17818168466595108"
"PROD_01795","2026-02-23 20:49:15.485161721","63.9","Bac+5","2.0","D1502","82093","1.0","0","Probl?me ponctuel de mobilit? g?ographique. Zone mal desservie.","1","1","0.1616850324987754","0.6774532812561181","0.16086168624510644"
"PROD_01796","2026-02-23 21:32:28.329443148","37.9","Bac","1.2","C1102","33162","0.0","0","Projet de reconversion ? affiner. Besoin d'une formation compl?mentaire.","0","0","0.6494237105166522","0.14298314823820593","0.20759314124514192"
"PROD_01797","2026-02-23 22:15:41.173724575","54.9","Sans dipl?me","0.9","K2111","57364","1.0","0","Cumul de difficult?s. Pas de moyen de transport et garde d'enfants complexe.","2","2","0.14086972822997396","0.23352965271202752","0.6256006190579985"
"PROD_01798","2026-02-23 22:58:54.018006002","19.9","Sans dipl?me","0.7","K1601","24241","1.0","1","Freins p?riph?riques majeurs. Situation d'illettrisme num?rique constat?e.","2","2","0.14239028353404395","0.14046150481112563","0.7171482116548304"
"PROD_01799","2026-02-23 23:42:06.862287429","23.9","Bac+2","2.7","M1806","21395","1.0","0","Probl?me ponctuel de mobilit? g?ographique. Zone mal desservie.","1","1","0.203631315617901","0.630908112785044","0.16546057159705496"
"PROD_01800","2026-02-24 00:25:19.706568857","56.9","Sans dipl?me","0.6","K1403","44173","1.0","0","Excellente pr?sentation, comp?tences techniques ? jour. Reprise rapide vis?e.","2","2","0.19778771357395555","0.16365621014208814","0.6385560762839564"
"PROD_01801","2026-02-24 01:08:32.550850284","34.9","Bac","1.1","M1802","89388","0.0","0","Profil autonome, recherche active, aucun frein p?riph?rique identifi?.","0","0","0.6576696596052759","0.12758184509032255","0.21474849530440154"
"PROD_01802","2026-02-24 01:51:45.395131711","41.9","Sans dipl?me","3.0","K2101","61453","0.0","0","Comp?tences ? r?actualiser sur les outils num?riques. Motivation correcte.","2","2","0.20083613030215558","0.1373874705828578","0.6617763991149866"
"PROD_01803","2026-02-24 02:34:58.239413138","33.9","Sans dipl?me","0.5","D1503","19051","0.0","0","Projet de reconversion ? affiner. Besoin d'une formation compl?mentaire.","1","1","0.24675211851924128","0.6162329152097903","0.13701496627096843"
"PROD_01804","2026-02-24 03:18:11.083694565","50.9","Bac","0.7","D1502","21700","1.0","1","Probl?me ponctuel de mobilit? g?ographique. Zone mal desservie.","1","1","0.1357109276319991","0.5984840458062092","0.2658050265617917"
"PROD_01805","2026-02-24 04:01:23.927975992","29.9","Bac+2","0.2","K2106","66123","0.0","0","Comp?tences ? r?actualiser sur les outils num?riques. Motivation correcte.","2","2","0.16432757020693145","0.20236717391919723","0.6333052558738713"
"PROD_01806","2026-02-24 04:44:36.772257419","55.9","Bac+2","8.1","G1203","59192","1.0","0","Cumul de difficult?s. Pas de moyen de transport et garde d'enfants complexe.","2","2","0.20860387547089948","0.16340215853647452","0.627993965992626"
"PROD_01807","2026-02-24 05:27:49.616538847","25.9","Bac+2","0.8","H1206","67330","1.0","1","Probl?me ponctuel de mobilit? g?ographique. Zone mal desservie.","1","1","0.17697318259709133","0.680438229347652","0.14258858805525676"
"PROD_01808","2026-02-24 06:11:02.460820274","28.9","Bac","0.7","G1302","61225","1.0","0","Projet de reconversion ? affiner. Besoin d'une formation compl?mentaire.","1","1","0.17483897482645222","0.613954601516586","0.21120642365696174"
"PROD_01809","2026-02-24 06:54:15.305101701","44.9","Bac+2","6.6","K2111","58070","1.0","0","Comp?tences ? r?actualiser sur les outils num?riques. Motivation correcte.","1","1","0.161993898699206","0.632570002867211","0.20543609843358301"
"PROD_01810","2026-02-24 07:37:28.149383128","24.9","Sans dipl?me","6.3","M1602","09292","1.0","0","Probl?me ponctuel de mobilit? g?ographique. Zone mal desservie.","1","1","0.19471680007789083","0.6690615695776195","0.13622163034448964"
"PROD_01811","2026-02-24 08:20:40.993664555","35.9","Bac+2","1.9","M1801","86026","0.0","0","Profil autonome, recherche active, aucun frein p?riph?rique identifi?.","0","0","0.7003313194311223","0.1375072311557214","0.16216144941315636"
"PROD_01812","2026-02-24 09:03:53.837945982","29.9","Bac+5","1.1","H1504","84123","1.0","0","Profil autonome, recherche active, aucun frein p?riph?rique identifi?.","0","0","0.6673514349469476","0.19178190786977664","0.14086665718327576"
"PROD_01813","2026-02-24 09:47:06.682227409","33.9","Sans dipl?me","0.8","D1401","67547","1.0","0","Comp?tences ? r?actualiser sur les outils num?riques. Motivation correcte.","1","1","0.15223237088226524","0.6262693957190308","0.2214982333987039"
"PROD_01814","2026-02-24 10:30:19.526508837","25.9","Bac","1.5","A1203","41178","0.0","0","Probl?me ponctuel de mobilit? g?ographique. Zone mal desservie.","1","1","0.16388583464803422","0.6512203256053418","0.184893839746624"
"PROD_01815","2026-02-24 11:13:32.370790264","25.9","Bac+2","4.8","D1401","08283","0.0","0","Cumul de difficult?s. Pas de moyen de transport et garde d'enfants complexe.","0","0","0.626948251079225","0.23548042591586116","0.13757132300491381"
"PROD_01816","2026-02-24 11:56:45.215071691","28.9","Bac+2","0.5","N1101","30088","1.0","0","Comp?tences ? r?actualiser sur les outils num?riques. Motivation correcte.","1","1","0.22839668284054393","0.6337570779011003","0.13784623925835582"
"PROD_01817","2026-02-24 12:39:58.059353118","45.9","Bac+2","4.9","G1601","62443","1.0","0","Cumul de difficult?s. Pas de moyen de transport et garde d'enfants complexe.","0","0","0.5982550013551015","0.1317443239539768","0.2700006746909217"
"PROD_01818","2026-02-24 13:23:10.903634545","63.9","Bac+2","1.4","D1406","02542","1.0","0","Cumul de difficult?s. Pas de moyen de transport et garde d'enfants complexe.","2","2","0.20748394350770738","0.1592488740438147","0.6332671824484779"
"PROD_01819","2026-02-24 14:06:23.747915972","34.9","Bac","2.3","N1303","88108","0.0","1","Comp?tences ? r?actualiser sur les outils num?riques. Motivation correcte.","1","1","0.14958973106484655","0.6632112573759134","0.18719901155924012"
"PROD_01820","2026-02-24 14:49:36.592197399","50.9","Bac+2","0.4","N4101","10205","1.0","0","Candidat tr?s dynamique, mobilit? nationale valid?e. Projet clair.","0","0","0.6473344562004844","0.21779029961980972","0.13487524417970592"
"PROD_01821","2026-02-24 15:32:49.436478827","51.9","Bac","0.5","K1903","34276","1.0","0","Projet de reconversion ? affiner. Besoin d'une formation compl?mentaire.","1","1","0.1924939974891161","0.6333811727286565","0.17412482978222743"
"PROD_01822","2026-02-24 16:16:02.280760254","51.9","Bac","5.5","D1401","88482","1.0","1","Freins p?riph?riques majeurs. Situation d'illettrisme num?rique constat?e.","2","2","0.14737071235247326","0.19843161568308826","0.6541976719644385"
"PROD_01823","2026-02-24 16:59:15.125041681","21.9","Bac","2.2","C1110","32445","1.0","0","Freins p?riph?riques majeurs. Situation d'illettrisme num?rique constat?e.","1","1","0.1999323097398503","0.6616597954783034","0.13840789478184623"
"PROD_01824","2026-02-24 17:42:27.969323108","59.9","Bac","1.1","K1903","34145","1.0","0","Comp?tences ? r?actualiser sur les outils num?riques. Motivation correcte.","1","1","0.19584174259004947","0.6654573555101683","0.13870090189978224"
"PROD_01825","2026-02-24 18:25:40.813604535","56.9","Bac","1.8","D1210","47279","1.0","1","Freins p?riph?riques majeurs. Situation d'illettrisme num?rique constat?e.","2","2","0.15151615650695763","0.17193827856016394","0.6765455649328784"
"PROD_01826","2026-02-24 19:08:53.657885962","54.9","Sans dipl?me","1.8","H2502","01385","1.0","0","Cumul de difficult?s. Pas de moyen de transport et garde d'enfants complexe.","2","2","0.12818488329079544","0.1600213326436361","0.7117937840655684"
"PROD_01827","2026-02-24 19:52:06.502167389","36.9","Bac","6.7","H2502","17446","1.0","0","Probl?me ponctuel de mobilit? g?ographique. Zone mal desservie.","1","1","0.15618283147463025","0.6030522108756577","0.24076495764971195"
"PROD_01828","2026-02-24 20:35:19.346448817","20.9","Bac+5","2.6","J1506","2B343","1.0","0","Information non renseignee","0","0","0.6357534892344999","0.20762025766681302","0.15662625309868705"
"PROD_01829","2026-02-24 21:18:32.190730244","19.9","Bac+5","1.0","A1301","10259","1.0","1","Probl?me ponctuel de mobilit? g?ographique. Zone mal desservie.","1","1","0.1554516431682997","0.7024588779515006","0.14208947888019963"
"PROD_01830","2026-02-24 22:01:45.035011671","42.9","Bac+2","1.3","C1110","64095","1.0","0","Perte de confiance importante. Risque d'exclusion, barri?re de la langue.","1","1","0.17929757210056654","0.6309429949384058","0.1897594329610277"
"PROD_01831","2026-02-24 22:44:57.879293098","52.9","Bac","1.5","K1601","65351","0.0","1","Projet de reconversion ? affiner. Besoin d'une formation compl?mentaire.","2","2","0.1744902420707919","0.15316520320451685","0.6723445547246912"
"PROD_01832","2026-02-24 23:28:10.723574525","59.9","Bac+2","0.5","M1802","57377","0.0","0","Probl?me ponctuel de mobilit? g?ographique. Zone mal desservie.","1","1","0.15575788431768495","0.6490385594054586","0.19520355627685637"
"PROD_01833","2026-02-25 00:11:23.567855952","56.9","Bac","0.3","K1903","59042","1.0","0","Freins p?riph?riques majeurs. Situation d'illettrisme num?rique constat?e.","1","1","0.20264531638524574","0.6063479811603187","0.19100670245443552"
"PROD_01834","2026-02-25 00:54:36.412137379","31.9","Bac","4.3","A1401","10052","0.0","0","Profil autonome, recherche active, aucun frein p?riph?rique identifi?.","0","0","0.6563736134703948","0.18342313355153966","0.16020325297806554"
"PROD_01835","2026-02-25 01:37:49.256418807","40.9","Bac","2.0","A1401","14334","0.0","0","Profil autonome, recherche active, aucun frein p?riph?rique identifi?.","1","1","0.157151147901158","0.6384797271061786","0.20436912499266335"
"PROD_01836","2026-02-25 02:21:02.100700234","50.9","Bac","2.6","D1406","60415","0.0","0","Probl?me ponctuel de mobilit? g?ographique. Zone mal desservie.","0","0","0.6030488354081299","0.22492029398517438","0.1720308706066957"
"PROD_01837","2026-02-25 03:04:14.944981661","47.9","Bac+5","1.6","K1304","80601","1.0","0","Cumul de difficult?s. Pas de moyen de transport et garde d'enfants complexe.","0","0","0.6070792370483569","0.1923148556552104","0.20060590729643274"
"PROD_01838","2026-02-25 03:47:27.789263088","29.9","Bac","0.6","K1403","51240","0.0","1","Probl?me ponctuel de mobilit? g?ographique. Zone mal desservie.","1","1","0.15417762819240655","0.6227662602255866","0.2230561115820069"
"PROD_01839","2026-02-25 04:30:40.633544515","54.9","Bac+5","4.0","K1304","10065","1.0","0","Comp?tences ? r?actualiser sur les outils num?riques. Motivation correcte.","0","0","0.6571649090007875","0.20161485577248314","0.14122023522672936"
"PROD_01840","2026-02-25 05:13:53.477825942","27.9","Bac","1.1","W1401","18040","0.0","0","Comp?tences ? r?actualiser sur les outils num?riques. Motivation correcte.","1","1","0.15579305203474017","0.6822770854596271","0.1619298625056328"
"PROD_01841","2026-02-25 05:57:06.322107369","50.9","Bac+2","0.9","C1201","27190","0.0","0","Excellente pr?sentation, comp?tences techniques ? jour. Reprise rapide vis?e.","0","0","0.6587324598610194","0.15783879293504566","0.18342874720393498"
"PROD_01842","2026-02-25 06:40:19.166388797","35.9","Bac+5","1.7","M1602","35143","1.0","0","Candidat tr?s dynamique, mobilit? nationale valid?e. Projet clair.","0","0","0.6079294419284307","0.13182605168574138","0.26024450638582797"
"PROD_01843","2026-02-25 07:23:32.010670224","31.9","Bac+2","0.8","J1506","76032","0.0","0","Excellente pr?sentation, comp?tences techniques ? jour. Reprise rapide vis?e.","0","0","0.6553258668138182","0.16001420595196125","0.18465992723422053"
"PROD_01844","2026-02-25 08:06:44.854951651","20.9","Sans dipl?me","0.6","K2106","37248","0.0","0","Profil autonome, recherche active, aucun frein p?riph?rique identifi?.","2","2","0.14106830755638836","0.2327970800946239","0.6261346123489877"
"PROD_01845","2026-02-25 08:49:57.699233078","37.9","Bac","0.7","M1805","47060","0.0","0","Excellente pr?sentation, comp?tences techniques ? jour. Reprise rapide vis?e.","0","0","0.5953168114677797","0.1772895523742845","0.22739363615793579"
"PROD_01846","2026-02-25 09:33:10.543514505","41.9","Bac+5","5.7","H1504","48063","0.0","0","Candidat tr?s dynamique, mobilit? nationale valid?e. Projet clair.","0","0","0.5950199983800702","0.1725265504967794","0.23245345112315036"
"PROD_01847","2026-02-25 10:16:23.387795932","22.9","Bac","3.0","J1301","07051","1.0","0","Probl?me ponctuel de mobilit? g?ographique. Zone mal desservie.","0","0","0.6100684427954984","0.16003114722017664","0.22990040998432493"
"PROD_01848","2026-02-25 10:59:36.232077359","40.9","Bac","0.9","G1801","09131","0.0","0","Comp?tences ? r?actualiser sur les outils num?riques. Motivation correcte.","1","1","0.21592843301591097","0.6035624547316614","0.1805091122524276"
"PROD_01849","2026-02-25 11:42:49.076358787","52.9","Bac+2","2.7","G1302","08498","1.0","0","Candidat tr?s dynamique, mobilit? nationale valid?e. Projet clair.","1","1","0.22411758769578638","0.6216088596621225","0.15427355264209108"
"PROD_01850","2026-02-25 12:26:01.920640214","54.9","Bac+2","5.1","A1203","37035","0.0","0","Candidat tr?s dynamique, mobilit? nationale valid?e. Projet clair.","1","1","0.1708776522950426","0.6722948520519785","0.15682749565297893"
"PROD_01851","2026-02-25 13:09:14.764921641","58.9","Bac+5","1.8","G1602","29249","0.0","0","Probl?me ponctuel de mobilit? g?ographique. Zone mal desservie.","1","1","0.23183289082340403","0.6296693873717684","0.13849772180482767"
"PROD_01852","2026-02-25 13:52:27.609203068","18.9","Bac+2","0.0","D1406","67494","0.0","0","Probl?me ponctuel de mobilit? g?ographique. Zone mal desservie.","2","2","0.1413908869146369","0.16143139233052398","0.6971777207548392"
"PROD_01853","2026-02-25 14:35:40.453484495","60.9","Bac","5.9","C1501","70516","0.0","0","Excellente pr?sentation, comp?tences techniques ? jour. Reprise rapide vis?e.","0","0","0.6462351596966416","0.14949696485034933","0.2042678754530091"
"PROD_01854","2026-02-25 15:18:53.297765922","58.9","Bac","2.3","K1903","57575","0.0","0","Freins p?riph?riques majeurs. Situation d'illettrisme num?rique constat?e.","0","0","0.609685586517051","0.24458672611613794","0.1457276873668111"
"PROD_01855","2026-02-25 16:02:06.142047349","29.9","Bac+5","5.0","M1806","70233","0.0","0","Profil autonome, recherche active, aucun frein p?riph?rique identifi?.","0","0","0.6057900812161686","0.18158768847347273","0.21262223031035865"
"PROD_01856","2026-02-25 16:45:18.986328777","47.9","Sans dipl?me","8.1","M1607","21703","0.0","0","Cumul de difficult?s. Pas de moyen de transport et garde d'enfants complexe.","2","2","0.18630760817345798","0.17103538013000177","0.6426570116965402"
"PROD_01857","2026-02-25 17:28:31.830610204","39.9","Bac","3.0","M1602","59013","1.0","0","Freins p?riph?riques majeurs. Situation d'illettrisme num?rique constat?e.","1","1","0.17842272046476848","0.6913597642945725","0.13021751524065905"
"PROD_01858","2026-02-25 18:11:44.674891631","58.9","Sans dipl?me","1.0","G1801","66101","0.0","0","Information non renseignee","2","2","0.2531512885874082","0.1449161980462924","0.6019325133662994"
"PROD_01859","2026-02-25 18:54:57.519173058","26.9","Bac","1.7","M1805","65054","1.0","0","Probl?me ponctuel de mobilit? g?ographique. Zone mal desservie.","0","0","0.5985028172866184","0.1630424116240387","0.23845477108934293"
"PROD_01860","2026-02-25 19:38:10.363454485","24.9","Bac","5.4","K2101","11418","0.0","0","Perte de confiance importante. Risque d'exclusion, barri?re de la langue.","1","1","0.13121197829918435","0.6300954163961294","0.23869260530468628"
"PROD_01861","2026-02-25 20:21:23.207735912","63.9","Bac","3.7","J1506","08110","0.0","0","Candidat tr?s dynamique, mobilit? nationale valid?e. Projet clair.","0","0","0.6654104696882596","0.1417836986916878","0.19280583162005263"
"PROD_01862","2026-02-25 21:04:36.052017339","20.9","Bac+2","0.5","M1802","47222","1.0","1","Probl?me ponctuel de mobilit? g?ographique. Zone mal desservie.","1","1","0.13822270774000303","0.7337419791525198","0.12803531310747718"
"PROD_01863","2026-02-25 21:47:48.896298767","48.9","Bac","6.2","A1203","80782","1.0","0","Cumul de difficult?s. Pas de moyen de transport et garde d'enfants complexe.","1","1","0.1852891725390815","0.6152165496789046","0.1994942777820139"
"PROD_01864","2026-02-25 22:31:01.740580194","62.9","Bac","0.6","N1301","10387","1.0","0","Freins p?riph?riques majeurs. Situation d'illettrisme num?rique constat?e.","1","1","0.12937561767603245","0.6321731556485183","0.23845122667544927"
"PROD_01865","2026-02-25 23:14:14.584861621","36.9","Sans dipl?me","0.7","G1601","19114","1.0","0","Projet de reconversion ? affiner. Besoin d'une formation compl?mentaire.","1","1","0.1290963342495033","0.7241826546914347","0.146721011059062"
"PROD_01866","2026-02-25 23:57:27.429143048","53.9","Bac","1.6","K1201","59295","1.0","0","Projet de reconversion ? affiner. Besoin d'une formation compl?mentaire.","1","1","0.1329377474917558","0.6193281045373314","0.24773414797091275"
"PROD_01867","2026-02-26 00:40:40.273424475","21.9","Bac","2.8","J1301","67038","1.0","0","Profil autonome, recherche active, aucun frein p?riph?rique identifi?.","0","0","0.6008042823970009","0.20834881351753687","0.19084690408546223"
"PROD_01868","2026-02-26 01:23:53.117705902","40.9","Bac+2","1.9","G1601","06107","1.0","0","Profil autonome, recherche active, aucun frein p?riph?rique identifi?.","0","0","0.6009853587723292","0.1998415983262317","0.19917304290143914"
"PROD_01869","2026-02-26 02:07:05.961987329","40.9","Bac+5","0.7","M1607","91021","1.0","0","Candidat tr?s dynamique, mobilit? nationale valid?e. Projet clair.","0","0","0.6150023947757192","0.18975594417524505","0.1952416610490358"
"PROD_01870","2026-02-26 02:50:18.806268757","58.9","Bac","2.7","K1304","56068","1.0","0","Information non renseignee","1","1","0.1789601580871948","0.6057768932659966","0.21526294864680862"
"PROD_01871","2026-02-26 03:33:31.650550184","58.9","Bac+2","13.8","N1303","26295","1.0","0","Cumul de difficult?s. Pas de moyen de transport et garde d'enfants complexe.","2","2","0.18888429566731796","0.1896649904713257","0.6214507138613563"
"PROD_01872","2026-02-26 04:16:44.494831611","41.9","Bac+2","2.9","M1705","76502","1.0","0","Candidat tr?s dynamique, mobilit? nationale valid?e. Projet clair.","0","0","0.5951158338295591","0.19780448647500348","0.2070796796954374"
"PROD_01873","2026-02-26 04:59:57.339113038","50.9","Bac","2.6","D1406","60415","0.0","0","Probl?me ponctuel de mobilit? g?ographique. Zone mal desservie.","0","0","0.6661622821660247","0.16706917739769817","0.16676854043627715"
"PROD_01874","2026-02-26 05:43:10.183394465","57.9","Bac+2","1.0","C1102","57659","1.0","0","Probl?me ponctuel de mobilit? g?ographique. Zone mal desservie.","1","1","0.1485924637186138","0.6003309372702976","0.2510765990110886"
"PROD_01875","2026-02-26 06:26:23.027675892","24.9","Sans dipl?me","4.6","K2101","79058","1.0","0","Projet de reconversion ? affiner. Besoin d'une formation compl?mentaire.","1","1","0.19268906613534625","0.610475048886219","0.19683588497843485"
"PROD_01876","2026-02-26 07:09:35.871957319","40.9","Bac+2","4.6","C1110","65469","0.0","0","Candidat tr?s dynamique, mobilit? nationale valid?e. Projet clair.","0","0","0.6364440743682617","0.176920025118948","0.18663590051279033"
"PROD_01877","2026-02-26 07:52:48.716238747","49.9","Bac","1.6","J1301","91001","1.0","0","Candidat tr?s dynamique, mobilit? nationale valid?e. Projet clair.","0","0","0.633120133034062","0.21222420407080245","0.15465566289513555"
"PROD_01878","2026-02-26 08:36:01.560520174","58.9","Bac","0.8","G1302","51134","0.0","0","Excellente pr?sentation, comp?tences techniques ? jour. Reprise rapide vis?e.","0","0","0.7005608820455435","0.13548887315277136","0.16395024480168519"
"PROD_01879","2026-02-26 09:19:14.404801601","41.9","Sans dipl?me","0.9","K1903","21677","1.0","0","Projet de reconversion ? affiner. Besoin d'une formation compl?mentaire.","1","1","0.14857288021432172","0.7102520680740074","0.14117505171167088"
"PROD_01880","2026-02-26 10:02:27.249083028","30.9","Bac+2","8.5","N1101","50490","1.0","0","Comp?tences ? r?actualiser sur les outils num?riques. Motivation correcte.","1","1","0.15937877500409092","0.6242067562670851","0.21641446872882397"
"PROD_01881","2026-02-26 10:45:40.093364455","18.9","Bac","2.3","M1501","38244","1.0","0","Comp?tences ? r?actualiser sur les outils num?riques. Motivation correcte.","1","1","0.1850042189787793","0.5956107157111691","0.21938506531005164"
"PROD_01882","2026-02-26 11:28:52.937645882","43.9","Bac+2","1.2","A1401","76493","0.0","0","Projet de reconversion ? affiner. Besoin d'une formation compl?mentaire.","1","1","0.14035627972161108","0.6951238618123734","0.16451985846601547"
"PROD_01883","2026-02-26 12:12:05.781927309","19.9","Sans dipl?me","1.7","D1401","63263","1.0","0","Probl?me ponctuel de mobilit? g?ographique. Zone mal desservie.","1","1","0.14817207009170294","0.6841977625143485","0.16763016739394854"
"PROD_01884","2026-02-26 12:55:18.626208737","35.9","Bac","9.6","N1301","02257","0.0","0","Freins p?riph?riques majeurs. Situation d'illettrisme num?rique constat?e.","1","1","0.15286537772713638","0.595494661751641","0.2516399605212226"
"PROD_01885","2026-02-26 13:38:31.470490164","46.9","Bac","2.0","G1801","55516","1.0","0","Probl?me ponctuel de mobilit? g?ographique. Zone mal desservie.","1","1","0.17107493879525354","0.6580712489813333","0.17085381222341323"
"PROD_01886","2026-02-26 14:21:44.314771591","49.9","Bac+5","1.5","C1102","85151","1.0","0","Profil autonome, recherche active, aucun frein p?riph?rique identifi?.","0","0","0.7413359261830968","0.12941630559053408","0.12924776822636908"
"PROD_01887","2026-02-26 15:04:57.159053018","34.9","Bac+5","1.9","K1304","60227","1.0","0","Probl?me ponctuel de mobilit? g?ographique. Zone mal desservie.","0","0","0.6061470289821067","0.1690796227417859","0.2247733482761074"
"PROD_01888","2026-02-26 15:48:10.003334445","53.9","Sans dipl?me","2.1","N1101","10060","0.0","0","Cumul de difficult?s. Pas de moyen de transport et garde d'enfants complexe.","2","2","0.13199413263348206","0.1716893033832388","0.6963165639832791"
"PROD_01889","2026-02-26 16:31:22.847615872","39.9","Bac+5","1.6","C1501","23224","0.0","0","Candidat tr?s dynamique, mobilit? nationale valid?e. Projet clair.","0","0","0.6765175361972482","0.13756278767528876","0.18591967612746305"
"PROD_01890","2026-02-26 17:14:35.691897299","47.9","Bac+5","1.7","C1302","69024","1.0","0","Candidat tr?s dynamique, mobilit? nationale valid?e. Projet clair.","0","0","0.7026346449653462","0.1475746975775408","0.14979065745711298"
"PROD_01891","2026-02-26 17:57:48.536178727","62.9","Bac","4.7","J1506","21649","1.0","0","Excellente pr?sentation, comp?tences techniques ? jour. Reprise rapide vis?e.","0","0","0.6494989330154061","0.1938153639409888","0.15668570304360513"
"PROD_01892","2026-02-26 18:41:01.380460154","30.9","Sans dipl?me","2.2","K1403","11226","1.0","0","Comp?tences ? r?actualiser sur les outils num?riques. Motivation correcte.","1","1","0.16212470602120366","0.6356779968100651","0.20219729716873125"
"PROD_01893","2026-02-26 19:24:14.224741581","25.9","Bac+2","0.3","M1801","43168","0.0","0","Projet de reconversion ? affiner. Besoin d'une formation compl?mentaire.","1","1","0.1406158987644811","0.6859838616305262","0.17340023960499273"
"PROD_01894","2026-02-26 20:07:27.069023008","54.9","Bac+5","4.2","A1401","17137","1.0","0","Probl?me ponctuel de mobilit? g?ographique. Zone mal desservie.","1","1","0.18273621398221204","0.6385927820598954","0.17867100395789248"
"PROD_01895","2026-02-26 20:50:39.913304435","42.9","Sans dipl?me","3.9","A1401","71531","1.0","0","Comp?tences ? r?actualiser sur les outils num?riques. Motivation correcte.","1","1","0.15892055308989772","0.6972994407726851","0.14378000613741715"
"PROD_01896","2026-02-26 21:33:52.757585862","47.9","Bac+2","0.7","M1705","88270","0.0","0","Perte de confiance importante. Risque d'exclusion, barri?re de la langue.","0","0","0.6175310789514207","0.14675665137684998","0.23571226967172934"
"PROD_01897","2026-02-26 22:17:05.601867289","24.9","Bac+2","4.3","C1501","01177","1.0","0","Comp?tences ? r?actualiser sur les outils num?riques. Motivation correcte.","1","1","0.1928718188854391","0.6729363511294658","0.13419182998509505"
"PROD_01898","2026-02-26 23:00:18.446148717","42.9","Sans dipl?me","3.4","K2106","59039","0.0","0","Freins p?riph?riques majeurs. Situation d'illettrisme num?rique constat?e.","1","1","0.16189420189433976","0.685343229747416","0.1527625683582442"
"PROD_01899","2026-02-26 23:43:31.290430144","18.9","Bac","5.3","M1602","51566","1.0","0","Comp?tences ? r?actualiser sur les outils num?riques. Motivation correcte.","1","1","0.1748496847378179","0.6359851444385943","0.18916517082358775"
"PROD_01900","2026-02-27 00:26:44.134711571","64.0","Bac+2","0.2","K1201","27601","0.0","0","Probl?me ponctuel de mobilit? g?ographique. Zone mal desservie.","1","1","0.26114922945662744","0.6110978406544239","0.1277529298889487"
"PROD_01901","2026-02-27 01:09:56.978992998","52.0","Bac+5","0.4","D1406","40224","1.0","0","Probl?me ponctuel de mobilit? g?ographique. Zone mal desservie.","1","1","0.21047325146814752","0.5956941330055785","0.19383261552627395"
"PROD_01902","2026-02-27 01:53:09.823274425","35.0","Bac","2.0","C1201","55503","1.0","0","Projet de reconversion ? affiner. Besoin d'une formation compl?mentaire.","0","0","0.64418516118341","0.22205301398904775","0.13376182482754229"
"PROD_01903","2026-02-27 02:36:22.667555852","45.0","Bac+2","4.8","A1202","65376","1.0","1","Projet de reconversion ? affiner. Besoin d'une formation compl?mentaire.","1","1","0.14616367096926575","0.7095472320450387","0.1442890969856956"
"PROD_01904","2026-02-27 03:19:35.511837279","30.0","Sans dipl?me","0.2","G1203","35281","0.0","1","Candidat tr?s dynamique, mobilit? nationale valid?e. Projet clair.","1","1","0.13630322609363724","0.7153119460031923","0.14838482790317054"
"PROD_01905","2026-02-27 04:02:48.356118707","25.0","Sans dipl?me","6.3","M1602","09292","1.0","0","Probl?me ponctuel de mobilit? g?ographique. Zone mal desservie.","1","1","0.13095644484418137","0.6542405726806648","0.21480298247515384"
"PROD_01906","2026-02-27 04:46:01.200400134","64.0","Bac","3.7","J1506","08110","0.0","0","Candidat tr?s dynamique, mobilit? nationale valid?e. Projet clair.","0","0","0.6181343674814067","0.174162044898284","0.2077035876203093"
"PROD_01907","2026-02-27 05:29:14.044681561","26.0","Sans dipl?me","3.6","M1805","21197","1.0","0","Excellente pr?sentation, comp?tences techniques ? jour. Reprise rapide vis?e.","1","1","0.207553560347729","0.6599862158633836","0.13246022378888744"
"PROD_01908","2026-02-27 06:12:26.888962988","25.0","Bac","0.7","H2502","28023","1.0","1","Profil autonome, recherche active, aucun frein p?riph?rique identifi?.","1","1","0.1372857646434155","0.6851106368168803","0.1776035985397042"
"PROD_01909","2026-02-27 06:55:39.733244415","52.0","Bac+2","7.2","I1304","84083","0.0","0","Projet de reconversion ? affiner. Besoin d'une formation compl?mentaire.","1","1","0.1620708364042458","0.6863380025189428","0.15159116107681136"
"PROD_01910","2026-02-27 07:38:52.577525842","51.0","Bac+2","7.3","N1301","70136","1.0","0","Candidat tr?s dynamique, mobilit? nationale valid?e. Projet clair.","0","0","0.6611719375838042","0.15076894159349738","0.1880591208226984"
"PROD_01911","2026-02-27 08:22:05.421807269","57.0","Sans dipl?me","0.2","M1806","41055","1.0","0","Perte de confiance importante. Risque d'exclusion, barri?re de la langue.","0","0","0.6562495601281286","0.1361976381192701","0.20755280175260127"
"PROD_01912","2026-02-27 09:05:18.266088697","37.0","Bac+5","3.0","J1301","74007","1.0","0","Comp?tences ? r?actualiser sur les outils num?riques. Motivation correcte.","0","0","0.6080287207590523","0.23823994844927873","0.15373133079166892"
"PROD_01913","2026-02-27 09:48:31.110370124","43.0","Bac+2","2.9","M1203","36168","1.0","0","Profil autonome, recherche active, aucun frein p?riph?rique identifi?.","0","0","0.6572848137059896","0.20624334441463843","0.136471841879372"
"PROD_01914","2026-02-27 10:31:43.954651551","39.0","Bac+5","0.0","G1601","79319","0.0","0","Excellente pr?sentation, comp?tences techniques ? jour. Reprise rapide vis?e.","0","0","0.6522185340766183","0.20489227940384547","0.1428891865195362"
"PROD_01915","2026-02-27 11:14:56.798932978","40.0","Sans dipl?me","5.8","K1201","31304","0.0","1","Cumul de difficult?s. Pas de moyen de transport et garde d'enfants complexe.","2","2","0.19044832344354837","0.17835370999959735","0.6311979665568543"
"PROD_01916","2026-02-27 11:58:09.643214405","51.0","Bac","3.2","H1504","10408","1.0","0","Projet de reconversion ? affiner. Besoin d'une formation compl?mentaire.","1","1","0.17111903697811076","0.6758219600685069","0.15305900295338226"
"PROD_01917","2026-02-27 12:41:22.487495832","21.0","Bac","0.0","C1110","02454","1.0","0","Probl?me ponctuel de mobilit? g?ographique. Zone mal desservie.","1","1","0.14922857727727173","0.7177051108315984","0.13306631189112994"
"PROD_01918","2026-02-27 13:24:35.331777259","64.0","Bac+2","2.5","D1502","95309","0.0","0","Perte de confiance importante. Risque d'exclusion, barri?re de la langue.","2","2","0.1582399171630796","0.16898985745765988","0.6727702253792605"
"PROD_01919","2026-02-27 14:07:48.176058687","42.0","Bac","4.9","H1504","42163","0.0","1","Information non renseignee","1","1","0.19811645106298076","0.6031090573548584","0.19877449158216087"
"PROD_01920","2026-02-27 14:51:01.020340114","33.0","Bac","1.5","D1401","81016","1.0","0","Candidat tr?s dynamique, mobilit? nationale valid?e. Projet clair.","0","0","0.6790959732982005","0.1335596136149597","0.18734441308683983"
"PROD_01921","2026-02-27 15:34:13.864621541","54.0","Bac","2.9","W1401","30324","0.0","1","Probl?me ponctuel de mobilit? g?ographique. Zone mal desservie.","2","2","0.15763091132589088","0.19200988497164592","0.6503592037024631"
"PROD_01922","2026-02-27 16:17:26.708902968","24.0","Bac","2.1","N1301","02014","1.0","1","Profil autonome, recherche active, aucun frein p?riph?rique identifi?.","1","1","0.22678839291952455","0.6136358075066","0.15957579957387547"
"PROD_01923","2026-02-27 17:00:39.553184395","61.0","Bac","9.7","M1203","67292","0.0","0","Excellente pr?sentation, comp?tences techniques ? jour. Reprise rapide vis?e.","2","2","0.14067048915917088","0.2634888629394768","0.5958406479013523"
"PROD_01924","2026-02-27 17:43:52.397465822","55.0","Bac","0.7","N4101","07031","0.0","0","Comp?tences ? r?actualiser sur les outils num?riques. Motivation correcte.","1","1","0.14552885153250122","0.7143077288178601","0.14016341964963863"
"PROD_01925","2026-02-27 18:27:05.241747249","48.0","Bac","0.7","C1201","83011","1.0","0","Information non renseignee","0","0","0.6405692062695607","0.2201946259175595","0.13923616781287979"
"PROD_01926","2026-02-27 19:10:18.086028677","62.0","Bac+2","6.5","H1206","39184","1.0","0","Projet de reconversion ? affiner. Besoin d'une formation compl?mentaire.","1","1","0.14109405642309553","0.6266255385469285","0.23228040502997593"
"PROD_01927","2026-02-27 19:53:30.930310104","42.0","Bac+5","6.1","K1403","63178","1.0","0","Cumul de difficult?s. Pas de moyen de transport et garde d'enfants complexe.","0","0","0.6393774536725847","0.21092234132813184","0.14970020499928346"
"PROD_01928","2026-02-27 20:36:43.774591531","34.0","Bac+2","1.5","A1202","33220","1.0","0","Excellente pr?sentation, comp?tences techniques ? jour. Reprise rapide vis?e.","0","0","0.7139770566717725","0.1390743200890068","0.14694862323922073"
"PROD_01929","2026-02-27 21:19:56.618872958","36.0","Bac","2.3","H1206","27419","0.0","1","Projet de reconversion ? affiner. Besoin d'une formation compl?mentaire.","1","1","0.1729890881697924","0.683805299745741","0.14320561208446658"
"PROD_01930","2026-02-27 22:03:09.463154385","40.0","Bac+5","13.6","M1806","67232","1.0","1","Comp?tences ? r?actualiser sur les outils num?riques. Motivation correcte.","1","1","0.21016547578583084","0.6365514166754673","0.15328310753870178"
"PROD_01931","2026-02-27 22:46:22.307435812","57.0","Bac","1.5","A1202","81067","0.0","0","Projet de reconversion ? affiner. Besoin d'une formation compl?mentaire.","1","1","0.2166460540205638","0.6310820127040182","0.152271933275418"
"PROD_01932","2026-02-27 23:29:35.151717239","59.0","Bac","2.0","M1801","63109","1.0","0","Comp?tences ? r?actualiser sur les outils num?riques. Motivation correcte.","1","1","0.22278780646417914","0.6201980308931218","0.15701416264269907"
"PROD_01933","2026-02-28 00:12:47.995998667","48.0","Bac","0.4","J1506","19146","1.0","0","Cumul de difficult?s. Pas de moyen de transport et garde d'enfants complexe.","0","0","0.72098657872807","0.14505431489515166","0.1339591063767783"
"PROD_01934","2026-02-28 00:56:00.840280094","27.0","Bac+2","0.9","M1203","97228","1.0","1","Comp?tences ? r?actualiser sur les outils num?riques. Motivation correcte.","1","1","0.1448563378681969","0.6549834425244689","0.2001602196073342"
"PROD_01935","2026-02-28 01:39:13.684561521","22.0","Sans dipl?me","5.1","M1705","42328","0.0","0","Cumul de difficult?s. Pas de moyen de transport et garde d'enfants complexe.","1","1","0.13798876876380534","0.6871485725018037","0.174862658734391"
"PROD_01936","2026-02-28 02:22:26.528842948","38.0","Bac","6.9","C1102","08185","0.0","0","Excellente pr?sentation, comp?tences techniques ? jour. Reprise rapide vis?e.","0","0","0.6446567427354514","0.20765140163861762","0.147691855625931"
"PROD_01937","2026-02-28 03:05:39.373124375","56.0","Bac","0.6","M1203","45336","1.0","0","Probl?me ponctuel de mobilit? g?ographique. Zone mal desservie.","0","0","0.6776076877836238","0.1538299839442091","0.1685623282721671"
"PROD_01938","2026-02-28 03:48:52.217405802","20.0","Bac+2","6.4","D1406","29295","1.0","0","Comp?tences ? r?actualiser sur les outils num?riques. Motivation correcte.","1","1","0.25294044224421913","0.6173490939343728","0.12971046382140805"
"PROD_01939","2026-02-28 04:32:05.061687229","22.0","Bac+2","0.3","K1201","32087","1.0","1","Projet de reconversion ? affiner. Besoin d'une formation compl?mentaire.","1","1","0.14705168005384792","0.7115718126899488","0.1413765072562032"
"PROD_01940","2026-02-28 05:15:17.905968657","63.0","Bac","0.6","I1304","08211","1.0","0","Comp?tences ? r?actualiser sur les outils num?riques. Motivation correcte.","1","1","0.1831537661350658","0.6733333014481614","0.14351293241677288"
"PROD_01941","2026-02-28 05:58:30.750250084","26.0","Bac+5","0.7","G1203","62258","0.0","0","Candidat tr?s dynamique, mobilit? nationale valid?e. Projet clair.","0","0","0.6442984602590972","0.225346522237816","0.13035501750308678"
"PROD_01942","2026-02-28 06:41:43.594531511","49.0","Bac+2","2.1","J1506","26255","1.0","0","Probl?me ponctuel de mobilit? g?ographique. Zone mal desservie.","0","0","0.6245496088567954","0.1314627983254584","0.24398759281774615"
"PROD_01943","2026-02-28 07:24:56.438812938","41.0","Bac+2","1.9","G1601","06107","1.0","0","Profil autonome, recherche active, aucun frein p?riph?rique identifi?.","0","0","0.6748542224529469","0.14220408511533472","0.18294169243171837"
"PROD_01944","2026-02-28 08:08:09.283094365","37.0","Bac","1.4","K2101","27481","1.0","0","Profil autonome, recherche active, aucun frein p?riph?rique identifi?.","0","0","0.63347068806178","0.15123072786943212","0.2152985840687879"
"PROD_01945","2026-02-28 08:51:22.127375792","32.0","Bac+2","4.7","K1304","16067","1.0","0","Excellente pr?sentation, comp?tences techniques ? jour. Reprise rapide vis?e.","0","0","0.635613483535037","0.1989758466500114","0.16541066981495162"
"PROD_01946","2026-02-28 09:34:34.971657219","41.0","Bac+5","8.2","D1502","10124","1.0","0","Profil autonome, recherche active, aucun frein p?riph?rique identifi?.","0","0","0.6829485144041002","0.15289881116365744","0.16415267443224235"
"PROD_01947","2026-02-28 10:17:47.815938647","21.0","Bac+5","0.6","A1301","80827","0.0","0","Probl?me ponctuel de mobilit? g?ographique. Zone mal desservie.","0","0","0.6636063679971316","0.1606862450477697","0.17570738695509872"
"PROD_01948","2026-02-28 11:01:00.660220074","26.0","Sans dipl?me","1.1","N1301","21302","1.0","0","Projet de reconversion ? affiner. Besoin d'une formation compl?mentaire.","0","0","0.7149041185199154","0.14501188233622664","0.14008399914385794"
"PROD_01949","2026-02-28 11:44:13.504501501","29.0","Sans dipl?me","4.6","N1301","30264","1.0","0","Projet de reconversion ? affiner. Besoin d'une formation compl?mentaire.","1","1","0.1663431830678545","0.6613034237164732","0.17235339321567222"
"PROD_01950","2026-02-28 12:27:26.348782928","39.0","Bac+5","3.1","I1304","60146","0.0","0","Comp?tences ? r?actualiser sur les outils num?riques. Motivation correcte.","0","0","0.6790773968864235","0.18077906364116728","0.14014353947240918"
"PROD_01951","2026-02-28 13:10:39.193064355","52.0","Bac+2","0.9","K1903","02656","0.0","0","Cumul de difficult?s. Pas de moyen de transport et garde d'enfants complexe.","2","2","0.15829661912756174","0.1362829070497609","0.7054204738226774"
"PROD_01952","2026-02-28 13:53:52.037345782","57.0","Bac+2","0.3","K1903","59042","1.0","0","Freins p?riph?riques majeurs. Situation d'illettrisme num?rique constat?e.","1","1","0.13180242604909811","0.7094850267700207","0.15871254718088124"
"PROD_01953","2026-02-28 14:37:04.881627209","42.0","Bac+2","3.3","I1304","50370","0.0","0","Candidat tr?s dynamique, mobilit? nationale valid?e. Projet clair.","0","0","0.7030183088937426","0.1452023191976202","0.1517793719086372"
"PROD_01954","2026-02-28 15:20:17.725908637","22.0","Bac+5","5.6","M1802","05162","1.0","0","Candidat tr?s dynamique, mobilit? nationale valid?e. Projet clair.","0","0","0.6920297638311118","0.17361818740623242","0.13435204876265577"
"PROD_01955","2026-02-28 16:03:30.570190064","47.0","Bac+2","1.8","K1304","25393","1.0","0","Candidat tr?s dynamique, mobilit? nationale valid?e. Projet clair.","0","0","0.6086799325201739","0.23600425846381504","0.15531580901601102"
"PROD_01956","2026-02-28 16:46:43.414471491","39.0","Bac+2","10.4","A1202","03268","1.0","0","Projet de reconversion ? affiner. Besoin d'une formation compl?mentaire.","1","1","0.20518620458157927","0.6052330923346703","0.1895807030837504"
"PROD_01957","2026-02-28 17:29:56.258752918","63.0","Sans dipl?me","11.5","A1203","69030","1.0","1","Perte de confiance importante. Risque d'exclusion, barri?re de la langue.","2","2","0.14993236543798522","0.24275642047067442","0.6073112140913404"
"PROD_01958","2026-02-28 18:13:09.103034345","42.0","Bac+2","2.2","A1301","73095","1.0","0","Projet de reconversion ? affiner. Besoin d'une formation compl?mentaire.","1","1","0.1683881187298579","0.6826417176031265","0.14897016366701554"
"PROD_01959","2026-02-28 18:56:21.947315772","54.0","Bac+5","2.6","N1101","95348","1.0","0","Candidat tr?s dynamique, mobilit? nationale valid?e. Projet clair.","0","0","0.6319018966224144","0.20608226569216204","0.1620158376854236"
"PROD_01960","2026-02-28 19:39:34.791597199","33.0","Bac","11.1","K2106","24502","0.0","0","Candidat tr?s dynamique, mobilit? nationale valid?e. Projet clair.","1","1","0.2567755662654546","0.6013448905107865","0.14187954322375884"
"PROD_01961","2026-02-28 20:22:47.635878627","51.0","Bac","0.9","M1602","47113","1.0","0","Information non renseignee","1","1","0.15402826146267054","0.6988957638537879","0.1470759746835415"
"PROD_01962","2026-02-28 21:06:00.480160054","42.0","Bac+2","4.0","A1202","88486","1.0","0","Freins p?riph?riques majeurs. Situation d'illettrisme num?rique constat?e.","1","1","0.1388728368843681","0.7230996844390265","0.13802747867660536"
"PROD_01963","2026-02-28 21:49:13.324441481","58.0","Bac+2","1.1","C1201","82084","1.0","1","Cumul de difficult?s. Pas de moyen de transport et garde d'enfants complexe.","2","2","0.24781509580091823","0.1538742176357188","0.598310686563363"
"PROD_01964","2026-02-28 22:32:26.168722908","35.0","Bac","0.5","D1503","63008","0.0","0","Projet de reconversion ? affiner. Besoin d'une formation compl?mentaire.","1","1","0.15534546552047523","0.6827763023973609","0.1618782320821639"
"PROD_01965","2026-02-28 23:15:39.013004335","24.0","Sans dipl?me","1.1","G1602","02579","1.0","1","Probl?me ponctuel de mobilit? g?ographique. Zone mal desservie.","2","2","0.1352493293805216","0.1769437762582404","0.687806894361238"
"PROD_01966","2026-02-28 23:58:51.857285762","42.0","Bac","4.8","G1602","83006","0.0","0","Excellente pr?sentation, comp?tences techniques ? jour. Reprise rapide vis?e.","0","0","0.6108209198638221","0.23742762636186815","0.1517514537743097"
"PROD_01967","2026-03-01 00:42:04.701567189","35.0","Bac","1.1","M1802","89388","0.0","0","Profil autonome, recherche active, aucun frein p?riph?rique identifi?.","0","0","0.659869693548508","0.1613376224379048","0.1787926840135872"
"PROD_01968","2026-03-01 01:25:17.545848617","25.0","Bac+5","0.9","C1110","57606","1.0","0","Comp?tences ? r?actualiser sur les outils num?riques. Motivation correcte.","0","0","0.6241097114575415","0.2343096593776965","0.14158062916476205"
"PROD_01969","2026-03-01 02:08:30.390130044","64.0","Sans dipl?me","0.4","N4301","47138","1.0","0","Profil autonome, recherche active, aucun frein p?riph?rique identifi?.","0","0","0.6731897407491148","0.15576069753792945","0.1710495617129558"
"PROD_01970","2026-03-01 02:51:43.234411471","49.0","Bac","0.1","K2111","77034","0.0","0","Excellente pr?sentation, comp?tences techniques ? jour. Reprise rapide vis?e.","0","0","0.6676775131663832","0.181396806777407","0.15092568005620977"
"PROD_01971","2026-03-01 03:34:56.078692898","56.0","Bac","1.7","N4301","16403","0.0","1","Probl?me ponctuel de mobilit? g?ographique. Zone mal desservie.","2","2","0.12771296112983818","0.2699985928796028","0.602288445990559"
"PROD_01972","2026-03-01 04:18:08.922974325","31.0","Bac+2","4.5","D1401","32316","1.0","0","Excellente pr?sentation, comp?tences techniques ? jour. Reprise rapide vis?e.","0","0","0.6041645948654757","0.2003415715400028","0.19549383359452152"
"PROD_01973","2026-03-01 05:01:21.767255752","32.0","Sans dipl?me","2.5","A1203","32378","1.0","0","Comp?tences ? r?actualiser sur les outils num?riques. Motivation correcte.","1","1","0.1328045038078423","0.6967885741949852","0.17040692199717256"
"PROD_01974","2026-03-01 05:44:34.611537179","37.0","Bac","0.9","M1802","77152","1.0","0","Candidat tr?s dynamique, mobilit? nationale valid?e. Projet clair.","0","0","0.7245569409877906","0.13983915185742332","0.13560390715478612"
"PROD_01975","2026-03-01 06:27:47.455818607","42.0","Bac+5","1.4","J1506","44224","1.0","0","Projet de reconversion ? affiner. Besoin d'une formation compl?mentaire.","0","0","0.694798986327821","0.14631951598022983","0.15888149769194918"
"PROD_01976","2026-03-01 07:11:00.300100034","41.0","Bac","0.9","K2111","62669","1.0","0","Excellente pr?sentation, comp?tences techniques ? jour. Reprise rapide vis?e.","0","0","0.6779838894544634","0.12848940701620054","0.19352670352933604"
"PROD_01977","2026-03-01 07:54:13.144381461","41.0","Sans dipl?me","1.0","C1302","47215","0.0","0","Excellente pr?sentation, comp?tences techniques ? jour. Reprise rapide vis?e.","1","1","0.14941580314487263","0.6303656004379201","0.2202185964172072"
"PROD_01978","2026-03-01 08:37:25.988662888","57.0","Sans dipl?me","0.6","K1403","44173","1.0","0","Excellente pr?sentation, comp?tences techniques ? jour. Reprise rapide vis?e.","2","2","0.1507530951852622","0.1891525969444967","0.660094307870241"
"PROD_01979","2026-03-01 09:20:38.832944315","55.0","Bac","1.3","M1801","27181","1.0","0","Perte de confiance importante. Risque d'exclusion, barri?re de la langue.","2","2","0.20169693458995425","0.16668988902048748","0.6316131763895583"
"PROD_01980","2026-03-01 10:03:51.677225742","45.0","Bac+5","2.5","C1102","34286","1.0","0","Excellente pr?sentation, comp?tences techniques ? jour. Reprise rapide vis?e.","0","0","0.6763277359932255","0.1591637698461187","0.1645084941606558"
"PROD_01981","2026-03-01 10:47:04.521507169","55.0","Bac","1.3","M1806","27083","0.0","0","Comp?tences ? r?actualiser sur les outils num?riques. Motivation correcte.","1","1","0.1845144451772379","0.658003169230654","0.15748238559210803"
"PROD_01982","2026-03-01 11:30:17.365788597","42.0","Bac+2","2.4","K1201","39209","0.0","0","Excellente pr?sentation, comp?tences techniques ? jour. Reprise rapide vis?e.","0","0","0.6783356296266775","0.17590188004305213","0.1457624903302704"
"PROD_01983","2026-03-01 12:13:30.210070024","36.0","Bac","4.4","J1506","57263","1.0","0","Comp?tences ? r?actualiser sur les outils num?riques. Motivation correcte.","1","1","0.1576308534882856","0.7063065461272139","0.13606260038450058"
"PROD_01984","2026-03-01 12:56:43.054351451","47.0","Bac","0.5","G1801","90086","1.0","0","Comp?tences ? r?actualiser sur les outils num?riques. Motivation correcte.","1","1","0.2428552052319159","0.6220912156669052","0.13505357910117888"
"PROD_01985","2026-03-01 13:39:55.898632878","55.0","Bac","2.3","F1603","51316","1.0","0","Projet de reconversion ? affiner. Besoin d'une formation compl?mentaire.","1","1","0.24104906435321483","0.631263177447417","0.12768775819936817"
"PROD_01986","2026-03-01 14:23:08.742914305","31.0","Bac","3.7","M1806","62519","0.0","0","Comp?tences ? r?actualiser sur les outils num?riques. Motivation correcte.","0","0","0.615866315141871","0.24962353639978543","0.1345101484583436"
"PROD_01987","2026-03-01 15:06:21.587195732","27.0","Bac","1.0","G1801","14626","1.0","0","Candidat tr?s dynamique, mobilit? nationale valid?e. Projet clair.","2","2","0.14675521815680598","0.15934161555939383","0.6939031662838002"
"PROD_01988","2026-03-01 15:49:34.431477159","54.0","Bac+5","1.1","M1805","57496","1.0","0","Cumul de difficult?s. Pas de moyen de transport et garde d'enfants complexe.","2","2","0.15155338791026715","0.18033132014202255","0.6681152919477102"
"PROD_01989","2026-03-01 16:32:47.275758587","62.0","Sans dipl?me","0.2","J1301","40031","1.0","0","Profil autonome, recherche active, aucun frein p?riph?rique identifi?.","1","1","0.14231711860158755","0.6698155654274741","0.1878673159709383"
"PROD_01990","2026-03-01 17:16:00.120040014","52.0","Bac+5","0.4","D1406","40224","1.0","0","Probl?me ponctuel de mobilit? g?ographique. Zone mal desservie.","1","1","0.19487408999707628","0.6103410543456728","0.194784855657251"
"PROD_01991","2026-03-01 17:59:12.964321441","24.0","Bac+2","0.3","D1502","47296","0.0","0","Profil autonome, recherche active, aucun frein p?riph?rique identifi?.","0","0","0.5999728319757283","0.14994527585191902","0.2500818921723527"
"PROD_01992","2026-03-01 18:42:25.808602868","59.0","Bac","9.8","C1201","02804","0.0","0","Cumul de difficult?s. Pas de moyen de transport et garde d'enfants complexe.","2","2","0.14433720027455033","0.24081966225693216","0.6148431374685175"
"PROD_01993","2026-03-01 19:25:38.652884295","58.0","Bac+2","0.8","N4301","89119","0.0","0","Comp?tences ? r?actualiser sur les outils num?riques. Motivation correcte.","1","1","0.16568078524282684","0.619310551679172","0.21500866307800115"
"PROD_01994","2026-03-01 20:08:51.497165722","59.0","Bac","2.2","A1203","27101","0.0","0","Projet de reconversion ? affiner. Besoin d'une formation compl?mentaire.","1","1","0.14110593794636417","0.7187516920027965","0.1401423700508393"
"PROD_01995","2026-03-01 20:52:04.341447149","39.0","Bac","2.0","A1203","71315","1.0","0","Comp?tences ? r?actualiser sur les outils num?riques. Motivation correcte.","0","0","0.6783423870519119","0.17598925537133486","0.14566835757675328"
"PROD_01996","2026-03-01 21:35:17.185728577","21.0","Bac+5","0.3","A1501","81224","0.0","0","Excellente pr?sentation, comp?tences techniques ? jour. Reprise rapide vis?e.","0","0","0.6180314568215435","0.24115714908778413","0.1408113940906724"
"PROD_01997","2026-03-01 22:18:30.030010004","55.0","Bac","0.8","H1206","02339","1.0","0","Comp?tences ? r?actualiser sur les outils num?riques. Motivation correcte.","1","1","0.21747778528864892","0.6075597619378592","0.17496245277349187"
"PROD_01998","2026-03-01 23:01:42.874291431","28.0","Bac","5.3","K1201","78009","0.0","0","Comp?tences ? r?actualiser sur les outils num?riques. Motivation correcte.","0","0","0.6400531268527015","0.22686359634747494","0.1330832767998235"
"PROD_01999","2026-03-01 23:44:55.718572858","48.0","Bac","1.4","G1302","17113","0.0","1","Profil autonome, recherche active, aucun frein p?riph?rique identifi?.","2","2","0.24974056639834066","0.15335052984409975","0.5969089037575597"
"PROD_02000","2026-03-02 00:28:08.562854285","63.0","Bac","0.1","G1602","47185","0.0","0","Freins p?riph?riques majeurs. Situation d'illettrisme num?rique constat?e.","2","2","0.14845557681438568","0.24224573113463851","0.6092986920509758"
"PROD_02001","2026-03-02 01:11:21.407135712","50.0","Sans dipl?me","1.2","C1110","81173","0.0","0","Comp?tences ? r?actualiser sur les outils num?riques. Motivation correcte.","1","1","0.1477802298707035","0.6652104676741805","0.18700930245511604"
"PROD_02002","2026-03-02 01:54:34.251417139","27.0","Bac+2","1.5","H2502","37176","0.0","0","Information non renseignee","0","0","0.663988117073258","0.13032670659576692","0.20568517633097508"
"PROD_02003","2026-03-02 02:37:47.095698567","43.0","Bac+2","2.5","G1601","22185","1.0","0","Profil autonome, recherche active, aucun frein p?riph?rique identifi?.","0","0","0.6747279407196681","0.1850266291898107","0.14024543009052118"
"PROD_02004","2026-03-02 03:20:59.939979994","20.0","Bac+2","2.3","D1210","60219","0.0","0","Cumul de difficult?s. Pas de moyen de transport et garde d'enfants complexe.","1","1","0.1792191223860377","0.6295103191618786","0.19127055845208363"
"PROD_02005","2026-03-02 04:04:12.784261421","23.0","Bac+2","2.0","D1503","81265","1.0","0","Candidat tr?s dynamique, mobilit? nationale valid?e. Projet clair.","2","2","0.1555993333496017","0.13601623873102983","0.7083844279193684"
"PROD_02006","2026-03-02 04:47:25.628542848","44.0","Bac","1.0","I1304","07208","1.0","0","Cumul de difficult?s. Pas de moyen de transport et garde d'enfants complexe.","0","0","0.6139422474344903","0.1374019185521102","0.24865583401339947"
"PROD_02007","2026-03-02 05:30:38.472824275","19.0","Bac+5","2.9","N1303","38167","1.0","0","Freins p?riph?riques majeurs. Situation d'illettrisme num?rique constat?e.","2","2","0.1836852911044412","0.19569643862799946","0.6206182702675593"
"PROD_02008","2026-03-02 06:13:51.317105702","28.0","Sans dipl?me","1.3","H1206","71301","0.0","0","Candidat tr?s dynamique, mobilit? nationale valid?e. Projet clair.","0","0","0.640422604800011","0.21015966216136914","0.14941773303861985"
"PROD_02009","2026-03-02 06:57:04.161387129","23.0","Sans dipl?me","1.2","M1801","70049","1.0","0","Perte de confiance importante. Risque d'exclusion, barri?re de la langue.","2","2","0.1315590647620124","0.13353204716302722","0.7349088880749604"
"PROD_02010","2026-03-02 07:40:17.005668557","39.0","Bac+5","7.0","N1101","13028","1.0","1","Profil autonome, recherche active, aucun frein p?riph?rique identifi?.","2","2","0.14405823704114884","0.24883049938061327","0.6071112635782379"
"PROD_02011","2026-03-02 08:23:29.849949984","29.0","Bac+2","3.1","D1210","23098","0.0","0","Freins p?riph?riques majeurs. Situation d'illettrisme num?rique constat?e.","0","0","0.7083823263649087","0.14074569513803764","0.15087197849705364"
"PROD_02012","2026-03-02 09:06:42.694231411","64.0","Sans dipl?me","0.4","N4301","47138","1.0","0","Profil autonome, recherche active, aucun frein p?riph?rique identifi?.","0","0","0.6050627708698134","0.1938601307630513","0.20107709836713528"
"PROD_02013","2026-03-02 09:49:55.538512838","52.0","Bac+5","2.5","N1301","19181","1.0","0","Perte de confiance importante. Risque d'exclusion, barri?re de la langue.","0","0","0.6829225358114633","0.17289621693054966","0.144181247257987"
"PROD_02014","2026-03-02 10:33:08.382794265","23.0","Bac","0.8","C1302","21045","1.0","0","Probl?me ponctuel de mobilit? g?ographique. Zone mal desservie.","1","1","0.18011537801397698","0.5961774162264823","0.22370720575954062"
"PROD_02015","2026-03-02 11:16:21.227075692","52.0","Bac","2.6","M1806","16359","1.0","0","Probl?me ponctuel de mobilit? g?ographique. Zone mal desservie.","1","1","0.16383741272881186","0.6783104017220809","0.1578521855491073"
"PROD_02016","2026-03-02 11:59:34.071357119","51.0","Bac+5","0.6","C1110","37039","0.0","1","Comp?tences ? r?actualiser sur les outils num?riques. Motivation correcte.","1","1","0.18805897157969995","0.6270757633719068","0.18486526504839318"
"PROD_02017","2026-03-02 12:42:46.915638547","51.0","Bac","2.5","N1101","21090","0.0","0","Cumul de difficult?s. Pas de moyen de transport et garde d'enfants complexe.","1","1","0.18365799291461182","0.6330554725048436","0.18328653458054456"
"PROD_02018","2026-03-02 13:25:59.759919974","59.0","Sans dipl?me","0.3","H1504","57689","0.0","0","Profil autonome, recherche active, aucun frein p?riph?rique identifi?.","0","0","0.6358443258969908","0.16643267301094988","0.19772300109205931"
"PROD_02019","2026-03-02 14:09:12.604201401","45.0","Sans dipl?me","0.8","N4101","14329","0.0","0","Profil autonome, recherche active, aucun frein p?riph?rique identifi?.","1","1","0.1886181177830067","0.6723176542416772","0.13906422797531615"
"PROD_02020","2026-03-02 14:52:25.448482828","19.0","Bac","0.3","N1301","88251","1.0","0","Profil autonome, recherche active, aucun frein p?riph?rique identifi?.","1","1","0.24617324189945278","0.6180543774104877","0.13577238069005948"
"PROD_02021","2026-03-02 15:35:38.292764255","42.0","Bac+5","1.1","G1801","76442","1.0","0","Probl?me ponctuel de mobilit? g?ographique. Zone mal desservie.","0","0","0.6254796332113848","0.21645766668741073","0.1580627001012045"
"PROD_02022","2026-03-02 16:18:51.137045682","35.0","Bac+2","0.6","D1210","76532","1.0","0","Candidat tr?s dynamique, mobilit? nationale valid?e. Projet clair.","0","0","0.6186257551833345","0.2443351091050548","0.1370391357116107"
"PROD_02023","2026-03-02 17:02:03.981327109","22.0","Bac","11.1","A1401","67013","0.0","0","Comp?tences ? r?actualiser sur les outils num?riques. Motivation correcte.","1","1","0.20652161963183227","0.6594131621309122","0.1340652182372556"
"PROD_02024","2026-03-02 17:45:16.825608537","45.0","Bac","3.2","D1401","26166","1.0","0","Projet de reconversion ? affiner. Besoin d'une formation compl?mentaire.","0","0","0.6149213475378388","0.1823264571878715","0.20275219527428973"
"PROD_02025","2026-03-02 18:28:29.669889964","31.0","Bac","3.6","G1801","76685","1.0","0","Cumul de difficult?s. Pas de moyen de transport et garde d'enfants complexe.","1","1","0.15771535769310965","0.6280430778323203","0.2142415644745701"
"PROD_02026","2026-03-02 19:11:42.514171391","21.0","Bac+2","2.6","J1506","2B343","1.0","0","Information non renseignee","0","0","0.7081100251734694","0.1408298448009133","0.15106013002561727"
"PROD_02027","2026-03-02 19:54:55.358452818","55.0","Bac+5","2.2","G1203","65193","1.0","0","Candidat tr?s dynamique, mobilit? nationale valid?e. Projet clair.","1","1","0.1831594574626732","0.633608532359207","0.18323201017811985"
"PROD_02028","2026-03-02 20:38:08.202734245","35.0","Sans dipl?me","17.2","N1101","09297","0.0","0","Candidat tr?s dynamique, mobilit? nationale valid?e. Projet clair.","0","0","0.6379479322100925","0.1898084136540128","0.1722436541358947"
"PROD_02029","2026-03-02 21:21:21.047015672","41.0","Sans dipl?me","1.0","C1302","47215","0.0","0","Excellente pr?sentation, comp?tences techniques ? jour. Reprise rapide vis?e.","1","1","0.14421596815970286","0.7235369868075899","0.13224704503270723"
"PROD_02030","2026-03-02 22:04:33.891297099","37.0","Bac+2","5.2","K2106","24388","0.0","1","Comp?tences ? r?actualiser sur les outils num?riques. Motivation correcte.","1","1","0.149357696775748","0.6327558039499851","0.21788649927426695"
"PROD_02031","2026-03-02 22:47:46.735578527","30.0","Bac+2","1.2","D1503","88023","1.0","0","Profil autonome, recherche active, aucun frein p?riph?rique identifi?.","0","0","0.6344678423246665","0.12853491401625428","0.23699724365907926"
"PROD_02032","2026-03-02 23:30:59.579859954","51.0","Bac","3.1","C1201","51547","1.0","0","Information non renseignee","0","0","0.6696889651727542","0.16347499654229275","0.16683603828495303"
"PROD_02033","2026-03-03 00:14:12.424141381","41.0","Bac+5","6.0","H2502","55449","1.0","0","Profil autonome, recherche active, aucun frein p?riph?rique identifi?.","0","0","0.6155576677345294","0.25021176185413574","0.1342305704113349"
"PROD_02034","2026-03-03 00:57:25.268422808","27.0","Bac","4.9","A1401","62758","0.0","1","Freins p?riph?riques majeurs. Situation d'illettrisme num?rique constat?e.","1","1","0.18679081147003304","0.6353584861461126","0.17785070238385436"
"PROD_02035","2026-03-03 01:40:38.112704235","28.0","Bac","1.8","M1602","81068","1.0","0","Comp?tences ? r?actualiser sur les outils num?riques. Motivation correcte.","1","1","0.1804961568198971","0.6887133218121289","0.1307905213679741"
"PROD_02036","2026-03-03 02:23:50.956985662","47.0","Bac+2","0.3","K2106","11207","1.0","0","Cumul de difficult?s. Pas de moyen de transport et garde d'enfants complexe.","0","0","0.6622052995297862","0.1446677527017027","0.19312694776851105"
"PROD_02037","2026-03-03 03:07:03.801267089","26.0","Bac+5","4.9","J1506","61362","1.0","0","Perte de confiance importante. Risque d'exclusion, barri?re de la langue.","0","0","0.6317585758070531","0.22131905400053237","0.14692237019241455"
"PROD_02038","2026-03-03 03:50:16.645548517","34.0","Bac","1.6","M1607","57502","1.0","0","Excellente pr?sentation, comp?tences techniques ? jour. Reprise rapide vis?e.","1","1","0.22939890447264766","0.6425369271230463","0.128064168404306"
"PROD_02039","2026-03-03 04:33:29.489829944","40.0","Bac+5","1.6","C1501","23224","0.0","0","Candidat tr?s dynamique, mobilit? nationale valid?e. Projet clair.","0","0","0.6037530588110264","0.16405010405715675","0.23219683713181688"
"PROD_02040","2026-03-03 05:16:42.334111371","35.0","Bac+5","2.1","C1501","24470","1.0","0","Profil autonome, recherche active, aucun frein p?riph?rique identifi?.","0","0","0.6355546308272358","0.14266979061516533","0.22177557855759883"
"PROD_02041","2026-03-03 05:59:55.178392798","51.0","Bac","0.4","N4101","06069","1.0","0","Probl?me ponctuel de mobilit? g?ographique. Zone mal desservie.","1","1","0.1688002427909042","0.685913889184718","0.14528586802437782"
"PROD_02042","2026-03-03 06:43:08.022674225","31.0","Bac","0.9","D1502","56056","0.0","0","Probl?me ponctuel de mobilit? g?ographique. Zone mal desservie.","2","2","0.15209919007448636","0.19173167106531275","0.6561691388602009"
"PROD_02043","2026-03-03 07:26:20.866955652","47.0","Bac","0.0","I1304","52184","0.0","0","Profil autonome, recherche active, aucun frein p?riph?rique identifi?.","0","0","0.6037518040969152","0.2544983647868899","0.14174983111619488"
"PROD_02044","2026-03-03 08:09:33.711237079","64.0","Bac+2","5.4","M1802","24504","0.0","0","Cumul de difficult?s. Pas de moyen de transport et garde d'enfants complexe.","1","1","0.1373114377043727","0.5955444906539936","0.2671440716416337"
"PROD_02045","2026-03-03 08:52:46.555518507","47.0","Bac+2","0.3","J1301","03218","0.0","0","Perte de confiance importante. Risque d'exclusion, barri?re de la langue.","0","0","0.62115298825701","0.17290361378788344","0.20594339795510652"
"PROD_02046","2026-03-03 09:35:59.399799934","64.0","Bac","0.8","D1210","08029","1.0","0","Profil autonome, recherche active, aucun frein p?riph?rique identifi?.","0","0","0.5970840535535691","0.2407818356488058","0.16213411079762513"
"PROD_02047","2026-03-03 10:19:12.244081361","30.0","Bac+5","3.0","J1506","66068","1.0","0","Probl?me ponctuel de mobilit? g?ographique. Zone mal desservie.","0","0","0.6581112784984909","0.2031262248240175","0.13876249667749158"
"PROD_02048","2026-03-03 11:02:25.088362788","36.0","Bac+2","4.3","J1506","57263","1.0","0","Comp?tences ? r?actualiser sur les outils num?riques. Motivation correcte.","1","1","0.18260880056044002","0.6834991943474688","0.1338920050920912"
"PROD_02049","2026-03-03 11:45:37.932644215","42.0","Bac+5","1.1","G1801","76442","1.0","0","Probl?me ponctuel de mobilit? g?ographique. Zone mal desservie.","0","0","0.696409559363916","0.16430801360025227","0.1392824270358317"
"PROD_02050","2026-03-03 12:28:50.776925642","19.0","Bac+2","3.2","K1304","21058","1.0","0","Cumul de difficult?s. Pas de moyen de transport et garde d'enfants complexe.","1","1","0.16466603830443644","0.6234560204063804","0.21187794128918314"
"PROD_02051","2026-03-03 13:12:03.621207069","30.0","Bac","5.8","M1602","62413","1.0","1","Information non renseignee","1","1","0.1386770194284399","0.6285114399974089","0.2328115405741512"
"PROD_02052","2026-03-03 13:55:16.465488497","59.0","Bac","1.0","K2101","76452","1.0","0","Comp?tences ? r?actualiser sur les outils num?riques. Motivation correcte.","1","1","0.15826312074650623","0.693324053885186","0.1484128253683078"
"PROD_02053","2026-03-03 14:38:29.309769924","36.0","Bac+5","0.7","K1403","65433","1.0","0","Information non renseignee","0","0","0.6182235344699688","0.22696513579451738","0.15481132973551381"
"PROD_02054","2026-03-03 15:21:42.154051351","56.0","Bac","2.9","D1401","01361","1.0","0","Profil autonome, recherche active, aucun frein p?riph?rique identifi?.","0","0","0.6785501736644701","0.1501043621688158","0.17134546416671406"
"PROD_02055","2026-03-03 16:04:54.998332778","22.0","Bac+2","1.8","M1501","63327","0.0","0","Profil autonome, recherche active, aucun frein p?riph?rique identifi?.","1","1","0.13757156291692904","0.650290962813055","0.21213747427001595"
"PROD_02056","2026-03-03 16:48:07.842614205","24.0","Bac","0.8","D1503","10059","1.0","0","Profil autonome, recherche active, aucun frein p?riph?rique identifi?.","1","1","0.14998949150683466","0.6198698361127969","0.2301406723803684"
"PROD_02057","2026-03-03 17:31:20.686895632","26.0","Bac","0.7","A1202","51445","1.0","0","Comp?tences ? r?actualiser sur les outils num?riques. Motivation correcte.","1","1","0.22109997042867102","0.631939678623443","0.14696035094788595"
"PROD_02058","2026-03-03 18:14:33.531177059","56.0","Bac+5","1.5","H1206","35256","1.0","0","Projet de reconversion ? affiner. Besoin d'une formation compl?mentaire.","1","1","0.14786062378098","0.7128215602031599","0.13931781601586013"
"PROD_02059","2026-03-03 18:57:46.375458487","48.0","Bac","1.9","N1303","59635","1.0","0","Profil autonome, recherche active, aucun frein p?riph?rique identifi?.","0","0","0.6098701834181418","0.23377008319545267","0.15635973338640552"
"PROD_02060","2026-03-03 19:40:59.219739914","55.0","Bac","0.0","I1304","51142","1.0","1","Cumul de difficult?s. Pas de moyen de transport et garde d'enfants complexe.","2","2","0.19561353883414834","0.2038905772543917","0.60049588391146"
"PROD_02061","2026-03-03 20:24:12.064021341","34.0","Bac+2","0.7","M1607","19275","1.0","0","Comp?tences ? r?actualiser sur les outils num?riques. Motivation correcte.","1","1","0.2054629862521675","0.6024474219968026","0.1920895917510299"
"PROD_02062","2026-03-03 21:07:24.908302768","43.0","Bac","4.1","F1603","87199","0.0","0","Information non renseignee","1","1","0.227895454980822","0.6301929012541557","0.1419116437650223"
"PROD_02063","2026-03-03 21:50:37.752584195","35.0","Bac","2.0","C1201","55503","0.0","0","Projet de reconversion ? affiner. Besoin d'une formation compl?mentaire.","0","0","0.6194316176756353","0.2200327692200725","0.16053561310429224"
"PROD_02064","2026-03-03 22:33:50.596865622","48.0","Sans dipl?me","1.5","K2106","54244","1.0","0","Excellente pr?sentation, comp?tences techniques ? jour. Reprise rapide vis?e.","1","1","0.1701375184695855","0.6262696114496127","0.20359287008080185"
"PROD_02065","2026-03-03 23:17:03.441147049","52.0","Bac","5.1","H2502","42252","1.0","1","Excellente pr?sentation, comp?tences techniques ? jour. Reprise rapide vis?e.","2","2","0.19912557480367538","0.18153845246127967","0.619335972735045"
"PROD_02066","2026-03-04 00:00:16.285428477","51.0","Bac","1.5","K1304","31449","1.0","0","Projet de reconversion ? affiner. Besoin d'une formation compl?mentaire.","1","1","0.18732854345915367","0.6384123429422247","0.17425911359862167"
"PROD_02067","2026-03-04 00:43:29.129709904","63.0","Bac","0.8","K1403","25421","0.0","0","Freins p?riph?riques majeurs. Situation d'illettrisme num?rique constat?e.","1","1","0.14202483844275654","0.5977766153441936","0.26019854621304994"
"PROD_02068","2026-03-04 01:26:41.973991331","42.0","Bac","10.2","C1110","65383","0.0","0","Perte de confiance importante. Risque d'exclusion, barri?re de la langue.","1","1","0.19181832090194453","0.6612089252695865","0.14697275382846897"
"PROD_02069","2026-03-04 02:09:54.818272758","51.0","Sans dipl?me","1.8","M1806","70167","1.0","0","Profil autonome, recherche active, aucun frein p?riph?rique identifi?.","1","1","0.14983390173238884","0.6366038761877274","0.21356222207988373"
"PROD_02070","2026-03-04 02:53:07.662554185","50.0","Bac","0.2","N4301","02198","0.0","0","Probl?me ponctuel de mobilit? g?ographique. Zone mal desservie.","2","2","0.22198827000416183","0.1779773501116378","0.6000343798842005"
"PROD_02071","2026-03-04 03:36:20.506835612","56.0","Bac+2","1.7","M1805","61137","0.0","0","Projet de reconversion ? affiner. Besoin d'une formation compl?mentaire.","1","1","0.17440359387864385","0.6066322467232074","0.21896415939814873"
"PROD_02072","2026-03-04 04:19:33.351117039","42.0","Bac+5","5.7","H1504","48063","0.0","0","Candidat tr?s dynamique, mobilit? nationale valid?e. Projet clair.","0","0","0.6378647074261466","0.1286314964115774","0.23350379616227596"
"PROD_02073","2026-03-04 05:02:46.195398467","46.0","Bac","1.1","C1501","27380","1.0","1","Probl?me ponctuel de mobilit? g?ographique. Zone mal desservie.","1","1","0.14254831080988237","0.6203751411256007","0.23707654806451695"
"PROD_02074","2026-03-04 05:45:59.039679894","62.0","Bac","4.9","W1401","70479","1.0","0","Comp?tences ? r?actualiser sur les outils num?riques. Motivation correcte.","1","1","0.15400621624190755","0.6723840062796891","0.17360977747840334"
"PROD_02075","2026-03-04 06:29:11.883961321","36.0","Bac","5.6","C1302","77501","1.0","0","Information non renseignee","0","0","0.5972262555335734","0.21449386208486432","0.18827988238156224"
"PROD_02076","2026-03-04 07:12:24.728242748","25.0","Bac","1.1","C1501","42042","1.0","1","Comp?tences ? r?actualiser sur les outils num?riques. Motivation correcte.","1","1","0.18997688998549928","0.5977281730503884","0.2122949369641124"
"PROD_02077","2026-03-04 07:55:37.572524175","30.0","Bac","1.7","M1802","07104","1.0","0","Projet de reconversion ? affiner. Besoin d'une formation compl?mentaire.","1","1","0.15614629230775498","0.6404013051658828","0.2034524025263622"
"PROD_02078","2026-03-04 08:38:50.416805602","63.0","Bac+5","1.4","N1101","29165","0.0","0","Probl?me ponctuel de mobilit? g?ographique. Zone mal desservie.","1","1","0.18769727204942876","0.6464464186311011","0.16585630931947015"
"PROD_02079","2026-03-04 09:22:03.261087029","42.0","Bac+2","6.0","K1403","63178","1.0","0","Cumul de difficult?s. Pas de moyen de transport et garde d'enfants complexe.","0","0","0.6254960046863978","0.21243123305675182","0.1620727622568504"
"PROD_02080","2026-03-04 10:05:16.105368457","31.0","Bac","3.7","M1806","62519","0.0","0","Comp?tences ? r?actualiser sur les outils num?riques. Motivation correcte.","0","0","0.6557449317769593","0.19669666675449732","0.14755840146854343"
"PROD_02081","2026-03-04 10:48:28.949649884","34.0","Bac","1.2","K2101","62389","1.0","0","Projet de reconversion ? affiner. Besoin d'une formation compl?mentaire.","1","1","0.18684680033101436","0.6366054853838712","0.1765477142851144"
"PROD_02082","2026-03-04 11:31:41.793931311","22.0","Bac+2","7.7","D1210","14374","1.0","0","Perte de confiance importante. Risque d'exclusion, barri?re de la langue.","1","1","0.13285009389598293","0.692337411508573","0.17481249459544412"
"PROD_02083","2026-03-04 12:14:54.638212738","42.0","Bac","11.8","C1201","39424","1.0","0","Candidat tr?s dynamique, mobilit? nationale valid?e. Projet clair.","1","1","0.13336039055073365","0.652720492188313","0.21391911726095336"
"PROD_02084","2026-03-04 12:58:07.482494165","46.0","Bac","1.5","D1210","32410","1.0","1","Probl?me ponctuel de mobilit? g?ographique. Zone mal desservie.","1","1","0.14892916746774554","0.6577510268665965","0.19331980566565798"
"PROD_02085","2026-03-04 13:41:20.326775592","57.0","Bac","2.4","W1401","21617","0.0","0","Perte de confiance importante. Risque d'exclusion, barri?re de la langue.","1","1","0.18832330636137828","0.6631205405488924","0.14855615308972936"
"PROD_02086","2026-03-04 14:24:33.171057019","62.0","Bac","1.7","A1401","24209","1.0","0","Candidat tr?s dynamique, mobilit? nationale valid?e. Projet clair.","1","1","0.14960959376442645","0.6155714779320288","0.23481892830354478"
"PROD_02087","2026-03-04 15:07:46.015338447","59.0","Bac+5","2.7","J1506","79276","0.0","0","Projet de reconversion ? affiner. Besoin d'une formation compl?mentaire.","0","0","0.6198902078311568","0.1939633312966863","0.18614646087215692"
"PROD_02088","2026-03-04 15:50:58.859619874","35.0","Sans dipl?me","0.5","A1301","10336","1.0","0","Probl?me ponctuel de mobilit? g?ographique. Zone mal desservie.","1","1","0.22632840231811696","0.6066719238685766","0.1669996738133065"
"PROD_02089","2026-03-04 16:34:11.703901301","46.0","Sans dipl?me","0.5","M1805","64259","0.0","0","Probl?me ponctuel de mobilit? g?ographique. Zone mal desservie.","1","1","0.1651166176065158","0.6511369720214351","0.1837464103720492"
"PROD_02090","2026-03-04 17:17:24.548182728","54.0","Bac","2.2","M1805","77455","0.0","0","Probl?me ponctuel de mobilit? g?ographique. Zone mal desservie.","1","1","0.1790353026218432","0.6301129555493866","0.19085174182877018"
"PROD_02091","2026-03-04 18:00:37.392464155","21.0","Bac","3.8","J1506","03283","1.0","0","Excellente pr?sentation, comp?tences techniques ? jour. Reprise rapide vis?e.","0","0","0.6276763487487422","0.13357343150150153","0.23875021974975624"
"PROD_02092","2026-03-04 18:43:50.236745582","52.0","Sans dipl?me","0.4","M1203","32367","1.0","0","Excellente pr?sentation, comp?tences techniques ? jour. Reprise rapide vis?e.","2","2","0.15981153478764307","0.2137185206341143","0.6264699445782426"
"PROD_02093","2026-03-04 19:27:03.081027009","21.0","Bac+2","0.1","D1502","27248","1.0","0","Comp?tences ? r?actualiser sur les outils num?riques. Motivation correcte.","1","1","0.17082273796856826","0.6646477562130366","0.1645295058183951"
"PROD_02094","2026-03-04 20:10:15.925308437","23.0","Bac+2","1.4","D1401","64256","1.0","0","Cumul de difficult?s. Pas de moyen de transport et garde d'enfants complexe.","2","2","0.1650912115295955","0.13379885138347952","0.7011099370869249"
"PROD_02095","2026-03-04 20:53:28.769589864","20.0","Bac","7.8","M1607","25209","1.0","0","Cumul de difficult?s. Pas de moyen de transport et garde d'enfants complexe.","2","2","0.14563731067637692","0.22241862437812066","0.6319440649455025"
"PROD_02096","2026-03-04 21:36:41.613871291","56.0","Sans dipl?me","0.8","A1501","50302","0.0","0","Freins p?riph?riques majeurs. Situation d'illettrisme num?rique constat?e.","2","2","0.13709884004132444","0.21020021214085077","0.6527009478178247"
"PROD_02097","2026-03-04 22:19:54.458152718","29.0","Bac+5","5.5","N4301","59344","0.0","1","Probl?me ponctuel de mobilit? g?ographique. Zone mal desservie.","1","1","0.1275861634086584","0.6500102614737139","0.22240357511762776"
"PROD_02098","2026-03-04 23:03:07.302434145","24.0","Sans dipl?me","2.0","D1503","49193","1.0","0","Comp?tences ? r?actualiser sur les outils num?riques. Motivation correcte.","1","1","0.18627218362145065","0.6148093043717479","0.19891851200680144"
"PROD_02099","2026-03-04 23:46:20.146715572","24.0","Bac","1.0","N1303","71406","1.0","0","Profil autonome, recherche active, aucun frein p?riph?rique identifi?.","0","0","0.6268799546479011","0.16086860084214466","0.2122514445099542"
"PROD_02100","2026-03-05 00:29:32.990996999","20.1","Bac","6.6","H2502","11396","1.0","0","Probl?me ponctuel de mobilit? g?ographique. Zone mal desservie.","1","1","0.17279055028253248","0.6287472562910413","0.19846219342642624"
"PROD_02101","2026-03-05 01:12:45.835278427","54.1","Bac+2","3.1","D1406","24468","0.0","0","Perte de confiance importante. Risque d'exclusion, barri?re de la langue.","1","1","0.20138245784885864","0.604401811979823","0.19421573017131832"
"PROD_02102","2026-03-05 01:55:58.679559854","19.1","Bac+2","3.2","K1304","21058","1.0","0","Cumul de difficult?s. Pas de moyen de transport et garde d'enfants complexe.","1","1","0.17470623653549855","0.6316070518544703","0.19368671161003115"
"PROD_02103","2026-03-05 02:39:11.523841281","37.1","Bac","3.2","G1602","45161","1.0","0","Profil autonome, recherche active, aucun frein p?riph?rique identifi?.","0","0","0.6285254952970901","0.22841190633515673","0.14306259836775315"
"PROD_02104","2026-03-05 03:22:24.368122708","48.1","Sans dipl?me","0.5","M1203","62828","0.0","0","Candidat tr?s dynamique, mobilit? nationale valid?e. Projet clair.","0","0","0.6250020625427319","0.20387999232218793","0.17111794513508014"
"PROD_02105","2026-03-05 04:05:37.212404135","27.1","Bac+2","1.2","A1501","46262","0.0","0","Candidat tr?s dynamique, mobilit? nationale valid?e. Projet clair.","0","0","0.635465569206774","0.21571018330711544","0.14882424748611056"
"PROD_02106","2026-03-05 04:48:50.056685562","24.1","Sans dipl?me","0.8","J1301","67166","1.0","0","Projet de reconversion ? affiner. Besoin d'une formation compl?mentaire.","1","1","0.177254741861339","0.6213645158748042","0.20138074226385672"
"PROD_02107","2026-03-05 05:32:02.900966989","21.1","Bac","1.6","G1801","59412","1.0","0","Probl?me ponctuel de mobilit? g?ographique. Zone mal desservie.","1","1","0.1426329061082956","0.6495677707774292","0.20779932311427518"
"PROD_02108","2026-03-05 06:15:15.745248417","28.1","Bac","5.3","K1201","78009","0.0","0","Comp?tences ? r?actualiser sur les outils num?riques. Motivation correcte.","0","0","0.6121654904707642","0.20862745566380564","0.17920705386543018"
"PROD_02109","2026-03-05 06:58:28.589529844","50.1","Bac","1.2","K1601","02540","1.0","1","Perte de confiance importante. Risque d'exclusion, barri?re de la langue.","2","2","0.15951040751011583","0.20969442737472715","0.6307951651151571"
"PROD_02110","2026-03-05 07:41:41.433811271","48.1","Bac","1.4","G1302","17113","0.0","1","Profil autonome, recherche active, aucun frein p?riph?rique identifi?.","2","2","0.17668519693534182","0.196711054590501","0.6266037484741572"
"PROD_02111","2026-03-05 08:24:54.278092698","30.1","Bac+2","1.4","G1601","62148","0.0","0","Excellente pr?sentation, comp?tences techniques ? jour. Reprise rapide vis?e.","0","0","0.668620442745223","0.15735236887747697","0.1740271883773"
"PROD_02112","2026-03-05 09:08:07.122374125","62.1","Bac+5","0.0","F1603","60108","1.0","0","Information non renseignee","1","1","0.24616734702616874","0.6031630639539922","0.15066958901983907"
"PROD_02113","2026-03-05 09:51:19.966655552","27.1","Bac+5","0.6","K1601","54421","1.0","1","Candidat tr?s dynamique, mobilit? nationale valid?e. Projet clair.","0","0","0.6555331871740017","0.16521815816854837","0.17924865465744996"
"PROD_02114","2026-03-05 10:34:32.810936979","22.1","Bac","3.6","G1601","87183","0.0","0","Comp?tences ? r?actualiser sur les outils num?riques. Motivation correcte.","1","1","0.17973160146898906","0.6849111718853518","0.1353572266456592"
"PROD_02115","2026-03-05 11:17:45.655218407","20.1","Bac+5","5.6","M1203","45108","1.0","0","Probl?me ponctuel de mobilit? g?ographique. Zone mal desservie.","0","0","0.6863482527440092","0.13499291504350341","0.17865883221248735"
"PROD_02116","2026-03-05 12:00:58.499499834","36.1","Bac+2","5.6","W1401","57566","1.0","0","Excellente pr?sentation, comp?tences techniques ? jour. Reprise rapide vis?e.","0","0","0.6332527702257029","0.18938177286275118","0.1773654569115459"
"PROD_02117","2026-03-05 12:44:11.343781261","23.1","Bac","3.0","J1301","07051","1.0","0","Probl?me ponctuel de mobilit? g?ographique. Zone mal desservie.","0","0","0.601776383097027","0.12939875436482784","0.2688248625381452"
"PROD_02118","2026-03-05 13:27:24.188062688","61.1","Bac+2","4.9","M1203","14630","0.0","0","Projet de reconversion ? affiner. Besoin d'une formation compl?mentaire.","1","1","0.1891776423733004","0.6456738800009985","0.16514847762570117"
"PROD_02119","2026-03-05 14:10:37.032344115","25.1","Bac+5","0.6","G1601","76588","1.0","0","Perte de confiance importante. Risque d'exclusion, barri?re de la langue.","1","1","0.1569866559867198","0.6226800095543986","0.2203333344588816"
"PROD_02120","2026-03-05 14:53:49.876625542","39.1","Bac","0.2","M1705","02668","1.0","0","Cumul de difficult?s. Pas de moyen de transport et garde d'enfants complexe.","0","0","0.6250973240447417","0.20869702943958746","0.16620564651567082"
"PROD_02121","2026-03-05 15:37:02.720906969","53.1","Bac","1.5","K1601","65351","0.0","1","Projet de reconversion ? affiner. Besoin d'une formation compl?mentaire.","2","2","0.16573969118034332","0.17534344321076326","0.6589168656088935"
"PROD_02122","2026-03-05 16:20:15.565188397","62.1","Bac+5","0.8","C1102","58200","1.0","0","Probl?me ponctuel de mobilit? g?ographique. Zone mal desservie.","1","1","0.19357511491350435","0.6297960380552078","0.1766288470312879"
"PROD_02123","2026-03-05 17:03:28.409469824","38.1","Bac","3.6","D1210","31340","0.0","0","Perte de confiance importante. Risque d'exclusion, barri?re de la langue.","0","0","0.6411914543563819","0.21070833813274012","0.14810020751087796"
"PROD_02124","2026-03-05 17:46:41.253751251","30.1","Sans dipl?me","1.3","W1401","21432","1.0","0","Profil autonome, recherche active, aucun frein p?riph?rique identifi?.","1","1","0.1399913491137059","0.7109939991898472","0.1490146516964469"
"PROD_02125","2026-03-05 18:29:54.098032678","31.1","Bac","6.1","J1506","55148","1.0","0","Excellente pr?sentation, comp?tences techniques ? jour. Reprise rapide vis?e.","0","0","0.6262984547360274","0.18842012799913962","0.18528141726483296"
"PROD_02126","2026-03-05 19:13:06.942314105","29.1","Bac","1.1","G1801","80197","1.0","0","Excellente pr?sentation, comp?tences techniques ? jour. Reprise rapide vis?e.","1","1","0.15208655018716732","0.6023063685280516","0.24560708128478104"
"PROD_02127","2026-03-05 19:56:19.786595532","27.1","Bac+2","12.1","G1601","51110","0.0","1","Information non renseignee","0","0","0.7382275424707377","0.12923383082301348","0.13253862670624877"
"PROD_02128","2026-03-05 20:39:32.630876959","60.1","Bac","1.3","K1304","18194","1.0","0","Profil autonome, recherche active, aucun frein p?riph?rique identifi?.","1","1","0.202660442800432","0.6281253917581437","0.1692141654414243"
"PROD_02129","2026-03-05 21:22:45.475158387","42.1","Sans dipl?me","2.1","C1110","73129","0.0","0","Comp?tences ? r?actualiser sur les outils num?riques. Motivation correcte.","2","2","0.14345668024789252","0.2264032143717275","0.63014010538038"
"PROD_02130","2026-03-05 22:05:58.319439814","26.1","Bac+2","1.6","G1302","22068","1.0","0","Probl?me ponctuel de mobilit? g?ographique. Zone mal desservie.","1","1","0.12803905006529456","0.6482115572076922","0.22374939272701322"
"PROD_02131","2026-03-05 22:49:11.163721241","36.1","Bac+2","2.3","K2111","58236","1.0","0","Probl?me ponctuel de mobilit? g?ographique. Zone mal desservie.","1","1","0.1388382201222517","0.6932343079978279","0.1679274718799204"
"PROD_02132","2026-03-05 23:32:24.008002668","44.1","Bac","0.4","G1203","70521","1.0","0","Profil autonome, recherche active, aucun frein p?riph?rique identifi?.","1","1","0.16779909767949663","0.6037310217981865","0.22846988052231687"
"PROD_02133","2026-03-06 00:15:36.852284095","58.1","Sans dipl?me","5.7","I1304","03173","0.0","0","Cumul de difficult?s. Pas de moyen de transport et garde d'enfants complexe.","2","2","0.21911262576960944","0.1780816297407692","0.6028057444896213"
"PROD_02134","2026-03-06 00:58:49.696565522","30.1","Bac","1.7","M1802","07104","1.0","0","Projet de reconversion ? affiner. Besoin d'une formation compl?mentaire.","1","1","0.24319229945832868","0.597756498157359","0.15905120238431236"
"PROD_02135","2026-03-06 01:42:02.540846949","42.1","Bac+2","8.3","M1806","69037","1.0","0","Cumul de difficult?s. Pas de moyen de transport et garde d'enfants complexe.","1","1","0.15996558766652128","0.7012195230495045","0.13881488928397423"
"PROD_02136","2026-03-06 02:25:15.385128377","61.1","Bac+2","1.7","K2101","31542","1.0","0","Projet de reconversion ? affiner. Besoin d'une formation compl?mentaire.","2","2","0.1962651755024491","0.1519939162780145","0.6517409082195363"
"PROD_02137","2026-03-06 03:08:28.229409804","22.1","Bac+2","1.8","A1203","41288","0.0","1","Comp?tences ? r?actualiser sur les outils num?riques. Motivation correcte.","1","1","0.1336929391075434","0.7331810789925441","0.13312598189991243"
"PROD_02138","2026-03-06 03:51:41.073691231","54.1","Bac+5","1.2","H1504","61122","0.0","0","Projet de reconversion ? affiner. Besoin d'une formation compl?mentaire.","1","1","0.1596047265633496","0.607127748452321","0.23326752498432946"
"PROD_02139","2026-03-06 04:34:53.917972658","40.1","Bac+5","1.7","J1301","59163","1.0","0","Comp?tences ? r?actualiser sur les outils num?riques. Motivation correcte.","0","0","0.6169319899047705","0.16206287207418316","0.22100513802104635"
"PROD_02140","2026-03-06 05:18:06.762254085","64.1","Bac","2.9","A1401","85266","1.0","0","Comp?tences ? r?actualiser sur les outils num?riques. Motivation correcte.","1","1","0.1873042976661848","0.6657052920399945","0.14699041029382065"
"PROD_02141","2026-03-06 06:01:19.606535512","60.1","Bac+2","2.4","M1705","54032","1.0","0","Freins p?riph?riques majeurs. Situation d'illettrisme num?rique constat?e.","1","1","0.18848391905646394","0.6618591323359986","0.14965694860753742"
"PROD_02142","2026-03-06 06:44:32.450816939","43.1","Bac","0.8","K1601","05073","1.0","0","Profil autonome, recherche active, aucun frein p?riph?rique identifi?.","2","2","0.15566894466749434","0.21569648151468454","0.6286345738178211"
"PROD_02143","2026-03-06 07:27:45.295098367","38.1","Bac","3.6","D1210","31340","0.0","0","Perte de confiance importante. Risque d'exclusion, barri?re de la langue.","0","0","0.64254317907821","0.15768498693012298","0.199771833991667"
"PROD_02144","2026-03-06 08:10:58.139379794","52.1","Bac+2","3.2","G1203","02355","1.0","0","Cumul de difficult?s. Pas de moyen de transport et garde d'enfants complexe.","2","2","0.1662187930887575","0.23223137779280184","0.6015498291184407"
"PROD_02145","2026-03-06 08:54:10.983661221","30.1","Sans dipl?me","10.7","G1601","80827","1.0","0","Freins p?riph?riques majeurs. Situation d'illettrisme num?rique constat?e.","2","2","0.18595394046395275","0.20446284319626412","0.6095832163397832"
"PROD_02146","2026-03-06 09:37:23.827942648","47.1","Bac+2","10.6","W1401","03056","1.0","0","Probl?me ponctuel de mobilit? g?ographique. Zone mal desservie.","1","1","0.19207791559521367","0.635659788648647","0.17226229575613927"
"PROD_02147","2026-03-06 10:20:36.672224075","38.1","Bac+2","0.2","C1302","72047","1.0","0","Freins p?riph?riques majeurs. Situation d'illettrisme num?rique constat?e.","0","0","0.6420429723095841","0.17192631814016546","0.18603070955025047"
"PROD_02148","2026-03-06 11:03:49.516505502","27.1","Bac","1.2","M1203","45044","1.0","0","Perte de confiance importante. Risque d'exclusion, barri?re de la langue.","0","0","0.6361769434456171","0.14880134263474432","0.21502171391963854"
"PROD_02149","2026-03-06 11:47:02.360786929","62.1","Bac+5","0.1","M1801","60032","1.0","0","Perte de confiance importante. Risque d'exclusion, barri?re de la langue.","0","0","0.6311437279568466","0.22688666186270948","0.14196961018044393"
"PROD_02150","2026-03-06 12:30:15.205068357","37.1","Bac+5","7.2","N1301","61463","0.0","0","Cumul de difficult?s. Pas de moyen de transport et garde d'enfants complexe.","0","0","0.6011021659682063","0.24753510151473668","0.151362732517057"
"PROD_02151","2026-03-06 13:13:28.049349784","34.1","Bac+5","0.3","K1403","2A018","1.0","0","Projet de reconversion ? affiner. Besoin d'une formation compl?mentaire.","0","0","0.6719518748929185","0.17018523977619557","0.1578628853308859"
"PROD_02152","2026-03-06 13:56:40.893631211","62.1","Bac","2.4","H2502","81027","1.0","0","Profil autonome, recherche active, aucun frein p?riph?rique identifi?.","1","1","0.14101469550510706","0.6886993702266165","0.17028593426827643"
"PROD_02153","2026-03-06 14:39:53.737912638","61.1","Bac+2","1.7","K2101","31542","1.0","0","Projet de reconversion ? affiner. Besoin d'une formation compl?mentaire.","2","2","0.21195942236062826","0.1525833984995481","0.6354571791398236"
"PROD_02154","2026-03-06 15:23:06.582194065","33.1","Sans dipl?me","0.8","K1403","2B149","0.0","0","Probl?me ponctuel de mobilit? g?ographique. Zone mal desservie.","1","1","0.13762222357376758","0.6695385228387855","0.1928392535874469"
"PROD_02155","2026-03-06 16:06:19.426475492","26.1","Bac+2","0.2","G1203","10140","1.0","0","Projet de reconversion ? affiner. Besoin d'une formation compl?mentaire.","1","1","0.16411534469005834","0.696105602269373","0.1397790530405687"
"PROD_02156","2026-03-06 16:49:32.270756919","51.1","Sans dipl?me","2.2","N1101","86289","1.0","0","Comp?tences ? r?actualiser sur les outils num?riques. Motivation correcte.","1","1","0.18606941519916295","0.6519664772393486","0.16196410756148838"
"PROD_02157","2026-03-06 17:32:45.115038347","23.1","Sans dipl?me","1.2","M1801","70049","1.0","0","Perte de confiance importante. Risque d'exclusion, barri?re de la langue.","2","2","0.14167780312406636","0.19973253312897538","0.6585896637469582"
"PROD_02158","2026-03-06 18:15:57.959319774","56.1","Bac","5.0","C1201","2B287","0.0","0","Projet de reconversion ? affiner. Besoin d'une formation compl?mentaire.","0","0","0.6646203924139444","0.15422614122322223","0.18115346636283333"
"PROD_02159","2026-03-06 18:59:10.803601201","52.1","Bac+2","0.8","C1302","56264","1.0","0","Probl?me ponctuel de mobilit? g?ographique. Zone mal desservie.","1","1","0.208460771974733","0.6497749758628351","0.14176425216243194"
"PROD_02160","2026-03-06 19:42:23.647882628","41.1","Bac","1.2","A1501","89318","0.0","0","Comp?tences ? r?actualiser sur les outils num?riques. Motivation correcte.","1","1","0.19603483850547443","0.6016945673151097","0.20227059417941584"
"PROD_02161","2026-03-06 20:25:36.492164055","35.1","Bac","7.1","C1110","64211","0.0","0","Excellente pr?sentation, comp?tences techniques ? jour. Reprise rapide vis?e.","0","0","0.6200303970464192","0.19168908891136338","0.18828051404221746"
"PROD_02162","2026-03-06 21:08:49.336445482","48.1","Bac","1.9","N1303","59635","1.0","0","Profil autonome, recherche active, aucun frein p?riph?rique identifi?.","0","0","0.6049901641364054","0.22218428854105898","0.17282554732253563"
"PROD_02163","2026-03-06 21:52:02.180726909","22.1","Bac","5.2","M1203","63260","0.0","0","Profil autonome, recherche active, aucun frein p?riph?rique identifi?.","0","0","0.6999891784920838","0.15420675931069125","0.145804062197225"
"PROD_02164","2026-03-06 22:35:15.025008337","48.1","Bac","2.9","D1406","69143","1.0","0","Perte de confiance importante. Risque d'exclusion, barri?re de la langue.","2","2","0.1621900979829457","0.21419366419641458","0.6236162378206397"
"PROD_02165","2026-03-06 23:18:27.869289764","62.1","Sans dipl?me","0.2","J1301","40031","1.0","0","Profil autonome, recherche active, aucun frein p?riph?rique identifi?.","1","1","0.17151623990534856","0.6572908382975752","0.17119292179707624"
"PROD_02166","2026-03-07 00:01:40.713571191","28.1","Bac+2","3.7","K2101","22224","1.0","1","Cumul de difficult?s. Pas de moyen de transport et garde d'enfants complexe.","1","1","0.2598528207727222","0.6019632541868353","0.13818392504044252"
"PROD_02167","2026-03-07 00:44:53.557852618","56.1","Bac","2.2","H1206","21179","1.0","0","Projet de reconversion ? affiner. Besoin d'une formation compl?mentaire.","1","1","0.2645382210176302","0.596451857320414","0.13900992166195592"
"PROD_02168","2026-03-07 01:28:06.402134045","24.1","Bac+5","0.6","W1401","21630","1.0","0","Candidat tr?s dynamique, mobilit? nationale valid?e. Projet clair.","0","0","0.6829437552090702","0.18215471191663882","0.13490153287429094"
"PROD_02169","2026-03-07 02:11:19.246415472","61.1","Bac+2","4.6","A1501","67426","0.0","0","Probl?me ponctuel de mobilit? g?ographique. Zone mal desservie.","1","1","0.1451158443659078","0.6496734388309228","0.2052107168031695"
"PROD_02170","2026-03-07 02:54:32.090696899","26.1","Bac+5","0.3","M1805","84026","1.0","0","Cumul de difficult?s. Pas de moyen de transport et garde d'enfants complexe.","0","0","0.6691134573515378","0.170036402762071","0.16085013988639119"
"PROD_02171","2026-03-07 03:37:44.934978327","42.1","Bac","10.6","C1201","58250","0.0","0","Cumul de difficult?s. Pas de moyen de transport et garde d'enfants complexe.","1","1","0.13156744061495645","0.6387111874515017","0.2297213719335418"
"PROD_02172","2026-03-07 04:20:57.779259754","55.1","Bac","7.9","A1401","44024","1.0","0","Cumul de difficult?s. Pas de moyen de transport et garde d'enfants complexe.","2","2","0.20528277110819845","0.17298100529244473","0.6217362235993568"
"PROD_02173","2026-03-07 05:04:10.623541181","33.1","Bac+5","5.1","J1301","29193","1.0","0","Profil autonome, recherche active, aucun frein p?riph?rique identifi?.","0","0","0.6982854412641742","0.12947243773770245","0.1722421209981233"
"PROD_02174","2026-03-07 05:47:23.467822608","41.1","Bac","4.5","C1110","65469","0.0","0","Candidat tr?s dynamique, mobilit? nationale valid?e. Projet clair.","0","0","0.6578033078010528","0.18043614770930946","0.16176054448963775"
"PROD_02175","2026-03-07 06:30:36.312104035","59.1","Sans dipl?me","0.6","K2101","45051","1.0","0","Perte de confiance importante. Risque d'exclusion, barri?re de la langue.","2","2","0.19001266288563687","0.17756849821059587","0.6324188389037673"
"PROD_02176","2026-03-07 07:13:49.156385462","55.1","Sans dipl?me","1.8","H2502","01385","1.0","0","Cumul de difficult?s. Pas de moyen de transport et garde d'enfants complexe.","2","2","0.15678310968528644","0.22248589601265434","0.6207309943020592"
"PROD_02177","2026-03-07 07:57:02.000666889","22.1","Bac","0.4","K1201","38286","1.0","0","Cumul de difficult?s. Pas de moyen de transport et garde d'enfants complexe.","0","0","0.6974488774235803","0.1722728364644452","0.1302782861119745"
"PROD_02178","2026-03-07 08:40:14.844948317","43.1","Sans dipl?me","0.9","N1101","28371","1.0","0","Probl?me ponctuel de mobilit? g?ographique. Zone mal desservie.","1","1","0.17801458502866196","0.6153502409781433","0.20663517399319475"
"PROD_02179","2026-03-07 09:23:27.689229744","28.1","Bac+2","5.7","M1705","27097","1.0","0","Excellente pr?sentation, comp?tences techniques ? jour. Reprise rapide vis?e.","0","0","0.6011468272951878","0.1994244547960973","0.19942871790871494"
"PROD_02180","2026-03-07 10:06:40.533511171","26.1","Bac+5","4.0","W1401","21631","1.0","1","Excellente pr?sentation, comp?tences techniques ? jour. Reprise rapide vis?e.","0","0","0.6286130551605845","0.12926822977102156","0.2421187150683939"
"PROD_02181","2026-03-07 10:49:53.377792598","20.1","Bac","4.0","M1602","34109","1.0","0","Projet de reconversion ? affiner. Besoin d'une formation compl?mentaire.","1","1","0.17175117324838018","0.6110868625795759","0.21716196417204392"
"PROD_02182","2026-03-07 11:33:06.222074025","57.1","Sans dipl?me","0.6","M1806","85011","1.0","0","Excellente pr?sentation, comp?tences techniques ? jour. Reprise rapide vis?e.","1","1","0.13198802851671415","0.6725723251984392","0.19543964628484667"
"PROD_02183","2026-03-07 12:16:19.066355452","63.1","Bac+2","1.7","D1210","21715","0.0","1","Cumul de difficult?s. Pas de moyen de transport et garde d'enfants complexe.","2","2","0.12775119810439275","0.188783511982257","0.6834652899133502"
"PROD_02184","2026-03-07 12:59:31.910636879","55.1","Sans dipl?me","4.8","A1301","76522","1.0","1","Perte de confiance importante. Risque d'exclusion, barri?re de la langue.","2","2","0.19672304920933736","0.1816115849463994","0.6216653658442632"
"PROD_02185","2026-03-07 13:42:44.754918307","46.1","Bac+2","6.4","D1502","70038","1.0","0","Excellente pr?sentation, comp?tences techniques ? jour. Reprise rapide vis?e.","0","0","0.6114004448816434","0.13533564097326314","0.2532639141450935"
"PROD_02186","2026-03-07 14:25:57.599199734","41.1","Bac+5","3.5","M1806","08391","0.0","0","Excellente pr?sentation, comp?tences techniques ? jour. Reprise rapide vis?e.","0","0","0.6419143733988748","0.16251282241117243","0.19557280418995276"
"PROD_02187","2026-03-07 15:09:10.443481161","63.1","Bac","2.6","M1501","60051","1.0","0","Probl?me ponctuel de mobilit? g?ographique. Zone mal desservie.","2","2","0.19537870708361416","0.1719520414373275","0.6326692514790584"
"PROD_02188","2026-03-07 15:52:23.287762588","45.1","Sans dipl?me","8.9","A1203","86086","1.0","0","Profil autonome, recherche active, aucun frein p?riph?rique identifi?.","0","0","0.6969309131457848","0.16058811276798163","0.14248097408623356"
"PROD_02189","2026-03-07 16:35:36.132044015","51.1","Sans dipl?me","1.7","M1203","14096","1.0","0","Freins p?riph?riques majeurs. Situation d'illettrisme num?rique constat?e.","2","2","0.14242076978527637","0.19394733647020374","0.6636318937445198"
"PROD_02190","2026-03-07 17:18:48.976325442","52.1","Bac+2","3.2","G1203","02355","1.0","0","Cumul de difficult?s. Pas de moyen de transport et garde d'enfants complexe.","2","2","0.15228438453611792","0.13907294553362487","0.7086426699302573"
"PROD_02191","2026-03-07 18:02:01.820606869","58.1","Bac+5","1.0","M1501","59164","1.0","1","Excellente pr?sentation, comp?tences techniques ? jour. Reprise rapide vis?e.","1","1","0.23330316730085332","0.6191100419481523","0.14758679075099435"
"PROD_02192","2026-03-07 18:45:14.664888297","51.1","Bac+2","1.9","C1110","06019","1.0","1","Comp?tences ? r?actualiser sur les outils num?riques. Motivation correcte.","1","1","0.1705430474991713","0.6000671378114356","0.22938981468939312"
"PROD_02193","2026-03-07 19:28:27.509169724","48.1","Sans dipl?me","1.1","A1203","08330","1.0","1","Freins p?riph?riques majeurs. Situation d'illettrisme num?rique constat?e.","1","1","0.14650087100394196","0.6865763678436103","0.16692276115244775"
"PROD_02194","2026-03-07 20:11:40.353451151","45.1","Bac+5","2.4","C1102","34286","1.0","0","Excellente pr?sentation, comp?tences techniques ? jour. Reprise rapide vis?e.","0","0","0.6834120941620926","0.15349326136841154","0.16309464446949587"
"PROD_02195","2026-03-07 20:54:53.197732578","48.1","Sans dipl?me","9.6","C1110","03074","1.0","0","Information non renseignee","2","2","0.19948485320596873","0.13367292398868194","0.6668422228053493"
"PROD_02196","2026-03-07 21:38:06.042014005","49.1","Bac","0.8","I1304","23125","1.0","0","Candidat tr?s dynamique, mobilit? nationale valid?e. Projet clair.","0","0","0.6039795605684496","0.1697599489598994","0.226260490471651"
"PROD_02197","2026-03-07 22:21:18.886295432","29.1","Bac+2","5.5","N4301","59344","0.0","1","Probl?me ponctuel de mobilit? g?ographique. Zone mal desservie.","1","1","0.18704571100294495","0.6410610578822954","0.17189323111475963"
"PROD_02198","2026-03-07 23:04:31.730576859","33.1","Bac+2","0.1","D1406","87009","0.0","0","Candidat tr?s dynamique, mobilit? nationale valid?e. Projet clair.","0","0","0.654420861690352","0.20348085558796453","0.1420982827216835"
"PROD_02199","2026-03-07 23:47:44.574858287","37.1","Bac","5.2","K2111","65162","1.0","0","Perte de confiance importante. Risque d'exclusion, barri?re de la langue.","1","1","0.1967613366478835","0.646229219715953","0.15700944363616343"
"PROD_02200","2026-03-08 00:30:57.419139714","24.1","Bac","1.1","N4301","21193","1.0","0","Projet de reconversion ? affiner. Besoin d'une formation compl?mentaire.","1","1","0.13069193962262357","0.6088612498453251","0.2604468105320513"
"PROD_02201","2026-03-08 01:14:10.263421141","42.1","Bac+2","2.9","J1506","52273","1.0","0","Excellente pr?sentation, comp?tences techniques ? jour. Reprise rapide vis?e.","0","0","0.62783635211071","0.22863427815081028","0.14352936973847974"
"PROD_02202","2026-03-08 01:57:23.107702568","42.1","Bac","1.2","D1210","76012","0.0","0","Perte de confiance importante. Risque d'exclusion, barri?re de la langue.","2","2","0.1950359848016923","0.16266558279662924","0.6422984324016785"
"PROD_02203","2026-03-08 02:40:35.951983995","27.1","Bac","2.4","N1101","58067","0.0","0","Candidat tr?s dynamique, mobilit? nationale valid?e. Projet clair.","1","1","0.196646707797251","0.6471497071997669","0.15620358500298204"
"PROD_02204","2026-03-08 03:23:48.796265422","42.1","Bac+2","2.9","K2101","61453","0.0","0","Comp?tences ? r?actualiser sur les outils num?riques. Motivation correcte.","2","2","0.24233260983871563","0.1494422450134848","0.6082251451477996"
"PROD_02205","2026-03-08 04:07:01.640546849","32.1","Bac+5","0.3","C1501","80572","0.0","0","Excellente pr?sentation, comp?tences techniques ? jour. Reprise rapide vis?e.","0","0","0.698220148688178","0.15938353663547072","0.14239631467635122"
"PROD_02206","2026-03-08 04:50:14.484828277","55.1","Bac+5","4.1","A1401","17137","1.0","0","Probl?me ponctuel de mobilit? g?ographique. Zone mal desservie.","1","1","0.2503854474260314","0.6080749947094191","0.14153955786454953"
"PROD_02207","2026-03-08 05:33:27.329109704","30.1","Bac+2","0.2","K1304","78334","1.0","0","Perte de confiance importante. Risque d'exclusion, barri?re de la langue.","2","2","0.22255944928920715","0.146284942683301","0.6311556080274918"
"PROD_02208","2026-03-08 06:16:40.173391131","36.1","Sans dipl?me","2.3","K2111","71528","1.0","1","Comp?tences ? r?actualiser sur les outils num?riques. Motivation correcte.","2","2","0.15654819643197904","0.14248879212654292","0.700963011441478"
"PROD_02209","2026-03-08 06:59:53.017672558","51.1","Bac","1.0","C1501","08040","1.0","0","Information non renseignee","0","0","0.7108839036779583","0.13925237827001638","0.14986371805202534"
"PROD_02210","2026-03-08 07:43:05.861953985","26.1","Bac+5","4.0","W1401","21631","1.0","1","Excellente pr?sentation, comp?tences techniques ? jour. Reprise rapide vis?e.","0","0","0.713742813450854","0.15344275867065615","0.13281442787848985"
"PROD_02211","2026-03-08 08:26:18.706235412","20.1","Bac","9.9","J1301","11290","0.0","1","Projet de reconversion ? affiner. Besoin d'une formation compl?mentaire.","1","1","0.14441618271682108","0.6981375040576763","0.15744631322550262"
"PROD_02212","2026-03-08 09:09:31.550516839","55.1","Bac","4.0","N1303","70431","1.0","0","Probl?me ponctuel de mobilit? g?ographique. Zone mal desservie.","1","1","0.12755659856753027","0.6871630435782362","0.18528035785423358"
"PROD_02213","2026-03-08 09:52:44.394798267","20.1","Sans dipl?me","2.7","N1101","40165","0.0","0","Comp?tences ? r?actualiser sur les outils num?riques. Motivation correcte.","1","1","0.22263838298713853","0.5952933315683453","0.18206828544451614"
"PROD_02214","2026-03-08 10:35:57.239079694","36.1","Sans dipl?me","1.6","M1607","2B304","0.0","0","Cumul de difficult?s. Pas de moyen de transport et garde d'enfants complexe.","2","2","0.221316477683313","0.12863845694302758","0.6500450653736595"
"PROD_02215","2026-03-08 11:19:10.083361121","20.1","Bac","1.2","K2111","27185","0.0","0","Perte de confiance importante. Risque d'exclusion, barri?re de la langue.","0","0","0.6583891624324497","0.14302338952671445","0.19858744804083583"
"PROD_02216","2026-03-08 12:02:22.927642548","41.1","Bac","1.9","D1502","94065","1.0","0","Cumul de difficult?s. Pas de moyen de transport et garde d'enfants complexe.","1","1","0.14746640757254986","0.7090165314490813","0.14351706097836892"
"PROD_02217","2026-03-08 12:45:35.771923975","39.1","Bac","1.8","N4101","09009","1.0","0","Freins p?riph?riques majeurs. Situation d'illettrisme num?rique constat?e.","0","0","0.613284535068193","0.17550065020459543","0.21121481472721154"
"PROD_02218","2026-03-08 13:28:48.616205402","51.1","Bac+2","1.9","C1110","06019","1.0","1","Comp?tences ? r?actualiser sur les outils num?riques. Motivation correcte.","1","1","0.18190777157493004","0.6311364945052871","0.18695573391978293"
"PROD_02219","2026-03-08 14:12:01.460486829","20.1","Bac","0.6","K1201","56228","1.0","0","Profil autonome, recherche active, aucun frein p?riph?rique identifi?.","0","0","0.6976930727913125","0.1604699254572769","0.14183700175141056"
"PROD_02220","2026-03-08 14:55:14.304768257","21.1","Sans dipl?me","0.8","M1203","27429","1.0","0","Candidat tr?s dynamique, mobilit? nationale valid?e. Projet clair.","2","2","0.25596850339326616","0.13212142053359663","0.6119100760731372"
"PROD_02221","2026-03-08 15:38:27.149049684","32.1","Bac","4.6","H1206","68316","0.0","0","Profil autonome, recherche active, aucun frein p?riph?rique identifi?.","0","0","0.6454765511775539","0.18314624183481962","0.1713772069876265"
"PROD_02222","2026-03-08 16:21:39.993331111","62.1","Sans dipl?me","10.0","F1603","59174","1.0","0","Projet de reconversion ? affiner. Besoin d'une formation compl?mentaire.","2","2","0.20154594844095264","0.15304367331593918","0.6454103782431082"
"PROD_02223","2026-03-08 17:04:52.837612538","45.1","Bac+5","2.2","M1802","21341","1.0","1","Excellente pr?sentation, comp?tences techniques ? jour. Reprise rapide vis?e.","0","0","0.5991467568644667","0.2593555735660727","0.14149766956946058"
"PROD_02224","2026-03-08 17:48:05.681893965","26.1","Bac","1.4","I1304","59387","0.0","0","Candidat tr?s dynamique, mobilit? nationale valid?e. Projet clair.","0","0","0.6086468464233404","0.21839062163679113","0.17296253193986844"
"PROD_02225","2026-03-08 18:31:18.526175392","53.1","Sans dipl?me","10.7","K2101","89261","0.0","0","Candidat tr?s dynamique, mobilit? nationale valid?e. Projet clair.","2","2","0.24254058226182162","0.1572902078273726","0.6001692099108058"
"PROD_02226","2026-03-08 19:14:31.370456819","62.1","Sans dipl?me","3.6","C1302","09170","1.0","0","Freins p?riph?riques majeurs. Situation d'illettrisme num?rique constat?e.","2","2","0.24976847737105753","0.13933125316175377","0.6109002694671887"
"PROD_02227","2026-03-08 19:57:44.214738247","23.1","Bac+2","6.0","N1303","67248","0.0","0","Probl?me ponctuel de mobilit? g?ographique. Zone mal desservie.","0","0","0.665160241617208","0.17259506818239112","0.1622446902004009"
"PROD_02228","2026-03-08 20:40:57.059019674","35.1","Bac+5","2.1","C1501","24470","1.0","0","Profil autonome, recherche active, aucun frein p?riph?rique identifi?.","0","0","0.6238430246454738","0.15723213458573032","0.21892484076879587"
"PROD_02229","2026-03-08 21:24:09.903301101","52.1","Bac+5","2.4","M1705","47032","0.0","0","Projet de reconversion ? affiner. Besoin d'une formation compl?mentaire.","1","1","0.22904230081828084","0.6097971673522996","0.16116053182941958"
"PROD_02230","2026-03-08 22:07:22.747582528","44.1","Bac+2","2.2","N4301","14484","1.0","0","Comp?tences ? r?actualiser sur les outils num?riques. Motivation correcte.","1","1","0.1635090515600581","0.6934252115797009","0.14306573686024093"
"PROD_02231","2026-03-08 22:50:35.591863955","19.1","Bac+2","2.5","C1501","57295","0.0","0","Projet de reconversion ? affiner. Besoin d'une formation compl?mentaire.","1","1","0.20561674142355896","0.6284127729758798","0.16597048560056116"
"PROD_02232","2026-03-08 23:33:48.436145382","51.1","Bac","3.9","D1406","69075","1.0","0","Comp?tences ? r?actualiser sur les outils num?riques. Motivation correcte.","1","1","0.17084240677969836","0.6835493554391885","0.1456082377811132"
"PROD_02233","2026-03-09 00:17:01.280426809","41.1","Bac","2.0","A1401","14334","0.0","0","Profil autonome, recherche active, aucun frein p?riph?rique identifi?.","1","1","0.12759626810374428","0.5971585915965244","0.27524514029973135"
"PROD_02234","2026-03-09 01:00:14.124708237","60.1","Bac+2","0.5","M1802","57377","0.0","0","Probl?me ponctuel de mobilit? g?ographique. Zone mal desservie.","1","1","0.1287475700585333","0.6078273577002625","0.26342507224120415"
"PROD_02235","2026-03-09 01:43:26.968989664","26.1","Bac","0.3","H1504","34261","1.0","0","Projet de reconversion ? affiner. Besoin d'une formation compl?mentaire.","1","1","0.1995464543445735","0.6511405504758718","0.14931299517955465"
"PROD_02236","2026-03-09 02:26:39.813271091","44.1","Bac+5","0.4","G1601","67091","1.0","1","Projet de reconversion ? affiner. Besoin d'une formation compl?mentaire.","1","1","0.16724742768376125","0.6320746322368076","0.20067794007943118"
"PROD_02237","2026-03-09 03:09:52.657552518","46.1","Bac","0.2","M1602","84054","1.0","0","Perte de confiance importante. Risque d'exclusion, barri?re de la langue.","2","2","0.2190986160020048","0.14906478466790887","0.6318365993300864"
"PROD_02238","2026-03-09 03:53:05.501833945","48.1","Bac+5","0.1","G1801","21581","0.0","0","Perte de confiance importante. Risque d'exclusion, barri?re de la langue.","0","0","0.6076199044623014","0.13626775616920536","0.2561123393684932"
"PROD_02239","2026-03-09 04:36:18.346115372","44.1","Bac","0.8","K1903","65110","1.0","1","Candidat tr?s dynamique, mobilit? nationale valid?e. Projet clair.","1","1","0.16152237103755007","0.628198901390867","0.21027872757158295"
"PROD_02240","2026-03-09 05:19:31.190396799","27.1","Bac+2","8.7","C1201","68353","1.0","1","Information non renseignee","0","0","0.6891355399236385","0.17769989683872592","0.13316456323763556"
"PROD_02241","2026-03-09 06:02:44.034678227","50.1","Bac+5","1.7","J1506","28349","0.0","0","Comp?tences ? r?actualiser sur les outils num?riques. Motivation correcte.","2","2","0.13801155866005657","0.17241545748562162","0.6895729838543219"
"PROD_02242","2026-03-09 06:45:56.878959654","44.1","Sans dipl?me","0.8","G1801","78431","1.0","0","Probl?me ponctuel de mobilit? g?ographique. Zone mal desservie.","1","1","0.19002695477021161","0.6379392439385059","0.17203380129128254"
"PROD_02243","2026-03-09 07:29:09.723241081","58.1","Bac+5","6.9","M1607","26244","1.0","0","Perte de confiance importante. Risque d'exclusion, barri?re de la langue.","1","1","0.1443829182697795","0.6019315152870969","0.25368556644312357"
"PROD_02244","2026-03-09 08:12:22.567522508","31.1","Bac+2","0.8","C1102","51522","0.0","0","Perte de confiance importante. Risque d'exclusion, barri?re de la langue.","1","1","0.23461142736149718","0.6130840077922812","0.15230456484622157"
"PROD_02245","2026-03-09 08:55:35.411803935","42.1","Bac","0.2","D1401","28064","0.0","0","Candidat tr?s dynamique, mobilit? nationale valid?e. Projet clair.","0","0","0.6418562323722167","0.22420791445083943","0.1339358531769439"
"PROD_02246","2026-03-09 09:38:48.256085362","60.1","Bac","6.9","K1304","26359","1.0","0","Profil autonome, recherche active, aucun frein p?riph?rique identifi?.","0","0","0.7304524426049779","0.13213562329884634","0.13741193409617578"
"PROD_02247","2026-03-09 10:22:01.100366789","40.1","Bac+2","2.3","D1210","22386","1.0","0","Profil autonome, recherche active, aucun frein p?riph?rique identifi?.","0","0","0.6733137249737468","0.17595232601523852","0.15073394901101472"
"PROD_02248","2026-03-09 11:05:13.944648217","52.1","Bac+2","3.1","N1301","57705","0.0","0","Candidat tr?s dynamique, mobilit? nationale valid?e. Projet clair.","0","0","0.6543416315394933","0.1594288534959943","0.18622951496451237"
"PROD_02249","2026-03-09 11:48:26.788929644","51.1","Bac+2","1.8","C1501","71347","1.0","1","Freins p?riph?riques majeurs. Situation d'illettrisme num?rique constat?e.","2","2","0.20201867908067284","0.16623716206096226","0.6317441588583649"
"PROD_02250","2026-03-09 12:31:39.633211071","38.1","Bac+2","0.3","M1802","11203","1.0","0","Probl?me ponctuel de mobilit? g?ographique. Zone mal desservie.","0","0","0.6027242695175061","0.1926257121232632","0.20465001835923066"
"PROD_02251","2026-03-09 13:14:52.477492498","53.1","Bac+5","2.3","C1110","24398","1.0","0","Probl?me ponctuel de mobilit? g?ographique. Zone mal desservie.","2","2","0.19131771658848393","0.16685013664495818","0.6418321467665579"
"PROD_02252","2026-03-09 13:58:05.321773925","40.1","Sans dipl?me","7.8","J1301","62768","1.0","0","Comp?tences ? r?actualiser sur les outils num?riques. Motivation correcte.","2","2","0.24922494929580055","0.1553028551960376","0.5954721955081619"
"PROD_02253","2026-03-09 14:41:18.166055352","37.1","Bac+5","2.8","M1801","27342","1.0","0","Profil autonome, recherche active, aucun frein p?riph?rique identifi?.","0","0","0.6093425610811796","0.1356699176405792","0.2549875212782412"
"PROD_02254","2026-03-09 15:24:31.010336779","42.1","Bac+5","0.5","C1302","09262","1.0","0","Excellente pr?sentation, comp?tences techniques ? jour. Reprise rapide vis?e.","0","0","0.6854680033366546","0.14844130703796984","0.16609068962537557"
"PROD_02255","2026-03-09 16:07:43.854618207","40.1","Bac","4.1","C1201","11181","1.0","0","Excellente pr?sentation, comp?tences techniques ? jour. Reprise rapide vis?e.","0","0","0.5975800174707097","0.16596375297804805","0.2364562295512423"
"PROD_02256","2026-03-09 16:50:56.698899634","62.1","Bac","6.3","D1502","45288","0.0","0","Comp?tences ? r?actualiser sur les outils num?riques. Motivation correcte.","1","1","0.17609328588538312","0.6802192176247192","0.14368749648989776"
"PROD_02257","2026-03-09 17:34:09.543181061","36.1","Bac+2","1.9","M1801","86026","0.0","0","Profil autonome, recherche active, aucun frein p?riph?rique identifi?.","0","0","0.6432809940821587","0.21297691818134293","0.1437420877364984"
"PROD_02258","2026-03-09 18:17:22.387462488","61.1","Bac","0.2","A1203","63359","1.0","0","Probl?me ponctuel de mobilit? g?ographique. Zone mal desservie.","1","1","0.23106603037038595","0.6362597133874901","0.13267425624212392"
"PROD_02259","2026-03-09 19:00:35.231743915","54.1","Bac","9.2","G1203","03182","0.0","1","Excellente pr?sentation, comp?tences techniques ? jour. Reprise rapide vis?e.","0","0","0.6163865889659969","0.1475954289609374","0.23601798207306574"
"PROD_02260","2026-03-09 19:43:48.076025342","20.1","Sans dipl?me","2.8","G1203","53029","1.0","0","Excellente pr?sentation, comp?tences techniques ? jour. Reprise rapide vis?e.","1","1","0.20590317832875038","0.6078113045123477","0.18628551715890196"
"PROD_02261","2026-03-09 20:27:00.920306769","33.1","Bac","3.2","H1206","47193","1.0","0","Perte de confiance importante. Risque d'exclusion, barri?re de la langue.","1","1","0.1636975169080222","0.6944168690322499","0.141885614059728"
"PROD_02262","2026-03-09 21:10:13.764588197","63.1","Bac+2","11.4","A1401","30350","0.0","0","Comp?tences ? r?actualiser sur les outils num?riques. Motivation correcte.","2","2","0.19859846456312674","0.1405535004709816","0.6608480349658917"
"PROD_02263","2026-03-09 21:53:26.608869624","43.1","Bac","1.8","D1406","76315","0.0","0","Profil autonome, recherche active, aucun frein p?riph?rique identifi?.","0","0","0.6511882280490849","0.14613710941897295","0.2026746625319421"
"PROD_02264","2026-03-09 22:36:39.453151051","50.1","Bac+2","0.3","D1502","25523","1.0","0","Cumul de difficult?s. Pas de moyen de transport et garde d'enfants complexe.","0","0","0.604507773862756","0.17757124299556637","0.21792098314167763"
"PROD_02265","2026-03-09 23:19:52.297432478","37.1","Sans dipl?me","3.9","A1203","05178","1.0","1","Cumul de difficult?s. Pas de moyen de transport et garde d'enfants complexe.","2","2","0.19699524174673966","0.1896678272591238","0.6133369309941366"
"PROD_02266","2026-03-10 00:03:05.141713905","47.1","Bac","1.0","C1302","72153","0.0","1","Projet de reconversion ? affiner. Besoin d'une formation compl?mentaire.","1","1","0.16346319292545006","0.6704202400013294","0.16611656707322053"
"PROD_02267","2026-03-10 00:46:17.985995332","51.1","Bac+2","1.1","I1304","32104","1.0","0","Probl?me ponctuel de mobilit? g?ographique. Zone mal desservie.","0","0","0.6723903413406135","0.14038834257462102","0.1872213160847655"
"PROD_02268","2026-03-10 01:29:30.830276759","22.1","Sans dipl?me","0.9","M1806","58038","0.0","0","Freins p?riph?riques majeurs. Situation d'illettrisme num?rique constat?e.","2","2","0.24317922034645925","0.1582281901554458","0.598592589498095"
"PROD_02269","2026-03-10 02:12:43.674558187","47.1","Bac+2","0.2","K1903","40035","1.0","1","Projet de reconversion ? affiner. Besoin d'une formation compl?mentaire.","1","1","0.15637421739146984","0.6021880237254712","0.24143775888305896"
"PROD_02270","2026-03-10 02:55:56.518839614","42.1","Sans dipl?me","2.1","C1110","73129","0.0","0","Comp?tences ? r?actualiser sur les outils num?riques. Motivation correcte.","2","2","0.16946351013924169","0.20578630044915822","0.6247501894116001"
"PROD_02271","2026-03-10 03:39:09.363121041","42.1","Bac+2","3.1","M1602","13012","1.0","0","Comp?tences ? r?actualiser sur les outils num?riques. Motivation correcte.","1","1","0.15481383747439947","0.6044075411629585","0.24077862136264205"
"PROD_02272","2026-03-10 04:22:22.207402468","63.1","Bac","10.4","A1203","43258","1.0","0","Freins p?riph?riques majeurs. Situation d'illettrisme num?rique constat?e.","2","2","0.1293994667560809","0.26200961727640937","0.6085909159675097"
"PROD_02273","2026-03-10 05:05:35.051683895","52.1","Bac+2","9.6","K1403","15133","1.0","0","Projet de reconversion ? affiner. Besoin d'une formation compl?mentaire.","2","2","0.19641641639122634","0.160959235080964","0.6426243485278097"
"PROD_02274","2026-03-10 05:48:47.895965322","44.1","Bac+2","1.2","A1401","76493","0.0","0","Projet de reconversion ? affiner. Besoin d'une formation compl?mentaire.","1","1","0.154182295163744","0.6721198753948215","0.17369782944143453"
"PROD_02275","2026-03-10 06:32:00.740246749","20.1","Bac+2","6.3","K1403","52316","1.0","0","Comp?tences ? r?actualiser sur les outils num?riques. Motivation correcte.","1","1","0.13706344655911365","0.7289962530462641","0.13394030039462224"
"PROD_02276","2026-03-10 07:15:13.584528177","43.1","Bac","0.8","A1301","77278","0.0","0","Projet de reconversion ? affiner. Besoin d'une formation compl?mentaire.","1","1","0.1703191501831912","0.7001688395608657","0.12951201025594306"
"PROD_02277","2026-03-10 07:58:26.428809604","21.1","Bac+2","1.3","K1903","60636","0.0","0","Candidat tr?s dynamique, mobilit? nationale valid?e. Projet clair.","0","0","0.6305460738899314","0.1304635790605398","0.23899034704952876"
"PROD_02278","2026-03-10 08:41:39.273091031","27.1","Bac","4.1","G1601","71106","0.0","0","Freins p?riph?riques majeurs. Situation d'illettrisme num?rique constat?e.","0","0","0.6068225533680535","0.17254467360301792","0.2206327730289286"
"PROD_02279","2026-03-10 09:24:52.117372458","36.1","Bac+5","2.7","M1602","21680","1.0","0","Information non renseignee","0","0","0.6510243804164833","0.2175026042672796","0.13147301531623715"
"PROD_02280","2026-03-10 10:08:04.961653885","54.1","Bac+2","0.1","H1206","01031","0.0","0","Excellente pr?sentation, comp?tences techniques ? jour. Reprise rapide vis?e.","1","1","0.1951464612625171","0.6154303680120586","0.18942317072542425"
"PROD_02281","2026-03-10 10:51:17.805935312","43.1","Bac+2","2.1","H2502","47056","1.0","0","Candidat tr?s dynamique, mobilit? nationale valid?e. Projet clair.","0","0","0.6087934536635509","0.21104364362333558","0.18016290271311355"
"PROD_02282","2026-03-10 11:34:30.650216739","26.1","Bac","0.9","M1602","48089","0.0","0","Perte de confiance importante. Risque d'exclusion, barri?re de la langue.","2","2","0.17308430816090303","0.21984787120963628","0.6070678206294606"
"PROD_02283","2026-03-10 12:17:43.494498167","42.1","Bac","0.5","M1802","06076","1.0","1","Probl?me ponctuel de mobilit? g?ographique. Zone mal desservie.","1","1","0.1788080788268235","0.6549073124363636","0.16628460873681294"
"PROD_02284","2026-03-10 13:00:56.338779594","35.1","Bac","0.5","D1406","54591","1.0","0","Projet de reconversion ? affiner. Besoin d'une formation compl?mentaire.","0","0","0.6310484614626368","0.23070278509001546","0.13824875344734772"
"PROD_02285","2026-03-10 13:44:09.183061021","37.1","Bac+5","1.8","G1203","72193","1.0","0","Excellente pr?sentation, comp?tences techniques ? jour. Reprise rapide vis?e.","0","0","0.7353607619378622","0.13274530196780437","0.13189393609433347"
"PROD_02286","2026-03-10 14:27:22.027342448","50.1","Sans dipl?me","4.5","K2111","59005","1.0","0","Freins p?riph?riques majeurs. Situation d'illettrisme num?rique constat?e.","1","1","0.1414626224971139","0.7036098573680879","0.15492752013479827"
"PROD_02287","2026-03-10 15:10:34.871623875","19.1","Bac+5","1.7","G1602","22186","0.0","0","Profil autonome, recherche active, aucun frein p?riph?rique identifi?.","0","0","0.6404746845798619","0.161205625702388","0.1983196897177501"
"PROD_02288","2026-03-10 15:53:47.715905302","40.1","Sans dipl?me","4.4","H2502","62200","1.0","0","Comp?tences ? r?actualiser sur les outils num?riques. Motivation correcte.","1","1","0.13099498968812115","0.7147540569418758","0.15425095337000305"
"PROD_02289","2026-03-10 16:37:00.560186729","24.1","Bac+5","3.6","K2106","02232","0.0","0","Candidat tr?s dynamique, mobilit? nationale valid?e. Projet clair.","0","0","0.6202504489868387","0.16792886200143944","0.21182068901172188"
"PROD_02290","2026-03-10 17:20:13.404468157","53.1","Bac","2.0","M1801","33280","1.0","0","Perte de confiance importante. Risque d'exclusion, barri?re de la langue.","0","0","0.7046621549178167","0.1458151506381872","0.1495226944439961"
"PROD_02291","2026-03-10 18:03:26.248749584","29.1","Sans dipl?me","4.6","N1301","30264","1.0","0","Projet de reconversion ? affiner. Besoin d'une formation compl?mentaire.","1","1","0.1550567750065637","0.6962103742132657","0.14873285078017062"
"PROD_02292","2026-03-10 18:46:39.093031011","27.1","Bac+2","1.3","M1806","14661","1.0","0","Excellente pr?sentation, comp?tences techniques ? jour. Reprise rapide vis?e.","0","0","0.6388174108405875","0.1510462564247165","0.21013633273469598"
"PROD_02293","2026-03-10 19:29:51.937312438","63.1","Bac+2","0.2","J1506","2B153","1.0","0","Candidat tr?s dynamique, mobilit? nationale valid?e. Projet clair.","0","0","0.6368267235803756","0.17261859969708163","0.19055467672254275"
"PROD_02294","2026-03-10 20:13:04.781593865","56.1","Bac","2.9","D1401","01361","1.0","0","Profil autonome, recherche active, aucun frein p?riph?rique identifi?.","0","0","0.6823649538467513","0.14401322720323415","0.17362181895001452"
"PROD_02295","2026-03-10 20:56:17.625875292","55.1","Bac+5","0.6","A1501","62864","1.0","0","Probl?me ponctuel de mobilit? g?ographique. Zone mal desservie.","1","1","0.14755613804785192","0.6153981484001909","0.23704571355195714"
"PROD_02296","2026-03-10 21:39:30.470156719","42.1","Bac+2","0.3","F1603","64363","0.0","0","Freins p?riph?riques majeurs. Situation d'illettrisme num?rique constat?e.","2","2","0.2184754164569581","0.1311808788544929","0.650343704688549"
"PROD_02297","2026-03-10 22:22:43.314438147","46.1","Bac+5","1.1","K1304","02722","1.0","0","Excellente pr?sentation, comp?tences techniques ? jour. Reprise rapide vis?e.","1","1","0.1956488651846124","0.622392642039243","0.1819584927761445"
"PROD_02298","2026-03-10 23:05:56.158719574","54.1","Bac","6.8","A1501","97116","1.0","0","Excellente pr?sentation, comp?tences techniques ? jour. Reprise rapide vis?e.","0","0","0.6011246662909261","0.15302223174745155","0.24585310196162236"
"PROD_02299","2026-03-10 23:49:09.003001001","39.1","Bac+5","2.5","N4301","29076","1.0","0","Candidat tr?s dynamique, mobilit? nationale valid?e. Projet clair.","0","0","0.6349788384874637","0.15108621839725275","0.21393494311528352"
"PROD_02300","2026-03-11 00:32:21.847282428","50.2","Bac+2","1.1","D1210","44102","1.0","0","Excellente pr?sentation, comp?tences techniques ? jour. Reprise rapide vis?e.","0","0","0.6105394502236716","0.22001532494536513","0.16944522483096325"
"PROD_02301","2026-03-11 01:15:34.691563855","45.2","Bac+5","0.6","D1503","04151","1.0","0","Perte de confiance importante. Risque d'exclusion, barri?re de la langue.","0","0","0.6226675397330704","0.20106295773696675","0.17626950252996282"
"PROD_02302","2026-03-11 01:58:47.535845282","40.2","Sans dipl?me","2.9","K1201","39153","0.0","0","Profil autonome, recherche active, aucun frein p?riph?rique identifi?.","1","1","0.21033791994967932","0.6425061481724482","0.14715593187787246"
"PROD_02303","2026-03-11 02:42:00.380126709","31.2","Sans dipl?me","2.2","K1403","11226","1.0","0","Comp?tences ? r?actualiser sur les outils num?riques. Motivation correcte.","1","1","0.12980776789485038","0.6595646002771822","0.2106276318279674"
"PROD_02304","2026-03-11 03:25:13.224408136","26.2","Bac+2","6.2","C1201","33510","1.0","1","Excellente pr?sentation, comp?tences techniques ? jour. Reprise rapide vis?e.","1","1","0.1367561387634576","0.7086742236293542","0.15456963760718823"
"PROD_02305","2026-03-11 04:08:26.068689564","25.2","Bac","4.2","H1504","56248","1.0","1","Comp?tences ? r?actualiser sur les outils num?riques. Motivation correcte.","1","1","0.16194547428411132","0.6807065719183717","0.15734795379751698"
"PROD_02306","2026-03-11 04:51:38.912970991","21.2","Sans dipl?me","2.0","D1401","35314","0.0","0","Cumul de difficult?s. Pas de moyen de transport et garde d'enfants complexe.","1","1","0.17775642454260748","0.6642163257507223","0.15802724970667015"
"PROD_02307","2026-03-11 05:34:51.757252418","34.2","Sans dipl?me","1.0","K1201","15040","1.0","0","Comp?tences ? r?actualiser sur les outils num?riques. Motivation correcte.","1","1","0.1655255570564017","0.5982664289838738","0.23620801395972446"
"PROD_02308","2026-03-11 06:18:04.601533845","29.2","Bac","1.1","G1801","80197","1.0","0","Excellente pr?sentation, comp?tences techniques ? jour. Reprise rapide vis?e.","1","1","0.16173293729859775","0.6278820662561189","0.2103849964452834"
"PROD_02309","2026-03-11 07:01:17.445815272","44.2","Bac","5.0","H1504","50054","1.0","0","Profil autonome, recherche active, aucun frein p?riph?rique identifi?.","1","1","0.21426220357641512","0.6541745079383755","0.13156328848520937"
"PROD_02310","2026-03-11 07:44:30.290096699","28.2","Bac","5.3","K1201","78009","0.0","0","Comp?tences ? r?actualiser sur les outils num?riques. Motivation correcte.","0","0","0.6538125483273708","0.19402408072959576","0.15216337094303345"
"PROD_02311","2026-03-11 08:27:43.134378126","48.2","Bac+5","1.5","M1602","29003","1.0","0","Excellente pr?sentation, comp?tences techniques ? jour. Reprise rapide vis?e.","0","0","0.6044517989965368","0.1969913108243473","0.19855689017911593"
"PROD_02312","2026-03-11 09:10:55.978659554","40.2","Bac","1.7","A1202","47289","0.0","0","Projet de reconversion ? affiner. Besoin d'une formation compl?mentaire.","1","1","0.19596854406955228","0.6399909854394618","0.16404047049098602"
"PROD_02313","2026-03-11 09:54:08.822940981","32.2","Bac+2","0.2","H1206","62550","1.0","0","Projet de reconversion ? affiner. Besoin d'une formation compl?mentaire.","0","0","0.6221049468390546","0.24477198721784943","0.13312306594309598"
"PROD_02314","2026-03-11 10:37:21.667222408","23.2","Bac+5","4.1","D1502","57453","1.0","0","Profil autonome, recherche active, aucun frein p?riph?rique identifi?.","0","0","0.6386360718227294","0.15056048103393235","0.21080344714333824"
"PROD_02315","2026-03-11 11:20:34.511503835","47.2","Sans dipl?me","9.9","G1302","07240","0.0","0","Cumul de difficult?s. Pas de moyen de transport et garde d'enfants complexe.","2","2","0.13961119274839218","0.14713336341204764","0.7132554438395602"
"PROD_02316","2026-03-11 12:03:47.355785262","35.2","Bac","1.4","M1501","61194","1.0","0","Information non renseignee","1","1","0.13577017574800956","0.6951440050348286","0.16908581921716181"
"PROD_02317","2026-03-11 12:47:00.200066689","29.2","Bac+2","6.8","M1203","52053","0.0","0","Projet de reconversion ? affiner. Besoin d'une formation compl?mentaire.","1","1","0.21074484233595453","0.5994709046016886","0.1897842530623568"
"PROD_02318","2026-03-11 13:30:13.044348116","47.2","Sans dipl?me","0.7","N4301","46172","0.0","0","Candidat tr?s dynamique, mobilit? nationale valid?e. Projet clair.","1","1","0.16400103895722826","0.611040620564662","0.2249583404781097"
"PROD_02319","2026-03-11 14:13:25.888629544","42.2","Bac+2","0.1","C1501","33378","0.0","0","Probl?me ponctuel de mobilit? g?ographique. Zone mal desservie.","1","1","0.17386667319069898","0.6603832784507365","0.16575004835856444"
"PROD_02320","2026-03-11 14:56:38.732910971","19.2","Bac+2","2.6","W1401","26058","1.0","0","Cumul de difficult?s. Pas de moyen de transport et garde d'enfants complexe.","0","0","0.642855306936287","0.16121454981830702","0.19593014324540597"
"PROD_02321","2026-03-11 15:39:51.577192398","33.2","Bac+2","0.2","A1301","11120","1.0","0","Candidat tr?s dynamique, mobilit? nationale valid?e. Projet clair.","0","0","0.6147701182814481","0.17021950278024667","0.2150103789383052"
"PROD_02322","2026-03-11 16:23:04.421473825","35.2","Bac","0.4","G1801","06058","0.0","0","Probl?me ponctuel de mobilit? g?ographique. Zone mal desservie.","1","1","0.20155442438445342","0.6688731963522769","0.1295723792632697"
"PROD_02323","2026-03-11 17:06:17.265755252","42.2","Bac+2","1.7","K1403","14220","1.0","0","Candidat tr?s dynamique, mobilit? nationale valid?e. Projet clair.","1","1","0.20194835266095268","0.6108658753434091","0.18718577199563824"
"PROD_02324","2026-03-11 17:49:30.110036679","31.2","Bac","0.8","D1502","56056","0.0","0","Probl?me ponctuel de mobilit? g?ographique. Zone mal desservie.","2","2","0.18630248283284526","0.13120530125200408","0.6824922159151507"
"PROD_02325","2026-03-11 18:32:42.954318106","32.2","Bac+5","1.7","M1805","07008","0.0","0","Freins p?riph?riques majeurs. Situation d'illettrisme num?rique constat?e.","0","0","0.627533462493139","0.21178761927838827","0.16067891822847272"
"PROD_02326","2026-03-11 19:15:55.798599534","46.2","Bac","1.1","C1501","27380","1.0","1","Probl?me ponctuel de mobilit? g?ographique. Zone mal desservie.","1","1","0.1298674717451853","0.7326926455147977","0.13743988274001695"
"PROD_02327","2026-03-11 19:59:08.642880961","35.2","Bac+2","3.1","M1802","38256","1.0","0","Comp?tences ? r?actualiser sur les outils num?riques. Motivation correcte.","0","0","0.6242925766694554","0.1500780538825131","0.22562936944803152"
"PROD_02328","2026-03-11 20:42:21.487162388","44.2","Sans dipl?me","5.8","K1403","62690","0.0","0","Excellente pr?sentation, comp?tences techniques ? jour. Reprise rapide vis?e.","2","2","0.21763831458192986","0.15029480020712566","0.6320668852109446"
"PROD_02329","2026-03-11 21:25:34.331443815","61.2","Sans dipl?me","1.0","G1601","27180","0.0","0","Projet de reconversion ? affiner. Besoin d'une formation compl?mentaire.","2","2","0.23773682424614834","0.1407664875045088","0.6214966882493428"
"PROD_02330","2026-03-11 22:08:47.175725242","24.2","Bac","0.2","G1601","35253","1.0","0","Comp?tences ? r?actualiser sur les outils num?riques. Motivation correcte.","1","1","0.13020392738279377","0.6581633337864629","0.2116327388307434"
"PROD_02331","2026-03-11 22:52:00.020006669","33.2","Bac","3.3","C1302","11408","0.0","0","Excellente pr?sentation, comp?tences techniques ? jour. Reprise rapide vis?e.","0","0","0.5966841486821066","0.14018551185887398","0.2631303394590194"
"PROD_02332","2026-03-11 23:35:12.864288096","56.2","Bac","1.1","I1304","52064","0.0","0","Comp?tences ? r?actualiser sur les outils num?riques. Motivation correcte.","1","1","0.1323938324021302","0.7031888651641339","0.16441730243373587"
"PROD_02333","2026-03-12 00:18:25.708569524","32.2","Bac+5","1.7","M1805","07008","0.0","0","Freins p?riph?riques majeurs. Situation d'illettrisme num?rique constat?e.","0","0","0.6057360944408255","0.15799155638860082","0.23627234917057363"
"PROD_02334","2026-03-12 01:01:38.552850951","55.2","Bac+5","3.9","K1304","10065","1.0","0","Comp?tences ? r?actualiser sur les outils num?riques. Motivation correcte.","0","0","0.6342852166801799","0.16544596067020562","0.2002688226496145"
"PROD_02335","2026-03-12 01:44:51.397132378","29.2","Bac+2","1.8","C1201","88471","1.0","0","Information non renseignee","0","0","0.6091912614278898","0.14154141859441183","0.24926731997769835"
"PROD_02336","2026-03-12 02:28:04.241413805","42.2","Sans dipl?me","2.9","K2101","61453","1.0","0","Comp?tences ? r?actualiser sur les outils num?riques. Motivation correcte.","2","2","0.207058129195994","0.1418105729028336","0.6511312979011724"
"PROD_02337","2026-03-12 03:11:17.085695232","45.2","Bac+2","6.0","G1302","78403","1.0","0","Excellente pr?sentation, comp?tences techniques ? jour. Reprise rapide vis?e.","0","0","0.6222079258399593","0.1355526621722616","0.24223941198777907"
"PROD_02338","2026-03-12 03:54:29.929976659","46.2","Bac+2","0.7","M1801","41017","0.0","1","Comp?tences ? r?actualiser sur les outils num?riques. Motivation correcte.","1","1","0.17248626644367918","0.6388040792540516","0.18870965430226927"
"PROD_02339","2026-03-12 04:37:42.774258086","21.2","Bac+5","2.4","A1202","01302","1.0","0","Probl?me ponctuel de mobilit? g?ographique. Zone mal desservie.","0","0","0.6207521828581598","0.23566617738687787","0.14358163975496233"
"PROD_02340","2026-03-12 05:20:55.618539514","51.2","Bac+2","1.8","C1501","71347","1.0","1","Freins p?riph?riques majeurs. Situation d'illettrisme num?rique constat?e.","2","2","0.16434279402075902","0.16522224602119606","0.6704349599580449"
"PROD_02341","2026-03-12 06:04:08.462820941","53.2","Bac","2.0","M1801","33280","1.0","0","Perte de confiance importante. Risque d'exclusion, barri?re de la langue.","0","0","0.6118823206068364","0.18181384174093004","0.2063038376522335"
"PROD_02342","2026-03-12 06:47:21.307102368","63.2","Bac","3.1","H1206","62798","1.0","0","Probl?me ponctuel de mobilit? g?ographique. Zone mal desservie.","1","1","0.17433066463114263","0.6714756127730648","0.15419372259579256"
"PROD_02343","2026-03-12 07:30:34.151383795","30.2","Bac","1.1","M1602","53119","1.0","0","Candidat tr?s dynamique, mobilit? nationale valid?e. Projet clair.","1","1","0.17613588317911194","0.6933938916953923","0.13047022512549566"
"PROD_02344","2026-03-12 08:13:46.995665222","62.2","Sans dipl?me","0.6","N1303","65078","1.0","0","Perte de confiance importante. Risque d'exclusion, barri?re de la langue.","2","2","0.15459242193277198","0.15017957960776682","0.6952279984594611"
"PROD_02345","2026-03-12 08:56:59.839946649","62.2","Sans dipl?me","0.2","G1801","17067","1.0","0","Cumul de difficult?s. Pas de moyen de transport et garde d'enfants complexe.","2","2","0.1926961076567391","0.18325974797306524","0.6240441443701957"
"PROD_02346","2026-03-12 09:40:12.684228076","47.2","Bac","1.8","J1506","65010","1.0","0","Freins p?riph?riques majeurs. Situation d'illettrisme num?rique constat?e.","0","0","0.7235778507217909","0.1446724161200431","0.13174973315816596"
"PROD_02347","2026-03-12 10:23:25.528509504","37.2","Bac+2","0.5","N4101","28175","1.0","0","Excellente pr?sentation, comp?tences techniques ? jour. Reprise rapide vis?e.","1","1","0.1796380639061717","0.6313858725922193","0.188976063501609"
"PROD_02348","2026-03-12 11:06:38.372790931","30.2","Bac+5","1.7","A1501","06083","1.0","1","Candidat tr?s dynamique, mobilit? nationale valid?e. Projet clair.","1","1","0.13969407587171093","0.6168006680656319","0.24350525606265716"
"PROD_02349","2026-03-12 11:49:51.217072358","29.2","Bac+2","0.8","H2502","59327","1.0","0","Freins p?riph?riques majeurs. Situation d'illettrisme num?rique constat?e.","0","0","0.6189336112626362","0.16920057771341407","0.2118658110239497"
"PROD_02350","2026-03-12 12:33:04.061353785","58.2","Sans dipl?me","1.2","G1801","79271","1.0","0","Candidat tr?s dynamique, mobilit? nationale valid?e. Projet clair.","0","0","0.735514742926204","0.12758014889461883","0.13690510817917717"
"PROD_02351","2026-03-12 13:16:16.905635212","50.2","Bac+5","21.2","D1210","01424","0.0","0","Candidat tr?s dynamique, mobilit? nationale valid?e. Projet clair.","0","0","0.6709482770746156","0.1720350537716767","0.15701666915370774"
"PROD_02352","2026-03-12 13:59:29.749916639","49.2","Bac","0.7","M1602","53168","1.0","0","Comp?tences ? r?actualiser sur les outils num?riques. Motivation correcte.","1","1","0.13624866539204475","0.5989278743768573","0.26482346023109793"
"PROD_02353","2026-03-12 14:42:42.594198066","24.2","Bac","2.1","M1501","31344","0.0","0","Profil autonome, recherche active, aucun frein p?riph?rique identifi?.","0","0","0.6948475587142969","0.14178738529662502","0.16336505598907805"
"PROD_02354","2026-03-12 15:25:55.438479494","52.2","Bac+2","3.1","K1403","38459","1.0","1","Freins p?riph?riques majeurs. Situation d'illettrisme num?rique constat?e.","2","2","0.19134339901057532","0.1646444342883942","0.6440121667010306"
"PROD_02355","2026-03-12 16:09:08.282760921","49.2","Bac+2","0.4","N1301","02284","1.0","0","Projet de reconversion ? affiner. Besoin d'une formation compl?mentaire.","1","1","0.2099441549149316","0.6565035781179174","0.13355226696715106"
"PROD_02356","2026-03-12 16:52:21.127042348","51.2","Sans dipl?me","0.5","H2502","21196","1.0","0","Profil autonome, recherche active, aucun frein p?riph?rique identifi?.","0","0","0.5976706469245183","0.2201165492847454","0.1822128037907363"
"PROD_02357","2026-03-12 17:35:33.971323775","48.2","Sans dipl?me","1.1","A1203","08330","1.0","1","Freins p?riph?riques majeurs. Situation d'illettrisme num?rique constat?e.","1","1","0.13383715343645247","0.6986984208744785","0.16746442568906905"
"PROD_02358","2026-03-12 18:18:46.815605202","27.2","Bac+2","12.0","G1601","51110","0.0","1","Information non renseignee","0","0","0.6038297051963956","0.1446095912382372","0.25156070356536725"
"PROD_02359","2026-03-12 19:01:59.659886629","63.2","Bac+2","3.5","M1501","22184","0.0","0","Profil autonome, recherche active, aucun frein p?riph?rique identifi?.","1","1","0.19738172780893498","0.5954507428602586","0.2071675293308065"
"PROD_02360","2026-03-12 19:45:12.504168056","63.2","Bac+2","2.5","G1302","65062","0.0","0","Comp?tences ? r?actualiser sur les outils num?riques. Motivation correcte.","1","1","0.12767335947805086","0.6990629106249746","0.17326372989697458"
"PROD_02361","2026-03-12 20:28:25.348449484","24.2","Bac+2","2.0","D1503","49193","1.0","0","Comp?tences ? r?actualiser sur les outils num?riques. Motivation correcte.","1","1","0.2656544384831889","0.5972272774900917","0.13711828402671933"
"PROD_02362","2026-03-12 21:11:38.192730911","36.2","Bac+2","1.1","A1203","57623","0.0","0","Candidat tr?s dynamique, mobilit? nationale valid?e. Projet clair.","1","1","0.18861827651936042","0.6243971613862214","0.18698456209441816"
"PROD_02363","2026-03-12 21:54:51.037012338","32.2","Bac+2","4.7","K1304","16067","1.0","0","Excellente pr?sentation, comp?tences techniques ? jour. Reprise rapide vis?e.","0","0","0.6291802595967905","0.2346687505949386","0.13615098980827092"
"PROD_02364","2026-03-12 22:38:03.881293765","55.2","Bac","1.9","I1304","61159","0.0","0","Comp?tences ? r?actualiser sur les outils num?riques. Motivation correcte.","0","0","0.6183578554968656","0.14776067168338736","0.23388147281974703"
"PROD_02365","2026-03-12 23:21:16.725575192","50.2","Bac+5","15.9","K2101","18050","1.0","0","Projet de reconversion ? affiner. Besoin d'une formation compl?mentaire.","1","1","0.21284465554320445","0.6182694788921934","0.16888586556460217"
"PROD_02366","2026-03-13 00:04:29.569856619","42.2","Bac+5","0.2","M1805","25204","1.0","0","Information non renseignee","0","0","0.6219464844082929","0.183829147267304","0.19422436832440307"
"PROD_02367","2026-03-13 00:47:42.414138046","40.2","Bac+2","2.2","D1210","22386","1.0","0","Profil autonome, recherche active, aucun frein p?riph?rique identifi?.","0","0","0.6358871804666032","0.1518133614202962","0.2122994581131006"
"PROD_02368","2026-03-13 01:30:55.258419474","62.2","Bac+5","5.3","M1607","55257","0.0","0","Information non renseignee","1","1","0.1870735562461935","0.6100995240358426","0.20282691971796396"
"PROD_02369","2026-03-13 02:14:08.102700901","57.2","Bac+5","0.4","H1504","39581","1.0","0","Comp?tences ? r?actualiser sur les outils num?riques. Motivation correcte.","1","1","0.25226571583178886","0.6126307687836905","0.1351035153845206"
"PROD_02370","2026-03-13 02:57:20.946982328","25.2","Bac","2.7","K2111","17283","0.0","0","Comp?tences ? r?actualiser sur les outils num?riques. Motivation correcte.","0","0","0.6377884905883059","0.21594719141884594","0.14626431799284817"
"PROD_02371","2026-03-13 03:40:33.791263755","32.2","Bac+5","1.7","M1805","07008","0.0","0","Freins p?riph?riques majeurs. Situation d'illettrisme num?rique constat?e.","0","0","0.606585435369218","0.24822699595154205","0.1451875686792399"
"PROD_02372","2026-03-13 04:23:46.635545182","47.2","Bac+2","0.4","F1603","80151","1.0","1","Candidat tr?s dynamique, mobilit? nationale valid?e. Projet clair.","0","0","0.7092184060712452","0.15667590060367345","0.13410569332508135"
"PROD_02373","2026-03-13 05:06:59.479826609","53.2","Bac+2","3.6","M1802","25559","1.0","0","Comp?tences ? r?actualiser sur les outils num?riques. Motivation correcte.","1","1","0.21077112917405338","0.6132830627262336","0.17594580809971305"
"PROD_02374","2026-03-13 05:50:12.324108036","42.2","Bac","3.3","C1302","95024","1.0","0","Cumul de difficult?s. Pas de moyen de transport et garde d'enfants complexe.","0","0","0.6199552774331266","0.14888172074065514","0.23116300182621824"
"PROD_02375","2026-03-13 06:33:25.168389464","58.2","Bac+5","1.6","C1201","40134","0.0","0","Projet de reconversion ? affiner. Besoin d'une formation compl?mentaire.","1","1","0.19778645085471033","0.6437955177874891","0.15841803135780053"
"PROD_02376","2026-03-13 07:16:38.012670891","62.2","Bac+2","0.1","M1801","60032","1.0","0","Perte de confiance importante. Risque d'exclusion, barri?re de la langue.","0","0","0.6345498976543038","0.18482371922179605","0.18062638312390014"
"PROD_02377","2026-03-13 07:59:50.856952318","50.2","Bac+5","0.7","C1501","45082","1.0","0","Comp?tences ? r?actualiser sur les outils num?riques. Motivation correcte.","0","0","0.6754052868895357","0.16708737097415177","0.1575073421363125"
"PROD_02378","2026-03-13 08:43:03.701233745","34.2","Bac+2","1.6","M1607","57502","1.0","0","Excellente pr?sentation, comp?tences techniques ? jour. Reprise rapide vis?e.","1","1","0.2111155689154517","0.6607350243736091","0.12814940671093922"
"PROD_02379","2026-03-13 09:26:16.545515172","20.2","Bac","2.8","K1201","58104","1.0","0","Freins p?riph?riques majeurs. Situation d'illettrisme num?rique constat?e.","0","0","0.6233894706141545","0.17058932755120818","0.20602120183463732"
"PROD_02380","2026-03-13 10:09:29.389796599","47.2","Bac","2.0","G1801","55516","1.0","0","Probl?me ponctuel de mobilit? g?ographique. Zone mal desservie.","1","1","0.22607683183560387","0.6318513472073191","0.14207182095707704"
"PROD_02381","2026-03-13 10:52:42.234078026","32.2","Bac","0.6","M1805","25150","0.0","0","Freins p?riph?riques majeurs. Situation d'illettrisme num?rique constat?e.","0","0","0.6119484705491829","0.17543495854046565","0.21261657091035147"
"PROD_02382","2026-03-13 11:35:55.078359454","21.2","Bac","9.6","J1301","77253","1.0","0","Probl?me ponctuel de mobilit? g?ographique. Zone mal desservie.","0","0","0.628007818746474","0.14986008356649008","0.22213209768703587"
"PROD_02383","2026-03-13 12:19:07.922640881","29.2","Bac+2","3.1","D1210","23098","0.0","0","Freins p?riph?riques majeurs. Situation d'illettrisme num?rique constat?e.","0","0","0.5973722349311629","0.2606607576806153","0.14196700738822182"
"PROD_02384","2026-03-13 13:02:20.766922308","39.2","Bac+5","0.7","D1406","43123","0.0","0","Profil autonome, recherche active, aucun frein p?riph?rique identifi?.","0","0","0.6004445057786074","0.17060601890812238","0.2289494753132702"
"PROD_02385","2026-03-13 13:45:33.611203735","60.2","Bac+2","2.3","M1705","54032","1.0","0","Freins p?riph?riques majeurs. Situation d'illettrisme num?rique constat?e.","1","1","0.14797589604917055","0.6270475748370649","0.22497652911376453"
"PROD_02386","2026-03-13 14:28:46.455485162","53.2","Bac","1.5","K1601","65351","0.0","1","Projet de reconversion ? affiner. Besoin d'une formation compl?mentaire.","2","2","0.14051130611137544","0.17626467653207115","0.6832240173565535"
"PROD_02387","2026-03-13 15:11:59.299766589","32.2","Sans dipl?me","1.3","K1304","58224","1.0","0","Comp?tences ? r?actualiser sur les outils num?riques. Motivation correcte.","0","0","0.6737238394524612","0.1855212395774549","0.14075492097008394"
"PROD_02388","2026-03-13 15:55:12.144048016","21.2","Bac","2.5","D1406","76523","1.0","0","Comp?tences ? r?actualiser sur les outils num?riques. Motivation correcte.","1","1","0.16336541251321907","0.6013696679630138","0.23526491952376705"
"PROD_02389","2026-03-13 16:38:24.988329444","28.2","Bac+5","3.6","A1301","11325","0.0","0","Cumul de difficult?s. Pas de moyen de transport et garde d'enfants complexe.","0","0","0.6372253076177142","0.13101512225002726","0.2317595701322585"
"PROD_02390","2026-03-13 17:21:37.832610871","42.2","Sans dipl?me","2.9","K2101","61453","0.0","0","Comp?tences ? r?actualiser sur les outils num?riques. Motivation correcte.","2","2","0.174676844998484","0.14451316142474022","0.6808099935767757"
"PROD_02391","2026-03-13 18:04:50.676892298","34.2","Bac","3.8","N4301","32465","0.0","0","Excellente pr?sentation, comp?tences techniques ? jour. Reprise rapide vis?e.","0","0","0.6185192267498041","0.166026657759573","0.2154541154906229"
"PROD_02392","2026-03-13 18:48:03.521173725","60.2","Bac","0.8","W1401","77333","1.0","0","Excellente pr?sentation, comp?tences techniques ? jour. Reprise rapide vis?e.","2","2","0.1748822891704983","0.1967150989370898","0.6284026118924119"
"PROD_02393","2026-03-13 19:31:16.365455152","40.2","Bac","2.8","M1805","78236","0.0","0","Comp?tences ? r?actualiser sur les outils num?riques. Motivation correcte.","0","0","0.6984017737710343","0.1553933132972537","0.146204912931712"
"PROD_02394","2026-03-13 20:14:29.209736579","48.2","Bac","2.6","M1705","15159","1.0","0","Perte de confiance importante. Risque d'exclusion, barri?re de la langue.","0","0","0.6840371892466647","0.1574919287003735","0.1584708820529618"
"PROD_02395","2026-03-13 20:57:42.054018006","50.2","Sans dipl?me","4.5","C1102","51583","0.0","0","Probl?me ponctuel de mobilit? g?ographique. Zone mal desservie.","1","1","0.15510878593482788","0.6263700267373252","0.21852118732784687"
"PROD_02396","2026-03-13 21:40:54.898299434","44.2","Bac+2","0.3","K2106","80734","1.0","0","Freins p?riph?riques majeurs. Situation d'illettrisme num?rique constat?e.","0","0","0.7234093801363866","0.13376914342131133","0.14282147644230211"
"PROD_02397","2026-03-13 22:24:07.742580861","24.2","Bac","1.8","K2101","37199","1.0","0","Freins p?riph?riques majeurs. Situation d'illettrisme num?rique constat?e.","2","2","0.13741629850275855","0.16796768642464843","0.6946160150725931"
"PROD_02398","2026-03-13 23:07:20.586862288","46.2","Bac+2","3.4","G1801","23075","1.0","0","Comp?tences ? r?actualiser sur les outils num?riques. Motivation correcte.","1","1","0.20923567008195118","0.6595420030044831","0.13122232691356572"
"PROD_02399","2026-03-13 23:50:33.431143715","24.2","Bac","0.7","D1503","10059","1.0","0","Profil autonome, recherche active, aucun frein p?riph?rique identifi?.","1","1","0.14358355110122134","0.72632609957625","0.1300903493225286"
"PROD_02400","2026-03-14 00:33:46.275425142","40.2","Sans dipl?me","3.0","C1501","81062","0.0","0","Cumul de difficult?s. Pas de moyen de transport et garde d'enfants complexe.","0","0","0.693026219392562","0.13837632528635277","0.1685974553210852"
"PROD_02401","2026-03-14 01:16:59.119706569","50.2","Sans dipl?me","2.7","C1501","77277","1.0","0","Cumul de difficult?s. Pas de moyen de transport et garde d'enfants complexe.","1","1","0.13004958745139483","0.7179354017541546","0.15201501079445057"
"PROD_02402","2026-03-14 02:00:11.963987996","41.2","Bac","7.2","G1801","61404","1.0","0","Probl?me ponctuel de mobilit? g?ographique. Zone mal desservie.","1","1","0.17694501776816368","0.6172080853259636","0.20584689690587266"
"PROD_02403","2026-03-14 02:43:24.808269424","60.2","Bac+2","5.2","G1302","88083","1.0","0","Projet de reconversion ? affiner. Besoin d'une formation compl?mentaire.","1","1","0.23922336454918514","0.5956977031017668","0.16507893234904802"
"PROD_02404","2026-03-14 03:26:37.652550851","42.2","Bac","1.6","M1806","42315","1.0","0","Excellente pr?sentation, comp?tences techniques ? jour. Reprise rapide vis?e.","1","1","0.17152797621348403","0.62239013673568","0.20608188705083597"
"PROD_02405","2026-03-14 04:09:50.496832278","49.2","Bac","0.1","K2111","77034","0.0","0","Excellente pr?sentation, comp?tences techniques ? jour. Reprise rapide vis?e.","0","0","0.6394527330221932","0.21598236712579233","0.14456489985201448"
"PROD_02406","2026-03-14 04:53:03.341113705","42.2","Bac","4.8","G1602","83006","0.0","0","Excellente pr?sentation, comp?tences techniques ? jour. Reprise rapide vis?e.","0","0","0.6891318523632153","0.16376425308541548","0.14710389455136924"
"PROD_02407","2026-03-14 05:36:16.185395132","29.2","Sans dipl?me","0.3","D1503","09043","1.0","0","Profil autonome, recherche active, aucun frein p?riph?rique identifi?.","0","0","0.6378793724633425","0.22404233899886405","0.13807828853779347"
"PROD_02408","2026-03-14 06:19:29.029676559","25.2","Bac","1.1","C1501","42042","1.0","1","Comp?tences ? r?actualiser sur les outils num?riques. Motivation correcte.","1","1","0.14559215993085245","0.6775772277807146","0.1768306122884329"
"PROD_02409","2026-03-14 07:02:41.873957986","62.2","Sans dipl?me","9.9","F1603","59174","1.0","0","Projet de reconversion ? affiner. Besoin d'une formation compl?mentaire.","2","2","0.2107650655845345","0.18638199034960817","0.6028529440658572"
"PROD_02410","2026-03-14 07:45:54.718239414","58.2","Bac","2.9","M1805","34242","1.0","0","Probl?me ponctuel de mobilit? g?ographique. Zone mal desservie.","1","1","0.1826203939653125","0.6240366856988818","0.1933429203358057"
"PROD_02411","2026-03-14 08:29:07.562520841","53.2","Bac","1.4","K1903","46205","0.0","0","Probl?me ponctuel de mobilit? g?ographique. Zone mal desservie.","1","1","0.15146976873095613","0.6662399936305873","0.18229023763845664"
"PROD_02412","2026-03-14 09:12:20.406802268","48.2","Bac","3.5","K2111","44067","0.0","0","Profil autonome, recherche active, aucun frein p?riph?rique identifi?.","0","0","0.6475252936562104","0.1418610171030451","0.21061368924074453"
"PROD_02413","2026-03-14 09:55:33.251083695","19.2","Sans dipl?me","4.5","K2106","62164","0.0","0","Cumul de difficult?s. Pas de moyen de transport et garde d'enfants complexe.","2","2","0.13441339877757955","0.16653000488426112","0.6990565963381594"
"PROD_02414","2026-03-14 10:38:46.095365122","20.2","Sans dipl?me","2.2","G1302","62703","0.0","0","Probl?me ponctuel de mobilit? g?ographique. Zone mal desservie.","2","2","0.23394451824942358","0.130531656443451","0.6355238253071255"
"PROD_02415","2026-03-14 11:21:58.939646549","46.2","Bac+5","1.0","M1802","21036","0.0","0","Comp?tences ? r?actualiser sur les outils num?riques. Motivation correcte.","0","0","0.6096362892645271","0.16908133760002458","0.22128237313544835"
"PROD_02416","2026-03-14 12:05:11.783927976","21.2","Sans dipl?me","4.5","M1801","11168","1.0","1","Profil autonome, recherche active, aucun frein p?riph?rique identifi?.","2","2","0.2266436106823782","0.160928234280995","0.6124281550366268"
"PROD_02417","2026-03-14 12:48:24.628209404","29.2","Bac+2","0.3","I1304","72367","0.0","0","Profil autonome, recherche active, aucun frein p?riph?rique identifi?.","0","0","0.6661011808934155","0.17003922111703307","0.1638595979895514"
"PROD_02418","2026-03-14 13:31:37.472490831","42.2","Bac","8.8","K1601","70275","1.0","0","Cumul de difficult?s. Pas de moyen de transport et garde d'enfants complexe.","2","2","0.17666070742998757","0.13101255836335682","0.6923267342066557"
"PROD_02419","2026-03-14 14:14:50.316772258","33.2","Bac","4.2","K1601","70362","1.0","0","Comp?tences ? r?actualiser sur les outils num?riques. Motivation correcte.","1","1","0.1876980596016014","0.6706906184351628","0.1416113219632359"
"PROD_02420","2026-03-14 14:58:03.161053685","63.2","Bac+5","1.4","N1101","29165","0.0","0","Probl?me ponctuel de mobilit? g?ographique. Zone mal desservie.","1","1","0.15348199247992475","0.6321729208542336","0.21434508666584162"
"PROD_02421","2026-03-14 15:41:16.005335112","48.2","Bac","0.3","K1403","34045","1.0","0","Comp?tences ? r?actualiser sur les outils num?riques. Motivation correcte.","2","2","0.20010017902047517","0.14960898761733146","0.6502908333621934"
"PROD_02422","2026-03-14 16:24:28.849616539","20.2","Bac+2","0.1","A1501","67432","1.0","0","Comp?tences ? r?actualiser sur les outils num?riques. Motivation correcte.","1","1","0.2359960289194391","0.6134287036492506","0.15057526743131022"
"PROD_02423","2026-03-14 17:07:41.693897966","59.2","Bac","0.9","N1303","57725","0.0","1","Cumul de difficult?s. Pas de moyen de transport et garde d'enfants complexe.","2","2","0.16462382951294335","0.21500980419288673","0.6203663662941699"
"PROD_02424","2026-03-14 17:50:54.538179394","53.2","Bac","0.9","A1301","88006","1.0","1","Cumul de difficult?s. Pas de moyen de transport et garde d'enfants complexe.","2","2","0.15501219023474366","0.15491826567162947","0.6900695440936269"
"PROD_02425","2026-03-14 18:34:07.382460821","55.2","Bac","3.2","N1303","46157","1.0","0","Comp?tences ? r?actualiser sur les outils num?riques. Motivation correcte.","1","1","0.19990397216749153","0.651911906422658","0.1481841214098505"
"PROD_02426","2026-03-14 19:17:20.226742248","43.2","Bac+2","5.5","H1504","88091","1.0","0","Freins p?riph?riques majeurs. Situation d'illettrisme num?rique constat?e.","1","1","0.18057435024675456","0.6209689556961707","0.19845669405707478"
"PROD_02427","2026-03-14 20:00:33.071023675","61.2","Bac","0.7","M1602","11345","1.0","0","Freins p?riph?riques majeurs. Situation d'illettrisme num?rique constat?e.","2","2","0.13385107692705384","0.25269339783148614","0.6134555252414601"
"PROD_02428","2026-03-14 20:43:45.915305102","46.2","Sans dipl?me","0.1","C1501","90064","1.0","0","Candidat tr?s dynamique, mobilit? nationale valid?e. Projet clair.","0","0","0.6720787225173356","0.18013765429299297","0.14778362318967145"
"PROD_02429","2026-03-14 21:26:58.759586529","46.2","Bac","0.2","M1602","84054","1.0","0","Perte de confiance importante. Risque d'exclusion, barri?re de la langue.","2","2","0.17017254601214626","0.1849388927103287","0.644888561277525"
"PROD_02430","2026-03-14 22:10:11.603867956","47.2","Bac+5","10.6","C1302","31171","1.0","0","Excellente pr?sentation, comp?tences techniques ? jour. Reprise rapide vis?e.","0","0","0.6937413541753792","0.169667974086404","0.13659067173821682"
"PROD_02431","2026-03-14 22:53:24.448149384","29.2","Bac","8.0","H1206","32433","0.0","0","Cumul de difficult?s. Pas de moyen de transport et garde d'enfants complexe.","1","1","0.2443942847251817","0.6216324808919065","0.13397323438291187"
"PROD_02432","2026-03-14 23:36:37.292430811","23.2","Sans dipl?me","1.4","D1401","64256","1.0","0","Cumul de difficult?s. Pas de moyen de transport et garde d'enfants complexe.","2","2","0.1682831587066421","0.23518914498338617","0.5965276963099717"
"PROD_02433","2026-03-15 00:19:50.136712238","35.2","Bac+2","0.5","C1110","13107","0.0","0","Perte de confiance importante. Risque d'exclusion, barri?re de la langue.","1","1","0.22271303406161935","0.5962250627334491","0.18106190320493154"
"PROD_02434","2026-03-15 01:03:02.980993665","41.2","Bac","1.9","D1502","94065","1.0","0","Cumul de difficult?s. Pas de moyen de transport et garde d'enfants complexe.","1","1","0.1540707597980634","0.6204858093968137","0.22544343080512286"
"PROD_02435","2026-03-15 01:46:15.825275092","30.2","Bac+5","9.3","G1203","37028","1.0","0","Comp?tences ? r?actualiser sur les outils num?riques. Motivation correcte.","1","1","0.13174359257101576","0.7327951528160932","0.13546125461289105"
"PROD_02436","2026-03-15 02:29:28.669556519","45.2","Bac","0.7","H1504","60598","0.0","0","Comp?tences ? r?actualiser sur les outils num?riques. Motivation correcte.","1","1","0.22722309781838165","0.603914608514368","0.16886229366725036"
"PROD_02437","2026-03-15 03:12:41.513837946","24.2","Bac+5","0.9","A1401","37154","0.0","0","Profil autonome, recherche active, aucun frein p?riph?rique identifi?.","0","0","0.6388653281795467","0.18303874131288836","0.17809593050756498"
"PROD_02438","2026-03-15 03:55:54.358119374","29.2","Bac","8.1","N1301","27609","1.0","1","Perte de confiance importante. Risque d'exclusion, barri?re de la langue.","1","1","0.1485443653205768","0.667881366951914","0.18357426772750918"
"PROD_02439","2026-03-15 04:39:07.202400801","62.2","Bac+2","2.9","J1506","79239","1.0","0","Excellente pr?sentation, comp?tences techniques ? jour. Reprise rapide vis?e.","0","0","0.6789586831019918","0.15730996576761222","0.16373135113039597"
"PROD_02440","2026-03-15 05:22:20.046682228","44.2","Bac+2","4.0","K1903","80139","1.0","1","Probl?me ponctuel de mobilit? g?ographique. Zone mal desservie.","2","2","0.20887244570598157","0.19075893788975667","0.6003686164042616"
"PROD_02441","2026-03-15 06:05:32.890963655","42.2","Bac","1.3","M1705","01405","1.0","0","Comp?tences ? r?actualiser sur les outils num?riques. Motivation correcte.","0","0","0.6521113490295235","0.2002031323666788","0.1476855186037977"
"PROD_02442","2026-03-15 06:48:45.735245082","39.2","Bac+2","8.7","M1203","17451","0.0","0","Probl?me ponctuel de mobilit? g?ographique. Zone mal desservie.","1","1","0.1359291852575159","0.6538918163944615","0.21017899834802256"
"PROD_02443","2026-03-15 07:31:58.579526509","42.2","Bac+2","0.7","C1501","77255","0.0","0","Probl?me ponctuel de mobilit? g?ographique. Zone mal desservie.","1","1","0.24263713016527816","0.6287926307103119","0.12857023912441"
"PROD_02444","2026-03-15 08:15:11.423807936","21.2","Bac+2","13.4","A1401","62046","0.0","0","Profil autonome, recherche active, aucun frein p?riph?rique identifi?.","0","0","0.6912661457175422","0.13502468526191888","0.17370916902053893"
"PROD_02445","2026-03-15 08:58:24.268089364","33.2","Bac+5","0.7","M1203","21503","0.0","0","Comp?tences ? r?actualiser sur les outils num?riques. Motivation correcte.","1","1","0.1463516831718055","0.6455378228393541","0.2081104939888404"
"PROD_02446","2026-03-15 09:41:37.112370791","32.2","Sans dipl?me","0.7","M1802","28379","0.0","0","Excellente pr?sentation, comp?tences techniques ? jour. Reprise rapide vis?e.","0","0","0.6410833745108747","0.16763722536778383","0.19127940012134145"
"PROD_02447","2026-03-15 10:24:49.956652218","54.2","Bac+2","1.5","M1203","52007","1.0","0","Comp?tences ? r?actualiser sur les outils num?riques. Motivation correcte.","1","1","0.15291292795176312","0.6314201953674605","0.21566687668077633"
"PROD_02448","2026-03-15 11:08:02.800933645","20.2","Bac","7.8","M1607","25209","1.0","0","Cumul de difficult?s. Pas de moyen de transport et garde d'enfants complexe.","2","2","0.18611105304032008","0.139095300250974","0.6747936467087059"
"PROD_02449","2026-03-15 11:51:15.645215072","19.2","Bac+2","9.2","H1206","62270","1.0","0","Information non renseignee","1","1","0.20854391542662254","0.6555728026354647","0.13588328193791277"
"PROD_02450","2026-03-15 12:34:28.489496499","33.2","Bac","10.9","K2106","24502","0.0","0","Candidat tr?s dynamique, mobilit? nationale valid?e. Projet clair.","1","1","0.2375121455450676","0.6027101125411646","0.1597777419137678"
"PROD_02451","2026-03-15 13:17:41.333777926","28.2","Bac+2","9.7","J1506","62737","1.0","0","Probl?me ponctuel de mobilit? g?ographique. Zone mal desservie.","1","1","0.14749056511358125","0.7196104696946602","0.13289896519175848"
"PROD_02452","2026-03-15 14:00:54.178059354","37.2","Sans dipl?me","3.8","A1203","05178","1.0","1","Cumul de difficult?s. Pas de moyen de transport et garde d'enfants complexe.","2","2","0.20561213264189762","0.12959133162888545","0.6647965357292169"
"PROD_02453","2026-03-15 14:44:07.022340781","42.2","Bac+5","10.4","N1301","27199","1.0","0","Perte de confiance importante. Risque d'exclusion, barri?re de la langue.","0","0","0.660018980783275","0.16010911268874592","0.17987190652797905"
"PROD_02454","2026-03-15 15:27:19.866622208","52.2","Bac+2","1.2","C1501","04140","0.0","0","Probl?me ponctuel de mobilit? g?ographique. Zone mal desservie.","1","1","0.13386174607937845","0.640897682719638","0.2252405712009835"
"PROD_02455","2026-03-15 16:10:32.710903635","48.2","Bac+5","0.1","G1801","21581","0.0","0","Perte de confiance importante. Risque d'exclusion, barri?re de la langue.","0","0","0.7117625716558061","0.12962518773391235","0.1586122406102815"
"PROD_02456","2026-03-15 16:53:45.555185062","37.2","Sans dipl?me","3.5","H1206","63041","1.0","0","Probl?me ponctuel de mobilit? g?ographique. Zone mal desservie.","1","1","0.1676388539091471","0.6432098095108133","0.18915133658003958"
"PROD_02457","2026-03-15 17:36:58.399466489","39.2","Sans dipl?me","1.8","M1602","02423","1.0","0","Freins p?riph?riques majeurs. Situation d'illettrisme num?rique constat?e.","2","2","0.15759242597860468","0.2413091086691762","0.6010984653522191"
"PROD_02458","2026-03-15 18:20:11.243747916","48.2","Bac+2","2.5","D1503","65200","1.0","0","Information non renseignee","1","1","0.2139942482246546","0.5972879686856272","0.1887177830897182"
"PROD_02459","2026-03-15 19:03:24.088029344","57.2","Bac+2","1.0","K2101","63381","1.0","0","Candidat tr?s dynamique, mobilit? nationale valid?e. Projet clair.","1","1","0.1377426308551297","0.6537684670331876","0.2084889021116827"
"PROD_02460","2026-03-15 19:46:36.932310771","53.2","Bac","1.5","M1501","01361","1.0","0","Cumul de difficult?s. Pas de moyen de transport et garde d'enfants complexe.","2","2","0.17841381539429468","0.16716973488218542","0.6544164497235199"
"PROD_02461","2026-03-15 20:29:49.776592198","42.2","Bac+2","1.3","D1210","21432","1.0","0","Freins p?riph?riques majeurs. Situation d'illettrisme num?rique constat?e.","0","0","0.6161304042390889","0.20320996326407453","0.18065963249683653"
"PROD_02462","2026-03-15 21:13:02.620873625","50.2","Bac","0.2","K1201","54260","1.0","0","Profil autonome, recherche active, aucun frein p?riph?rique identifi?.","0","0","0.6484833178129461","0.18807196575778484","0.16344471642926905"
"PROD_02463","2026-03-15 21:56:15.465155052","51.2","Sans dipl?me","1.7","M1203","14096","1.0","0","Freins p?riph?riques majeurs. Situation d'illettrisme num?rique constat?e.","2","2","0.1495555882875311","0.16135696071464425","0.6890874509978246"
"PROD_02464","2026-03-15 22:39:28.309436479","43.2","Bac","1.7","G1203","80384","1.0","0","Comp?tences ? r?actualiser sur les outils num?riques. Motivation correcte.","1","1","0.13091016744122735","0.6867066495805463","0.1823831829782263"
"PROD_02465","2026-03-15 23:22:41.153717906","53.2","Bac+2","2.1","K1304","65261","1.0","0","Projet de reconversion ? affiner. Besoin d'une formation compl?mentaire.","1","1","0.1997188551405088","0.6675559954526773","0.1327251494068139"
"PROD_02466","2026-03-16 00:05:53.997999334","57.2","Bac+5","1.4","C1102","88324","1.0","0","Comp?tences ? r?actualiser sur les outils num?riques. Motivation correcte.","1","1","0.15099955494340062","0.6838530764370386","0.1651473686195607"
"PROD_02467","2026-03-16 00:49:06.842280761","64.2","Bac+5","1.1","J1301","61445","1.0","0","Probl?me ponctuel de mobilit? g?ographique. Zone mal desservie.","0","0","0.6139870627713567","0.25726870746667174","0.12874422976197153"
"PROD_02468","2026-03-16 01:32:19.686562188","52.2","Bac+5","0.6","M1805","02252","1.0","0","Candidat tr?s dynamique, mobilit? nationale valid?e. Projet clair.","1","1","0.15506488960523196","0.6276332925545149","0.21730181784025304"
"PROD_02469","2026-03-16 02:15:32.530843615","57.2","Sans dipl?me","0.9","G1602","26311","1.0","0","Freins p?riph?riques majeurs. Situation d'illettrisme num?rique constat?e.","2","2","0.20534431118800042","0.1370425737316756","0.6576131150803239"
"PROD_02470","2026-03-16 02:58:45.375125042","52.2","Sans dipl?me","2.1","N1101","72259","1.0","0","Freins p?riph?riques majeurs. Situation d'illettrisme num?rique constat?e.","2","2","0.1284830630885676","0.1868302625164507","0.6846866743949817"
"PROD_02471","2026-03-16 03:41:58.219406469","19.2","Bac+2","2.6","W1401","26058","1.0","0","Cumul de difficult?s. Pas de moyen de transport et garde d'enfants complexe.","0","0","0.612555790588756","0.1468081389962662","0.2406360704149778"
"PROD_02472","2026-03-16 04:25:11.063687896","42.2","Bac+5","1.8","G1601","01064","1.0","0","Excellente pr?sentation, comp?tences techniques ? jour. Reprise rapide vis?e.","1","1","0.16538198497049775","0.6405075878897152","0.1941104271397871"
"PROD_02473","2026-03-16 05:08:23.907969324","59.2","Bac+2","13.5","N1303","26295","0.0","0","Cumul de difficult?s. Pas de moyen de transport et garde d'enfants complexe.","2","2","0.1732432841386716","0.213110730453502","0.6136459854078263"
"PROD_02474","2026-03-16 05:51:36.752250751","30.2","Bac+2","7.9","H2502","14550","0.0","0","Comp?tences ? r?actualiser sur les outils num?riques. Motivation correcte.","1","1","0.20024596457966282","0.6581434994631835","0.14161053595715367"
"PROD_02475","2026-03-16 06:34:49.596532178","55.2","Bac","1.6","A1401","27522","1.0","1","Perte de confiance importante. Risque d'exclusion, barri?re de la langue.","2","2","0.149558265964039","0.2041628491438051","0.6462788848921559"
"PROD_02476","2026-03-16 07:18:02.440813605","55.2","Bac+2","1.4","K1403","59005","0.0","0","Information non renseignee","1","1","0.14389376883816243","0.6785040964077099","0.17760213475412767"
"PROD_02477","2026-03-16 08:01:15.285095032","40.2","Bac+2","2.2","D1210","22386","1.0","0","Profil autonome, recherche active, aucun frein p?riph?rique identifi?.","0","0","0.6213714074892778","0.14274424227028903","0.2358843502404332"
"PROD_02478","2026-03-16 08:44:28.129376459","30.2","Bac+2","0.7","C1201","28375","1.0","0","Excellente pr?sentation, comp?tences techniques ? jour. Reprise rapide vis?e.","0","0","0.5993313146420285","0.23795098719778576","0.16271769816018575"
"PROD_02479","2026-03-16 09:27:40.973657886","42.2","Bac","3.3","K1201","15076","0.0","0","Cumul de difficult?s. Pas de moyen de transport et garde d'enfants complexe.","2","2","0.13364292194011954","0.2278669363452886","0.6384901417145918"
"PROD_02480","2026-03-16 10:10:53.817939314","48.2","Bac+2","5.7","A1202","57142","0.0","0","Candidat tr?s dynamique, mobilit? nationale valid?e. Projet clair.","0","0","0.6442939647648976","0.1603325970970877","0.19537343813801467"
"PROD_02481","2026-03-16 10:54:06.662220741","54.2","Bac","1.6","H1206","19122","0.0","0","Comp?tences ? r?actualiser sur les outils num?riques. Motivation correcte.","1","1","0.14867733058775517","0.7045483021405169","0.146774367271728"
"PROD_02482","2026-03-16 11:37:19.506502168","46.2","Bac","0.4","K2106","11244","0.0","0","Perte de confiance importante. Risque d'exclusion, barri?re de la langue.","0","0","0.595824949124698","0.26295029017325144","0.1412247607020506"
"PROD_02483","2026-03-16 12:20:32.350783595","31.2","Bac","1.1","A1401","31031","1.0","0","Projet de reconversion ? affiner. Besoin d'une formation compl?mentaire.","1","1","0.18019507802199242","0.6288715561787458","0.1909333657992618"
"PROD_02484","2026-03-16 13:03:45.195065022","20.2","Bac","0.3","C1201","77055","1.0","0","Excellente pr?sentation, comp?tences techniques ? jour. Reprise rapide vis?e.","0","0","0.6505994681230893","0.16151024501979497","0.1878902868571157"
"PROD_02485","2026-03-16 13:46:58.039346449","60.2","Bac+2","0.4","F1603","57578","1.0","0","Comp?tences ? r?actualiser sur les outils num?riques. Motivation correcte.","0","0","0.6456392498697401","0.21620247512963608","0.13815827500062383"
"PROD_02486","2026-03-16 14:30:10.883627876","35.2","Bac","7.0","C1110","64211","0.0","0","Excellente pr?sentation, comp?tences techniques ? jour. Reprise rapide vis?e.","0","0","0.6255018184005887","0.18045801727470723","0.19404016432470406"
"PROD_02487","2026-03-16 15:13:23.727909304","44.2","Sans dipl?me","9.0","D1210","47095","1.0","0","Perte de confiance importante. Risque d'exclusion, barri?re de la langue.","2","2","0.13791972364666913","0.14912834726595356","0.7129519290873773"
"PROD_02488","2026-03-16 15:56:36.572190731","52.2","Bac","1.2","I1304","17205","1.0","0","Profil autonome, recherche active, aucun frein p?riph?rique identifi?.","2","2","0.14079919534898358","0.21186127129236368","0.6473395333586528"
"PROD_02489","2026-03-16 16:39:49.416472158","36.2","Sans dipl?me","0.4","C1110","39234","1.0","0","Profil autonome, recherche active, aucun frein p?riph?rique identifi?.","1","1","0.21194185175574404","0.6161346703601686","0.17192347788408735"
"PROD_02490","2026-03-16 17:23:02.260753585","46.2","Bac","1.1","C1501","27380","1.0","1","Probl?me ponctuel de mobilit? g?ographique. Zone mal desservie.","1","1","0.18302721955584408","0.6028940809957052","0.2140786994484507"
"PROD_02491","2026-03-16 18:06:15.105035012","21.2","Bac+2","6.1","K1304","08003","1.0","0","Cumul de difficult?s. Pas de moyen de transport et garde d'enfants complexe.","1","1","0.15331033418405213","0.6111010211359518","0.23558864467999607"
"PROD_02492","2026-03-16 18:49:27.949316439","26.2","Bac+2","0.0","D1210","54068","1.0","1","Probl?me ponctuel de mobilit? g?ographique. Zone mal desservie.","1","1","0.21303915753530664","0.6594122572120161","0.1275485852526772"
"PROD_02493","2026-03-16 19:32:40.793597866","47.2","Bac+5","0.1","D1502","17442","1.0","0","Candidat tr?s dynamique, mobilit? nationale valid?e. Projet clair.","0","0","0.6926225205861547","0.15442489915605767","0.15295258025778763"
"PROD_02494","2026-03-16 20:15:53.637879294","33.2","Bac","4.2","K1601","70362","1.0","0","Comp?tences ? r?actualiser sur les outils num?riques. Motivation correcte.","1","1","0.2215269765347126","0.6100868313748941","0.1683861920903934"
"PROD_02495","2026-03-16 20:59:06.482160721","44.2","Bac+2","12.1","M1801","57406","1.0","0","Profil autonome, recherche active, aucun frein p?riph?rique identifi?.","0","0","0.6360652252070409","0.1652255593320212","0.1987092154609379"
"PROD_02496","2026-03-16 21:42:19.326442148","24.2","Bac+2","1.8","K1403","80390","0.0","0","Cumul de difficult?s. Pas de moyen de transport et garde d'enfants complexe.","0","0","0.6046014709736233","0.25066111326908547","0.14473741575729127"
"PROD_02497","2026-03-16 22:25:32.170723575","28.2","Bac","7.7","M1501","69181","1.0","0","Comp?tences ? r?actualiser sur les outils num?riques. Motivation correcte.","1","1","0.22436843222267444","0.6153284003806453","0.16030316739668027"
"PROD_02498","2026-03-16 23:08:45.015005002","36.2","Bac","0.3","H2502","74096","1.0","0","Freins p?riph?riques majeurs. Situation d'illettrisme num?rique constat?e.","0","0","0.5964013752150096","0.1779416720489603","0.22565695273603012"
"PROD_02499","2026-03-16 23:51:57.859286429","38.2","Bac","0.2","D1503","01030","0.0","0","Projet de reconversion ? affiner. Besoin d'une formation compl?mentaire.","1","1","0.22343761278626878","0.64156428648349","0.13499810073024132"
"PROD_02500","2026-03-17 00:35:10.703567856","47.3","Bac+5","2.0","D1210","31097","1.0","0","Profil autonome, recherche active, aucun frein p?riph?rique identifi?.","0","0","0.6743239252426303","0.15996782370753723","0.16570825104983247"
"PROD_02501","2026-03-17 01:18:23.547849284","46.3","Sans dipl?me","0.4","H1504","77268","1.0","0","Probl?me ponctuel de mobilit? g?ographique. Zone mal desservie.","1","1","0.21211299910721473","0.637072386281585","0.15081461461120027"
"PROD_02502","2026-03-17 02:01:36.392130711","55.3","Bac+2","1.3","C1302","76158","1.0","0","Freins p?riph?riques majeurs. Situation d'illettrisme num?rique constat?e.","2","2","0.2502608759301851","0.13468472296046916","0.6150544011093457"
"PROD_02503","2026-03-17 02:44:49.236412138","37.3","Bac","2.1","D1406","63122","1.0","1","Perte de confiance importante. Risque d'exclusion, barri?re de la langue.","1","1","0.1392391653694905","0.7244590806141421","0.13630175401636746"
"PROD_02504","2026-03-17 03:28:02.080693565","32.3","Bac","1.9","M1801","47014","1.0","0","Candidat tr?s dynamique, mobilit? nationale valid?e. Projet clair.","0","0","0.7150502807447235","0.15272991514463868","0.13221980411063777"
"PROD_02505","2026-03-17 04:11:14.924974992","36.3","Sans dipl?me","1.6","M1607","2B304","0.0","0","Cumul de difficult?s. Pas de moyen de transport et garde d'enfants complexe.","2","2","0.14771777204428566","0.23607548924785526","0.616206738707859"
"PROD_02506","2026-03-17 04:54:27.769256419","20.3","Bac","1.7","G1801","71425","0.0","0","Freins p?riph?riques majeurs. Situation d'illettrisme num?rique constat?e.","1","1","0.1549186992285414","0.6129546467611735","0.2321266540102851"
"PROD_02507","2026-03-17 05:37:40.613537846","50.3","Bac+2","0.4","W1401","45070","1.0","0","Information non renseignee","0","0","0.6453204729013717","0.22206170669698327","0.132617820401645"
"PROD_02508","2026-03-17 06:20:53.457819274","60.3","Bac","0.9","J1301","71528","1.0","0","Projet de reconversion ? affiner. Besoin d'une formation compl?mentaire.","1","1","0.1849667246124583","0.6074748045596327","0.20755847082790901"
"PROD_02509","2026-03-17 07:04:06.302100701","51.3","Sans dipl?me","0.5","K1601","76519","1.0","0","Comp?tences ? r?actualiser sur les outils num?riques. Motivation correcte.","1","1","0.21515726117546513","0.5974457810234729","0.18739695780106203"
"PROD_02510","2026-03-17 07:47:19.146382128","58.3","Bac","0.2","M1602","33017","1.0","1","Profil autonome, recherche active, aucun frein p?riph?rique identifi?.","2","2","0.1601545955263991","0.24129856882637762","0.5985468356472232"
"PROD_02511","2026-03-17 08:30:31.990663555","23.3","Bac","9.6","M1501","48187","0.0","1","Probl?me ponctuel de mobilit? g?ographique. Zone mal desservie.","2","2","0.22422901918929852","0.15187912381337249","0.6238918569973291"
"PROD_02512","2026-03-17 09:13:44.834944982","43.3","Bac","0.7","K1601","05073","1.0","0","Profil autonome, recherche active, aucun frein p?riph?rique identifi?.","2","2","0.139185867755255","0.15120148562237895","0.709612646622366"
"PROD_02513","2026-03-17 09:56:57.679226409","21.3","Bac+2","0.2","A1203","36182","1.0","0","Projet de reconversion ? affiner. Besoin d'une formation compl?mentaire.","1","1","0.15364545075055633","0.7147494890336642","0.13160506021577945"
"PROD_02514","2026-03-17 10:40:10.523507836","44.3","Bac","3.7","M1802","63082","0.0","1","Projet de reconversion ? affiner. Besoin d'une formation compl?mentaire.","0","0","0.7341356318495188","0.1369356576083084","0.1289287105421728"
"PROD_02515","2026-03-17 11:23:23.367789264","43.3","Sans dipl?me","0.3","K1201","76154","1.0","0","Profil autonome, recherche active, aucun frein p?riph?rique identifi?.","1","1","0.237445620872334","0.6058426922255584","0.15671168690210757"
"PROD_02516","2026-03-17 12:06:36.212070691","23.3","Bac","0.5","D1210","61493","0.0","0","Excellente pr?sentation, comp?tences techniques ? jour. Reprise rapide vis?e.","1","1","0.14831812673210096","0.7040235296371882","0.14765834363071084"
"PROD_02517","2026-03-17 12:49:49.056352118","43.3","Bac","0.9","K1304","24263","1.0","0","Excellente pr?sentation, comp?tences techniques ? jour. Reprise rapide vis?e.","0","0","0.6166045299861207","0.15467204453501837","0.22872342547886093"
"PROD_02518","2026-03-17 13:33:01.900633545","20.3","Bac+2","5.2","J1301","86059","1.0","0","Profil autonome, recherche active, aucun frein p?riph?rique identifi?.","0","0","0.6347792052244611","0.16589400302329338","0.19932679175224555"
"PROD_02519","2026-03-17 14:16:14.744914972","55.3","Bac","7.8","A1401","44024","1.0","0","Cumul de difficult?s. Pas de moyen de transport et garde d'enfants complexe.","2","2","0.14259633015262385","0.1956277316410132","0.6617759382063629"
"PROD_02520","2026-03-17 14:59:27.589196399","51.3","Sans dipl?me","2.1","N1101","86289","1.0","0","Comp?tences ? r?actualiser sur les outils num?riques. Motivation correcte.","1","1","0.23921829114136872","0.6063218329990314","0.15445987585959986"
"PROD_02521","2026-03-17 15:42:40.433477826","27.3","Bac+5","2.3","M1805","90058","0.0","0","Candidat tr?s dynamique, mobilit? nationale valid?e. Projet clair.","0","0","0.6860010477504096","0.15592362118798214","0.15807533106160826"
"PROD_02522","2026-03-17 16:25:53.277759254","43.3","Bac","0.7","A1301","77278","0.0","0","Projet de reconversion ? affiner. Besoin d'une formation compl?mentaire.","1","1","0.15988333464112645","0.6060880160987457","0.23402864926012779"
"PROD_02523","2026-03-17 17:09:06.122040681","29.3","Bac+2","9.5","A1202","70536","0.0","0","Perte de confiance importante. Risque d'exclusion, barri?re de la langue.","2","2","0.21927071992961578","0.1564989488290188","0.6242303312413654"
"PROD_02524","2026-03-17 17:52:18.966322108","50.3","Sans dipl?me","1.2","C1110","81173","0.0","0","Comp?tences ? r?actualiser sur les outils num?riques. Motivation correcte.","1","1","0.14375663839155095","0.6352266529314252","0.22101670867702383"
"PROD_02525","2026-03-17 18:35:31.810603535","26.3","Bac","0.9","M1602","48089","0.0","0","Perte de confiance importante. Risque d'exclusion, barri?re de la langue.","2","2","0.15396822798367193","0.18379776256089514","0.6622340094554329"
"PROD_02526","2026-03-17 19:18:44.654884962","35.3","Bac","1.1","M1802","89388","0.0","0","Profil autonome, recherche active, aucun frein p?riph?rique identifi?.","0","0","0.6436773764544026","0.19439618809074488","0.16192643545485252"
"PROD_02527","2026-03-17 20:01:57.499166389","40.3","Bac+2","3.6","H2502","32239","1.0","0","Excellente pr?sentation, comp?tences techniques ? jour. Reprise rapide vis?e.","0","0","0.6024932655907421","0.155231669022862","0.24227506538639587"
"PROD_02528","2026-03-17 20:45:10.343447816","22.3","Bac","0.4","G1602","79265","1.0","0","Cumul de difficult?s. Pas de moyen de transport et garde d'enfants complexe.","1","1","0.20932774870666548","0.5988437109222312","0.1918285403711033"
"PROD_02529","2026-03-17 21:28:23.187729244","32.3","Bac","0.7","I1304","77194","1.0","0","Excellente pr?sentation, comp?tences techniques ? jour. Reprise rapide vis?e.","0","0","0.6158473644716461","0.176044341248585","0.20810829427976887"
"PROD_02530","2026-03-17 22:11:36.032010671","26.3","Bac+2","6.2","C1201","33510","1.0","1","Excellente pr?sentation, comp?tences techniques ? jour. Reprise rapide vis?e.","1","1","0.12788092714356075","0.6784320451627788","0.19368702769366042"
"PROD_02531","2026-03-17 22:54:48.876292098","57.3","Bac","10.3","G1203","47238","1.0","0","Freins p?riph?riques majeurs. Situation d'illettrisme num?rique constat?e.","2","2","0.12872205457629415","0.16346423904631002","0.7078137063773958"
"PROD_02532","2026-03-17 23:38:01.720573525","31.3","Bac","0.7","G1602","33172","0.0","0","Projet de reconversion ? affiner. Besoin d'une formation compl?mentaire.","0","0","0.6474982459980427","0.2159773351921334","0.13652441880982386"
"PROD_02533","2026-03-18 00:21:14.564854952","44.3","Bac+5","0.4","M1801","21238","1.0","0","Projet de reconversion ? affiner. Besoin d'une formation compl?mentaire.","0","0","0.6325418978514239","0.2003261983133966","0.1671319038351795"
"PROD_02534","2026-03-18 01:04:27.409136379","55.3","Bac+2","0.6","A1501","62864","1.0","0","Probl?me ponctuel de mobilit? g?ographique. Zone mal desservie.","1","1","0.16679356991250976","0.6443341989860321","0.18887223110145812"
"PROD_02535","2026-03-18 01:47:40.253417806","20.3","Bac+2","2.3","N1101","83004","1.0","0","Candidat tr?s dynamique, mobilit? nationale valid?e. Projet clair.","0","0","0.6614278942506617","0.1892931501323353","0.14927895561700297"
"PROD_02536","2026-03-18 02:30:53.097699234","50.3","Sans dipl?me","1.1","D1401","65077","1.0","0","Probl?me ponctuel de mobilit? g?ographique. Zone mal desservie.","1","1","0.13881409605255882","0.6896665485791181","0.17151935536832308"
"PROD_02537","2026-03-18 03:14:05.941980661","28.3","Sans dipl?me","1.8","K2111","62453","1.0","0","Freins p?riph?riques majeurs. Situation d'illettrisme num?rique constat?e.","1","1","0.19443752919120139","0.6010525727726622","0.2045098980361364"
"PROD_02538","2026-03-18 03:57:18.786262088","52.3","Bac+5","0.4","D1406","40224","1.0","0","Probl?me ponctuel de mobilit? g?ographique. Zone mal desservie.","1","1","0.12779654003308763","0.6650969034421942","0.2071065565247182"
"PROD_02539","2026-03-18 04:40:31.630543515","32.3","Bac+2","1.7","I1304","57328","1.0","0","Perte de confiance importante. Risque d'exclusion, barri?re de la langue.","0","0","0.6728275921661233","0.1484706361855954","0.1787017716482813"
"PROD_02540","2026-03-18 05:23:44.474824942","35.3","Bac+5","2.1","C1501","24470","1.0","0","Profil autonome, recherche active, aucun frein p?riph?rique identifi?.","0","0","0.6162008994468053","0.20934607517018278","0.17445302538301188"
"PROD_02541","2026-03-18 06:06:57.319106369","22.3","Bac+5","5.5","M1802","05162","1.0","0","Candidat tr?s dynamique, mobilit? nationale valid?e. Projet clair.","0","0","0.6658364554297919","0.1426569389117434","0.19150660565846475"
"PROD_02542","2026-03-18 06:50:10.163387796","25.3","Bac","1.7","K1403","31176","1.0","0","Probl?me ponctuel de mobilit? g?ographique. Zone mal desservie.","1","1","0.1757659751159953","0.5997988120697535","0.22443521281425127"
"PROD_02543","2026-03-18 07:33:23.007669224","38.3","Bac+2","0.9","N1301","77333","0.0","0","Information non renseignee","0","0","0.617991942421449","0.17563253861034253","0.20637551896820852"
"PROD_02544","2026-03-18 08:16:35.851950651","43.3","Bac+2","5.3","A1203","12263","1.0","1","Cumul de difficult?s. Pas de moyen de transport et garde d'enfants complexe.","1","1","0.1809621509343041","0.6208009068930053","0.1982369421726906"
"PROD_02545","2026-03-18 08:59:48.696232078","27.3","Bac","1.5","H2502","37176","0.0","0","Information non renseignee","0","0","0.5979039530415603","0.1515654748732102","0.2505305720852295"
"PROD_02546","2026-03-18 09:43:01.540513505","62.3","Bac","5.2","N4101","65125","1.0","0","Probl?me ponctuel de mobilit? g?ographique. Zone mal desservie.","1","1","0.20081906458909327","0.6351558009216568","0.16402513448924994"
"PROD_02547","2026-03-18 10:26:14.384794932","43.3","Bac+2","6.6","K1403","73191","0.0","0","Profil autonome, recherche active, aucun frein p?riph?rique identifi?.","0","0","0.6476332238275421","0.13696577355837458","0.21540100261408335"
"PROD_02548","2026-03-18 11:09:27.229076359","40.3","Sans dipl?me","1.5","A1202","25164","1.0","0","Cumul de difficult?s. Pas de moyen de transport et garde d'enfants complexe.","1","1","0.17046442717997667","0.6019872343679888","0.22754833845203448"
"PROD_02549","2026-03-18 11:52:40.073357786","46.3","Sans dipl?me","0.4","C1302","63404","1.0","0","Perte de confiance importante. Risque d'exclusion, barri?re de la langue.","1","1","0.13509124064117228","0.7028984179549413","0.16201034140388637"
"PROD_02550","2026-03-18 12:35:52.917639214","47.3","Sans dipl?me","1.9","A1501","59263","0.0","0","Profil autonome, recherche active, aucun frein p?riph?rique identifi?.","1","1","0.20556108093343334","0.6453175305218182","0.14912138854474843"
"PROD_02551","2026-03-18 13:19:05.761920641","61.3","Bac","0.7","C1102","28022","1.0","0","Profil autonome, recherche active, aucun frein p?riph?rique identifi?.","1","1","0.18349625912698184","0.6782831540714295","0.13822058680158866"
"PROD_02552","2026-03-18 14:02:18.606202068","31.3","Bac+2","0.3","N4101","02780","1.0","0","Comp?tences ? r?actualiser sur les outils num?riques. Motivation correcte.","1","1","0.2346878134476133","0.6223888445267582","0.1429233420256284"
"PROD_02553","2026-03-18 14:45:31.450483495","50.3","Sans dipl?me","0.2","M1705","60165","0.0","0","Profil autonome, recherche active, aucun frein p?riph?rique identifi?.","1","1","0.18308598210915886","0.6062924284224221","0.21062158946841902"
"PROD_02554","2026-03-18 15:28:44.294764922","43.3","Sans dipl?me","1.3","A1202","10362","0.0","0","Comp?tences ? r?actualiser sur les outils num?riques. Motivation correcte.","1","1","0.22430246302937915","0.6059161373536971","0.16978139961692373"
"PROD_02555","2026-03-18 16:11:57.139046349","44.3","Bac","3.7","M1802","63082","0.0","1","Projet de reconversion ? affiner. Besoin d'une formation compl?mentaire.","0","0","0.630579642702907","0.1875748472488981","0.18184551004819488"
"PROD_02556","2026-03-18 16:55:09.983327776","55.3","Sans dipl?me","3.9","G1302","32336","0.0","0","Profil autonome, recherche active, aucun frein p?riph?rique identifi?.","1","1","0.16254496693200285","0.6930147531430036","0.14444027992499353"
"PROD_02557","2026-03-18 17:38:22.827609204","53.3","Bac+5","1.4","K2106","17397","1.0","0","Freins p?riph?riques majeurs. Situation d'illettrisme num?rique constat?e.","2","2","0.14736476478673188","0.15299139840342166","0.6996438368098464"
"PROD_02558","2026-03-18 18:21:35.671890631","39.3","Bac","8.4","C1302","80726","0.0","0","Cumul de difficult?s. Pas de moyen de transport et garde d'enfants complexe.","2","2","0.20193399256667144","0.13054848267034141","0.6675175247629872"
"PROD_02559","2026-03-18 19:04:48.516172058","48.3","Sans dipl?me","1.5","K2106","54244","1.0","0","Excellente pr?sentation, comp?tences techniques ? jour. Reprise rapide vis?e.","1","1","0.1780918076640409","0.6883449586200119","0.13356323371594725"
"PROD_02560","2026-03-18 19:48:01.360453485","49.3","Bac+5","0.5","H1206","63122","0.0","1","Profil autonome, recherche active, aucun frein p?riph?rique identifi?.","0","0","0.6276013310561978","0.15853440439926955","0.2138642645445327"
"PROD_02561","2026-03-18 20:31:14.204734912","52.3","Sans dipl?me","1.5","A1301","70411","1.0","1","Freins p?riph?riques majeurs. Situation d'illettrisme num?rique constat?e.","2","2","0.15509496485357327","0.13099642301074915","0.7139086121356775"
"PROD_02562","2026-03-18 21:14:27.049016339","22.3","Bac+2","2.0","A1301","10063","1.0","0","Probl?me ponctuel de mobilit? g?ographique. Zone mal desservie.","1","1","0.18772378210033888","0.6683872695700176","0.1438889483296435"
"PROD_02563","2026-03-18 21:57:39.893297766","58.3","Bac+2","1.0","C1102","57659","1.0","0","Probl?me ponctuel de mobilit? g?ographique. Zone mal desservie.","1","1","0.20547605681757003","0.6033504946285103","0.1911734485539197"
"PROD_02564","2026-03-18 22:40:52.737579194","61.3","Bac+2","0.8","C1302","28281","0.0","0","Comp?tences ? r?actualiser sur les outils num?riques. Motivation correcte.","1","1","0.13606092992183513","0.6570510021915402","0.20688806788662462"
"PROD_02565","2026-03-18 23:24:05.581860621","42.3","Bac+2","0.3","G1302","43096","1.0","1","Comp?tences ? r?actualiser sur les outils num?riques. Motivation correcte.","1","1","0.1410580163251671","0.6572749054050793","0.2016670782697536"
"PROD_02566","2026-03-19 00:07:18.426142048","53.3","Bac+5","0.3","G1601","11161","1.0","0","Perte de confiance importante. Risque d'exclusion, barri?re de la langue.","1","1","0.14175665234738538","0.6270940890932779","0.23114925855933666"
"PROD_02567","2026-03-19 00:50:31.270423475","36.3","Bac+2","15.6","A1501","26355","1.0","0","Candidat tr?s dynamique, mobilit? nationale valid?e. Projet clair.","1","1","0.18526407324709457","0.6309469122001107","0.18378901455279473"
"PROD_02568","2026-03-19 01:33:44.114704902","24.3","Bac","4.5","K1903","59419","0.0","0","Comp?tences ? r?actualiser sur les outils num?riques. Motivation correcte.","1","1","0.26705989026833876","0.5979151749533641","0.13502493477829713"
"PROD_02569","2026-03-19 02:16:56.958986329","60.3","Bac+5","0.5","H1504","36029","0.0","0","Comp?tences ? r?actualiser sur les outils num?riques. Motivation correcte.","1","1","0.21742076672114186","0.6513310224285929","0.13124821085026528"
"PROD_02570","2026-03-19 03:00:09.803267756","51.3","Bac+2","0.1","A1301","30270","0.0","0","Comp?tences ? r?actualiser sur les outils num?riques. Motivation correcte.","1","1","0.134429210503318","0.6929400086441746","0.17263078085250738"
"PROD_02571","2026-03-19 03:43:22.647549184","58.3","Bac","2.3","G1302","41042","0.0","0","Profil autonome, recherche active, aucun frein p?riph?rique identifi?.","1","1","0.17726233920572226","0.677704907244075","0.14503275355020284"
"PROD_02572","2026-03-19 04:26:35.491830611","57.3","Bac+5","1.0","H1206","56123","1.0","0","Excellente pr?sentation, comp?tences techniques ? jour. Reprise rapide vis?e.","0","0","0.6285021106637527","0.1443778587896478","0.2271200305465995"
"PROD_02573","2026-03-19 05:09:48.336112038","55.3","Sans dipl?me","2.4","W1401","79090","1.0","0","Profil autonome, recherche active, aucun frein p?riph?rique identifi?.","2","2","0.12836479530884964","0.2725527956330521","0.5990824090580983"
"PROD_02574","2026-03-19 05:53:01.180393465","62.3","Bac+2","2.5","K1903","51082","1.0","0","Projet de reconversion ? affiner. Besoin d'une formation compl?mentaire.","1","1","0.26414726121913484","0.5993447636272158","0.13650797515364932"
"PROD_02575","2026-03-19 06:36:14.024674892","36.3","Bac+5","3.7","K2111","57294","0.0","0","Excellente pr?sentation, comp?tences techniques ? jour. Reprise rapide vis?e.","0","0","0.6341229745274236","0.17520925756618508","0.1906677679063913"
"PROD_02576","2026-03-19 07:19:26.868956319","54.3","Bac+5","0.8","A1202","10080","1.0","0","Comp?tences ? r?actualiser sur les outils num?riques. Motivation correcte.","1","1","0.18820777856350576","0.662667950580536","0.14912427085595825"
"PROD_02577","2026-03-19 08:02:39.713237746","19.3","Bac","4.4","C1501","36082","1.0","0","Projet de reconversion ? affiner. Besoin d'une formation compl?mentaire.","1","1","0.16956606052403408","0.6082493413530426","0.22218459812292324"
"PROD_02578","2026-03-19 08:45:52.557519174","52.3","Bac+5","4.6","H1504","56018","0.0","0","Profil autonome, recherche active, aucun frein p?riph?rique identifi?.","0","0","0.6014480908880419","0.15590793640859407","0.24264397270336407"
"PROD_02579","2026-03-19 09:29:05.401800601","25.3","Sans dipl?me","5.0","G1602","25502","0.0","1","Cumul de difficult?s. Pas de moyen de transport et garde d'enfants complexe.","2","2","0.13862629981147384","0.12885262374377385","0.7325210764447524"
"PROD_02580","2026-03-19 10:12:18.246082028","42.3","Bac","1.6","M1806","42315","1.0","0","Excellente pr?sentation, comp?tences techniques ? jour. Reprise rapide vis?e.","1","1","0.16069363050845292","0.6487795080637049","0.19052686142784214"
"PROD_02581","2026-03-19 10:55:31.090363455","45.3","Sans dipl?me","8.8","A1203","86086","1.0","0","Profil autonome, recherche active, aucun frein p?riph?rique identifi?.","0","0","0.6871222361988009","0.18468703060504704","0.1281907331961521"
"PROD_02582","2026-03-19 11:38:43.934644882","56.3","Sans dipl?me","0.4","M1705","77364","1.0","0","Perte de confiance importante. Risque d'exclusion, barri?re de la langue.","2","2","0.19700118847430625","0.18081916133321854","0.6221796501924752"
"PROD_02583","2026-03-19 12:21:56.778926309","58.3","Bac+5","1.8","N1101","22194","1.0","0","Profil autonome, recherche active, aucun frein p?riph?rique identifi?.","0","0","0.6734793632931773","0.17300388888468582","0.15351674782213692"
"PROD_02584","2026-03-19 13:05:09.623207736","28.3","Bac","6.8","M1203","51112","1.0","0","Perte de confiance importante. Risque d'exclusion, barri?re de la langue.","2","2","0.14381182009572596","0.15718215698141536","0.6990060229228587"
"PROD_02585","2026-03-19 13:48:22.467489164","48.3","Bac","0.6","C1110","17145","1.0","0","Projet de reconversion ? affiner. Besoin d'une formation compl?mentaire.","0","0","0.71915419785349","0.13662611394434301","0.144219688202167"
"PROD_02586","2026-03-19 14:31:35.311770591","58.3","Bac+2","0.1","C1102","97113","1.0","0","Candidat tr?s dynamique, mobilit? nationale valid?e. Projet clair.","1","1","0.18877513490923792","0.6503013867132741","0.160923478377488"
"PROD_02587","2026-03-19 15:14:48.156052018","42.3","Sans dipl?me","2.0","C1110","73129","0.0","0","Comp?tences ? r?actualiser sur les outils num?riques. Motivation correcte.","2","2","0.15006967524660983","0.24718226865961934","0.6027480560937708"
"PROD_02588","2026-03-19 15:58:01.000333445","39.3","Bac+2","0.2","D1210","27309","0.0","0","Candidat tr?s dynamique, mobilit? nationale valid?e. Projet clair.","0","0","0.6930550294404638","0.14869172055759455","0.15825325000194163"
"PROD_02589","2026-03-19 16:41:13.844614872","21.3","Bac","2.6","J1506","28191","0.0","0","Freins p?riph?riques majeurs. Situation d'illettrisme num?rique constat?e.","0","0","0.6584145545401336","0.20017853385770534","0.141406911602161"
"PROD_02590","2026-03-19 17:24:26.688896299","31.3","Bac+2","1.0","M1203","80358","1.0","0","Cumul de difficult?s. Pas de moyen de transport et garde d'enfants complexe.","2","2","0.16102743561062005","0.14164068446876715","0.6973318799206127"
"PROD_02591","2026-03-19 18:07:39.533177726","23.3","Bac+5","0.7","D1401","64456","0.0","0","Comp?tences ? r?actualiser sur les outils num?riques. Motivation correcte.","1","1","0.1977445180945555","0.6189858043289803","0.18326967757646417"
"PROD_02592","2026-03-19 18:50:52.377459154","25.3","Sans dipl?me","6.8","M1705","42066","1.0","0","Probl?me ponctuel de mobilit? g?ographique. Zone mal desservie.","1","1","0.19735852790337832","0.6156148620643758","0.18702661003224597"
"PROD_02593","2026-03-19 19:34:05.221740581","42.3","Sans dipl?me","0.7","D1401","70195","1.0","0","Excellente pr?sentation, comp?tences techniques ? jour. Reprise rapide vis?e.","0","0","0.6241871173861209","0.16782741982041943","0.2079854627934597"
"PROD_02594","2026-03-19 20:17:18.066022008","33.3","Bac","2.1","C1501","64354","1.0","0","Excellente pr?sentation, comp?tences techniques ? jour. Reprise rapide vis?e.","1","1","0.22685532145005935","0.6084644240695802","0.1646802544803604"
"PROD_02595","2026-03-19 21:00:30.910303435","34.3","Bac+5","4.9","K2111","39162","0.0","1","Profil autonome, recherche active, aucun frein p?riph?rique identifi?.","0","0","0.690179242466874","0.142978274693172","0.16684248283995398"
"PROD_02596","2026-03-19 21:43:43.754584862","37.3","Bac+5","2.8","M1801","27342","1.0","0","Profil autonome, recherche active, aucun frein p?riph?rique identifi?.","0","0","0.5985571003125099","0.18966524671571955","0.2117776529717706"
"PROD_02597","2026-03-19 22:26:56.598866289","38.3","Bac+2","1.9","A1202","39084","1.0","0","Excellente pr?sentation, comp?tences techniques ? jour. Reprise rapide vis?e.","1","1","0.20572296725538247","0.6508156559107059","0.1434613768339117"
"PROD_02598","2026-03-19 23:10:09.443147716","43.3","Sans dipl?me","0.4","N1303","16315","0.0","0","Projet de reconversion ? affiner. Besoin d'une formation compl?mentaire.","1","1","0.20956300768273065","0.6189346065585004","0.17150238575876897"
"PROD_02599","2026-03-19 23:53:22.287429144","20.3","Bac+5","1.0","A1501","62315","1.0","0","Profil autonome, recherche active, aucun frein p?riph?rique identifi?.","0","0","0.6795269609022789","0.16332674656373464","0.15714629253398643"
"PROD_02600","2026-03-20 00:36:35.131710571","52.3","Bac","1.1","A1203","89181","1.0","0","Freins p?riph?riques majeurs. Situation d'illettrisme num?rique constat?e.","1","1","0.1657717492995461","0.6838282158606813","0.1504000348397726"
"PROD_02601","2026-03-20 01:19:47.975991998","50.3","Sans dipl?me","1.5","D1503","27341","0.0","0","Information non renseignee","1","1","0.16454335089830818","0.6088868922486321","0.2265697568530597"
"PROD_02602","2026-03-20 02:03:00.820273425","20.3","Bac","0.2","D1210","59278","1.0","0","Information non renseignee","1","1","0.155285316594941","0.679850353472477","0.16486432993258193"
"PROD_02603","2026-03-20 02:46:13.664554852","26.3","Bac","0.4","N4301","22308","1.0","0","Perte de confiance importante. Risque d'exclusion, barri?re de la langue.","2","2","0.12968041152275123","0.2693854282455391","0.6009341602317096"
"PROD_02604","2026-03-20 03:29:26.508836279","39.3","Bac","5.9","I1304","38248","0.0","0","Excellente pr?sentation, comp?tences techniques ? jour. Reprise rapide vis?e.","0","0","0.6509011243237877","0.1379617157089921","0.21113715996722024"
"PROD_02605","2026-03-20 04:12:39.353117706","53.3","Bac+2","1.5","C1501","39285","1.0","0","Projet de reconversion ? affiner. Besoin d'une formation compl?mentaire.","1","1","0.17194092928537297","0.6128561950853761","0.2152028756292509"
"PROD_02606","2026-03-20 04:55:52.197399134","28.3","Bac+5","1.6","H1206","33168","1.0","1","Comp?tences ? r?actualiser sur les outils num?riques. Motivation correcte.","1","1","0.18885242484140274","0.6832555181277468","0.1278920570308505"
"PROD_02607","2026-03-20 05:39:05.041680561","62.3","Sans dipl?me","0.2","G1801","17067","1.0","0","Cumul de difficult?s. Pas de moyen de transport et garde d'enfants complexe.","2","2","0.14088304367118987","0.2566087805328626","0.6025081757959475"
"PROD_02608","2026-03-20 06:22:17.885961988","43.3","Bac","0.9","K1304","24263","1.0","0","Excellente pr?sentation, comp?tences techniques ? jour. Reprise rapide vis?e.","0","0","0.6827408735650963","0.18640525738910116","0.13085386904580257"
"PROD_02609","2026-03-20 07:05:30.730243415","59.3","Bac","0.9","N1303","57725","0.0","1","Cumul de difficult?s. Pas de moyen de transport et garde d'enfants complexe.","2","2","0.2541890343190265","0.129351324836647","0.6164596408443265"
"PROD_02610","2026-03-20 07:48:43.574524842","52.3","Bac+5","0.4","H1504","22259","1.0","0","Profil autonome, recherche active, aucun frein p?riph?rique identifi?.","0","0","0.6908340572516307","0.1353956661930535","0.1737702765553158"
"PROD_02611","2026-03-20 08:31:56.418806269","34.3","Sans dipl?me","3.3","H2502","17164","1.0","0","Comp?tences ? r?actualiser sur les outils num?riques. Motivation correcte.","1","1","0.22776960797216608","0.6074365642890636","0.16479382773877038"
"PROD_02612","2026-03-20 09:15:09.263087696","64.3","Sans dipl?me","0.2","K2106","36079","1.0","0","Cumul de difficult?s. Pas de moyen de transport et garde d'enfants complexe.","2","2","0.18146928729542292","0.21168644224904926","0.6068442704555279"
"PROD_02613","2026-03-20 09:58:22.107369124","19.3","Bac","2.3","M1802","50305","0.0","0","Excellente pr?sentation, comp?tences techniques ? jour. Reprise rapide vis?e.","0","0","0.6977067925399686","0.1745795330826218","0.1277136743774096"
"PROD_02614","2026-03-20 10:41:34.951650551","30.3","Bac","7.9","H2502","14550","0.0","0","Comp?tences ? r?actualiser sur les outils num?riques. Motivation correcte.","1","1","0.19548739761014303","0.6269156732698955","0.1775969291199615"
"PROD_02615","2026-03-20 11:24:47.795931978","35.3","Bac+2","0.3","G1601","27288","0.0","0","Cumul de difficult?s. Pas de moyen de transport et garde d'enfants complexe.","0","0","0.6183506015622552","0.14154563504100123","0.24010376339674358"
"PROD_02616","2026-03-20 12:08:00.640213405","54.3","Bac","9.1","G1203","03182","0.0","1","Excellente pr?sentation, comp?tences techniques ? jour. Reprise rapide vis?e.","0","0","0.6216766839196144","0.20579174924792937","0.17253156683245624"
"PROD_02617","2026-03-20 12:51:13.484494832","44.3","Bac","2.0","A1301","71201","1.0","1","Projet de reconversion ? affiner. Besoin d'une formation compl?mentaire.","1","1","0.16289307431037134","0.7043334405688544","0.13277348512077425"
"PROD_02618","2026-03-20 13:34:26.328776259","31.3","Bac+2","1.7","N1303","63379","0.0","0","Candidat tr?s dynamique, mobilit? nationale valid?e. Projet clair.","0","0","0.6684661602081954","0.1889896229870269","0.14254421680477772"
"PROD_02619","2026-03-20 14:17:39.173057686","29.3","Bac","4.0","K1403","89409","1.0","0","Information non renseignee","0","0","0.6189475471221508","0.13582382147120353","0.24522863140664564"
"PROD_02620","2026-03-20 15:00:52.017339114","64.3","Bac","2.4","N4101","13094","1.0","0","Candidat tr?s dynamique, mobilit? nationale valid?e. Projet clair.","2","2","0.1456620964635879","0.17656839428388676","0.6777695092525253"
"PROD_02621","2026-03-20 15:44:04.861620541","27.3","Bac","2.5","K1304","15098","1.0","0","Cumul de difficult?s. Pas de moyen de transport et garde d'enfants complexe.","0","0","0.5957544741807799","0.18737427625902792","0.21687124956019221"
"PROD_02622","2026-03-20 16:27:17.705901968","20.3","Bac+2","0.1","A1501","67432","1.0","0","Comp?tences ? r?actualiser sur les outils num?riques. Motivation correcte.","1","1","0.2672105548599428","0.5978060890415576","0.13498335609849954"
"PROD_02623","2026-03-20 17:10:30.550183395","62.3","Sans dipl?me","0.2","J1301","40031","1.0","0","Profil autonome, recherche active, aucun frein p?riph?rique identifi?.","1","1","0.14057402016438653","0.694664770421835","0.16476120941377836"
"PROD_02624","2026-03-20 17:53:43.394464822","53.3","Bac+2","2.0","D1503","58085","0.0","0","Comp?tences ? r?actualiser sur les outils num?riques. Motivation correcte.","1","1","0.14697876191713632","0.7207756550692506","0.1322455830136131"
"PROD_02625","2026-03-20 18:36:56.238746249","63.3","Bac","1.0","H1206","55155","0.0","0","Candidat tr?s dynamique, mobilit? nationale valid?e. Projet clair.","1","1","0.14344684975072536","0.6452079730288635","0.21134517722041124"
"PROD_02626","2026-03-20 19:20:09.083027676","42.3","Sans dipl?me","3.8","K2106","69120","0.0","0","Probl?me ponctuel de mobilit? g?ographique. Zone mal desservie.","1","1","0.18346072414772996","0.6424098554117883","0.17412942044048174"
"PROD_02627","2026-03-20 20:03:21.927309104","42.3","Bac","1.4","M1607","89277","1.0","1","Excellente pr?sentation, comp?tences techniques ? jour. Reprise rapide vis?e.","1","1","0.19457083311865075","0.6010855230612363","0.20434364382011294"
"PROD_02628","2026-03-20 20:46:34.771590531","38.3","Bac","0.7","M1805","47060","0.0","0","Excellente pr?sentation, comp?tences techniques ? jour. Reprise rapide vis?e.","0","0","0.6432041044160652","0.18327560585690572","0.17352028972702904"
"PROD_02629","2026-03-20 21:29:47.615871958","26.3","Bac+5","2.5","N1101","25296","0.0","0","Candidat tr?s dynamique, mobilit? nationale valid?e. Projet clair.","0","0","0.6268675713365274","0.20690740504415556","0.16622502361931707"
"PROD_02630","2026-03-20 22:13:00.460153385","38.3","Bac+2","0.2","C1302","72047","1.0","0","Freins p?riph?riques majeurs. Situation d'illettrisme num?rique constat?e.","0","0","0.6028435046968538","0.1874040462458317","0.20975244905731452"
"PROD_02631","2026-03-20 22:56:13.304434812","22.3","Sans dipl?me","4.8","K1903","26035","1.0","0","Freins p?riph?riques majeurs. Situation d'illettrisme num?rique constat?e.","2","2","0.1280701712179263","0.24791856644916818","0.6240112623329055"
"PROD_02632","2026-03-20 23:39:26.148716239","20.3","Bac","6.5","H2502","11396","0.0","0","Probl?me ponctuel de mobilit? g?ographique. Zone mal desservie.","1","1","0.15498061444830946","0.6633411521620862","0.18167823338960432"
"PROD_02633","2026-03-21 00:22:38.992997666","26.3","Bac","0.4","N4301","22308","0.0","0","Perte de confiance importante. Risque d'exclusion, barri?re de la langue.","2","2","0.14799053132611953","0.20333696365911305","0.6486725050147675"
"PROD_02634","2026-03-21 01:05:51.837279094","42.3","Bac+2","3.3","G1602","33176","1.0","0","Profil autonome, recherche active, aucun frein p?riph?rique identifi?.","0","0","0.6490728907340951","0.21739464806691938","0.13353246119898549"
"PROD_02635","2026-03-21 01:49:04.681560521","62.3","Bac+2","9.9","F1603","59174","1.0","0","Projet de reconversion ? affiner. Besoin d'une formation compl?mentaire.","2","2","0.209704496955746","0.15468997262647496","0.635605530417779"
"PROD_02636","2026-03-21 02:32:17.525841948","63.3","Sans dipl?me","4.1","H2502","71145","1.0","0","Projet de reconversion ? affiner. Besoin d'une formation compl?mentaire.","2","2","0.17217003475906423","0.19533507723823013","0.6324948880027057"
"PROD_02637","2026-03-21 03:15:30.370123375","59.3","Bac+5","1.9","M1802","83060","1.0","0","Excellente pr?sentation, comp?tences techniques ? jour. Reprise rapide vis?e.","0","0","0.6180700957903611","0.14731572213714855","0.23461418207249035"
"PROD_02638","2026-03-21 03:58:43.214404802","54.3","Bac+2","3.2","C1102","55363","1.0","0","Comp?tences ? r?actualiser sur les outils num?riques. Motivation correcte.","1","1","0.15078767917987","0.6428765787107819","0.20633574210934813"
"PROD_02639","2026-03-21 04:41:56.058686229","23.3","Bac","9.6","M1501","48187","0.0","1","Probl?me ponctuel de mobilit? g?ographique. Zone mal desservie.","2","2","0.18275179315863904","0.14264754273886207","0.6746006641024989"
"PROD_02640","2026-03-21 05:25:08.902967656","42.3","Bac+2","8.3","N1301","24355","0.0","1","Comp?tences ? r?actualiser sur les outils num?riques. Motivation correcte.","1","1","0.177099376089442","0.5990225597857952","0.22387806412476274"
"PROD_02641","2026-03-21 06:08:21.747249084","39.3","Bac+5","6.9","N1101","13028","1.0","1","Profil autonome, recherche active, aucun frein p?riph?rique identifi?.","2","2","0.26013105208938414","0.13912929448235675","0.6007396534282591"
"PROD_02642","2026-03-21 06:51:34.591530511","53.3","Bac+2","5.6","N4101","06053","1.0","0","Projet de reconversion ? affiner. Besoin d'une formation compl?mentaire.","0","0","0.6493349935806747","0.12946739240618027","0.22119761401314503"
"PROD_02643","2026-03-21 07:34:47.435811938","47.3","Bac+2","3.7","A1202","06150","1.0","0","Probl?me ponctuel de mobilit? g?ographique. Zone mal desservie.","1","1","0.19331794738354996","0.6378455466740889","0.1688365059423611"
"PROD_02644","2026-03-21 08:18:00.280093365","39.3","Bac","4.6","H1206","80489","0.0","0","Profil autonome, recherche active, aucun frein p?riph?rique identifi?.","1","1","0.12833906473329834","0.7336108084778958","0.1380501267888058"
"PROD_02645","2026-03-21 09:01:13.124374792","58.3","Bac+5","5.9","J1506","30265","1.0","0","Candidat tr?s dynamique, mobilit? nationale valid?e. Projet clair.","0","0","0.6175159467043814","0.24204571129892777","0.14043834199669086"
"PROD_02646","2026-03-21 09:44:25.968656219","25.3","Bac+2","5.0","G1602","25502","0.0","1","Cumul de difficult?s. Pas de moyen de transport et garde d'enfants complexe.","2","2","0.1584645748580396","0.2251785864356617","0.6163568387062988"
"PROD_02647","2026-03-21 10:27:38.812937646","42.3","Bac+5","4.1","M1801","67528","1.0","0","Profil autonome, recherche active, aucun frein p?riph?rique identifi?.","0","0","0.6231214915640225","0.1468758800319064","0.23000262840407107"
"PROD_02648","2026-03-21 11:10:51.657219074","24.3","Bac+5","0.6","W1401","21630","1.0","0","Candidat tr?s dynamique, mobilit? nationale valid?e. Projet clair.","0","0","0.6115663721555891","0.1368151222775515","0.25161850556685944"
"PROD_02649","2026-03-21 11:54:04.501500501","42.3","Bac","10.0","C1110","65383","0.0","0","Perte de confiance importante. Risque d'exclusion, barri?re de la langue.","1","1","0.18401990749859642","0.6067425623023895","0.20923753019901403"
"PROD_02650","2026-03-21 12:37:17.345781928","46.3","Bac","2.2","A1401","35123","1.0","0","Excellente pr?sentation, comp?tences techniques ? jour. Reprise rapide vis?e.","1","1","0.2113651369570187","0.6304615369675061","0.1581733260754753"
"PROD_02651","2026-03-21 13:20:30.190063355","60.3","Sans dipl?me","2.5","G1302","74057","0.0","0","Cumul de difficult?s. Pas de moyen de transport et garde d'enfants complexe.","2","2","0.15295577056885332","0.14599163925793565","0.701052590173211"
"PROD_02652","2026-03-21 14:03:43.034344782","34.3","Bac+2","0.7","H1206","51587","1.0","0","Perte de confiance importante. Risque d'exclusion, barri?re de la langue.","0","0","0.6628705079364239","0.12761773345035674","0.20951175861321938"
"PROD_02653","2026-03-21 14:46:55.878626209","46.3","Bac","1.4","N1101","63303","0.0","0","Profil autonome, recherche active, aucun frein p?riph?rique identifi?.","0","0","0.6070388524132584","0.23440249720850193","0.15855865037823968"
"PROD_02654","2026-03-21 15:30:08.722907636","44.3","Bac","0.1","K1201","23086","1.0","0","Comp?tences ? r?actualiser sur les outils num?riques. Motivation correcte.","1","1","0.15667672168585764","0.5985234063205388","0.24479987199360354"
"PROD_02655","2026-03-21 16:13:21.567189064","44.3","Bac+2","0.6","N1301","70422","1.0","0","Projet de reconversion ? affiner. Besoin d'une formation compl?mentaire.","1","1","0.17344206824418046","0.6347387768160884","0.19181915493973123"
"PROD_02656","2026-03-21 16:56:34.411470491","48.3","Bac","0.1","C1110","23012","1.0","0","Excellente pr?sentation, comp?tences techniques ? jour. Reprise rapide vis?e.","0","0","0.5955716510841615","0.26521507280531226","0.1392132761105262"
"PROD_02657","2026-03-21 17:39:47.255751918","26.3","Bac+2","5.9","N4101","76546","0.0","1","Freins p?riph?riques majeurs. Situation d'illettrisme num?rique constat?e.","0","0","0.6946780408354855","0.15672101990253248","0.14860093926198206"
"PROD_02658","2026-03-21 18:23:00.100033345","36.3","Bac+5","2.7","M1602","21680","1.0","0","Information non renseignee","0","0","0.630388944078842","0.20310388837936466","0.1665071675417933"
"PROD_02659","2026-03-21 19:06:12.944314772","55.3","Bac+5","0.6","K1601","34045","0.0","1","Probl?me ponctuel de mobilit? g?ographique. Zone mal desservie.","2","2","0.1752038309439688","0.16118347846750813","0.6636126905885231"
"PROD_02660","2026-03-21 19:49:25.788596199","61.3","Bac","9.5","M1203","67292","0.0","0","Excellente pr?sentation, comp?tences techniques ? jour. Reprise rapide vis?e.","2","2","0.1848020516810489","0.16187244327883302","0.6533255050401181"
"PROD_02661","2026-03-21 20:32:38.632877626","23.3","Bac","4.6","K1304","41266","1.0","0","Probl?me ponctuel de mobilit? g?ographique. Zone mal desservie.","1","1","0.23574405231428464","0.6005484693934228","0.1637074782922926"
"PROD_02662","2026-03-21 21:15:51.477159054","42.3","Bac+5","0.5","G1801","18100","0.0","0","Candidat tr?s dynamique, mobilit? nationale valid?e. Projet clair.","0","0","0.6247443375541977","0.13670833266780724","0.2385473297779951"
"PROD_02663","2026-03-21 21:59:04.321440481","39.3","Bac+5","6.9","N1101","13028","1.0","1","Profil autonome, recherche active, aucun frein p?riph?rique identifi?.","2","2","0.23018539748869846","0.15656597844430598","0.6132486240669955"
"PROD_02664","2026-03-21 22:42:17.165721908","42.3","Bac","1.3","D1210","21432","1.0","0","Freins p?riph?riques majeurs. Situation d'illettrisme num?rique constat?e.","0","0","0.69536816911237","0.1630745300472157","0.14155730084041432"
"PROD_02665","2026-03-21 23:25:30.010003335","54.3","Bac","2.9","W1401","30324","0.0","1","Probl?me ponctuel de mobilit? g?ographique. Zone mal desservie.","2","2","0.15976933554325903","0.13063433071323755","0.7095963337435034"
"PROD_02666","2026-03-22 00:08:42.854284762","23.3","Bac+2","0.3","K1903","04200","1.0","0","Cumul de difficult?s. Pas de moyen de transport et garde d'enfants complexe.","2","2","0.16494830455866033","0.21240622754189514","0.6226454678994444"
"PROD_02667","2026-03-22 00:51:55.698566189","19.3","Sans dipl?me","1.6","M1805","64459","0.0","0","Freins p?riph?riques majeurs. Situation d'illettrisme num?rique constat?e.","2","2","0.2117038120092833","0.18819981860175045","0.6000963693889663"
"PROD_02668","2026-03-22 01:35:08.542847616","50.3","Bac","0.7","A1203","11257","1.0","0","Cumul de difficult?s. Pas de moyen de transport et garde d'enfants complexe.","1","1","0.14376040406803384","0.6285075225693872","0.22773207336257895"
"PROD_02669","2026-03-22 02:18:21.387129044","43.3","Bac","0.8","K1304","51601","1.0","0","Candidat tr?s dynamique, mobilit? nationale valid?e. Projet clair.","0","0","0.709472917115456","0.15567470462526195","0.13485237825928204"
"PROD_02670","2026-03-22 03:01:34.231410471","19.3","Sans dipl?me","11.9","M1203","45087","1.0","0","Comp?tences ? r?actualiser sur les outils num?riques. Motivation correcte.","1","1","0.22096781433851576","0.5957610381385856","0.18327114752289864"
"PROD_02671","2026-03-22 03:44:47.075691898","24.3","Bac+2","3.8","A1401","72048","1.0","0","Comp?tences ? r?actualiser sur les outils num?riques. Motivation correcte.","1","1","0.13609049947450227","0.6840192190748049","0.17989028145069286"
"PROD_02672","2026-03-22 04:27:59.919973325","43.3","Sans dipl?me","3.8","A1401","71531","1.0","0","Comp?tences ? r?actualiser sur les outils num?riques. Motivation correcte.","1","1","0.12830459249925033","0.6817433093589891","0.18995209814176062"
"PROD_02673","2026-03-22 05:11:12.764254752","52.3","Bac","15.2","N4301","21471","1.0","0","Candidat tr?s dynamique, mobilit? nationale valid?e. Projet clair.","2","2","0.1708180680121833","0.18395648954002067","0.645225442447796"
"PROD_02674","2026-03-22 05:54:25.608536179","48.3","Bac","3.4","K2111","44067","0.0","0","Profil autonome, recherche active, aucun frein p?riph?rique identifi?.","0","0","0.6978222302217549","0.14681293089429817","0.1553648388839469"
"PROD_02675","2026-03-22 06:37:38.452817606","34.3","Sans dipl?me","2.1","K2101","52105","1.0","0","Freins p?riph?riques majeurs. Situation d'illettrisme num?rique constat?e.","1","1","0.12917103426951557","0.6691226945072903","0.20170627122319407"
"PROD_02676","2026-03-22 07:20:51.297099034","28.3","Bac","0.6","A1202","2A228","1.0","0","Cumul de difficult?s. Pas de moyen de transport et garde d'enfants complexe.","1","1","0.14456290851018505","0.725257970726167","0.1301791207636479"
"PROD_02677","2026-03-22 08:04:04.141380461","63.3","Bac","0.1","G1602","47185","0.0","0","Freins p?riph?riques majeurs. Situation d'illettrisme num?rique constat?e.","2","2","0.1663615240790474","0.1885078629649324","0.6451306129560203"
"PROD_02678","2026-03-22 08:47:16.985661888","21.3","Bac+5","1.5","D1503","56107","0.0","0","Perte de confiance importante. Risque d'exclusion, barri?re de la langue.","0","0","0.6351265433853773","0.21982795423355267","0.14504550238107"
"PROD_02679","2026-03-22 09:30:29.829943315","24.3","Bac","3.9","M1806","25397","1.0","0","Candidat tr?s dynamique, mobilit? nationale valid?e. Projet clair.","0","0","0.6811067767867511","0.18331636442299587","0.135576858790253"
"PROD_02680","2026-03-22 10:13:42.674224742","54.3","Bac","2.0","D1210","69047","0.0","0","Projet de reconversion ? affiner. Besoin d'une formation compl?mentaire.","1","1","0.17724583904280145","0.5954440775137076","0.2273100834434909"
"PROD_02681","2026-03-22 10:56:55.518506169","49.3","Bac+2","2.5","I1304","43110","1.0","0","Freins p?riph?riques majeurs. Situation d'illettrisme num?rique constat?e.","0","0","0.6453998158627628","0.21123957296314883","0.14336061117408833"
"PROD_02682","2026-03-22 11:40:08.362787596","58.3","Bac+2","0.6","A1401","56094","1.0","0","Excellente pr?sentation, comp?tences techniques ? jour. Reprise rapide vis?e.","0","0","0.6356855186176716","0.1362342646685755","0.22808021671375286"
"PROD_02683","2026-03-22 12:23:21.207069024","39.3","Bac+5","3.0","N1101","82031","0.0","0","Excellente pr?sentation, comp?tences techniques ? jour. Reprise rapide vis?e.","0","0","0.7368539592011816","0.1307536656262785","0.13239237517253993"
"PROD_02684","2026-03-22 13:06:34.051350451","21.3","Bac","7.3","M1806","50274","1.0","0","Excellente pr?sentation, comp?tences techniques ? jour. Reprise rapide vis?e.","0","0","0.6587860422126627","0.15906682827555438","0.18214712951178294"
"PROD_02685","2026-03-22 13:49:46.895631878","47.3","Bac+2","0.6","N1101","43100","0.0","0","Perte de confiance importante. Risque d'exclusion, barri?re de la langue.","0","0","0.6139330542908198","0.2546591541111714","0.1314077915980088"
"PROD_02686","2026-03-22 14:32:59.739913305","25.3","Bac+2","6.1","M1602","09292","1.0","0","Probl?me ponctuel de mobilit? g?ographique. Zone mal desservie.","1","1","0.18005771761745165","0.6876859172219979","0.1322563651605505"
"PROD_02687","2026-03-22 15:16:12.584194732","30.3","Bac+2","9.2","G1203","37028","1.0","0","Comp?tences ? r?actualiser sur les outils num?riques. Motivation correcte.","1","1","0.13241734820819934","0.6979075541872508","0.1696750976045498"
"PROD_02688","2026-03-22 15:59:25.428476159","58.3","Bac+2","0.1","C1102","35125","1.0","0","Profil autonome, recherche active, aucun frein p?riph?rique identifi?.","2","2","0.18727339625250433","0.20909588739366314","0.6036307163538325"
"PROD_02689","2026-03-22 16:42:38.272757586","20.3","Bac+5","1.0","A1301","10259","1.0","1","Probl?me ponctuel de mobilit? g?ographique. Zone mal desservie.","1","1","0.15131905911481175","0.7031566395758616","0.1455243013093267"
"PROD_02690","2026-03-22 17:25:51.117039014","57.3","Bac+2","1.0","M1805","67361","1.0","0","Probl?me ponctuel de mobilit? g?ographique. Zone mal desservie.","1","1","0.2363017361269168","0.6247637040863958","0.13893455978668734"
"PROD_02691","2026-03-22 18:09:03.961320441","29.3","Bac","0.8","C1201","91080","1.0","0","Perte de confiance importante. Risque d'exclusion, barri?re de la langue.","0","0","0.6663893417172866","0.14205254852570118","0.19155810975701223"
"PROD_02692","2026-03-22 18:52:16.805601868","27.3","Bac+5","0.6","K1601","54421","1.0","1","Candidat tr?s dynamique, mobilit? nationale valid?e. Projet clair.","0","0","0.7139762999419831","0.12986930462271776","0.15615439543529916"
"PROD_02693","2026-03-22 19:35:29.649883295","28.3","Bac","1.1","W1401","18040","0.0","0","Comp?tences ? r?actualiser sur les outils num?riques. Motivation correcte.","1","1","0.1501154036914726","0.6455658745161958","0.20431872179233157"
"PROD_02694","2026-03-22 20:18:42.494164722","48.3","Sans dipl?me","1.5","G1801","80701","1.0","0","Probl?me ponctuel de mobilit? g?ographique. Zone mal desservie.","1","1","0.17493793325400073","0.6168935429258992","0.2081685238201001"
"PROD_02695","2026-03-22 21:01:55.338446149","58.3","Bac+2","0.1","C1102","97113","1.0","0","Candidat tr?s dynamique, mobilit? nationale valid?e. Projet clair.","1","1","0.14159513905594084","0.6017701403677905","0.25663472057626857"
"PROD_02696","2026-03-22 21:45:08.182727576","51.3","Bac+2","0.6","D1502","21700","1.0","1","Probl?me ponctuel de mobilit? g?ographique. Zone mal desservie.","1","1","0.20180137705126913","0.6671712314601738","0.13102739148855713"
"PROD_02697","2026-03-22 22:28:21.027009004","26.3","Bac","0.1","N4101","2B036","1.0","1","Projet de reconversion ? affiner. Besoin d'une formation compl?mentaire.","1","1","0.2131643853283986","0.6367195465250023","0.15011606814659906"
"PROD_02698","2026-03-22 23:11:33.871290431","51.3","Bac","5.5","F1603","07069","0.0","0","Candidat tr?s dynamique, mobilit? nationale valid?e. Projet clair.","1","1","0.2470674237330494","0.614370038537402","0.13856253772954852"
"PROD_02699","2026-03-22 23:54:46.715571858","22.3","Bac+2","0.9","M1806","58038","0.0","0","Freins p?riph?riques majeurs. Situation d'illettrisme num?rique constat?e.","2","2","0.18545243364900477","0.21529979259582221","0.599247773755173"
"PROD_02700","2026-03-23 00:37:59.559853285","44.4","Bac","16.1","H1206","49192","1.0","1","Projet de reconversion ? affiner. Besoin d'une formation compl?mentaire.","1","1","0.18753938502528036","0.6497740261544733","0.16268658882024634"
"PROD_02701","2026-03-23 01:21:12.404134712","55.4","Bac","1.3","M1801","27181","1.0","0","Perte de confiance importante. Risque d'exclusion, barri?re de la langue.","2","2","0.14233778190153812","0.19790711346675402","0.6597551046317078"
"PROD_02702","2026-03-23 02:04:25.248416139","37.4","Bac+2","0.2","G1601","44007","1.0","0","Profil autonome, recherche active, aucun frein p?riph?rique identifi?.","0","0","0.665558397443188","0.18500688968245868","0.1494347128743533"
"PROD_02703","2026-03-23 02:47:38.092697566","39.4","Bac","3.0","M1203","88252","1.0","0","Comp?tences ? r?actualiser sur les outils num?riques. Motivation correcte.","1","1","0.18294607597268672","0.6449699431050607","0.17208398092225252"
"PROD_02704","2026-03-23 03:30:50.936978994","57.4","Bac+2","0.3","H2502","85125","0.0","0","Cumul de difficult?s. Pas de moyen de transport et garde d'enfants complexe.","1","1","0.24759631474632166","0.603838516622873","0.14856516863080538"
"PROD_02705","2026-03-23 04:14:03.781260421","42.4","Bac","0.6","M1806","77494","1.0","0","Profil autonome, recherche active, aucun frein p?riph?rique identifi?.","0","0","0.6316056993425129","0.14176244413174427","0.22663185652574286"
"PROD_02706","2026-03-23 04:57:16.625541848","25.4","Bac+5","1.9","K1304","40027","1.0","0","Profil autonome, recherche active, aucun frein p?riph?rique identifi?.","0","0","0.5975019878732291","0.18588126724384343","0.2166167448829275"
"PROD_02707","2026-03-23 05:40:29.469823275","23.4","Bac+2","5.2","N4101","57384","1.0","0","Probl?me ponctuel de mobilit? g?ographique. Zone mal desservie.","1","1","0.22076986605450494","0.6094796990404914","0.16975043490500363"
"PROD_02708","2026-03-23 06:23:42.314104702","57.4","Bac+5","1.0","H1206","56123","1.0","0","Excellente pr?sentation, comp?tences techniques ? jour. Reprise rapide vis?e.","0","0","0.6661919122404186","0.12828703058490737","0.205521057174674"
"PROD_02709","2026-03-23 07:06:55.158386129","49.4","Bac","2.0","J1506","26255","1.0","0","Probl?me ponctuel de mobilit? g?ographique. Zone mal desservie.","0","0","0.5974164537482022","0.1330155764794604","0.26956796977233743"
"PROD_02710","2026-03-23 07:50:08.002667556","62.4","Bac","2.9","J1506","79239","1.0","0","Excellente pr?sentation, comp?tences techniques ? jour. Reprise rapide vis?e.","0","0","0.6019591468182024","0.169140464009226","0.2289003891725716"
"PROD_02711","2026-03-23 08:33:20.846948984","20.4","Sans dipl?me","2.8","G1203","53029","1.0","0","Excellente pr?sentation, comp?tences techniques ? jour. Reprise rapide vis?e.","1","1","0.2630591673286832","0.6033947800473916","0.13354605262392527"
"PROD_02712","2026-03-23 09:16:33.691230411","52.4","Bac","7.1","I1304","84083","0.0","0","Projet de reconversion ? affiner. Besoin d'une formation compl?mentaire.","1","1","0.16243414018639016","0.659911988721911","0.17765387109169883"
"PROD_02713","2026-03-23 09:59:46.535511838","52.4","Bac+2","0.4","D1502","84119","1.0","0","Comp?tences ? r?actualiser sur les outils num?riques. Motivation correcte.","0","0","0.6269066261186471","0.21645835053824766","0.15663502334310522"
"PROD_02714","2026-03-23 10:42:59.379793265","38.4","Bac+2","0.3","M1802","11203","1.0","0","Probl?me ponctuel de mobilit? g?ographique. Zone mal desservie.","0","0","0.6634505007704513","0.12754629837255885","0.20900320085698984"
"PROD_02715","2026-03-23 11:26:12.224074692","43.4","Bac","1.7","G1203","80384","1.0","0","Comp?tences ? r?actualiser sur les outils num?riques. Motivation correcte.","1","1","0.19065153796606035","0.662402993130261","0.14694546890367866"
"PROD_02716","2026-03-23 12:09:25.068356119","54.4","Sans dipl?me","0.3","K2111","51027","0.0","0","Perte de confiance importante. Risque d'exclusion, barri?re de la langue.","2","2","0.20695189476043913","0.17820372332567966","0.6148443819138811"
"PROD_02717","2026-03-23 12:52:37.912637546","55.4","Bac+2","5.3","G1302","50579","1.0","0","Perte de confiance importante. Risque d'exclusion, barri?re de la langue.","0","0","0.6626735431788779","0.20227042678050702","0.13505603004061503"
"PROD_02718","2026-03-23 13:35:50.756918974","21.4","Bac+5","1.5","D1503","56107","0.0","0","Perte de confiance importante. Risque d'exclusion, barri?re de la langue.","0","0","0.6632320438856956","0.18478187735028098","0.15198607876402345"
"PROD_02719","2026-03-23 14:19:03.601200401","22.4","Sans dipl?me","5.0","M1705","42328","0.0","0","Cumul de difficult?s. Pas de moyen de transport et garde d'enfants complexe.","1","1","0.16755971279091417","0.5950581116625893","0.23738217554649654"
"PROD_02720","2026-03-23 15:02:16.445481828","52.4","Bac","0.2","M1602","64060","1.0","0","Perte de confiance importante. Risque d'exclusion, barri?re de la langue.","2","2","0.13064977321396376","0.17367586005233593","0.6956743667337003"
"PROD_02721","2026-03-23 15:45:29.289763255","22.4","Bac+2","0.9","M1705","63434","1.0","1","Cumul de difficult?s. Pas de moyen de transport et garde d'enfants complexe.","1","1","0.19451468191155818","0.6714551286991576","0.13403018938928424"
"PROD_02722","2026-03-23 16:28:42.134044682","43.4","Bac","0.8","K1903","62542","1.0","0","Comp?tences ? r?actualiser sur les outils num?riques. Motivation correcte.","1","1","0.21799764018161505","0.6373988844717012","0.14460347534668372"
"PROD_02723","2026-03-23 17:11:54.978326109","42.4","Bac","0.9","C1302","24024","1.0","1","Profil autonome, recherche active, aucun frein p?riph?rique identifi?.","0","0","0.6658768838868125","0.13099334713114152","0.20312976898204593"
"PROD_02724","2026-03-23 17:55:07.822607536","26.4","Bac","0.3","H1504","34261","1.0","0","Projet de reconversion ? affiner. Besoin d'une formation compl?mentaire.","1","1","0.18018064743520645","0.5961412973412618","0.2236780552235318"
"PROD_02725","2026-03-23 18:38:20.666888964","42.4","Bac+5","1.9","M1203","72019","1.0","0","Excellente pr?sentation, comp?tences techniques ? jour. Reprise rapide vis?e.","0","0","0.6780281082732861","0.19084505678947025","0.13112683493724367"
"PROD_02726","2026-03-23 19:21:33.511170391","53.4","Bac+5","3.1","H1206","88459","1.0","1","Probl?me ponctuel de mobilit? g?ographique. Zone mal desservie.","1","1","0.21454614516049264","0.6118571140785389","0.17359674076096843"
"PROD_02727","2026-03-23 20:04:46.355451818","26.4","Bac+5","4.8","J1506","61362","1.0","0","Perte de confiance importante. Risque d'exclusion, barri?re de la langue.","0","0","0.6439405196964743","0.20254264646128994","0.1535168338422358"
"PROD_02728","2026-03-23 20:47:59.199733245","44.4","Bac","1.2","A1202","31343","1.0","0","Comp?tences ? r?actualiser sur les outils num?riques. Motivation correcte.","1","1","0.13585452119351832","0.6799009228646026","0.18424455594187916"
"PROD_02729","2026-03-23 21:31:12.044014672","45.4","Sans dipl?me","8.8","A1203","86086","1.0","0","Profil autonome, recherche active, aucun frein p?riph?rique identifi?.","0","0","0.6611163718163677","0.1965683945867811","0.14231523359685117"
"PROD_02730","2026-03-23 22:14:24.888296099","32.4","Sans dipl?me","0.3","M1801","78305","1.0","0","Projet de reconversion ? affiner. Besoin d'une formation compl?mentaire.","1","1","0.17392136061574542","0.6517448491022284","0.1743337902820261"
"PROD_02731","2026-03-23 22:57:37.732577526","24.4","Bac+2","2.6","M1806","21395","1.0","0","Probl?me ponctuel de mobilit? g?ographique. Zone mal desservie.","1","1","0.19586966362068747","0.6163651891395497","0.1877651472397628"
"PROD_02732","2026-03-23 23:40:50.576858954","63.4","Bac","7.0","K2111","85254","1.0","0","Probl?me ponctuel de mobilit? g?ographique. Zone mal desservie.","1","1","0.21028261517220692","0.600687837803399","0.18902954702439412"
"PROD_02733","2026-03-24 00:24:03.421140381","57.4","Sans dipl?me","0.9","G1602","26311","1.0","0","Freins p?riph?riques majeurs. Situation d'illettrisme num?rique constat?e.","2","2","0.15065426419113334","0.21931158531068","0.6300341504981866"
"PROD_02734","2026-03-24 01:07:16.265421808","49.4","Bac+2","2.6","M1203","27533","1.0","0","Cumul de difficult?s. Pas de moyen de transport et garde d'enfants complexe.","0","0","0.6350622549790406","0.21761127495101168","0.14732647006994776"
"PROD_02735","2026-03-24 01:50:29.109703235","60.4","Bac+2","0.7","D1503","02655","0.0","0","Comp?tences ? r?actualiser sur les outils num?riques. Motivation correcte.","2","2","0.19228102435981592","0.1562237525917948","0.6514952230483894"
"PROD_02736","2026-03-24 02:33:41.953984662","48.4","Bac","0.6","M1705","88270","0.0","0","Perte de confiance importante. Risque d'exclusion, barri?re de la langue.","0","0","0.6196417199429924","0.1850835129404919","0.19527476711651565"
"PROD_02737","2026-03-24 03:16:54.798266089","28.4","Sans dipl?me","7.0","K1304","72128","1.0","0","Freins p?riph?riques majeurs. Situation d'illettrisme num?rique constat?e.","1","1","0.16691438055359054","0.6900414320258781","0.14304418742053138"
"PROD_02738","2026-03-24 04:00:07.642547516","52.4","Bac+2","4.1","M1801","58208","1.0","0","Projet de reconversion ? affiner. Besoin d'une formation compl?mentaire.","0","0","0.6631706772703224","0.20594579059781015","0.13088353213186743"
"PROD_02739","2026-03-24 04:43:20.486828944","42.4","Bac+2","4.1","M1805","38483","1.0","0","Probl?me ponctuel de mobilit? g?ographique. Zone mal desservie.","1","1","0.2533290879451011","0.5973950822281646","0.14927582982673426"
"PROD_02740","2026-03-24 05:26:33.331110371","55.4","Sans dipl?me","0.8","K2111","57364","1.0","0","Cumul de difficult?s. Pas de moyen de transport et garde d'enfants complexe.","2","2","0.18477895375382794","0.12847124300443805","0.6867498032417341"
"PROD_02741","2026-03-24 06:09:46.175391798","51.4","Bac+2","0.8","C1201","27190","0.0","0","Excellente pr?sentation, comp?tences techniques ? jour. Reprise rapide vis?e.","0","0","0.6239142901615686","0.18635228701260187","0.1897334228258295"
"PROD_02742","2026-03-24 06:52:59.019673225","48.4","Bac+2","1.6","N1301","63139","1.0","0","Freins p?riph?riques majeurs. Situation d'illettrisme num?rique constat?e.","0","0","0.62418098841972","0.20554785818617421","0.17027115339410576"
"PROD_02743","2026-03-24 07:36:11.863954652","36.4","Bac+5","0.6","K1403","65433","1.0","0","Information non renseignee","0","0","0.7157764961556584","0.1404960732287926","0.143727430615549"
"PROD_02744","2026-03-24 08:19:24.708236079","51.4","Bac+5","0.7","M1805","57445","1.0","0","Probl?me ponctuel de mobilit? g?ographique. Zone mal desservie.","1","1","0.17635208842075326","0.6282726277915253","0.1953752837877215"
"PROD_02745","2026-03-24 09:02:37.552517506","37.4","Sans dipl?me","0.6","G1601","19114","1.0","0","Projet de reconversion ? affiner. Besoin d'une formation compl?mentaire.","1","1","0.13958397521090746","0.6780982909088759","0.18231773388021666"
"PROD_02746","2026-03-24 09:45:50.396798934","46.4","Bac","5.5","K1601","31498","1.0","0","Probl?me ponctuel de mobilit? g?ographique. Zone mal desservie.","1","1","0.19827242856034097","0.6518007684511925","0.1499268029884665"
"PROD_02747","2026-03-24 10:29:03.241080361","41.4","Bac+2","1.2","A1501","89318","0.0","0","Comp?tences ? r?actualiser sur les outils num?riques. Motivation correcte.","1","1","0.1462109776767074","0.6048260362629634","0.24896298606032918"
"PROD_02748","2026-03-24 11:12:16.085361788","58.4","Bac","3.4","D1406","86098","0.0","0","Perte de confiance importante. Risque d'exclusion, barri?re de la langue.","2","2","0.16034704494565813","0.1620384242721297","0.6776145307822122"
"PROD_02749","2026-03-24 11:55:28.929643215","31.4","Bac","3.3","N4101","47174","1.0","0","Probl?me ponctuel de mobilit? g?ographique. Zone mal desservie.","1","1","0.19626871604135737","0.6094414213563629","0.19428986260227965"
"PROD_02750","2026-03-24 12:38:41.773924642","43.4","Sans dipl?me","2.7","K1201","64067","1.0","0","Profil autonome, recherche active, aucun frein p?riph?rique identifi?.","0","0","0.6675167975687943","0.16622838890189578","0.16625481352930987"
"PROD_02751","2026-03-24 13:21:54.618206069","20.4","Bac","3.6","M1501","21588","0.0","0","Profil autonome, recherche active, aucun frein p?riph?rique identifi?.","0","0","0.6411028356906284","0.12780605937137118","0.2310911049380004"
"PROD_02752","2026-03-24 14:05:07.462487496","57.4","Bac+2","6.9","K1201","45207","0.0","0","Projet de reconversion ? affiner. Besoin d'une formation compl?mentaire.","1","1","0.19937698792483904","0.6051489097634917","0.19547410231166928"
"PROD_02753","2026-03-24 14:48:20.306768924","57.4","Sans dipl?me","3.1","D1210","51625","1.0","0","Perte de confiance importante. Risque d'exclusion, barri?re de la langue.","2","2","0.1400638920889061","0.250692756272486","0.6092433516386079"
"PROD_02754","2026-03-24 15:31:33.151050351","35.4","Bac","2.5","J1506","34174","0.0","0","Comp?tences ? r?actualiser sur les outils num?riques. Motivation correcte.","0","0","0.6952108609501217","0.17328851843906798","0.13150062061081028"
"PROD_02755","2026-03-24 16:14:45.995331778","29.4","Bac+2","8.2","N1301","17483","1.0","0","Perte de confiance importante. Risque d'exclusion, barri?re de la langue.","2","2","0.14724618241441884","0.16097614502082636","0.6917776725647548"
"PROD_02756","2026-03-24 16:57:58.839613205","42.4","Bac+2","0.1","H2502","15229","0.0","0","Probl?me ponctuel de mobilit? g?ographique. Zone mal desservie.","1","1","0.15404599119022286","0.6350760061629844","0.21087800264679268"
"PROD_02757","2026-03-24 17:41:11.683894632","31.4","Sans dipl?me","1.6","M1805","23144","1.0","0","Projet de reconversion ? affiner. Besoin d'une formation compl?mentaire.","1","1","0.13064801717337468","0.70587749823718","0.16347448458944525"
"PROD_02758","2026-03-24 18:24:24.528176059","62.4","Bac","6.4","H1206","39184","1.0","0","Projet de reconversion ? affiner. Besoin d'une formation compl?mentaire.","1","1","0.13147987500174604","0.606811014771953","0.26170911022630095"
"PROD_02759","2026-03-24 19:07:37.372457486","33.4","Bac+5","0.9","K1403","09187","1.0","1","Projet de reconversion ? affiner. Besoin d'une formation compl?mentaire.","1","1","0.15632323272880908","0.689861910835861","0.15381485643532988"
"PROD_02760","2026-03-24 19:50:50.216738914","59.4","Bac","4.3","G1602","64057","1.0","1","Cumul de difficult?s. Pas de moyen de transport et garde d'enfants complexe.","2","2","0.19214043048807744","0.16333078079991042","0.6445287887120121"
"PROD_02761","2026-03-24 20:34:03.061020341","22.4","Bac+5","2.4","M1805","01054","0.0","0","Cumul de difficult?s. Pas de moyen de transport et garde d'enfants complexe.","0","0","0.6508636089555013","0.20972813168278312","0.13940825936171555"
"PROD_02762","2026-03-24 21:17:15.905301768","40.4","Bac+2","0.7","N1301","23219","1.0","0","Excellente pr?sentation, comp?tences techniques ? jour. Reprise rapide vis?e.","0","0","0.5963475108161296","0.1791617857936397","0.22449070339023072"
"PROD_02763","2026-03-24 22:00:28.749583195","19.4","Bac","6.5","G1302","34248","1.0","0","Probl?me ponctuel de mobilit? g?ographique. Zone mal desservie.","1","1","0.17742818496712157","0.6194804159468277","0.20309139908605078"
"PROD_02764","2026-03-24 22:43:41.593864622","26.4","Bac","12.5","K1201","21363","0.0","0","Probl?me ponctuel de mobilit? g?ographique. Zone mal desservie.","1","1","0.2234845935102981","0.607863845065302","0.16865156142439997"
"PROD_02765","2026-03-24 23:26:54.438146049","42.4","Bac+2","1.7","I1304","71441","1.0","0","Candidat tr?s dynamique, mobilit? nationale valid?e. Projet clair.","0","0","0.6337321693633314","0.17821554050672278","0.1880522901299458"
"PROD_02766","2026-03-25 00:10:07.282427476","49.4","Bac","2.3","D1406","88383","0.0","0","Profil autonome, recherche active, aucun frein p?riph?rique identifi?.","0","0","0.6156780637129772","0.1929956694193452","0.19132626686767762"
"PROD_02767","2026-03-25 00:53:20.126708904","55.4","Bac","0.7","H1206","02339","1.0","0","Comp?tences ? r?actualiser sur les outils num?riques. Motivation correcte.","1","1","0.14505824991080762","0.5975328021344448","0.25740894795474756"
"PROD_02768","2026-03-25 01:36:32.970990331","32.4","Bac+2","0.2","M1806","77031","1.0","0","Excellente pr?sentation, comp?tences techniques ? jour. Reprise rapide vis?e.","0","0","0.6744467802254261","0.15641706552407833","0.16913615425049552"
"PROD_02769","2026-03-25 02:19:45.815271758","53.4","Bac+5","0.8","N4101","40212","1.0","0","Comp?tences ? r?actualiser sur les outils num?riques. Motivation correcte.","1","1","0.18359914551241927","0.5986812826617225","0.21771957182585822"
"PROD_02770","2026-03-25 03:02:58.659553185","42.4","Bac","2.1","A1301","73095","1.0","0","Projet de reconversion ? affiner. Besoin d'une formation compl?mentaire.","1","1","0.20055773496908247","0.6188033746551149","0.1806388903758026"
"PROD_02771","2026-03-25 03:46:11.503834612","26.4","Bac+5","4.8","J1506","61362","1.0","0","Perte de confiance importante. Risque d'exclusion, barri?re de la langue.","0","0","0.6723658875819705","0.1630993007744072","0.16453481164362233"
"PROD_02772","2026-03-25 04:29:24.348116039","41.4","Bac","0.0","C1201","27367","1.0","0","Freins p?riph?riques majeurs. Situation d'illettrisme num?rique constat?e.","0","0","0.6721337368671332","0.16708128693456736","0.16078497619829946"
"PROD_02773","2026-03-25 05:12:37.192397466","32.4","Bac+5","10.7","M1806","50461","1.0","0","Excellente pr?sentation, comp?tences techniques ? jour. Reprise rapide vis?e.","0","0","0.5958835072248232","0.26897469269072494","0.13514180008445187"
"PROD_02774","2026-03-25 05:55:50.036678894","35.4","Bac+2","0.2","N1301","64001","0.0","0","Probl?me ponctuel de mobilit? g?ographique. Zone mal desservie.","0","0","0.6200796343412457","0.22525393108684671","0.1546664345719076"
"PROD_02775","2026-03-25 06:39:02.880960321","52.4","Bac+2","5.4","D1401","88482","1.0","1","Freins p?riph?riques majeurs. Situation d'illettrisme num?rique constat?e.","2","2","0.1286519919069124","0.2687888682713109","0.6025591398217767"
"PROD_02776","2026-03-25 07:22:15.725241748","24.4","Bac","2.6","M1806","21395","1.0","0","Probl?me ponctuel de mobilit? g?ographique. Zone mal desservie.","1","1","0.2144452096490444","0.6131768576202564","0.17237793273069923"
"PROD_02777","2026-03-25 08:05:28.569523175","57.4","Bac","4.5","N4101","10103","1.0","0","Comp?tences ? r?actualiser sur les outils num?riques. Motivation correcte.","1","1","0.17516872770240355","0.6755300216564095","0.14930125064118693"
"PROD_02778","2026-03-25 08:48:41.413804602","62.4","Sans dipl?me","0.2","M1805","58029","0.0","0","Probl?me ponctuel de mobilit? g?ographique. Zone mal desservie.","0","0","0.6341695943877061","0.1964927764682411","0.16933762914405276"
"PROD_02779","2026-03-25 09:31:54.258086029","30.4","Bac+2","0.2","K2106","66123","0.0","0","Comp?tences ? r?actualiser sur les outils num?riques. Motivation correcte.","2","2","0.13319841771209967","0.1922929870234919","0.6745085952644083"
"PROD_02780","2026-03-25 10:15:07.102367456","33.4","Bac+2","2.0","D1502","50504","1.0","1","Probl?me ponctuel de mobilit? g?ographique. Zone mal desservie.","0","0","0.7083169885847881","0.13826640387079966","0.15341660754441225"
"PROD_02781","2026-03-25 10:58:19.946648884","38.4","Bac+2","0.2","C1302","72047","1.0","0","Freins p?riph?riques majeurs. Situation d'illettrisme num?rique constat?e.","0","0","0.6423442883149287","0.22799405397882466","0.1296616577062466"
"PROD_02782","2026-03-25 11:41:32.790930311","42.4","Bac+5","0.2","K2101","56027","1.0","0","Candidat tr?s dynamique, mobilit? nationale valid?e. Projet clair.","0","0","0.6627028069613519","0.1388877214325411","0.19840947160610703"
"PROD_02783","2026-03-25 12:24:45.635211738","43.4","Bac+2","2.9","A1301","10406","1.0","0","Comp?tences ? r?actualiser sur les outils num?riques. Motivation correcte.","1","1","0.15037281992840065","0.7183978138391802","0.1312293662324191"
"PROD_02784","2026-03-25 13:07:58.479493165","59.4","Sans dipl?me","5.0","H1206","02044","1.0","0","Comp?tences ? r?actualiser sur les outils num?riques. Motivation correcte.","2","2","0.16313160235971905","0.20237482925712916","0.6344935683831519"
"PROD_02785","2026-03-25 13:51:11.323774592","54.4","Bac","2.0","D1210","69047","0.0","0","Projet de reconversion ? affiner. Besoin d'une formation compl?mentaire.","1","1","0.16652833185706473","0.6068942493366443","0.226577418806291"
"PROD_02786","2026-03-25 14:34:24.168056019","19.4","Bac","1.7","M1805","51584","1.0","0","Perte de confiance importante. Risque d'exclusion, barri?re de la langue.","0","0","0.6851792794144483","0.1310053256184642","0.18381539496708746"
"PROD_02787","2026-03-25 15:17:37.012337446","63.4","Sans dipl?me","0.2","D1401","02411","0.0","0","Cumul de difficult?s. Pas de moyen de transport et garde d'enfants complexe.","2","2","0.16974167178282357","0.1613673359870797","0.6688909922300967"
"PROD_02788","2026-03-25 16:00:49.856618874","42.4","Bac","1.4","M1607","89277","1.0","1","Excellente pr?sentation, comp?tences techniques ? jour. Reprise rapide vis?e.","1","1","0.2321272389721931","0.6350223386061562","0.13285042242165068"
"PROD_02789","2026-03-25 16:44:02.700900301","41.4","Bac","0.7","N1303","50106","1.0","0","Profil autonome, recherche active, aucun frein p?riph?rique identifi?.","0","0","0.6001612669249062","0.20778936041354873","0.19204937266154504"
"PROD_02790","2026-03-25 17:27:15.545181728","36.4","Bac+2","1.7","W1401","06158","1.0","0","Profil autonome, recherche active, aucun frein p?riph?rique identifi?.","0","0","0.6417561324832548","0.16305609541337715","0.19518777210336805"
"PROD_02791","2026-03-25 18:10:28.389463155","52.4","Bac+2","3.1","N1301","57705","0.0","0","Candidat tr?s dynamique, mobilit? nationale valid?e. Projet clair.","0","0","0.6211749008475612","0.20760847572659574","0.17121662342584304"
"PROD_02792","2026-03-25 18:53:41.233744582","40.4","Bac+2","1.4","M1607","67167","0.0","1","Comp?tences ? r?actualiser sur les outils num?riques. Motivation correcte.","1","1","0.1700838604102124","0.676169330857781","0.15374680873200663"
"PROD_02793","2026-03-25 19:36:54.078026009","64.4","Bac+2","0.2","K1201","27601","0.0","0","Probl?me ponctuel de mobilit? g?ographique. Zone mal desservie.","1","1","0.2404170721252402","0.6041381029828131","0.15544482489194666"
"PROD_02794","2026-03-25 20:20:06.922307436","51.4","Sans dipl?me","8.7","I1304","18043","1.0","1","Probl?me ponctuel de mobilit? g?ographique. Zone mal desservie.","2","2","0.19365916812997236","0.1370310060388209","0.6693098258312067"
"PROD_02795","2026-03-25 21:03:19.766588864","26.4","Bac+2","6.1","C1201","33510","1.0","1","Excellente pr?sentation, comp?tences techniques ? jour. Reprise rapide vis?e.","1","1","0.23049490677535633","0.6411190851361233","0.1283860080885204"
"PROD_02796","2026-03-25 21:46:32.610870291","29.4","Bac+2","8.1","N1301","17483","0.0","0","Perte de confiance importante. Risque d'exclusion, barri?re de la langue.","2","2","0.15013332057339526","0.23124917683360952","0.6186175025929952"
"PROD_02797","2026-03-25 22:29:45.455151718","34.4","Bac+5","3.3","M1801","43160","1.0","0","Probl?me ponctuel de mobilit? g?ographique. Zone mal desservie.","1","1","0.1498767164646053","0.6152164792706096","0.23490680426478505"
"PROD_02798","2026-03-25 23:12:58.299433145","54.4","Bac","2.2","A1401","28394","1.0","0","Perte de confiance importante. Risque d'exclusion, barri?re de la langue.","0","0","0.6367906689240904","0.15336487155128703","0.20984445952462255"
"PROD_02799","2026-03-25 23:56:11.143714572","27.4","Bac","1.5","H2502","37176","0.0","0","Information non renseignee","0","0","0.697341587660688","0.13920503910498022","0.1634533732343318"
"PROD_02800","2026-03-26 00:39:23.987995999","61.4","Sans dipl?me","2.4","N1303","67203","1.0","0","Excellente pr?sentation, comp?tences techniques ? jour. Reprise rapide vis?e.","2","2","0.13146636327909572","0.22449842912487994","0.6440352075960243"
"PROD_02801","2026-03-26 01:22:36.832277426","22.4","Bac+5","2.6","A1203","66090","1.0","0","Perte de confiance importante. Risque d'exclusion, barri?re de la langue.","2","2","0.18945614668492966","0.20185577002674904","0.6086880832883214"
"PROD_02802","2026-03-26 02:05:49.676558854","22.4","Bac","4.1","G1801","53025","1.0","0","Comp?tences ? r?actualiser sur les outils num?riques. Motivation correcte.","1","1","0.14868207848143072","0.6735412039574968","0.1777767175610725"
"PROD_02803","2026-03-26 02:49:02.520840281","40.4","Bac","3.2","G1203","09193","1.0","0","Projet de reconversion ? affiner. Besoin d'une formation compl?mentaire.","1","1","0.25912727024196336","0.6097462506895428","0.13112647906849384"
"PROD_02804","2026-03-26 03:32:15.365121708","19.4","Bac+2","3.1","K1304","21058","1.0","0","Cumul de difficult?s. Pas de moyen de transport et garde d'enfants complexe.","1","1","0.14263161734049012","0.612537347441729","0.24483103521778082"
"PROD_02805","2026-03-26 04:15:28.209403135","43.4","Bac+2","0.4","N1303","16315","0.0","0","Projet de reconversion ? affiner. Besoin d'une formation compl?mentaire.","1","1","0.22884664305023358","0.6178804882571591","0.15327286869260726"
"PROD_02806","2026-03-26 04:58:41.053684562","39.4","Bac","1.6","K1403","64190","1.0","1","Perte de confiance importante. Risque d'exclusion, barri?re de la langue.","0","0","0.596565722494193","0.18797837992264782","0.21545589758315914"
"PROD_02807","2026-03-26 05:41:53.897965989","48.4","Bac+5","7.4","M1802","16303","0.0","0","Profil autonome, recherche active, aucun frein p?riph?rique identifi?.","0","0","0.6811210939144636","0.17587256662575917","0.1430063394597772"
"PROD_02808","2026-03-26 06:25:06.742247416","30.4","Sans dipl?me","0.4","D1401","62601","0.0","0","Candidat tr?s dynamique, mobilit? nationale valid?e. Projet clair.","1","1","0.2291128972819264","0.6209294313970675","0.14995767132100613"
"PROD_02809","2026-03-26 07:08:19.586528844","50.4","Bac","0.2","N4301","02198","0.0","0","Probl?me ponctuel de mobilit? g?ographique. Zone mal desservie.","2","2","0.17258566380137186","0.18823907505986467","0.6391752611387634"
"PROD_02810","2026-03-26 07:51:32.430810271","50.4","Bac","0.4","N4101","67083","1.0","1","Excellente pr?sentation, comp?tences techniques ? jour. Reprise rapide vis?e.","1","1","0.15215699833490517","0.6916513630032285","0.15619163866186636"
"PROD_02811","2026-03-26 08:34:45.275091698","31.4","Bac","3.8","K2101","77216","1.0","0","Profil autonome, recherche active, aucun frein p?riph?rique identifi?.","0","0","0.6865977114464914","0.13924393962484638","0.17415834892866222"
"PROD_02812","2026-03-26 09:17:58.119373125","21.4","Bac","0.1","D1502","27248","1.0","0","Comp?tences ? r?actualiser sur les outils num?riques. Motivation correcte.","1","1","0.12751339319372232","0.6808779463335162","0.19160866047276148"
"PROD_02813","2026-03-26 10:01:10.963654552","54.4","Bac+5","0.4","C1201","95422","1.0","0","Comp?tences ? r?actualiser sur les outils num?riques. Motivation correcte.","1","1","0.24005303705979633","0.59529486330973","0.16465209963047367"
"PROD_02814","2026-03-26 10:44:23.807935979","42.4","Bac+2","0.1","H1206","81273","1.0","0","Comp?tences ? r?actualiser sur les outils num?riques. Motivation correcte.","1","1","0.19289519804906555","0.6285562198868854","0.1785485820640491"
"PROD_02815","2026-03-26 11:27:36.652217406","44.4","Bac","2.3","M1801","16284","0.0","0","Excellente pr?sentation, comp?tences techniques ? jour. Reprise rapide vis?e.","0","0","0.6270409977019034","0.21167293106697244","0.1612860712311242"
"PROD_02816","2026-03-26 12:10:49.496498834","54.4","Bac+2","0.8","G1801","94052","0.0","0","Projet de reconversion ? affiner. Besoin d'une formation compl?mentaire.","1","1","0.13672094690120892","0.6017519403616394","0.2615271127371517"
"PROD_02817","2026-03-26 12:54:02.340780261","60.4","Bac+2","1.4","D1406","70280","0.0","0","Projet de reconversion ? affiner. Besoin d'une formation compl?mentaire.","1","1","0.14786905821852714","0.6369442090805612","0.2151867327009117"
"PROD_02818","2026-03-26 13:37:15.185061688","48.4","Bac","0.8","G1801","76221","0.0","0","Candidat tr?s dynamique, mobilit? nationale valid?e. Projet clair.","0","0","0.6255273849096812","0.14368072355193764","0.23079189153838117"
"PROD_02819","2026-03-26 14:20:28.029343115","54.4","Bac","2.2","A1401","28394","1.0","0","Perte de confiance importante. Risque d'exclusion, barri?re de la langue.","0","0","0.6388071984022584","0.19703161939595787","0.16416118220178372"
"PROD_02820","2026-03-26 15:03:40.873624542","53.4","Bac","3.5","H1206","71015","1.0","0","Probl?me ponctuel de mobilit? g?ographique. Zone mal desservie.","1","1","0.19338883605615553","0.6182290429267518","0.18838212101709262"
"PROD_02821","2026-03-26 15:46:53.717905969","52.4","Bac","1.2","C1501","04140","1.0","0","Probl?me ponctuel de mobilit? g?ographique. Zone mal desservie.","1","1","0.18091437375944408","0.616943804881653","0.2021418213589029"
"PROD_02822","2026-03-26 16:30:06.562187396","39.4","Bac+2","6.3","K1304","33532","1.0","0","Comp?tences ? r?actualiser sur les outils num?riques. Motivation correcte.","1","1","0.13525546753342094","0.6953203509766641","0.1694241814899149"
"PROD_02823","2026-03-26 17:13:19.406468823","38.4","Bac+2","1.2","C1102","33162","0.0","0","Projet de reconversion ? affiner. Besoin d'une formation compl?mentaire.","0","0","0.5965213222822723","0.2618909471554188","0.14158773056230894"
"PROD_02824","2026-03-26 17:56:32.250750251","21.4","Sans dipl?me","4.4","M1801","11168","1.0","1","Profil autonome, recherche active, aucun frein p?riph?rique identifi?.","2","2","0.13733479453894312","0.13399971217322673","0.7286654932878301"
"PROD_02825","2026-03-26 18:39:45.095031678","50.4","Bac+5","2.3","G1601","39559","0.0","1","Projet de reconversion ? affiner. Besoin d'une formation compl?mentaire.","1","1","0.21676027724295233","0.6239484339847403","0.15929128877230736"
"PROD_02826","2026-03-26 19:22:57.939313105","24.4","Bac+2","6.7","H1206","31273","0.0","0","Candidat tr?s dynamique, mobilit? nationale valid?e. Projet clair.","0","0","0.7216275084566006","0.1471435533710649","0.13122893817233447"
"PROD_02827","2026-03-26 20:06:10.783594532","39.4","Bac+5","0.4","J1301","64063","1.0","1","Comp?tences ? r?actualiser sur les outils num?riques. Motivation correcte.","1","1","0.14299722709458354","0.701582514137691","0.15542025876772547"
"PROD_02828","2026-03-26 20:49:23.627875959","43.4","Sans dipl?me","0.9","N1101","28371","1.0","0","Probl?me ponctuel de mobilit? g?ographique. Zone mal desservie.","1","1","0.17857869003964488","0.6928578663238713","0.12856344363648387"
"PROD_02829","2026-03-26 21:32:36.472157386","39.4","Bac+2","6.3","K1304","33532","1.0","0","Comp?tences ? r?actualiser sur les outils num?riques. Motivation correcte.","1","1","0.18093564916866942","0.6806165048674157","0.1384478459639149"
"PROD_02830","2026-03-26 22:15:49.316438813","26.4","Bac+2","3.4","N4101","50413","0.0","0","Comp?tences ? r?actualiser sur les outils num?riques. Motivation correcte.","1","1","0.19271899827086952","0.617493779642595","0.18978722208653553"
"PROD_02831","2026-03-26 22:59:02.160720241","33.4","Bac+2","3.0","M1607","81275","1.0","0","Comp?tences ? r?actualiser sur les outils num?riques. Motivation correcte.","1","1","0.1345363077027149","0.6594955612347537","0.20596813106253142"
"PROD_02832","2026-03-26 23:42:15.005001668","49.4","Bac+2","4.7","C1201","32375","1.0","0","Candidat tr?s dynamique, mobilit? nationale valid?e. Projet clair.","0","0","0.6012104972045311","0.236697464544182","0.16209203825128687"
"PROD_02833","2026-03-27 00:25:27.849283095","61.4","Bac+2","4.8","M1203","14630","0.0","0","Projet de reconversion ? affiner. Besoin d'une formation compl?mentaire.","1","1","0.13640887622871145","0.6088737302920298","0.2547173934792587"
"PROD_02834","2026-03-27 01:08:40.693564522","42.4","Bac+5","0.7","M1501","2A331","1.0","0","Excellente pr?sentation, comp?tences techniques ? jour. Reprise rapide vis?e.","0","0","0.6746646791554018","0.13559151737023148","0.18974380347436667"
"PROD_02835","2026-03-27 01:51:53.537845949","38.4","Bac+2","5.6","C1302","80568","1.0","0","Profil autonome, recherche active, aucun frein p?riph?rique identifi?.","0","0","0.6824416254008523","0.1691678528461706","0.1483905217529771"
"PROD_02836","2026-03-27 02:35:06.382127376","19.4","Bac+2","1.6","M1805","64459","0.0","0","Freins p?riph?riques majeurs. Situation d'illettrisme num?rique constat?e.","2","2","0.17998387187421183","0.2106059770601457","0.6094101510656424"
"PROD_02837","2026-03-27 03:18:19.226408803","20.4","Bac+2","0.4","K2111","14741","1.0","1","Probl?me ponctuel de mobilit? g?ographique. Zone mal desservie.","1","1","0.17509057747585427","0.6096889026320136","0.2152205198921322"
"PROD_02838","2026-03-27 04:01:32.070690231","41.4","Bac+5","5.8","M1801","28271","0.0","0","Candidat tr?s dynamique, mobilit? nationale valid?e. Projet clair.","0","0","0.6681813893754293","0.13852181337060085","0.1932967972539699"
"PROD_02839","2026-03-27 04:44:44.914971658","33.4","Bac+5","0.8","M1802","50092","0.0","0","Perte de confiance importante. Risque d'exclusion, barri?re de la langue.","0","0","0.6341137070907084","0.16044483637430115","0.2054414565349905"
"PROD_02840","2026-03-27 05:27:57.759253085","24.4","Bac+2","0.3","D1502","47296","0.0","0","Profil autonome, recherche active, aucun frein p?riph?rique identifi?.","0","0","0.607224899174769","0.24967764584410693","0.1430974549811241"
"PROD_02841","2026-03-27 06:11:10.603534512","43.4","Bac+2","4.5","C1110","76359","0.0","0","Freins p?riph?riques majeurs. Situation d'illettrisme num?rique constat?e.","1","1","0.20241808289333474","0.5997729775593323","0.19780893954733292"
"PROD_02842","2026-03-27 06:54:23.447815939","20.4","Bac+2","0.4","M1501","27366","1.0","0","Perte de confiance importante. Risque d'exclusion, barri?re de la langue.","1","1","0.14777315033869123","0.6029490076727004","0.24927784198860836"
"PROD_02843","2026-03-27 07:37:36.292097366","50.4","Bac+2","0.6","N1303","56061","1.0","0","Profil autonome, recherche active, aucun frein p?riph?rique identifi?.","0","0","0.6293198104305937","0.1559270945676097","0.2147530950017966"
"PROD_02844","2026-03-27 08:20:49.136378793","28.4","Bac+5","5.5","M1705","27097","1.0","0","Excellente pr?sentation, comp?tences techniques ? jour. Reprise rapide vis?e.","0","0","0.6321804575133331","0.16184386204697615","0.20597568043969078"
"PROD_02845","2026-03-27 09:04:01.980660221","28.4","Bac+5","5.5","M1705","27097","1.0","0","Excellente pr?sentation, comp?tences techniques ? jour. Reprise rapide vis?e.","0","0","0.6628864433582492","0.1597130019487159","0.1774005546930349"
"PROD_02846","2026-03-27 09:47:14.824941648","40.4","Bac+5","0.2","D1401","88010","1.0","0","Candidat tr?s dynamique, mobilit? nationale valid?e. Projet clair.","0","0","0.609631355370361","0.2138766589765437","0.17649198565309535"
"PROD_02847","2026-03-27 10:30:27.669223075","51.4","Bac","3.9","I1304","10288","1.0","0","Candidat tr?s dynamique, mobilit? nationale valid?e. Projet clair.","0","0","0.6092845627229169","0.16859664823623283","0.2221187890408503"
"PROD_02848","2026-03-27 11:13:40.513504502","43.4","Sans dipl?me","3.8","J1506","88254","1.0","0","Probl?me ponctuel de mobilit? g?ographique. Zone mal desservie.","0","0","0.681875813687647","0.1531395573417697","0.16498462897058325"
"PROD_02849","2026-03-27 11:56:53.357785929","55.4","Bac","0.6","N4101","07031","0.0","0","Comp?tences ? r?actualiser sur les outils num?riques. Motivation correcte.","1","1","0.21560109711069683","0.6123164170696206","0.17208248581968255"
"PROD_02850","2026-03-27 12:40:06.202067356","30.4","Bac","0.4","N1303","62795","1.0","0","Probl?me ponctuel de mobilit? g?ographique. Zone mal desservie.","0","0","0.662871288640553","0.1406327765805229","0.1964959347789241"
"PROD_02851","2026-03-27 13:23:19.046348783","55.4","Bac+2","2.4","W1401","79090","1.0","0","Profil autonome, recherche active, aucun frein p?riph?rique identifi?.","2","2","0.14652524626201852","0.1649919428363882","0.6884828109015932"
"PROD_02852","2026-03-27 14:06:31.890630211","47.4","Bac+5","1.0","A1501","70061","1.0","0","Profil autonome, recherche active, aucun frein p?riph?rique identifi?.","0","0","0.6911575058917616","0.1763324610775638","0.13251003303067457"
"PROD_02853","2026-03-27 14:49:44.734911638","29.4","Bac+2","0.6","G1302","61225","1.0","0","Projet de reconversion ? affiner. Besoin d'une formation compl?mentaire.","1","1","0.18968794697967026","0.6785930950570213","0.13171895796330846"
"PROD_02854","2026-03-27 15:32:57.579193065","28.4","Bac","1.8","M1501","69256","0.0","0","Projet de reconversion ? affiner. Besoin d'une formation compl?mentaire.","1","1","0.23105287108217754","0.6298532781493302","0.13909385076849223"
"PROD_02855","2026-03-27 16:16:10.423474492","59.4","Bac","4.9","N1303","11369","0.0","0","Probl?me ponctuel de mobilit? g?ographique. Zone mal desservie.","1","1","0.12846505289763632","0.7419399739923428","0.12959497311002088"
"PROD_02856","2026-03-27 16:59:23.267755919","35.4","Bac+2","0.2","C1110","52384","1.0","1","Comp?tences ? r?actualiser sur les outils num?riques. Motivation correcte.","1","1","0.1419946700694729","0.7277352375561793","0.13027009237434783"
"PROD_02857","2026-03-27 17:42:36.112037346","43.4","Bac+2","5.1","F1603","17100","0.0","0","Probl?me ponctuel de mobilit? g?ographique. Zone mal desservie.","1","1","0.12970900957571035","0.6050778486662515","0.26521314175803823"
"PROD_02858","2026-03-27 18:25:48.956318773","50.4","Bac","5.0","K2101","29134","0.0","0","Projet de reconversion ? affiner. Besoin d'une formation compl?mentaire.","0","0","0.6381878261291831","0.15552973469969025","0.20628243917112662"
"PROD_02859","2026-03-27 19:09:01.800600201","26.4","Bac","3.3","N4101","81126","1.0","0","Perte de confiance importante. Risque d'exclusion, barri?re de la langue.","2","2","0.14768691929662914","0.21320937656533284","0.6391037041380381"
"PROD_02860","2026-03-27 19:52:14.644881628","45.4","Bac","3.6","A1203","06037","0.0","0","Profil autonome, recherche active, aucun frein p?riph?rique identifi?.","0","0","0.6101068975469169","0.17471942011622488","0.21517368233685819"
"PROD_02861","2026-03-27 20:35:27.489163055","34.4","Bac+2","0.2","M1802","63277","0.0","1","Probl?me ponctuel de mobilit? g?ographique. Zone mal desservie.","1","1","0.21139586189317286","0.648260923545729","0.14034321456109822"
"PROD_02862","2026-03-27 21:18:40.333444482","37.4","Bac","3.8","A1203","65331","1.0","0","Freins p?riph?riques majeurs. Situation d'illettrisme num?rique constat?e.","1","1","0.2068353531237615","0.6266664193615485","0.16649822751469"
"PROD_02863","2026-03-27 22:01:53.177725909","61.4","Bac","4.8","G1601","72105","1.0","0","Probl?me ponctuel de mobilit? g?ographique. Zone mal desservie.","1","1","0.167719575676104","0.6531144878556027","0.17916593646829337"
"PROD_02864","2026-03-27 22:45:06.022007336","29.4","Bac","3.1","W1401","70026","0.0","1","Projet de reconversion ? affiner. Besoin d'une formation compl?mentaire.","1","1","0.20212980597402663","0.6246136084659952","0.17325658555997814"
"PROD_02865","2026-03-27 23:28:18.866288763","33.4","Bac+2","0.2","A1301","11120","1.0","0","Candidat tr?s dynamique, mobilit? nationale valid?e. Projet clair.","0","0","0.7016908313209653","0.13188512973576705","0.16642403894326763"
"PROD_02866","2026-03-28 00:11:31.710570191","47.4","Bac+2","2.7","M1607","59375","0.0","0","Cumul de difficult?s. Pas de moyen de transport et garde d'enfants complexe.","0","0","0.6024165678161656","0.15915653595049303","0.23842689623334137"
"PROD_02867","2026-03-28 00:54:44.554851618","40.4","Bac","1.0","K2106","33003","0.0","0","Comp?tences ? r?actualiser sur les outils num?riques. Motivation correcte.","0","0","0.6096812003792565","0.1827551360754035","0.20756366354533995"
"PROD_02868","2026-03-28 01:37:57.399133045","54.4","Bac","1.6","H1206","19122","0.0","0","Comp?tences ? r?actualiser sur les outils num?riques. Motivation correcte.","1","1","0.1604987820648744","0.6746439295285442","0.16485728840658131"
"PROD_02869","2026-03-28 02:21:10.243414472","28.4","Bac+5","3.9","M1607","51051","0.0","0","Profil autonome, recherche active, aucun frein p?riph?rique identifi?.","0","0","0.6256871140654318","0.20922250708877937","0.16509037884578887"
"PROD_02870","2026-03-28 03:04:23.087695899","19.4","Bac","1.7","M1805","51584","1.0","0","Perte de confiance importante. Risque d'exclusion, barri?re de la langue.","0","0","0.6774746931243367","0.17841390638935425","0.14411140048630902"
"PROD_02871","2026-03-28 03:47:35.931977326","38.4","Bac+2","1.2","C1102","33162","0.0","0","Projet de reconversion ? affiner. Besoin d'une formation compl?mentaire.","0","0","0.6288849050470319","0.19940608043835495","0.17170901451461318"
"PROD_02872","2026-03-28 04:30:48.776258753","58.4","Bac+2","1.1","C1201","82084","1.0","1","Cumul de difficult?s. Pas de moyen de transport et garde d'enfants complexe.","2","2","0.1328109586045656","0.1927230182743684","0.674466023121066"
"PROD_02873","2026-03-28 05:14:01.620540181","59.4","Sans dipl?me","1.0","K1403","59032","1.0","0","Perte de confiance importante. Risque d'exclusion, barri?re de la langue.","2","2","0.13838697038149758","0.23562836813946367","0.6259846614790388"
"PROD_02874","2026-03-28 05:57:14.464821608","56.4","Sans dipl?me","4.5","G1302","06153","0.0","0","Cumul de difficult?s. Pas de moyen de transport et garde d'enfants complexe.","2","2","0.14341978379271","0.1594200121714102","0.6971602040358797"
"PROD_02875","2026-03-28 06:40:27.309103035","20.4","Bac+5","5.8","G1801","62322","1.0","0","Excellente pr?sentation, comp?tences techniques ? jour. Reprise rapide vis?e.","0","0","0.6015278633437713","0.1588838510182282","0.23958828563800053"
"PROD_02876","2026-03-28 07:23:40.153384462","46.4","Bac","0.6","N1303","10190","1.0","0","Profil autonome, recherche active, aucun frein p?riph?rique identifi?.","0","0","0.6786596202850699","0.17809234209444744","0.1432480376204827"
"PROD_02877","2026-03-28 08:06:52.997665889","24.4","Bac+5","0.6","W1401","21630","1.0","0","Candidat tr?s dynamique, mobilit? nationale valid?e. Projet clair.","0","0","0.6545339680474022","0.16881853346189354","0.1766474984907043"
"PROD_02878","2026-03-28 08:50:05.841947316","48.4","Sans dipl?me","0.5","M1203","62828","0.0","0","Candidat tr?s dynamique, mobilit? nationale valid?e. Projet clair.","0","0","0.65800781106116","0.14181723849377212","0.20017495044506786"
"PROD_02879","2026-03-28 09:33:18.686228743","24.4","Bac+2","4.3","I1304","03097","0.0","0","Profil autonome, recherche active, aucun frein p?riph?rique identifi?.","0","0","0.6564583740789882","0.20716679347668718","0.1363748324443246"
"PROD_02880","2026-03-28 10:16:31.530510171","53.4","Bac+2","2.8","K1903","41204","1.0","0","Cumul de difficult?s. Pas de moyen de transport et garde d'enfants complexe.","0","0","0.6995299083016265","0.15618309642897651","0.14428699526939695"
"PROD_02881","2026-03-28 10:59:44.374791598","62.4","Sans dipl?me","0.1","K1304","46140","0.0","0","Candidat tr?s dynamique, mobilit? nationale valid?e. Projet clair.","2","2","0.13006661074616893","0.22956582218147237","0.6403675670723586"
"PROD_02882","2026-03-28 11:42:57.219073025","43.4","Bac+2","0.4","D1210","62459","0.0","0","Probl?me ponctuel de mobilit? g?ographique. Zone mal desservie.","0","0","0.615920847994013","0.25157292126789005","0.13250623073809692"
"PROD_02883","2026-03-28 12:26:10.063354452","45.4","Bac+5","0.6","K1403","07007","1.0","0","Candidat tr?s dynamique, mobilit? nationale valid?e. Projet clair.","0","0","0.6289499383006992","0.1690150480203393","0.20203501367896148"
"PROD_02884","2026-03-28 13:09:22.907635879","22.4","Bac+5","2.6","M1802","22314","0.0","1","Perte de confiance importante. Risque d'exclusion, barri?re de la langue.","1","1","0.1696139501682688","0.6650752688727101","0.1653107809590212"
"PROD_02885","2026-03-28 13:52:35.751917306","32.4","Bac","4.5","H1206","68316","0.0","0","Profil autonome, recherche active, aucun frein p?riph?rique identifi?.","0","0","0.6541652701547771","0.15158294913072076","0.19425178071450214"
"PROD_02886","2026-03-28 14:35:48.596198733","23.4","Bac+2","5.9","N1303","67248","0.0","0","Probl?me ponctuel de mobilit? g?ographique. Zone mal desservie.","0","0","0.6339479955659086","0.1900326633431808","0.17601934109091055"
"PROD_02887","2026-03-28 15:19:01.440480161","46.4","Bac+5","8.2","M1602","41271","1.0","0","Projet de reconversion ? affiner. Besoin d'une formation compl?mentaire.","1","1","0.16283380448030635","0.6442283107709943","0.19293788474869933"
"PROD_02888","2026-03-28 16:02:14.284761588","44.4","Bac+5","5.4","M1801","40229","1.0","0","Excellente pr?sentation, comp?tences techniques ? jour. Reprise rapide vis?e.","0","0","0.63118677750189","0.201719025408537","0.167094197089573"
"PROD_02889","2026-03-28 16:45:27.129043015","30.4","Bac","0.4","N1303","62795","0.0","0","Probl?me ponctuel de mobilit? g?ographique. Zone mal desservie.","0","0","0.6582353689015672","0.14927492210986187","0.19248970898857093"
"PROD_02890","2026-03-28 17:28:39.973324442","44.4","Bac+5","5.4","M1801","40229","1.0","0","Excellente pr?sentation, comp?tences techniques ? jour. Reprise rapide vis?e.","0","0","0.6946358029111221","0.16495059803324683","0.14041359905563103"
"PROD_02891","2026-03-28 18:11:52.817605869","41.4","Bac","3.8","N1301","15078","1.0","0","Profil autonome, recherche active, aucun frein p?riph?rique identifi?.","0","0","0.6707029991270486","0.13518353063875227","0.19411347023419917"
"PROD_02892","2026-03-28 18:55:05.661887296","51.4","Bac","1.8","K1304","19005","0.0","0","Candidat tr?s dynamique, mobilit? nationale valid?e. Projet clair.","0","0","0.6282268620491946","0.12923657180913928","0.24253656614166608"
"PROD_02893","2026-03-28 19:38:18.506168723","22.4","Bac","5.1","M1203","63260","0.0","0","Profil autonome, recherche active, aucun frein p?riph?rique identifi?.","0","0","0.6397007272353733","0.17303805028744973","0.18726122247717697"
"PROD_02894","2026-03-28 20:21:31.350450151","54.4","Bac","0.0","D1503","53165","0.0","0","Cumul de difficult?s. Pas de moyen de transport et garde d'enfants complexe.","2","2","0.17158522230708007","0.1608328022354516","0.6675819754574683"
"PROD_02895","2026-03-28 21:04:44.194731578","47.4","Bac+5","2.0","H1504","60276","1.0","0","Excellente pr?sentation, comp?tences techniques ? jour. Reprise rapide vis?e.","0","0","0.6737322317592387","0.13564422492121092","0.1906235433195504"
"PROD_02896","2026-03-28 21:47:57.039013005","63.4","Bac","8.4","M1806","69200","0.0","0","Cumul de difficult?s. Pas de moyen de transport et garde d'enfants complexe.","1","1","0.20726758474983153","0.650418272471837","0.14231414277833143"
"PROD_02897","2026-03-28 22:31:09.883294432","21.4","Bac+2","4.8","J1506","50317","0.0","0","Profil autonome, recherche active, aucun frein p?riph?rique identifi?.","0","0","0.6909818258888739","0.1579447606818457","0.15107341342928038"
"PROD_02898","2026-03-28 23:14:22.727575859","24.4","Bac+2","5.5","M1801","29172","1.0","0","Profil autonome, recherche active, aucun frein p?riph?rique identifi?.","0","0","0.6772217639100143","0.15006026865548708","0.1727179674344986"
"PROD_02899","2026-03-28 23:57:35.571857286","49.4","Bac+2","3.1","H1206","81164","1.0","0","Comp?tences ? r?actualiser sur les outils num?riques. Motivation correcte.","1","1","0.1704768668360725","0.6327374465866462","0.19678568657728124"
"PROD_02900","2026-03-29 00:40:48.416138713","42.5","Bac+2","4.6","H1504","26145","1.0","0","Candidat tr?s dynamique, mobilit? nationale valid?e. Projet clair.","0","0","0.664710299637791","0.17653024812939602","0.15875945223281293"
"PROD_02901","2026-03-29 01:24:01.260420141","53.5","Bac+5","0.3","G1601","11161","1.0","0","Perte de confiance importante. Risque d'exclusion, barri?re de la langue.","1","1","0.203384826713457","0.6596825985861616","0.13693257470038134"
"PROD_02902","2026-03-29 02:07:14.104701568","37.5","Bac+2","6.1","K1601","19044","0.0","0","Comp?tences ? r?actualiser sur les outils num?riques. Motivation correcte.","1","1","0.19949262943533672","0.6541393858135696","0.1463679847510937"
"PROD_02903","2026-03-29 02:50:26.948982995","36.5","Bac","9.3","N1301","02257","0.0","0","Freins p?riph?riques majeurs. Situation d'illettrisme num?rique constat?e.","1","1","0.16904631170641013","0.6732495503900916","0.15770413790349824"
"PROD_02904","2026-03-29 03:33:39.793264422","57.5","Sans dipl?me","3.0","D1210","51625","1.0","0","Perte de confiance importante. Risque d'exclusion, barri?re de la langue.","2","2","0.2541043048772177","0.13574537037900875","0.6101503247437736"
"PROD_02905","2026-03-29 04:16:52.637545849","22.5","Bac","2.0","N4301","67183","1.0","0","Excellente pr?sentation, comp?tences techniques ? jour. Reprise rapide vis?e.","1","1","0.18466480074904507","0.6507409385857117","0.1645942606652433"
"PROD_02906","2026-03-29 05:00:05.481827276","47.5","Bac+2","0.5","H1206","36075","1.0","0","Projet de reconversion ? affiner. Besoin d'une formation compl?mentaire.","1","1","0.2220661452614468","0.62003357292506","0.15790028181349325"
"PROD_02907","2026-03-29 05:43:18.326108703","61.5","Bac","0.4","K1304","02616","1.0","0","Freins p?riph?riques majeurs. Situation d'illettrisme num?rique constat?e.","2","2","0.21993068911193625","0.17131496543483565","0.608754345453228"
"PROD_02908","2026-03-29 06:26:31.170390131","48.5","Bac","0.8","G1801","76221","0.0","0","Candidat tr?s dynamique, mobilit? nationale valid?e. Projet clair.","0","0","0.6299600151893862","0.22662710446407644","0.1434128803465374"
"PROD_02909","2026-03-29 07:09:44.014671558","36.5","Bac","1.8","G1602","12030","1.0","0","Candidat tr?s dynamique, mobilit? nationale valid?e. Projet clair.","2","2","0.1830726891388767","0.2006378966355445","0.6162894142255788"
"PROD_02910","2026-03-29 07:52:56.858952985","38.5","Bac","2.3","A1501","26374","1.0","0","Projet de reconversion ? affiner. Besoin d'une formation compl?mentaire.","1","1","0.1867929424123341","0.670887881974075","0.14231917561359086"
"PROD_02911","2026-03-29 08:36:09.703234412","51.5","Bac+2","3.0","C1201","51547","1.0","0","Information non renseignee","0","0","0.632253657891839","0.22786149757866386","0.13988484452949718"
"PROD_02912","2026-03-29 09:19:22.547515839","19.5","Bac+5","0.7","G1602","10409","1.0","1","Comp?tences ? r?actualiser sur les outils num?riques. Motivation correcte.","1","1","0.21233014815253687","0.650943911655973","0.1367259401914902"
"PROD_02913","2026-03-29 10:02:35.391797266","37.5","Bac","0.0","W1401","85213","1.0","0","Freins p?riph?riques majeurs. Situation d'illettrisme num?rique constat?e.","1","1","0.18551062957777265","0.6539106264441097","0.16057874397811767"
"PROD_02914","2026-03-29 10:45:48.236078693","63.5","Bac+5","2.0","G1801","50195","0.0","0","Projet de reconversion ? affiner. Besoin d'une formation compl?mentaire.","1","1","0.16062407612321716","0.5967808294060419","0.2425950944707409"
"PROD_02915","2026-03-29 11:29:01.080360121","24.5","Bac+5","0.3","D1502","47296","0.0","0","Profil autonome, recherche active, aucun frein p?riph?rique identifi?.","0","0","0.6469450098643217","0.18859400584544406","0.16446098429023426"
"PROD_02916","2026-03-29 12:12:13.924641548","43.5","Bac","1.0","H2502","53169","0.0","1","Profil autonome, recherche active, aucun frein p?riph?rique identifi?.","0","0","0.608618449812174","0.22220977332748915","0.1691717768603369"
"PROD_02917","2026-03-29 12:55:26.768922975","21.5","Bac+2","0.8","M1203","27429","1.0","0","Candidat tr?s dynamique, mobilit? nationale valid?e. Projet clair.","2","2","0.14064690249585748","0.22015798328164393","0.6391951142224986"
"PROD_02918","2026-03-29 13:38:39.613204402","42.5","Bac+2","1.1","M1602","70393","1.0","1","Cumul de difficult?s. Pas de moyen de transport et garde d'enfants complexe.","2","2","0.14901385265189787","0.20481265574399976","0.6461734916041024"
"PROD_02919","2026-03-29 14:21:52.457485829","62.5","Bac","7.4","A1202","65156","1.0","0","Perte de confiance importante. Risque d'exclusion, barri?re de la langue.","1","1","0.16147103437631805","0.6798447590113459","0.15868420661233607"
"PROD_02920","2026-03-29 15:05:05.301767256","43.5","Bac+2","7.1","K1304","55493","1.0","0","Excellente pr?sentation, comp?tences techniques ? jour. Reprise rapide vis?e.","0","0","0.6206321848085673","0.22216223138997734","0.15720558380145536"
"PROD_02921","2026-03-29 15:48:18.146048683","44.5","Bac","2.0","M1602","29190","0.0","0","Perte de confiance importante. Risque d'exclusion, barri?re de la langue.","1","1","0.1479482749344496","0.6199732464499075","0.2320784786156429"
"PROD_02922","2026-03-29 16:31:30.990330111","48.5","Bac","3.1","C1501","59385","0.0","0","Profil autonome, recherche active, aucun frein p?riph?rique identifi?.","2","2","0.2624408447725355","0.13628760476741394","0.6012715504600505"
"PROD_02923","2026-03-29 17:14:43.834611538","53.5","Bac","3.5","H1206","71015","1.0","0","Probl?me ponctuel de mobilit? g?ographique. Zone mal desservie.","1","1","0.2435604852999374","0.6277424319378941","0.1286970827621685"
"PROD_02924","2026-03-29 17:57:56.678892965","45.5","Bac+5","2.1","M1802","21341","1.0","1","Excellente pr?sentation, comp?tences techniques ? jour. Reprise rapide vis?e.","0","0","0.6547988532952141","0.2076116891937403","0.13758945751104557"
"PROD_02925","2026-03-29 18:41:09.523174392","44.5","Bac+5","1.5","A1501","27187","1.0","0","Cumul de difficult?s. Pas de moyen de transport et garde d'enfants complexe.","0","0","0.6454216148207996","0.21371669599709212","0.14086168918210826"
"PROD_02926","2026-03-29 19:24:22.367455819","38.5","Bac","0.6","M1805","47060","0.0","0","Excellente pr?sentation, comp?tences techniques ? jour. Reprise rapide vis?e.","0","0","0.6069388381469653","0.15155536877260328","0.24150579308043146"
"PROD_02927","2026-03-29 20:07:35.211737246","42.5","Bac+2","2.0","C1110","73129","0.0","0","Comp?tences ? r?actualiser sur les outils num?riques. Motivation correcte.","2","2","0.1306055804519468","0.21715448547820368","0.6522399340698495"
"PROD_02928","2026-03-29 20:50:48.056018673","48.5","Bac+5","1.7","C1302","69024","1.0","0","Candidat tr?s dynamique, mobilit? nationale valid?e. Projet clair.","0","0","0.6736554745491076","0.14783469361396673","0.1785098318369257"
"PROD_02929","2026-03-29 21:34:00.900300101","54.5","Bac+2","0.6","J1506","70176","1.0","1","Probl?me ponctuel de mobilit? g?ographique. Zone mal desservie.","1","1","0.2526182629660524","0.6029528659296279","0.14442887110431968"
"PROD_02930","2026-03-29 22:17:13.744581528","63.5","Bac","1.0","K2101","80830","0.0","0","Probl?me ponctuel de mobilit? g?ographique. Zone mal desservie.","1","1","0.2211764085066942","0.5957521274804845","0.18307146401282137"
"PROD_02931","2026-03-29 23:00:26.588862955","47.5","Bac","0.2","C1501","45012","1.0","0","Probl?me ponctuel de mobilit? g?ographique. Zone mal desservie.","1","1","0.24586342047914625","0.5962314083058857","0.15790517121496805"
"PROD_02932","2026-03-29 23:43:39.433144382","62.5","Bac+5","5.3","M1607","55257","0.0","0","Information non renseignee","1","1","0.2337895818358343","0.5959836996641242","0.17022671850004145"
"PROD_02933","2026-03-30 00:26:52.277425809","61.5","Bac","9.4","M1203","67292","0.0","0","Excellente pr?sentation, comp?tences techniques ? jour. Reprise rapide vis?e.","2","2","0.16588944299680114","0.19374323976918434","0.6403673172340145"
"PROD_02934","2026-03-30 01:10:05.121707236","62.5","Bac","0.3","J1301","08080","1.0","0","Candidat tr?s dynamique, mobilit? nationale valid?e. Projet clair.","0","0","0.6759769807291505","0.16507921938157516","0.15894379988927437"
"PROD_02935","2026-03-30 01:53:17.965988663","54.5","Bac","0.6","G1601","51339","0.0","0","Information non renseignee","1","1","0.19906988578188006","0.6277777007390125","0.17315241347910748"
"PROD_02936","2026-03-30 02:36:30.810270091","63.5","Sans dipl?me","11.9","M1806","58077","1.0","0","Perte de confiance importante. Risque d'exclusion, barri?re de la langue.","2","2","0.1915783383918297","0.15309337712176385","0.6553282844864065"
"PROD_02937","2026-03-30 03:19:43.654551518","34.5","Bac","2.1","A1203","21295","1.0","0","Comp?tences ? r?actualiser sur les outils num?riques. Motivation correcte.","1","1","0.18116838015647738","0.616812111351362","0.20201950849216055"
"PROD_02938","2026-03-30 04:02:56.498832945","29.5","Sans dipl?me","0.3","G1602","80622","0.0","0","Candidat tr?s dynamique, mobilit? nationale valid?e. Projet clair.","0","0","0.6027244164006311","0.1405905318243977","0.25668505177497114"
"PROD_02939","2026-03-30 04:46:09.343114372","46.5","Bac+2","1.3","A1203","35321","1.0","1","Freins p?riph?riques majeurs. Situation d'illettrisme num?rique constat?e.","1","1","0.14926503504402283","0.5962429211603971","0.2544920437955801"
"PROD_02940","2026-03-30 05:29:22.187395799","50.5","Bac+2","0.7","M1602","78209","0.0","0","Cumul de difficult?s. Pas de moyen de transport et garde d'enfants complexe.","1","1","0.15927407142921704","0.6859500411227041","0.1547758874480789"
"PROD_02941","2026-03-30 06:12:35.031677226","40.5","Sans dipl?me","4.3","H2502","62200","1.0","0","Comp?tences ? r?actualiser sur les outils num?riques. Motivation correcte.","1","1","0.1797764389113678","0.6380739852443793","0.18214957584425284"
"PROD_02942","2026-03-30 06:55:47.875958653","54.5","Bac","0.1","H1206","01031","0.0","0","Excellente pr?sentation, comp?tences techniques ? jour. Reprise rapide vis?e.","1","1","0.13801786261059446","0.6799072066162329","0.1820749307731726"
"PROD_02943","2026-03-30 07:39:00.720240081","52.5","Bac","15.1","N4301","21471","1.0","0","Candidat tr?s dynamique, mobilit? nationale valid?e. Projet clair.","2","2","0.21932297755358113","0.13199695148170018","0.6486800709647187"
"PROD_02944","2026-03-30 08:22:13.564521508","49.5","Bac+2","4.1","D1210","02659","1.0","1","Comp?tences ? r?actualiser sur les outils num?riques. Motivation correcte.","1","1","0.22281160526570065","0.6489977139433015","0.12819068079099782"
"PROD_02945","2026-03-30 09:05:26.408802935","37.5","Bac","2.0","D1406","63122","1.0","1","Perte de confiance importante. Risque d'exclusion, barri?re de la langue.","1","1","0.20654357142516871","0.6189728724424469","0.17448355613238442"
"PROD_02946","2026-03-30 09:48:39.253084362","52.5","Bac","0.3","J1301","55007","0.0","0","Probl?me ponctuel de mobilit? g?ographique. Zone mal desservie.","0","0","0.7267224269098264","0.13914622538065283","0.13413134770952082"
"PROD_02947","2026-03-30 10:31:52.097365789","36.5","Bac","2.3","K1201","59414","0.0","0","Profil autonome, recherche active, aucun frein p?riph?rique identifi?.","0","0","0.6854026827303568","0.13407383311774837","0.18052348415189487"
"PROD_02948","2026-03-30 11:15:04.941647216","52.5","Bac+5","0.4","D1406","40224","1.0","0","Probl?me ponctuel de mobilit? g?ographique. Zone mal desservie.","1","1","0.1585607516596566","0.6322149960485808","0.20922425229176267"
"PROD_02949","2026-03-30 11:58:17.785928643","44.5","Bac+2","0.4","G1203","70521","1.0","0","Profil autonome, recherche active, aucun frein p?riph?rique identifi?.","1","1","0.2067664392356707","0.6077082109631675","0.18552534980116175"
"PROD_02950","2026-03-30 12:41:30.630210071","34.5","Sans dipl?me","0.1","A1202","21112","1.0","0","Perte de confiance importante. Risque d'exclusion, barri?re de la langue.","1","1","0.16993386092732668","0.6194745755803338","0.21059156349233954"
"PROD_02951","2026-03-30 13:24:43.474491498","48.5","Sans dipl?me","0.4","K2106","44162","0.0","0","Freins p?riph?riques majeurs. Situation d'illettrisme num?rique constat?e.","2","2","0.16905158124452835","0.21412261513687475","0.616825803618597"
"PROD_02952","2026-03-30 14:07:56.318772925","40.5","Sans dipl?me","4.3","H2502","62200","1.0","0","Comp?tences ? r?actualiser sur les outils num?riques. Motivation correcte.","1","1","0.2021149070146353","0.6368106092959176","0.1610744836894471"
"PROD_02953","2026-03-30 14:51:09.163054352","28.5","Bac","0.0","M1602","63443","0.0","1","Probl?me ponctuel de mobilit? g?ographique. Zone mal desservie.","1","1","0.15282507641437393","0.6296565154455829","0.2175184081400432"
"PROD_02954","2026-03-30 15:34:22.007335779","47.5","Bac","1.2","N4301","07223","1.0","0","Excellente pr?sentation, comp?tences techniques ? jour. Reprise rapide vis?e.","0","0","0.6649660334237139","0.19984907474808922","0.13518489182819693"
"PROD_02955","2026-03-30 16:17:34.851617206","46.5","Bac","2.3","H2502","58276","0.0","0","Profil autonome, recherche active, aucun frein p?riph?rique identifi?.","0","0","0.6776789511117549","0.1929094622361449","0.12941158665210017"
"PROD_02956","2026-03-30 17:00:47.695898633","19.5","Bac+2","2.6","W1401","26058","1.0","0","Cumul de difficult?s. Pas de moyen de transport et garde d'enfants complexe.","0","0","0.7240874826818567","0.14559491841009134","0.13031759890805192"
"PROD_02957","2026-03-30 17:44:00.540180061","46.5","Bac+5","1.0","M1802","21036","0.0","0","Comp?tences ? r?actualiser sur les outils num?riques. Motivation correcte.","0","0","0.7044447599200929","0.13727938046476612","0.15827585961514096"
"PROD_02958","2026-03-30 18:27:13.384461488","64.5","Bac+2","0.9","M1602","27514","1.0","0","Probl?me ponctuel de mobilit? g?ographique. Zone mal desservie.","2","2","0.17925415408584705","0.14289289072633882","0.6778529551878142"
"PROD_02959","2026-03-30 19:10:26.228742915","36.5","Bac","0.4","M1602","55570","0.0","0","Cumul de difficult?s. Pas de moyen de transport et garde d'enfants complexe.","2","2","0.17992908543119132","0.17694560734244555","0.6431253072263631"
"PROD_02960","2026-03-30 19:53:39.073024342","52.5","Bac+5","2.4","N1301","19181","1.0","0","Perte de confiance importante. Risque d'exclusion, barri?re de la langue.","0","0","0.6419531802610219","0.21865435142446746","0.13939246831451066"
"PROD_02961","2026-03-30 20:36:51.917305769","56.5","Bac+5","4.0","N1101","33015","0.0","0","Freins p?riph?riques majeurs. Situation d'illettrisme num?rique constat?e.","0","0","0.6458504136057592","0.17408061361994037","0.1800689727743004"
"PROD_02962","2026-03-30 21:20:04.761587196","50.5","Bac+2","0.7","M1607","51097","1.0","0","Probl?me ponctuel de mobilit? g?ographique. Zone mal desservie.","1","1","0.19287336996499416","0.6468379108789228","0.160288719156083"
"PROD_02963","2026-03-30 22:03:17.605868623","38.5","Bac+2","1.8","M1806","50251","0.0","0","Candidat tr?s dynamique, mobilit? nationale valid?e. Projet clair.","0","0","0.6212757158073178","0.1732923112998812","0.20543197289280102"
"PROD_02964","2026-03-30 22:46:30.450150051","29.5","Bac","1.3","D1401","41051","1.0","0","Cumul de difficult?s. Pas de moyen de transport et garde d'enfants complexe.","0","0","0.6128588702411947","0.23118612681118217","0.15595500294762316"
"PROD_02965","2026-03-30 23:29:43.294431478","47.5","Bac","4.8","D1401","02518","1.0","1","Comp?tences ? r?actualiser sur les outils num?riques. Motivation correcte.","1","1","0.2173132459196296","0.641696754831961","0.14098999924840938"
"PROD_02966","2026-03-31 00:12:56.138712905","23.5","Sans dipl?me","0.3","K1903","04200","1.0","0","Cumul de difficult?s. Pas de moyen de transport et garde d'enfants complexe.","2","2","0.21066417114455183","0.16671291318245815","0.62262291567299"
"PROD_02967","2026-03-31 00:56:08.982994332","43.5","Bac","4.7","F1603","39565","1.0","1","Perte de confiance importante. Risque d'exclusion, barri?re de la langue.","1","1","0.21352957956989627","0.6467027373032185","0.13976768312688526"
"PROD_02968","2026-03-31 01:39:21.827275759","35.5","Bac","1.9","C1201","55503","0.0","0","Projet de reconversion ? affiner. Besoin d'une formation compl?mentaire.","0","0","0.7033925007960059","0.15747119100240545","0.13913630820158865"
"PROD_02969","2026-03-31 02:22:34.671557186","21.5","Bac","0.3","A1301","54040","0.0","0","Probl?me ponctuel de mobilit? g?ographique. Zone mal desservie.","1","1","0.13893165549050857","0.6183070577690408","0.2427612867404506"
"PROD_02970","2026-03-31 03:05:47.515838613","63.5","Bac+5","1.3","C1102","31217","0.0","1","Information non renseignee","0","0","0.7278479166978333","0.13207217423563342","0.14007990906653325"
"PROD_02971","2026-03-31 03:49:00.360120041","32.5","Bac","1.8","M1801","47014","1.0","0","Candidat tr?s dynamique, mobilit? nationale valid?e. Projet clair.","0","0","0.6594653928178503","0.14111116153444453","0.19942344564770514"
"PROD_02972","2026-03-31 04:32:13.204401468","48.5","Bac","5.0","K2106","52395","1.0","0","Profil autonome, recherche active, aucun frein p?riph?rique identifi?.","0","0","0.6133345923212618","0.23306325047119805","0.1536021572075402"
"PROD_02973","2026-03-31 05:15:26.048682895","28.5","Bac+2","3.8","D1502","31184","1.0","0","Probl?me ponctuel de mobilit? g?ographique. Zone mal desservie.","1","1","0.17796580208904997","0.6451227281560497","0.17691146975490035"
"PROD_02974","2026-03-31 05:58:38.892964322","43.5","Bac+2","0.2","M1203","32133","1.0","0","Projet de reconversion ? affiner. Besoin d'une formation compl?mentaire.","1","1","0.23558100449878555","0.6006494148256823","0.16376958067553204"
"PROD_02975","2026-03-31 06:41:51.737245749","38.5","Bac","0.6","J1301","14089","1.0","0","Profil autonome, recherche active, aucun frein p?riph?rique identifi?.","0","0","0.5983506571203964","0.24444840280664504","0.1572009400729586"
"PROD_02976","2026-03-31 07:25:04.581527176","50.5","Bac+5","3.6","N4301","34045","0.0","0","Comp?tences ? r?actualiser sur les outils num?riques. Motivation correcte.","1","1","0.25280159422851434","0.6117034866392296","0.1354949191322561"
"PROD_02977","2026-03-31 08:08:17.425808603","29.5","Bac+5","3.5","H2502","79115","0.0","0","Excellente pr?sentation, comp?tences techniques ? jour. Reprise rapide vis?e.","0","0","0.6512675893307852","0.18337242738689938","0.1653599832823154"
"PROD_02978","2026-03-31 08:51:30.270090031","36.5","Sans dipl?me","3.8","C1302","48158","0.0","0","Comp?tences ? r?actualiser sur les outils num?riques. Motivation correcte.","1","1","0.1628804422994823","0.6070507764729797","0.23006878122753804"
"PROD_02979","2026-03-31 09:34:43.114371458","63.5","Bac+2","0.6","G1203","36194","0.0","0","Probl?me ponctuel de mobilit? g?ographique. Zone mal desservie.","1","1","0.13633617931941236","0.6357732037550787","0.22789061692550894"
"PROD_02980","2026-03-31 10:17:55.958652885","56.5","Bac","2.5","G1601","86248","1.0","0","Probl?me ponctuel de mobilit? g?ographique. Zone mal desservie.","1","1","0.15848163287733374","0.6910931884178244","0.15042517870484184"
"PROD_02981","2026-03-31 11:01:08.802934312","33.5","Bac","0.6","A1401","71248","1.0","0","Cumul de difficult?s. Pas de moyen de transport et garde d'enfants complexe.","1","1","0.224451155036141","0.6038908433991501","0.1716580015647089"
"PROD_02982","2026-03-31 11:44:21.647215739","24.5","Bac+5","1.7","K1403","80390","0.0","0","Cumul de difficult?s. Pas de moyen de transport et garde d'enfants complexe.","0","0","0.6634815443144083","0.1502575506177275","0.1862609050678642"
"PROD_02983","2026-03-31 12:27:34.491497166","49.5","Bac+5","4.1","D1210","02659","1.0","1","Comp?tences ? r?actualiser sur les outils num?riques. Motivation correcte.","1","1","0.2265404891374242","0.6020219511611289","0.17143755970144692"
"PROD_02984","2026-03-31 13:10:47.335778593","35.5","Bac","1.9","C1201","55503","0.0","0","Projet de reconversion ? affiner. Besoin d'une formation compl?mentaire.","0","0","0.7190646019506844","0.14978376457580256","0.131151633473513"
"PROD_02985","2026-03-31 13:54:00.180060021","61.5","Sans dipl?me","4.6","M1705","58056","1.0","0","Profil autonome, recherche active, aucun frein p?riph?rique identifi?.","2","2","0.16180121875248837","0.13296302408339467","0.7052357571641169"
"PROD_02986","2026-03-31 14:37:13.024341448","37.5","Bac+5","12.5","N1303","42191","1.0","0","Probl?me ponctuel de mobilit? g?ographique. Zone mal desservie.","0","0","0.6951502605858698","0.16333977731681307","0.14150996209731712"
"PROD_02987","2026-03-31 15:20:25.868622875","23.5","Bac+2","7.0","K1201","2B315","1.0","1","Cumul de difficult?s. Pas de moyen de transport et garde d'enfants complexe.","1","1","0.2138253892205015","0.6066101632071342","0.17956444757236423"
"PROD_02988","2026-03-31 16:03:38.712904302","42.5","Bac","4.0","H1206","02181","1.0","0","Excellente pr?sentation, comp?tences techniques ? jour. Reprise rapide vis?e.","0","0","0.6421948351072773","0.2002564181516204","0.15754874674110234"
"PROD_02989","2026-03-31 16:46:51.557185729","63.5","Sans dipl?me","0.5","A1501","28342","1.0","0","Freins p?riph?riques majeurs. Situation d'illettrisme num?rique constat?e.","1","1","0.19633848627629846","0.618710155212598","0.18495135851110356"
"PROD_02990","2026-03-31 17:30:04.401467156","27.5","Bac+5","2.3","M1203","71407","0.0","0","Candidat tr?s dynamique, mobilit? nationale valid?e. Projet clair.","0","0","0.7178097079536326","0.14902878294342997","0.1331615091029374"
"PROD_02991","2026-03-31 18:13:17.245748583","21.5","Bac","0.3","A1301","54040","0.0","0","Probl?me ponctuel de mobilit? g?ographique. Zone mal desservie.","1","1","0.1295510039138232","0.6522831315552324","0.21816586453094433"
"PROD_02992","2026-03-31 18:56:30.090030011","42.5","Bac+2","0.4","M1705","67249","1.0","0","Profil autonome, recherche active, aucun frein p?riph?rique identifi?.","0","0","0.6945517652481185","0.1522981582751524","0.15315007647672915"
"PROD_02993","2026-03-31 19:39:42.934311438","64.5","Bac+2","0.9","A1301","55142","1.0","0","Projet de reconversion ? affiner. Besoin d'une formation compl?mentaire.","1","1","0.14629457123158793","0.6714663752826684","0.18223905348574365"
"PROD_02994","2026-03-31 20:22:55.778592865","44.5","Bac","2.0","M1602","29190","0.0","0","Perte de confiance importante. Risque d'exclusion, barri?re de la langue.","1","1","0.21787515148004344","0.6269590923336693","0.15516575618628725"
"PROD_02995","2026-03-31 21:06:08.622874292","33.5","Bac+2","1.2","G1602","54026","1.0","0","Excellente pr?sentation, comp?tences techniques ? jour. Reprise rapide vis?e.","0","0","0.7119195418022843","0.13639664755181677","0.1516838106458989"
"PROD_02996","2026-03-31 21:49:21.467155719","52.5","Bac","5.3","D1401","88482","1.0","1","Freins p?riph?riques majeurs. Situation d'illettrisme num?rique constat?e.","2","2","0.15872520223759096","0.15638054039564178","0.6848942573667673"
"PROD_02997","2026-03-31 22:32:34.311437146","36.5","Bac","1.8","G1602","12030","1.0","0","Candidat tr?s dynamique, mobilit? nationale valid?e. Projet clair.","2","2","0.13072388249341685","0.2504522691594239","0.6188238483471593"
"PROD_02998","2026-03-31 23:15:47.155718573","45.5","Bac+5","8.0","N4301","64344","1.0","0","Comp?tences ? r?actualiser sur les outils num?riques. Motivation correcte.","1","1","0.18580805074329956","0.6800227815367577","0.1341691677199428"
"PROD_02999","2026-03-31 23:59:00.000000000","28.5","Bac+2","0.3","M1501","11176","1.0","0","Freins p?riph?riques majeurs. Situation d'illettrisme num?rique constat?e.","2","2","0.13381187615942536","0.2344178875912448","0.6317702362493298"
