usager_id,timestamp,age,niveau_diplome,anciennete_poste_ans,code_rome_vise,code_insee_commune,est_allocataire,nationalite_hors_ue,synthese_entretien,classe_retour_emploi,prediction,proba_0,proba_1,proba_2
PROD_00000,2026-01-01 00:00:00.000000000,39.0,Bac+5,14.3,M1806,67232,1.0,1,Compétences à réactualiser sur les outils numériques. Motivation correcte.,1,1,0.20988249469739767,0.6340984351749036,0.15601907012769878
PROD_00001,2026-01-01 00:43:12.844281427,31.0,Bac+2,0.4,A1401,57093,0.0,0,Projet de reconversion à affiner. Besoin d'une formation complémentaire.,1,1,0.15913700585827023,0.6562710959646754,0.18459189817705446
PROD_00002,2026-01-01 01:26:25.688562854,46.0,Sans diplôme,2.0,A1501,59263,0.0,0,"Profil autonome, recherche active, aucun frein périphérique identifié.",1,1,0.18871587283917685,0.6378280011080087,0.17345612605281435
PROD_00003,2026-01-01 02:09:38.532844281,41.0,Bac,2.3,G1801,02346,1.0,0,Projet de reconversion à affiner. Besoin d'une formation complémentaire.,1,1,0.18707942643362652,0.6305710181564329,0.18234955540994058
PROD_00004,2026-01-01 02:52:51.377125708,48.0,Bac,0.9,M1802,62585,1.0,0,Cumul de difficultés. Pas de moyen de transport et garde d'enfants complexe.,0,0,0.6042122562716011,0.2486668313961838,0.14712091233221505
PROD_00005,2026-01-01 03:36:04.221407135,60.0,Bac+2,14.0,M1801,54132,1.0,1,Cumul de difficultés. Pas de moyen de transport et garde d'enfants complexe.,2,2,0.14429141660913866,0.23005432257573577,0.6256542608151255
PROD_00006,2026-01-01 04:19:17.065688562,49.0,Bac+5,17.0,K2101,18050,1.0,0,Projet de reconversion à affiner. Besoin d'une formation complémentaire.,1,1,0.21471996071682506,0.601037901196586,0.18424213808658896
PROD_00007,2026-01-01 05:02:29.909969990,41.0,Bac+2,2.3,A1401,32357,1.0,0,"Candidat très dynamique, mobilité nationale validée. Projet clair.",2,2,0.14418602028697816,0.19170216317371264,0.6641118165393092
PROD_00008,2026-01-01 05:45:42.754251417,29.0,Bac+5,1.8,A1501,06083,1.0,1,"Candidat très dynamique, mobilité nationale validée. Projet clair.",1,1,0.14638298278422712,0.6164499042647779,0.23716711295099502
PROD_00009,2026-01-01 06:28:55.598532844,43.0,Bac,2.5,M1801,16284,0.0,0,"Excellente présentation, compétences techniques à jour. Reprise rapide visée.",0,0,0.6736082019095863,0.1755914571784999,0.15080034091191385
PROD_00010,2026-01-01 07:12:08.442814271,55.0,Bac+2,8.0,K1304,34305,0.0,0,Compétences à réactualiser sur les outils numériques. Motivation correcte.,0,0,0.6140686808056863,0.14607554806644796,0.2398557711278657
PROD_00011,2026-01-01 07:55:21.287095698,37.0,Bac,1.3,C1102,33162,0.0,0,Projet de reconversion à affiner. Besoin d'une formation complémentaire.,0,0,0.5993329275797962,0.1754867316644158,0.22518034075578802
PROD_00012,2026-01-01 08:38:34.131377125,26.0,Bac+2,0.7,M1805,09116,1.0,0,"Profil autonome, recherche active, aucun frein périphérique identifié.",0,0,0.6036256414674388,0.2603707695988108,0.13600358893375042
PROD_00013,2026-01-01 09:21:46.975658552,61.0,Bac+2,2.6,D1503,93063,0.0,0,Information non renseignee,2,2,0.14085993535869865,0.2514736994051325,0.6076663652361689
PROD_00014,2026-01-01 10:04:59.819939980,58.0,Bac+5,0.4,D1210,16102,1.0,1,"Profil autonome, recherche active, aucun frein périphérique identifié.",1,1,0.14942263910663695,0.6537852438186971,0.19679211707466604
PROD_00015,2026-01-01 10:48:12.664221407,31.0,Bac+2,1.3,A1203,58267,1.0,0,Problème ponctuel de mobilité géographique. Zone mal desservie.,1,1,0.21103453206118103,0.6473094304339456,0.14165603750487332
PROD_00016,2026-01-01 11:31:25.508502834,49.0,Bac,0.4,N4101,67083,1.0,1,"Excellente présentation, compétences techniques à jour. Reprise rapide visée.",1,1,0.14489911435820338,0.5987639777216887,0.256336907920108
PROD_00017,2026-01-01 12:14:38.352784261,45.0,Sans diplôme,0.4,C1302,63404,1.0,0,"Perte de confiance importante. Risque d'exclusion, barrière de la langue.",1,1,0.21934299189568002,0.6473952913106112,0.1332617167937088
PROD_00018,2026-01-01 12:57:51.197065688,32.0,Bac,11.7,K2106,24502,0.0,0,"Candidat très dynamique, mobilité nationale validée. Projet clair.",1,1,0.17220980032184086,0.6780713849122098,0.1497188147659494
PROD_00019,2026-01-01 13:41:04.041347115,28.0,Bac,4.6,N1301,70421,0.0,0,"Candidat très dynamique, mobilité nationale validée. Projet clair.",0,0,0.6157320359057209,0.17418802966613184,0.21007993442814726
PROD_00020,2026-01-01 14:24:16.885628542,38.0,Bac,2.5,G1801,24107,0.0,0,Projet de reconversion à affiner. Besoin d'une formation complémentaire.,1,1,0.20257565640660374,0.6667032678123346,0.13072107578106174
PROD_00021,2026-01-01 15:07:29.729909969,53.0,Bac+5,1.8,G1602,86114,1.0,0,Compétences à réactualiser sur les outils numériques. Motivation correcte.,2,2,0.18554822264427112,0.14973241374476323,0.6647193636109657
PROD_00022,2026-01-01 15:50:42.574191397,33.0,Bac+2,1.6,A1202,33220,1.0,0,"Excellente présentation, compétences techniques à jour. Reprise rapide visée.",0,0,0.5981971532137543,0.13280221740357392,0.2690006293826718
PROD_00023,2026-01-01 16:33:55.418472824,59.0,Bac+5,0.5,H1504,36029,0.0,0,Compétences à réactualiser sur les outils numériques. Motivation correcte.,1,1,0.1655361521717194,0.645691226050266,0.18877262177801468
PROD_00024,2026-01-01 17:17:08.262754251,54.0,Bac+2,1.5,G1302,46263,1.0,0,"Excellente présentation, compétences techniques à jour. Reprise rapide visée.",1,1,0.17308812214315342,0.6971427642589924,0.12976911359785426
PROD_00025,2026-01-01 18:00:21.107035678,58.0,Bac,0.0,C1110,78077,1.0,0,Compétences à réactualiser sur les outils numériques. Motivation correcte.,1,1,0.25910068198361413,0.6119602031448099,0.12893911487157594
PROD_00026,2026-01-01 18:43:33.951317105,41.0,Bac+5,6.0,H1504,48063,0.0,0,"Candidat très dynamique, mobilité nationale validée. Projet clair.",0,0,0.5978539430841133,0.20551021962344268,0.196635837292444
PROD_00027,2026-01-01 19:26:46.795598532,33.0,Bac,1.4,M1501,62849,0.0,0,Problème ponctuel de mobilité géographique. Zone mal desservie.,1,1,0.22885206872408348,0.5984802326605227,0.17266769861539377
PROD_00028,2026-01-01 20:09:59.639879960,62.0,Bac,3.3,H1206,62798,1.0,0,Problème ponctuel de mobilité géographique. Zone mal desservie.,1,1,0.21396466560481656,0.6088025052471825,0.17723282914800098
PROD_00029,2026-01-01 20:53:12.484161387,60.0,Bac,0.6,A1401,60369,1.0,0,Projet de reconversion à affiner. Besoin d'une formation complémentaire.,1,1,0.2351568481824417,0.6057485620938508,0.1590945897237075
PROD_00030,2026-01-01 21:36:25.328442814,40.0,Bac,2.0,D1502,94065,1.0,0,Cumul de difficultés. Pas de moyen de transport et garde d'enfants complexe.,1,1,0.17130680498758147,0.6063449650313453,0.2223482299810733
PROD_00031,2026-01-01 22:19:38.172724241,29.0,Bac,7.2,K1403,30191,1.0,0,"Candidat très dynamique, mobilité nationale validée. Projet clair.",0,0,0.6443902961280826,0.15423776106589127,0.2013719428060261
PROD_00032,2026-01-01 23:02:51.017005668,46.0,Bac+5,2.7,D1406,52377,1.0,1,"Excellente présentation, compétences techniques à jour. Reprise rapide visée.",0,0,0.6405702974149554,0.1728294921674258,0.1866002104176188
PROD_00033,2026-01-01 23:46:03.861287095,55.0,Bac,0.6,M1203,45336,1.0,0,Problème ponctuel de mobilité géographique. Zone mal desservie.,0,0,0.6192293986172843,0.1694407929084575,0.21132980847425817
PROD_00034,2026-01-02 00:29:16.705568522,56.0,Sans diplôme,0.2,M1806,41055,1.0,0,"Perte de confiance importante. Risque d'exclusion, barrière de la langue.",0,0,0.6989410684152192,0.1304878005380646,0.1705711310467162
PROD_00035,2026-01-02 01:12:29.549849949,19.0,Bac,0.5,K1903,59283,1.0,0,Cumul de difficultés. Pas de moyen de transport et garde d'enfants complexe.,2,2,0.1613419942660264,0.16375902273923018,0.6748989829947435
PROD_00036,2026-01-02 01:55:42.394131377,40.0,Bac,3.5,I1304,31419,0.0,0,"Profil autonome, recherche active, aucun frein périphérique identifié.",0,0,0.6999820069995861,0.15094111659248807,0.1490768764079258
PROD_00037,2026-01-02 02:38:55.238412804,26.0,Bac+5,2.6,C1201,74018,0.0,0,Cumul de difficultés. Pas de moyen de transport et garde d'enfants complexe.,2,2,0.2350681318557376,0.1441981457276923,0.6207337224165701
PROD_00038,2026-01-02 03:22:08.082694231,45.0,Sans diplôme,5.0,K1403,80508,0.0,0,"Profil autonome, recherche active, aucun frein périphérique identifié.",1,1,0.15145096548118173,0.6083620906778895,0.24018694384092876
PROD_00039,2026-01-02 04:05:20.926975658,25.0,Bac,0.2,A1203,40284,0.0,0,Cumul de difficultés. Pas de moyen de transport et garde d'enfants complexe.,0,0,0.7293927887217244,0.1310007550235669,0.1396064562547087
PROD_00040,2026-01-02 04:48:33.771257085,52.0,Bac+2,2.8,G1302,08498,1.0,0,"Candidat très dynamique, mobilité nationale validée. Projet clair.",1,1,0.17052409953044242,0.6174540182712007,0.21202188219835683
PROD_00041,2026-01-02 05:31:46.615538512,38.0,Bac,6.3,I1304,38248,1.0,0,"Excellente présentation, compétences techniques à jour. Reprise rapide visée.",0,0,0.67374927583323,0.12933828737353964,0.1969124367932304
PROD_00042,2026-01-02 06:14:59.459819939,44.0,Bac+2,0.5,A1401,01289,0.0,0,"Perte de confiance importante. Risque d'exclusion, barrière de la langue.",2,2,0.14663450884452928,0.23597009919291762,0.617395391962553
PROD_00043,2026-01-02 06:58:12.304101367,37.0,Bac+2,9.9,F1603,52232,1.0,0,Problème ponctuel de mobilité géographique. Zone mal desservie.,1,1,0.2598870552582459,0.6106219926380305,0.12949095210372352
PROD_00044,2026-01-02 07:41:25.148382794,28.0,Bac,0.1,C1201,27464,1.0,0,"Candidat très dynamique, mobilité nationale validée. Projet clair.",0,0,0.6407062268645254,0.21021197088253316,0.14908180225294146
PROD_00045,2026-01-02 08:24:37.992664221,51.0,Bac+5,0.4,H1504,22259,1.0,0,"Profil autonome, recherche active, aucun frein périphérique identifié.",0,0,0.6477754035805189,0.12884967495134805,0.22337492146813306
PROD_00046,2026-01-02 09:07:50.836945648,54.0,Bac+5,2.4,K2101,57567,0.0,0,"Excellente présentation, compétences techniques à jour. Reprise rapide visée.",0,0,0.6180682618552221,0.22085825788124844,0.16107348026352944
PROD_00047,2026-01-02 09:51:03.681227075,38.0,Bac+5,2.7,N4301,29076,1.0,0,"Candidat très dynamique, mobilité nationale validée. Projet clair.",0,0,0.630815994045604,0.12789100537809722,0.24129300057629882
PROD_00048,2026-01-02 10:34:16.525508502,28.0,Bac,0.1,H1504,06076,0.0,0,"Perte de confiance importante. Risque d'exclusion, barrière de la langue.",1,1,0.1642987278844081,0.6303764759873965,0.20532479612819532
PROD_00049,2026-01-02 11:17:29.369789929,19.0,Bac,8.3,M1607,25209,1.0,0,Cumul de difficultés. Pas de moyen de transport et garde d'enfants complexe.,2,2,0.14176899577008237,0.2563803180127353,0.6018506862171823
PROD_00050,2026-01-02 12:00:42.214071357,54.0,Bac,2.0,I1304,61159,0.0,0,Compétences à réactualiser sur les outils numériques. Motivation correcte.,0,0,0.5967207036067957,0.19660782955009504,0.20667146684310922
PROD_00051,2026-01-02 12:43:55.058352784,41.0,Bac+2,1.7,I1304,70550,1.0,0,"Profil autonome, recherche active, aucun frein périphérique identifié.",0,0,0.6203678177355947,0.17847282825697117,0.20115935400743415
PROD_00052,2026-01-02 13:27:07.902634211,54.0,Bac+5,4.2,N4101,12189,1.0,0,"Excellente présentation, compétences techniques à jour. Reprise rapide visée.",1,1,0.19874189286263558,0.6601993503883121,0.14105875674905233
PROD_00053,2026-01-02 14:10:20.746915638,39.0,Bac,0.2,D1210,22003,1.0,1,Projet de reconversion à affiner. Besoin d'une formation complémentaire.,1,1,0.25187309432726795,0.5980951275642405,0.15003177810849144
PROD_00054,2026-01-02 14:53:33.591197065,35.0,Bac,2.5,K1201,59414,0.0,0,"Profil autonome, recherche active, aucun frein périphérique identifié.",0,0,0.6518020399868718,0.17785971061874237,0.17033824939438583
PROD_00055,2026-01-02 15:36:46.435478492,24.0,Bac,2.9,K2111,17283,0.0,0,Compétences à réactualiser sur les outils numériques. Motivation correcte.,0,0,0.6059846205199912,0.2490092210267905,0.14500615845321826
PROD_00056,2026-01-02 16:19:59.279759920,26.0,Sans diplôme,1.6,D1406,68326,1.0,0,"Perte de confiance importante. Risque d'exclusion, barrière de la langue.",1,1,0.19654822107156167,0.6542012977111938,0.1492504812172445
PROD_00057,2026-01-02 17:03:12.124041347,29.0,Bac,5.9,C1302,54244,1.0,0,Freins périphériques majeurs. Situation d'illettrisme numérique constatée.,0,0,0.6126070397682238,0.14258614573909356,0.2448068144926826
PROD_00058,2026-01-02 17:46:24.968322774,58.0,Bac+5,2.0,M1802,83060,1.0,0,"Excellente présentation, compétences techniques à jour. Reprise rapide visée.",0,0,0.6139961299331559,0.20593602253242455,0.18006784753441957
PROD_00059,2026-01-02 18:29:37.812604201,32.0,Sans diplôme,2.9,N4301,76390,1.0,0,Projet de reconversion à affiner. Besoin d'une formation complémentaire.,1,1,0.22644510141609778,0.5988161653538707,0.17473873323003153
PROD_00060,2026-01-02 19:12:50.656885628,47.0,Bac+2,4.3,D1503,42217,1.0,0,Compétences à réactualiser sur les outils numériques. Motivation correcte.,1,1,0.18934912172700907,0.6297755016386475,0.1808753766343434
PROD_00061,2026-01-02 19:56:03.501167055,28.0,Bac+5,8.6,M1607,76389,0.0,0,Freins périphériques majeurs. Situation d'illettrisme numérique constatée.,2,2,0.1576139646114847,0.12868044097090475,0.7137055944176105
PROD_00062,2026-01-02 20:39:16.345448482,47.0,Bac+2,0.5,D1503,61423,0.0,1,Cumul de difficultés. Pas de moyen de transport et garde d'enfants complexe.,1,1,0.1926944986651043,0.6231814484891064,0.18412405284578937
PROD_00063,2026-01-02 21:22:29.189729909,41.0,Bac,1.2,H1206,60008,1.0,0,"Profil autonome, recherche active, aucun frein périphérique identifié.",1,1,0.17749832064837945,0.623937840235413,0.19856383911620756
PROD_00064,2026-01-02 22:05:42.034011337,55.0,Bac,0.8,I1304,81060,0.0,0,Information non renseignee,1,1,0.13626784059647032,0.7288957374216818,0.13483642198184786
PROD_00065,2026-01-02 22:48:54.878292764,20.0,Sans diplôme,2.1,D1401,35314,0.0,0,Cumul de difficultés. Pas de moyen de transport et garde d'enfants complexe.,1,1,0.15954302294957062,0.6626222542512996,0.1778347227991297
PROD_00066,2026-01-02 23:32:07.722574191,55.0,Bac,4.6,G1801,30209,0.0,0,Cumul de difficultés. Pas de moyen de transport et garde d'enfants complexe.,1,1,0.160209772058362,0.6793180308569564,0.16047219708468163
PROD_00067,2026-01-03 00:15:20.566855618,53.0,Bac+2,1.8,G1602,86114,1.0,0,Compétences à réactualiser sur les outils numériques. Motivation correcte.,2,2,0.1938035109250733,0.18353955106625283,0.6226569380086738
PROD_00068,2026-01-03 00:58:33.411137045,49.0,Bac,14.7,A1301,27394,1.0,0,"Profil autonome, recherche active, aucun frein périphérique identifié.",2,2,0.17667127710946007,0.18888863055376748,0.6344400923367725
PROD_00069,2026-01-03 01:41:46.255418472,41.0,Bac+2,1.1,N4101,61498,0.0,0,"Candidat très dynamique, mobilité nationale validée. Projet clair.",1,1,0.20374542360579104,0.6652619425508103,0.13099263384339865
PROD_00070,2026-01-03 02:24:59.099699899,32.0,Bac+2,3.2,M1607,81275,1.0,0,Compétences à réactualiser sur les outils numériques. Motivation correcte.,1,1,0.15807422313027059,0.679302477102126,0.16262329976760348
PROD_00071,2026-01-03 03:08:11.943981327,49.0,Bac,0.2,N4301,02198,0.0,0,Problème ponctuel de mobilité géographique. Zone mal desservie.,2,2,0.21441504325708505,0.14285012526708218,0.6427348314758328
PROD_00072,2026-01-03 03:51:24.788262754,61.0,Sans diplôme,6.8,M1802,25375,1.0,0,"Perte de confiance importante. Risque d'exclusion, barrière de la langue.",2,2,0.1279168953585521,0.15892170416486193,0.7131614004765859
PROD_00073,2026-01-03 04:34:37.632544181,21.0,Bac,0.8,G1801,50039,0.0,0,"Candidat très dynamique, mobilité nationale validée. Projet clair.",0,0,0.6398042260094292,0.17412019504795337,0.18607557894261742
PROD_00074,2026-01-03 05:17:50.476825608,28.0,Sans diplôme,2.0,M1805,36161,1.0,0,Cumul de difficultés. Pas de moyen de transport et garde d'enfants complexe.,1,1,0.21021259848072565,0.602669867852735,0.18711753366653927
PROD_00075,2026-01-03 06:01:03.321107035,46.0,Bac,5.5,M1705,35275,0.0,1,Compétences à réactualiser sur les outils numériques. Motivation correcte.,1,1,0.21421820023666277,0.6208284902118569,0.16495330955148024
PROD_00076,2026-01-03 06:44:16.165388462,59.0,Bac,0.3,M1607,02732,1.0,0,Projet de reconversion à affiner. Besoin d'une formation complémentaire.,2,2,0.23012944752557224,0.16926285113883402,0.6006077013355938
PROD_00077,2026-01-03 07:27:29.009669889,52.0,Sans diplôme,8.2,A1501,27117,0.0,0,"Profil autonome, recherche active, aucun frein périphérique identifié.",2,2,0.2086846518215281,0.14376254719739806,0.6475528009810738
PROD_00078,2026-01-03 08:10:41.853951317,32.0,Bac,3.0,K2111,85296,1.0,0,"Profil autonome, recherche active, aucun frein périphérique identifié.",0,0,0.6817766648185634,0.1670391794774889,0.15118415570394775
PROD_00079,2026-01-03 08:53:54.698232744,39.0,Bac+2,0.6,M1501,51141,1.0,0,Freins périphériques majeurs. Situation d'illettrisme numérique constatée.,1,1,0.21489795013837687,0.6320122792903995,0.15308977057122364
PROD_00080,2026-01-03 09:37:07.542514171,51.0,Bac,7.6,I1304,84083,0.0,0,Projet de reconversion à affiner. Besoin d'une formation complémentaire.,1,1,0.14506258199033492,0.6907016065687768,0.16423581144088828
PROD_00081,2026-01-03 10:20:20.386795598,57.0,Bac,5.0,M1806,88127,0.0,0,Problème ponctuel de mobilité géographique. Zone mal desservie.,1,1,0.21620096551100165,0.6099870153135001,0.17381201917549827
PROD_00082,2026-01-03 11:03:33.231077025,54.0,Bac+5,0.6,K1601,34045,0.0,1,Problème ponctuel de mobilité géographique. Zone mal desservie.,2,2,0.19567160042469495,0.16088950624095094,0.643438893334354
PROD_00083,2026-01-03 11:46:46.075358452,41.0,Bac,0.2,D1401,28064,0.0,0,"Candidat très dynamique, mobilité nationale validée. Projet clair.",0,0,0.7324893086894848,0.13919095060588219,0.128319740704633
PROD_00084,2026-01-03 12:29:58.919639879,41.0,Bac+2,3.7,K2111,62437,1.0,0,Problème ponctuel de mobilité géographique. Zone mal desservie.,0,0,0.6852517782922575,0.1532078232519689,0.16154039845577362
PROD_00085,2026-01-03 13:13:11.763921307,32.0,Sans diplôme,2.0,A1203,58295,1.0,0,Problème ponctuel de mobilité géographique. Zone mal desservie.,0,0,0.7127995254593779,0.15171647988281975,0.1354839946578024
PROD_00086,2026-01-03 13:56:24.608202734,57.0,Sans diplôme,3.6,D1502,46283,1.0,1,"Perte de confiance importante. Risque d'exclusion, barrière de la langue.",2,2,0.24057159448563484,0.12780008418016608,0.6316283213341991
PROD_00087,2026-01-03 14:39:37.452484161,55.0,Sans diplôme,3.9,M1801,16038,0.0,0,Freins périphériques majeurs. Situation d'illettrisme numérique constatée.,2,2,0.14792840387403383,0.16936848082208586,0.6827031153038803
PROD_00088,2026-01-03 15:22:50.296765588,62.0,Sans diplôme,12.9,M1806,58077,1.0,0,"Perte de confiance importante. Risque d'exclusion, barrière de la langue.",2,2,0.13165773488341204,0.2404507989881824,0.6278914661284056
PROD_00089,2026-01-03 16:06:03.141047015,36.0,Bac+5,1.9,G1203,72193,1.0,0,"Excellente présentation, compétences techniques à jour. Reprise rapide visée.",0,0,0.6738345829594297,0.1747973944264106,0.15136802261415974
PROD_00090,2026-01-03 16:49:15.985328442,22.0,Bac+5,1.2,G1801,25563,1.0,0,"Excellente présentation, compétences techniques à jour. Reprise rapide visée.",0,0,0.6101339795995193,0.2199943561244077,0.16987166427607298
PROD_00091,2026-01-03 17:32:28.829609869,60.0,Bac+5,0.7,K1403,03036,1.0,0,Problème ponctuel de mobilité géographique. Zone mal desservie.,1,1,0.2070668443177789,0.64131623749894,0.15161691818328116
PROD_00092,2026-01-03 18:15:41.673891297,50.0,Bac+2,0.1,G1801,69276,1.0,0,Compétences à réactualiser sur les outils numériques. Motivation correcte.,1,1,0.19576209312767676,0.6302281357535506,0.17400977111877258
PROD_00093,2026-01-03 18:58:54.518172724,22.0,Bac+2,1.8,M1602,54050,0.0,0,Projet de reconversion à affiner. Besoin d'une formation complémentaire.,2,2,0.1711948417605757,0.1814739522461991,0.6473312059932251
PROD_00094,2026-01-03 19:42:07.362454151,30.0,Sans diplôme,0.7,H2502,76442,1.0,0,Problème ponctuel de mobilité géographique. Zone mal desservie.,1,1,0.15432189469604563,0.6129832980355032,0.23269480726845115
PROD_00095,2026-01-03 20:25:20.206735578,41.0,Bac,9.4,K1601,70275,1.0,0,Cumul de difficultés. Pas de moyen de transport et garde d'enfants complexe.,2,2,0.1840005180079803,0.14603965287573406,0.6699598291162856
PROD_00096,2026-01-03 21:08:33.051017005,41.0,Bac+2,8.9,N1301,24355,0.0,1,Compétences à réactualiser sur les outils numériques. Motivation correcte.,1,1,0.17058782700120353,0.6676636107448195,0.16174856225397694
PROD_00097,2026-01-03 21:51:45.895298432,56.0,Bac+5,0.1,M1806,80056,1.0,0,Projet de reconversion à affiner. Besoin d'une formation complémentaire.,0,0,0.63499772276807,0.18948736832736918,0.17551490890456084
PROD_00098,2026-01-03 22:34:58.739579859,62.0,Bac+2,3.0,M1501,78586,1.0,0,Projet de reconversion à affiner. Besoin d'une formation complémentaire.,1,1,0.14230224864840288,0.6640803830612394,0.1936173682903577
PROD_00099,2026-01-03 23:18:11.583861287,59.0,Bac+2,0.8,D1503,02655,0.0,0,Compétences à réactualiser sur les outils numériques. Motivation correcte.,2,2,0.14424816753524405,0.14148786934883023,0.7142639631159258
PROD_00100,2026-01-04 00:01:24.428142714,41.1,Bac,0.2,D1401,28064,0.0,0,"Candidat très dynamique, mobilité nationale validée. Projet clair.",0,0,0.6411916464421339,0.15642813628869154,0.20238021726917457
PROD_00101,2026-01-04 00:44:37.272424141,41.1,Bac+5,0.1,H1206,81273,1.0,0,Compétences à réactualiser sur les outils numériques. Motivation correcte.,1,1,0.13111044467601252,0.605474786345855,0.26341476897813243
PROD_00102,2026-01-04 01:27:50.116705568,51.1,Sans diplôme,0.4,M1203,32367,1.0,0,"Excellente présentation, compétences techniques à jour. Reprise rapide visée.",2,2,0.2639729926230773,0.13312858040751618,0.6028984269694065
PROD_00103,2026-01-04 02:11:02.960986995,41.1,Bac+2,3.1,J1506,52273,1.0,0,"Excellente présentation, compétences techniques à jour. Reprise rapide visée.",0,0,0.6730232113310685,0.15780123461728965,0.1691755540516419
PROD_00104,2026-01-04 02:54:15.805268422,37.1,Bac,7.6,M1806,76004,0.0,0,"Excellente présentation, compétences techniques à jour. Reprise rapide visée.",0,0,0.6613084029427132,0.1728611662608179,0.1658304307964689
PROD_00105,2026-01-04 03:37:28.649549849,27.1,Bac,4.9,G1203,90014,0.0,0,Cumul de difficultés. Pas de moyen de transport et garde d'enfants complexe.,2,2,0.20290462039973126,0.16463916020905733,0.6324562193912114
PROD_00106,2026-01-04 04:20:41.493831277,45.1,Bac+5,0.7,K1403,30160,1.0,0,Freins périphériques majeurs. Situation d'illettrisme numérique constatée.,0,0,0.6889492183408066,0.12961515677776828,0.18143562488142514
PROD_00107,2026-01-04 05:03:54.338112704,47.1,Bac,1.6,H1206,70257,0.0,0,"Profil autonome, recherche active, aucun frein périphérique identifié.",0,0,0.6132642153005609,0.24981420216690484,0.1369215825325343
PROD_00108,2026-01-04 05:47:07.182394131,24.1,Bac+5,12.3,H1504,54390,0.0,0,"Perte de confiance importante. Risque d'exclusion, barrière de la langue.",2,2,0.2356679016072239,0.16579616204533804,0.5985359363474381
PROD_00109,2026-01-04 06:30:20.026675558,42.1,Bac,4.9,C1110,76359,0.0,0,Freins périphériques majeurs. Situation d'illettrisme numérique constatée.,1,1,0.152242801964802,0.7085291148861524,0.13922808314904556
PROD_00110,2026-01-04 07:13:32.870956985,46.1,Bac,1.3,N4301,07223,1.0,0,"Excellente présentation, compétences techniques à jour. Reprise rapide visée.",0,0,0.62109442280497,0.2244290863505343,0.15447649084449575
PROD_00111,2026-01-04 07:56:45.715238412,19.1,Bac,0.2,D1210,59278,1.0,0,Information non renseignee,1,1,0.14440354348635487,0.6728513482415863,0.1827451082720588
PROD_00112,2026-01-04 08:39:58.559519840,36.1,Bac+2,5.5,K2106,24388,0.0,1,Compétences à réactualiser sur les outils numériques. Motivation correcte.,1,1,0.15995335663406934,0.6922941630720569,0.14775248029387367
PROD_00113,2026-01-04 09:23:11.403801267,28.1,Bac+5,1.4,C1302,11095,1.0,1,Freins périphériques majeurs. Situation d'illettrisme numérique constatée.,1,1,0.1735283495027287,0.6912074726098032,0.13526417788746814
PROD_00114,2026-01-04 10:06:24.248082694,40.1,Bac,6.1,K1903,03192,0.0,0,"Candidat très dynamique, mobilité nationale validée. Projet clair.",0,0,0.6615512113191304,0.14701812339714293,0.19143066528372665
PROD_00115,2026-01-04 10:49:37.092364121,40.1,Bac,4.1,N1301,15078,1.0,0,"Profil autonome, recherche active, aucun frein périphérique identifié.",0,0,0.6576487256544473,0.16877193864176462,0.17357933570378806
PROD_00116,2026-01-04 11:32:49.936645548,41.1,Bac+2,0.1,K1304,70125,1.0,0,"Perte de confiance importante. Risque d'exclusion, barrière de la langue.",0,0,0.6011828205064167,0.2596348778517672,0.1391823016418161
PROD_00117,2026-01-04 12:16:02.780926975,59.1,Bac+2,0.8,D1503,02655,0.0,0,Compétences à réactualiser sur les outils numériques. Motivation correcte.,2,2,0.1390078228462374,0.21417112012344003,0.6468210570303226
PROD_00118,2026-01-04 12:59:15.625208402,62.1,Bac,5.0,J1506,21649,1.0,0,"Excellente présentation, compétences techniques à jour. Reprise rapide visée.",0,0,0.633830982994326,0.14255002215243115,0.2236189948532428
PROD_00119,2026-01-04 13:42:28.469489829,35.1,Bac+2,2.4,C1302,58265,1.0,0,Freins périphériques majeurs. Situation d'illettrisme numérique constatée.,0,0,0.6893139558996809,0.16584808879840113,0.14483795530191795
PROD_00120,2026-01-04 14:25:41.313771257,60.1,Bac,0.9,C1302,28281,0.0,0,Compétences à réactualiser sur les outils numériques. Motivation correcte.,1,1,0.12999756457359804,0.6751172772131121,0.1948851582132899
PROD_00121,2026-01-04 15:08:54.158052684,44.1,Bac,2.6,K2111,88078,0.0,0,"Excellente présentation, compétences techniques à jour. Reprise rapide visée.",1,1,0.27550293771360634,0.5961473506654068,0.12834971162098685
PROD_00122,2026-01-04 15:52:07.002334111,46.1,Sans diplôme,2.0,A1501,59263,0.0,0,"Profil autonome, recherche active, aucun frein périphérique identifié.",1,1,0.2235264015452631,0.6070121098771841,0.16946148857755272
PROD_00123,2026-01-04 16:35:19.846615538,57.1,Bac+5,2.6,K1903,49110,1.0,0,Problème ponctuel de mobilité géographique. Zone mal desservie.,1,1,0.14778079405484962,0.6370951802111671,0.21512402573398326
PROD_00124,2026-01-04 17:18:32.690896965,60.1,Bac+5,3.0,D1502,26176,0.0,0,Problème ponctuel de mobilité géographique. Zone mal desservie.,1,1,0.17223427264125438,0.6608521127904758,0.1669136145682698
PROD_00125,2026-01-04 18:01:45.535178392,58.1,Sans diplôme,0.3,H2502,07030,0.0,0,Compétences à réactualiser sur les outils numériques. Motivation correcte.,1,1,0.1328249289240614,0.701542937150139,0.16563213392579956
PROD_00126,2026-01-04 18:44:58.379459819,41.1,Bac,11.5,M1801,71445,1.0,0,"Candidat très dynamique, mobilité nationale validée. Projet clair.",1,1,0.14065557257565844,0.6390074184760262,0.22033700894831543
PROD_00127,2026-01-04 19:28:11.223741247,51.1,Bac,0.5,K1903,34276,1.0,0,Projet de reconversion à affiner. Besoin d'une formation complémentaire.,1,1,0.13931465677643196,0.6682319391212943,0.19245340410227374
PROD_00128,2026-01-04 20:11:24.068022674,56.1,Bac,0.5,M1705,22045,1.0,0,Cumul de difficultés. Pas de moyen de transport et garde d'enfants complexe.,2,2,0.20116400637995158,0.1834592062140087,0.6153767874060397
PROD_00129,2026-01-04 20:54:36.912304101,41.1,Bac+5,4.8,K2106,61426,0.0,0,Compétences à réactualiser sur les outils numériques. Motivation correcte.,0,0,0.6024706806341728,0.16629771048800868,0.23123160887781857
PROD_00130,2026-01-04 21:37:49.756585528,58.1,Sans diplôme,0.3,H2502,07030,0.0,0,Compétences à réactualiser sur les outils numériques. Motivation correcte.,1,1,0.17811521097755653,0.6045184767185252,0.21736631230391823
PROD_00131,2026-01-04 22:21:02.600866955,61.1,Bac+5,2.6,A1203,62864,1.0,0,Problème ponctuel de mobilité géographique. Zone mal desservie.,1,1,0.15115090564655687,0.6640156822720378,0.18483341208140536
PROD_00132,2026-01-04 23:04:15.445148382,50.1,Bac,3.3,C1201,51547,1.0,0,Information non renseignee,0,0,0.6707028236911403,0.1505267405702104,0.17877043573864929
PROD_00133,2026-01-04 23:47:28.289429809,25.1,Bac+5,0.1,N1303,12101,1.0,0,"Perte de confiance importante. Risque d'exclusion, barrière de la langue.",0,0,0.6266250220056044,0.1412506306890382,0.23212434730535736
PROD_00134,2026-01-05 00:30:41.133711237,61.1,Bac,5.6,N4101,65125,1.0,0,Problème ponctuel de mobilité géographique. Zone mal desservie.,1,1,0.16311480755208704,0.6730793952304747,0.16380579721743826
PROD_00135,2026-01-05 01:13:53.977992664,22.1,Bac,5.6,N4101,57384,1.0,0,Problème ponctuel de mobilité géographique. Zone mal desservie.,1,1,0.13881135240584788,0.6081585573880292,0.253030090206123
PROD_00136,2026-01-05 01:57:06.822274091,32.1,Sans diplôme,1.4,G1801,16364,0.0,0,"Perte de confiance importante. Risque d'exclusion, barrière de la langue.",1,1,0.18563871223059242,0.6473039789359017,0.16705730883350578
PROD_00137,2026-01-05 02:40:19.666555518,38.1,Bac,9.0,C1302,80726,0.0,0,Cumul de difficultés. Pas de moyen de transport et garde d'enfants complexe.,2,2,0.14175612713333124,0.208429930832769,0.6498139420338997
PROD_00138,2026-01-05 03:23:32.510836945,62.1,Bac,1.8,M1805,34195,1.0,0,"Perte de confiance importante. Risque d'exclusion, barrière de la langue.",1,1,0.1680566716467526,0.6177991076242211,0.21414422072902628
PROD_00139,2026-01-05 04:06:45.355118372,27.1,Bac,0.0,M1602,63443,0.0,1,Problème ponctuel de mobilité géographique. Zone mal desservie.,1,1,0.19968355316466152,0.6479728798150997,0.15234356702023888
PROD_00140,2026-01-05 04:49:58.199399799,28.1,Sans diplôme,1.8,C1110,07249,1.0,0,Compétences à réactualiser sur les outils numériques. Motivation correcte.,1,1,0.18670678803623714,0.6855152221615359,0.12777798980222688
PROD_00141,2026-01-05 05:33:11.043681227,49.1,Sans diplôme,1.6,D1503,27341,1.0,0,Information non renseignee,1,1,0.1563797065219164,0.6499124017567671,0.19370789172131653
PROD_00142,2026-01-05 06:16:23.887962654,45.1,Sans diplôme,5.0,K1403,80508,0.0,0,"Profil autonome, recherche active, aucun frein périphérique identifié.",1,1,0.1441307013765536,0.6102515853390337,0.24561771328441273
PROD_00143,2026-01-05 06:59:36.732244081,57.1,Bac+2,1.1,C1102,57659,1.0,0,Problème ponctuel de mobilité géographique. Zone mal desservie.,1,1,0.1468611505954012,0.659867256435547,0.19327159296905183
PROD_00144,2026-01-05 07:42:49.576525508,55.1,Sans diplôme,4.9,A1501,51334,1.0,0,"Profil autonome, recherche active, aucun frein périphérique identifié.",2,2,0.18357925231722946,0.17448733297830754,0.641933414704463
PROD_00145,2026-01-05 08:26:02.420806935,32.1,Bac+2,2.3,K2106,19280,0.0,1,Freins périphériques majeurs. Situation d'illettrisme numérique constatée.,1,1,0.14754443629802688,0.6556271915549294,0.19682837214704363
PROD_00146,2026-01-05 09:09:15.265088362,46.1,Bac+5,1.4,M1501,69231,0.0,0,"Excellente présentation, compétences techniques à jour. Reprise rapide visée.",0,0,0.6710448845028825,0.15752599395697353,0.171429121540144
PROD_00147,2026-01-05 09:52:28.109369789,60.1,Bac+2,3.1,D1503,76613,0.0,0,Freins périphériques majeurs. Situation d'illettrisme numérique constatée.,1,1,0.14687977340887262,0.6606381198726323,0.19248210671849508
PROD_00148,2026-01-05 10:35:40.953651217,36.1,Bac+5,2.0,D1406,77071,0.0,0,"Perte de confiance importante. Risque d'exclusion, barrière de la langue.",0,0,0.6154892343143202,0.24634476235984293,0.13816600332583684
PROD_00149,2026-01-05 11:18:53.797932644,47.1,Bac,0.1,C1110,23012,1.0,0,"Excellente présentation, compétences techniques à jour. Reprise rapide visée.",0,0,0.5964696951955666,0.21947971101950756,0.18405059378492586
PROD_00150,2026-01-05 12:02:06.642214071,23.1,Bac+2,4.1,A1401,72048,1.0,0,Compétences à réactualiser sur les outils numériques. Motivation correcte.,1,1,0.1522462312659117,0.689808087875688,0.15794568085840033
PROD_00151,2026-01-05 12:45:19.486495498,62.1,Bac+5,0.2,M1607,22002,1.0,0,Projet de reconversion à affiner. Besoin d'une formation complémentaire.,0,0,0.6602774446793611,0.13984281258391998,0.1998797427367189
PROD_00152,2026-01-05 13:28:32.330776925,20.1,Bac,10.3,J1301,77253,1.0,0,Problème ponctuel de mobilité géographique. Zone mal desservie.,0,0,0.6102661343676434,0.23712007660510998,0.1526137890272466
PROD_00153,2026-01-05 14:11:45.175058352,27.1,Bac+5,0.8,K1601,74208,0.0,0,"Candidat très dynamique, mobilité nationale validée. Projet clair.",0,0,0.6700297706993152,0.15429370438532358,0.17567652491536118
PROD_00154,2026-01-05 14:54:58.019339779,43.1,Bac,1.1,I1304,07208,1.0,0,Cumul de difficultés. Pas de moyen de transport et garde d'enfants complexe.,0,0,0.6012601354949015,0.16803271991467952,0.23070714459041894
PROD_00155,2026-01-05 15:38:10.863621207,47.1,Bac+5,0.4,A1203,12093,1.0,0,Freins périphériques majeurs. Situation d'illettrisme numérique constatée.,0,0,0.6827634304818649,0.1793730248284838,0.13786354468965126
PROD_00156,2026-01-05 16:21:23.707902634,44.1,Bac,0.2,N1301,13071,1.0,0,"Perte de confiance importante. Risque d'exclusion, barrière de la langue.",2,2,0.1471201476313761,0.20844537368596466,0.6444344786826592
PROD_00157,2026-01-05 17:04:36.552184061,34.1,Bac,2.6,G1203,88483,0.0,0,Problème ponctuel de mobilité géographique. Zone mal desservie.,1,1,0.22798035580660234,0.6311529919890112,0.14086665220438643
PROD_00158,2026-01-05 17:47:49.396465488,19.1,Bac,0.4,K2101,19268,1.0,0,Compétences à réactualiser sur les outils numériques. Motivation correcte.,1,1,0.200205817556935,0.6482077211741478,0.15158646126891717
PROD_00159,2026-01-05 18:31:02.240746915,62.1,Bac+2,1.2,N1301,63304,1.0,0,Problème ponctuel de mobilité géographique. Zone mal desservie.,0,0,0.6869896958498598,0.18322881425163332,0.12978148989850688
PROD_00160,2026-01-05 19:14:15.085028342,24.1,Bac+2,0.8,I1304,30329,0.0,0,"Excellente présentation, compétences techniques à jour. Reprise rapide visée.",0,0,0.6898055943071848,0.15223950131564312,0.15795490437717208
PROD_00161,2026-01-05 19:57:27.929309769,45.1,Bac,0.7,N1303,10190,1.0,0,"Profil autonome, recherche active, aucun frein périphérique identifié.",0,0,0.686448371482456,0.13853215120595347,0.17501947731159057
PROD_00162,2026-01-05 20:40:40.773591197,25.1,Sans diplôme,0.6,C1201,63415,0.0,0,Projet de reconversion à affiner. Besoin d'une formation complémentaire.,0,0,0.6275550192453621,0.22719314876478616,0.14525183198985178
PROD_00163,2026-01-05 21:23:53.617872624,21.1,Bac,0.2,H1206,68334,1.0,0,"Candidat très dynamique, mobilité nationale validée. Projet clair.",0,0,0.6551264713480414,0.14753524885965147,0.19733827979230717
PROD_00164,2026-01-05 22:07:06.462154051,25.1,Bac,0.1,N4101,2B036,1.0,1,Projet de reconversion à affiner. Besoin d'une formation complémentaire.,1,1,0.16041406747886167,0.6836962820799827,0.15588965044115566
PROD_00165,2026-01-05 22:50:19.306435478,51.1,Bac+5,3.8,M1607,57629,1.0,0,"Excellente présentation, compétences techniques à jour. Reprise rapide visée.",1,1,0.20662411253231147,0.5962841710762823,0.1970917163914062
PROD_00166,2026-01-05 23:33:32.150716905,28.1,Sans diplôme,4.9,N1301,30264,1.0,0,Projet de reconversion à affiner. Besoin d'une formation complémentaire.,1,1,0.1751632720565754,0.6739008176100729,0.15093591033335163
PROD_00167,2026-01-06 00:16:44.994998332,59.1,Bac+5,3.7,K1903,37022,1.0,0,Projet de reconversion à affiner. Besoin d'une formation complémentaire.,1,1,0.14985836236128713,0.6829089285749644,0.16723270906374843
PROD_00168,2026-01-06 00:59:57.839279759,51.1,Bac+2,0.8,C1302,56264,1.0,0,Problème ponctuel de mobilité géographique. Zone mal desservie.,1,1,0.22707817922648887,0.6370397588502208,0.13588206192329033
PROD_00169,2026-01-06 01:43:10.683561187,53.1,Bac,5.3,K1403,47065,1.0,0,"Perte de confiance importante. Risque d'exclusion, barrière de la langue.",1,1,0.12754238640284046,0.6627779517137425,0.20967966188341702
PROD_00170,2026-01-06 02:26:23.527842614,26.1,Sans diplôme,2.9,K1304,61014,0.0,1,Cumul de difficultés. Pas de moyen de transport et garde d'enfants complexe.,2,2,0.14854397784428203,0.1714643747918239,0.6799916473638941
PROD_00171,2026-01-06 03:09:36.372124041,33.1,Bac,1.3,K1403,10335,1.0,0,"Candidat très dynamique, mobilité nationale validée. Projet clair.",0,0,0.6122140712468135,0.16549984354372033,0.2222860852094662
PROD_00172,2026-01-06 03:52:49.216405468,53.1,Sans diplôme,2.5,M1602,59450,1.0,1,"Profil autonome, recherche active, aucun frein périphérique identifié.",2,2,0.23265183316338406,0.15682300642022184,0.6105251604163942
PROD_00173,2026-01-06 04:36:02.060686895,39.1,Bac,1.5,M1607,67167,0.0,1,Compétences à réactualiser sur les outils numériques. Motivation correcte.,1,1,0.1584108668411005,0.6715021083451053,0.17008702481379423
PROD_00174,2026-01-06 05:19:14.904968322,61.1,Bac,5.2,W1401,70479,1.0,0,Compétences à réactualiser sur les outils numériques. Motivation correcte.,1,1,0.1925562593275124,0.6638854117751456,0.143558328897342
PROD_00175,2026-01-06 06:02:27.749249749,44.1,Sans diplôme,9.5,A1203,86086,1.0,0,"Profil autonome, recherche active, aucun frein périphérique identifié.",0,0,0.6990287321895068,0.17333675308865104,0.12763451472184217
PROD_00176,2026-01-06 06:45:40.593531177,55.1,Bac,2.7,G1601,86248,1.0,0,Problème ponctuel de mobilité géographique. Zone mal desservie.,1,1,0.24485377876210132,0.613968348126592,0.1411778731113067
PROD_00177,2026-01-06 07:28:53.437812604,25.1,Sans diplôme,3.8,M1805,21197,1.0,0,"Excellente présentation, compétences techniques à jour. Reprise rapide visée.",1,1,0.14666072468644423,0.6578719455035759,0.19546732980997994
PROD_00178,2026-01-06 08:12:06.282094031,35.1,Sans diplôme,4.5,H1206,09246,1.0,0,Freins périphériques majeurs. Situation d'illettrisme numérique constatée.,1,1,0.1813511542209498,0.6878414147857387,0.1308074309933115
PROD_00179,2026-01-06 08:55:19.126375458,36.1,Bac+2,2.2,I1304,70538,0.0,0,"Profil autonome, recherche active, aucun frein périphérique identifié.",0,0,0.6951804258559009,0.13694899673591693,0.16787057740818218
PROD_00180,2026-01-06 09:38:31.970656885,49.1,Bac+5,5.8,G1601,65065,1.0,0,"Perte de confiance importante. Risque d'exclusion, barrière de la langue.",0,0,0.7080648423534743,0.14918459999453637,0.1427505576519893
PROD_00181,2026-01-06 10:21:44.814938312,18.1,Bac+5,3.1,N1303,38167,1.0,0,Freins périphériques majeurs. Situation d'illettrisme numérique constatée.,2,2,0.21635107055809996,0.17682009202723215,0.6068288374146679
PROD_00182,2026-01-06 11:04:57.659219739,48.1,Bac+5,4.2,F1603,80118,1.0,1,Problème ponctuel de mobilité géographique. Zone mal desservie.,1,1,0.17624069512752355,0.6453299987783522,0.17842930609412433
PROD_00183,2026-01-06 11:48:10.503501167,32.1,Sans diplôme,3.3,D1503,02495,1.0,0,"Candidat très dynamique, mobilité nationale validée. Projet clair.",2,2,0.1572791429043818,0.20640250445280728,0.6363183526428109
PROD_00184,2026-01-06 12:31:23.347782594,21.1,Bac,3.3,G1801,39126,1.0,0,"Perte de confiance importante. Risque d'exclusion, barrière de la langue.",1,1,0.2229434493674832,0.6070063848102475,0.17005016582226928
PROD_00185,2026-01-06 13:14:36.192064021,25.1,Bac,3.6,N4101,81126,1.0,0,"Perte de confiance importante. Risque d'exclusion, barrière de la langue.",2,2,0.21932133702166876,0.1677255829791967,0.6129530799991345
PROD_00186,2026-01-06 13:57:49.036345448,33.1,Bac+5,5.3,K2111,39162,0.0,1,"Profil autonome, recherche active, aucun frein périphérique identifié.",0,0,0.6032157246259433,0.219912895591114,0.1768713797829427
PROD_00187,2026-01-06 14:41:01.880626875,50.1,Bac,1.1,A1401,38426,1.0,0,Information non renseignee,1,1,0.20211568322733098,0.6540826470547909,0.1438016697178781
PROD_00188,2026-01-06 15:24:14.724908302,57.1,Bac+5,0.6,W1401,17083,0.0,0,Compétences à réactualiser sur les outils numériques. Motivation correcte.,1,1,0.21184596442687437,0.5971015758393972,0.19105245973372842
PROD_00189,2026-01-06 16:07:27.569189729,43.1,Bac+2,1.9,D1210,31408,0.0,0,"Profil autonome, recherche active, aucun frein périphérique identifié.",0,0,0.6287704588885499,0.2373459148646878,0.1338836262467623
PROD_00190,2026-01-06 16:50:40.413471157,46.1,Bac+2,1.4,G1602,08351,1.0,0,"Excellente présentation, compétences techniques à jour. Reprise rapide visée.",0,0,0.6405722249649899,0.14952407027117845,0.20990370476383166
PROD_00191,2026-01-06 17:33:53.257752584,51.1,Bac,3.9,M1602,28015,1.0,0,"Profil autonome, recherche active, aucun frein périphérique identifié.",2,2,0.14717397465867346,0.16611724370594622,0.6867087816353803
PROD_00192,2026-01-06 18:17:06.102034011,41.1,Sans diplôme,4.0,I1304,55008,0.0,0,"Profil autonome, recherche active, aucun frein périphérique identifié.",0,0,0.6249240708216022,0.24271941078639456,0.13235651839200327
PROD_00193,2026-01-06 19:00:18.946315438,23.1,Bac,7.2,H1206,31273,0.0,0,"Candidat très dynamique, mobilité nationale validée. Projet clair.",0,0,0.6212331423078582,0.1297504167110513,0.2490164409810905
PROD_00194,2026-01-06 19:43:31.790596865,19.1,Bac,6.8,D1406,29295,1.0,0,Compétences à réactualiser sur les outils numériques. Motivation correcte.,1,1,0.17997880566392727,0.6834490755941504,0.13657211874192232
PROD_00195,2026-01-06 20:26:44.634878292,41.1,Bac,0.5,A1203,90083,0.0,0,Projet de reconversion à affiner. Besoin d'une formation complémentaire.,1,1,0.1846850781312517,0.6164123111257486,0.19890261074299975
PROD_00196,2026-01-06 21:09:57.479159719,40.1,Sans diplôme,1.1,C1302,47215,0.0,0,"Excellente présentation, compétences techniques à jour. Reprise rapide visée.",1,1,0.16635598401092166,0.6485689092301068,0.18507510675897154
PROD_00197,2026-01-06 21:53:10.323441147,21.1,Sans diplôme,1.0,M1806,58038,0.0,0,Freins périphériques majeurs. Situation d'illettrisme numérique constatée.,2,2,0.23805720336442887,0.16657533366081628,0.595367462974755
PROD_00198,2026-01-06 22:36:23.167722574,53.1,Bac+2,1.7,N4301,52219,1.0,0,Freins périphériques majeurs. Situation d'illettrisme numérique constatée.,1,1,0.1453236270359267,0.6896789242428544,0.1649974487212189
PROD_00199,2026-01-06 23:19:36.012004001,35.1,Bac+2,1.2,A1203,57623,0.0,0,"Candidat très dynamique, mobilité nationale validée. Projet clair.",1,1,0.24612404813652872,0.6177895896500808,0.13608636221339043
PROD_00200,2026-01-07 00:02:48.856285428,21.1,Bac+2,1.9,M1501,63327,0.0,0,"Profil autonome, recherche active, aucun frein périphérique identifié.",1,1,0.1377367457789159,0.706076941813703,0.15618631240738112
PROD_00201,2026-01-07 00:46:01.700566855,54.1,Bac,0.5,H2502,25364,1.0,0,Compétences à réactualiser sur les outils numériques. Motivation correcte.,1,1,0.15788589761464253,0.6509693940454934,0.19114470833986408
PROD_00202,2026-01-07 01:29:14.544848282,60.1,Bac+5,13.0,N1301,26019,1.0,0,"Excellente présentation, compétences techniques à jour. Reprise rapide visée.",0,0,0.6213354565847703,0.13701897508175118,0.24164556833347853
PROD_00203,2026-01-07 02:12:27.389129709,25.1,Bac+5,4.3,W1401,21631,1.0,1,"Excellente présentation, compétences techniques à jour. Reprise rapide visée.",0,0,0.6080439669864929,0.23579621530451628,0.15615981770899084
PROD_00204,2026-01-07 02:55:40.233411137,41.1,Bac+2,2.5,G1601,68032,1.0,0,Compétences à réactualiser sur les outils numériques. Motivation correcte.,1,1,0.19162535886551596,0.6677855005633777,0.14058914057110639
PROD_00205,2026-01-07 03:38:53.077692564,40.1,Bac,2.3,J1506,21195,0.0,0,"Candidat très dynamique, mobilité nationale validée. Projet clair.",0,0,0.6108784713266586,0.17933764848827247,0.2097838801850689
PROD_00206,2026-01-07 04:22:05.921973991,19.1,Bac+2,0.4,M1501,27366,1.0,0,"Perte de confiance importante. Risque d'exclusion, barrière de la langue.",1,1,0.161311266994231,0.6882888600920191,0.1503998729137499
PROD_00207,2026-01-07 05:05:18.766255418,30.1,Sans diplôme,1.3,A1301,11113,1.0,0,"Profil autonome, recherche active, aucun frein périphérique identifié.",0,0,0.6259023221725661,0.24378077404145257,0.1303169037859813
PROD_00208,2026-01-07 05:48:31.610536845,31.1,Bac,10.0,K2101,17159,1.0,0,"Perte de confiance importante. Risque d'exclusion, barrière de la langue.",2,2,0.21334618938937677,0.1424381150239687,0.6442156955866545
PROD_00209,2026-01-07 06:31:44.454818272,56.1,Bac,3.5,M1607,01073,0.0,0,Cumul de difficultés. Pas de moyen de transport et garde d'enfants complexe.,2,2,0.12825851877440408,0.14552956758348484,0.726211913642111
PROD_00210,2026-01-07 07:14:57.299099699,53.1,Bac,0.0,D1503,53165,0.0,0,Cumul de difficultés. Pas de moyen de transport et garde d'enfants complexe.,2,2,0.2313212053163593,0.15648021227009412,0.6121985824135465
PROD_00211,2026-01-07 07:58:10.143381127,55.1,Bac,2.7,G1601,86248,1.0,0,Problème ponctuel de mobilité géographique. Zone mal desservie.,1,1,0.1539110380233853,0.6072799726842043,0.23880898929241046
PROD_00212,2026-01-07 08:41:22.987662554,58.1,Bac,4.8,C1110,39028,1.0,0,Freins périphériques majeurs. Situation d'illettrisme numérique constatée.,2,2,0.16331301299255235,0.1626419205489335,0.674045066458514
PROD_00213,2026-01-07 09:24:35.831943981,58.1,Bac+5,1.3,C1102,14593,0.0,0,Projet de reconversion à affiner. Besoin d'une formation complémentaire.,1,1,0.15053871771482413,0.7116975685464609,0.137763713738715
PROD_00214,2026-01-07 10:07:48.676225408,49.1,Bac+5,1.6,K1304,81064,1.0,0,Cumul de difficultés. Pas de moyen de transport et garde d'enfants complexe.,0,0,0.6659528155330725,0.14778043130642632,0.18626675316050118
PROD_00215,2026-01-07 10:51:01.520506835,45.1,Bac,4.1,H1504,50247,1.0,0,Compétences à réactualiser sur les outils numériques. Motivation correcte.,1,1,0.20622511237329816,0.6224738703213556,0.1713010173053463
PROD_00216,2026-01-07 11:34:14.364788262,54.1,Bac,0.6,M1801,22198,0.0,0,Cumul de difficultés. Pas de moyen de transport et garde d'enfants complexe.,2,2,0.15561404129489237,0.1726651416085226,0.6717208170965852
PROD_00217,2026-01-07 12:17:27.209069689,24.1,Bac,4.5,H1504,56248,1.0,1,Compétences à réactualiser sur les outils numériques. Motivation correcte.,1,1,0.15111872276220414,0.6095202246086089,0.23936105262918694
PROD_00218,2026-01-07 13:00:40.053351117,45.1,Bac,13.8,A1203,65073,1.0,0,Projet de reconversion à affiner. Besoin d'une formation complémentaire.,1,1,0.23195574238696917,0.6178077982501792,0.15023645936285168
PROD_00219,2026-01-07 13:43:52.897632544,28.1,Sans diplôme,0.3,G1602,80622,0.0,0,"Candidat très dynamique, mobilité nationale validée. Projet clair.",0,0,0.6089563194929364,0.19919357972613483,0.1918501007809288
PROD_00220,2026-01-07 14:27:05.741913971,47.1,Bac+2,0.9,G1801,76221,0.0,0,"Candidat très dynamique, mobilité nationale validée. Projet clair.",0,0,0.6863162157052608,0.1424149880600301,0.1712687962347091
PROD_00221,2026-01-07 15:10:18.586195398,26.1,Bac,10.1,G1801,83098,1.0,0,"Candidat très dynamique, mobilité nationale validée. Projet clair.",1,1,0.19724743460524896,0.6559416197180183,0.1468109456767327
PROD_00222,2026-01-07 15:53:31.430476825,63.1,Bac+5,3.0,A1501,59495,0.0,0,Compétences à réactualiser sur les outils numériques. Motivation correcte.,1,1,0.1447325918926364,0.6418247992723966,0.21344260883496702
PROD_00223,2026-01-07 16:36:44.274758252,63.1,Bac+5,2.1,D1502,82093,1.0,0,Problème ponctuel de mobilité géographique. Zone mal desservie.,1,1,0.21440469123537859,0.6058679487026221,0.1797273600619994
PROD_00224,2026-01-07 17:19:57.119039680,33.1,Bac,2.3,A1203,21295,1.0,0,Compétences à réactualiser sur les outils numériques. Motivation correcte.,1,1,0.16365144016816338,0.651228593885013,0.18511996594682367
PROD_00225,2026-01-07 18:03:09.963321107,32.1,Bac+2,2.3,C1501,64354,1.0,0,"Excellente présentation, compétences techniques à jour. Reprise rapide visée.",1,1,0.13049577629827697,0.686639359906352,0.18286486379537092
PROD_00226,2026-01-07 18:46:22.807602534,37.1,Sans diplôme,3.1,D1401,80157,1.0,0,Information non renseignee,1,1,0.20651911551630064,0.645070570954868,0.14841031352883138
PROD_00227,2026-01-07 19:29:35.651883961,51.1,Bac+5,1.8,K2111,16381,1.0,0,Freins périphériques majeurs. Situation d'illettrisme numérique constatée.,1,1,0.2513362073166538,0.61240804407343,0.13625574860991618
PROD_00228,2026-01-07 20:12:48.496165388,43.1,Bac+2,5.5,H2502,48099,1.0,0,"Profil autonome, recherche active, aucun frein périphérique identifié.",0,0,0.6686751219555318,0.1356825863553079,0.1956422916891603
PROD_00229,2026-01-07 20:56:01.340446815,46.1,Bac+2,11.1,W1401,03056,1.0,0,Problème ponctuel de mobilité géographique. Zone mal desservie.,1,1,0.16655314115061104,0.660590047837298,0.17285681101209094
PROD_00230,2026-01-07 21:39:14.184728242,41.1,Bac+5,10.1,C1110,24409,0.0,1,"Profil autonome, recherche active, aucun frein périphérique identifié.",0,0,0.611825372436949,0.18775280834856672,0.20042181921448426
PROD_00231,2026-01-07 22:22:27.029009669,61.1,Bac+2,2.5,H2502,81027,1.0,0,"Profil autonome, recherche active, aucun frein périphérique identifié.",1,1,0.18088571565251121,0.6834834147626312,0.1356308695848576
PROD_00232,2026-01-07 23:05:39.873291097,37.1,Bac+2,0.5,H1504,60677,0.0,0,"Candidat très dynamique, mobilité nationale validée. Projet clair.",0,0,0.6011302928583085,0.23703131427052815,0.1618383928711633
PROD_00233,2026-01-07 23:48:52.717572524,48.1,Bac+2,4.6,M1203,57717,0.0,0,"Candidat très dynamique, mobilité nationale validée. Projet clair.",0,0,0.6728860362277025,0.1571791342856198,0.1699348294866777
PROD_00234,2026-01-08 00:32:05.561853951,52.1,Bac+5,1.1,J1301,46155,1.0,0,"Excellente présentation, compétences techniques à jour. Reprise rapide visée.",0,0,0.6648441984221715,0.1714734636975022,0.16368233788032635
PROD_00235,2026-01-08 01:15:18.406135378,58.1,Sans diplôme,0.3,H1504,57689,0.0,0,"Profil autonome, recherche active, aucun frein périphérique identifié.",0,0,0.6353860030741459,0.13935930622253528,0.22525469070331877
PROD_00236,2026-01-08 01:58:31.250416805,49.1,Bac+5,1.8,J1506,28349,0.0,0,Compétences à réactualiser sur les outils numériques. Motivation correcte.,2,2,0.15376052413073296,0.1647282728286977,0.6815112030405693
PROD_00237,2026-01-08 02:41:44.094698232,19.1,Bac,1.7,A1501,24004,1.0,1,"Candidat très dynamique, mobilité nationale validée. Projet clair.",1,1,0.15726790834062174,0.6209301595527192,0.221801932106659
PROD_00238,2026-01-08 03:24:56.938979659,55.1,Bac+2,5.9,K1601,46246,0.0,0,"Perte de confiance importante. Risque d'exclusion, barrière de la langue.",2,2,0.14350186238613427,0.22149760598901336,0.6350005316248524
PROD_00239,2026-01-08 04:08:09.783261087,59.1,Bac,0.4,M1501,41096,0.0,0,Freins périphériques majeurs. Situation d'illettrisme numérique constatée.,2,2,0.18863473523286117,0.1987226272724978,0.612642637494641
PROD_00240,2026-01-08 04:51:22.627542514,48.1,Bac+2,1.6,H1504,49090,1.0,0,Cumul de difficultés. Pas de moyen de transport et garde d'enfants complexe.,1,1,0.16481928975253632,0.6618702384347334,0.1733104718127303
PROD_00241,2026-01-08 05:34:35.471823941,39.1,Bac,3.2,M1602,59013,1.0,0,Freins périphériques majeurs. Situation d'illettrisme numérique constatée.,1,1,0.15148735175374684,0.714209453859032,0.13430319438722116
PROD_00242,2026-01-08 06:17:48.316105368,41.1,Bac+2,0.7,D1401,70195,1.0,0,"Excellente présentation, compétences techniques à jour. Reprise rapide visée.",0,0,0.6500511709004799,0.14663584001145083,0.20331298908806925
PROD_00243,2026-01-08 07:01:01.160386795,59.1,Bac,3.0,K2111,76537,1.0,0,Cumul de difficultés. Pas de moyen de transport et garde d'enfants complexe.,1,1,0.12903950554015894,0.724813823627025,0.14614667083281607
PROD_00244,2026-01-08 07:44:14.004668222,57.1,Bac+2,2.1,N4101,32382,0.0,0,Problème ponctuel de mobilité géographique. Zone mal desservie.,1,1,0.20052416826045039,0.6075945133107118,0.19188131842883782
PROD_00245,2026-01-08 08:27:26.848949649,43.1,Bac+2,2.4,A1203,72135,1.0,0,Compétences à réactualiser sur les outils numériques. Motivation correcte.,1,1,0.14309338071378586,0.6298197658616443,0.2270868534245698
PROD_00246,2026-01-08 09:10:39.693231077,29.1,Bac+5,1.3,C1102,40101,1.0,1,Compétences à réactualiser sur les outils numériques. Motivation correcte.,1,1,0.17452973914739991,0.6011557429820372,0.2243145178705629
PROD_00247,2026-01-08 09:53:52.537512504,56.1,Sans diplôme,0.2,M1705,66195,0.0,0,"Perte de confiance importante. Risque d'exclusion, barrière de la langue.",2,2,0.16319610565965464,0.1804241980111604,0.6563796963291849
PROD_00248,2026-01-08 10:37:05.381793931,27.1,Bac,4.9,G1203,90014,0.0,0,Cumul de difficultés. Pas de moyen de transport et garde d'enfants complexe.,2,2,0.14876678857520795,0.1555039740206641,0.695729237404128
PROD_00249,2026-01-08 11:20:18.226075358,22.1,Bac+5,1.6,D1401,90035,1.0,0,Problème ponctuel de mobilité géographique. Zone mal desservie.,0,0,0.6049564211370181,0.19290064830973597,0.20214293055324595
PROD_00250,2026-01-08 12:03:31.070356785,46.1,Bac,2.1,G1801,55516,1.0,0,Problème ponctuel de mobilité géographique. Zone mal desservie.,1,1,0.1876617323580833,0.6800921849408039,0.1322460827011127
PROD_00251,2026-01-08 12:46:43.914638212,31.1,Bac+2,1.8,I1304,57328,1.0,0,"Perte de confiance importante. Risque d'exclusion, barrière de la langue.",0,0,0.6376794679780381,0.20889836035020867,0.15342217167175323
PROD_00252,2026-01-08 13:29:56.758919639,48.1,Bac+5,1.7,D1401,31224,0.0,0,"Profil autonome, recherche active, aucun frein périphérique identifié.",0,0,0.6410560785566409,0.14328068410582073,0.21566323733753834
PROD_00253,2026-01-08 14:13:09.603201067,45.1,Bac,2.0,C1201,21365,1.0,0,Cumul de difficultés. Pas de moyen de transport et garde d'enfants complexe.,0,0,0.6832768947774168,0.16248313435322886,0.15423997086935431
PROD_00254,2026-01-08 14:56:22.447482494,41.1,Bac,2.3,A1301,73095,1.0,0,Projet de reconversion à affiner. Besoin d'une formation complémentaire.,1,1,0.16628685378963504,0.604339182479986,0.229373963730379
PROD_00255,2026-01-08 15:39:35.291763921,19.1,Bac,1.4,C1102,18224,1.0,0,Problème ponctuel de mobilité géographique. Zone mal desservie.,0,0,0.7089680655621322,0.1346175418667785,0.1564143925710893
PROD_00256,2026-01-08 16:22:48.136045348,28.1,Bac,0.1,H1504,06076,0.0,0,"Perte de confiance importante. Risque d'exclusion, barrière de la langue.",1,1,0.19008976909658987,0.6443686196888938,0.16554161121451627
PROD_00257,2026-01-08 17:06:00.980326775,43.1,Bac,4.0,M1802,63082,0.0,1,Projet de reconversion à affiner. Besoin d'une formation complémentaire.,0,0,0.5966005021883002,0.24033741954400512,0.1630620782676947
PROD_00258,2026-01-08 17:49:13.824608202,41.1,Bac+5,1.5,M1805,25445,1.0,0,"Excellente présentation, compétences techniques à jour. Reprise rapide visée.",0,0,0.7223297390901444,0.14988350775273826,0.12778675315711732
PROD_00259,2026-01-08 18:32:26.668889629,19.1,Sans diplôme,1.1,W1401,02259,0.0,1,Projet de reconversion à affiner. Besoin d'une formation complémentaire.,2,2,0.18223447581951774,0.15408249765573914,0.6636830265247431
PROD_00260,2026-01-08 19:15:39.513171057,54.1,Bac+5,7.2,C1302,51166,1.0,0,Projet de reconversion à affiner. Besoin d'une formation complémentaire.,1,1,0.1469803106517764,0.6843005910262385,0.16871909832198506
PROD_00261,2026-01-08 19:58:52.357452484,40.1,Bac,1.6,N1303,46060,0.0,0,"Profil autonome, recherche active, aucun frein périphérique identifié.",0,0,0.6061449944207039,0.17561345474579973,0.21824155083349636
PROD_00262,2026-01-08 20:42:05.201733911,45.1,Bac+5,1.2,M1607,34311,0.0,0,"Candidat très dynamique, mobilité nationale validée. Projet clair.",0,0,0.6420401933459112,0.20611162014075823,0.15184818651333054
PROD_00263,2026-01-08 21:25:18.046015338,30.1,Bac,0.8,G1602,33172,0.0,0,Projet de reconversion à affiner. Besoin d'une formation complémentaire.,0,0,0.7061196968094309,0.136706394638318,0.15717390855225113
PROD_00264,2026-01-08 22:08:30.890296765,56.1,Bac+5,5.3,C1302,23258,0.0,0,Projet de reconversion à affiner. Besoin d'une formation complémentaire.,1,1,0.14653039040079968,0.635407552115412,0.21806205748378826
PROD_00265,2026-01-08 22:51:43.734578192,57.1,Bac,1.0,G1602,37115,1.0,0,Projet de reconversion à affiner. Besoin d'une formation complémentaire.,1,1,0.19295338394353576,0.6258879697877037,0.18115864626876055
PROD_00266,2026-01-08 23:34:56.578859619,45.1,Bac,13.8,A1203,65073,1.0,0,Projet de reconversion à affiner. Besoin d'une formation complémentaire.,1,1,0.14169161600666447,0.7140315144310414,0.14427686956229413
PROD_00267,2026-01-09 00:18:09.423141047,60.1,Sans diplôme,3.0,N4301,60142,1.0,0,Cumul de difficultés. Pas de moyen de transport et garde d'enfants complexe.,2,2,0.15558424379872593,0.22842978205122544,0.6159859741500486
PROD_00268,2026-01-09 01:01:22.267422474,51.1,Bac+2,0.8,K2111,10138,0.0,0,"Excellente présentation, compétences techniques à jour. Reprise rapide visée.",1,1,0.18703323161611182,0.6444186579483948,0.16854811043549334
PROD_00269,2026-01-09 01:44:35.111703901,49.1,Bac+5,3.1,M1802,10209,1.0,0,"Profil autonome, recherche active, aucun frein périphérique identifié.",0,0,0.6695334168973478,0.16252780954389034,0.16793877355876186
PROD_00270,2026-01-09 02:27:47.955985328,34.1,Bac,2.4,N1303,88108,0.0,1,Compétences à réactualiser sur les outils numériques. Motivation correcte.,1,1,0.15888950233088495,0.6975062654299654,0.14360423223914964
PROD_00271,2026-01-09 03:11:00.800266755,57.1,Bac+2,0.3,N1303,14748,0.0,0,"Excellente présentation, compétences techniques à jour. Reprise rapide visée.",1,1,0.16224555542080615,0.7018698526995786,0.1358845918796152
PROD_00272,2026-01-09 03:54:13.644548182,62.1,Bac+2,1.2,K1304,59007,1.0,0,Problème ponctuel de mobilité géographique. Zone mal desservie.,1,1,0.19909932270182318,0.6694494556233679,0.13145122167480894
PROD_00273,2026-01-09 04:37:26.488829609,52.1,Bac+5,0.9,N4101,40212,1.0,0,Compétences à réactualiser sur les outils numériques. Motivation correcte.,1,1,0.19551496439653948,0.6385294750714916,0.16595556053196892
PROD_00274,2026-01-09 05:20:39.333111037,59.1,Bac,0.1,H2502,21418,1.0,0,Problème ponctuel de mobilité géographique. Zone mal desservie.,1,1,0.17696096814163748,0.604148160372721,0.21889087148564146
PROD_00275,2026-01-09 06:03:52.177392464,56.1,Bac,1.6,A1202,81067,0.0,0,Projet de reconversion à affiner. Besoin d'une formation complémentaire.,1,1,0.24784642907728446,0.6085301754417424,0.14362339548097314
PROD_00276,2026-01-09 06:47:05.021673891,43.1,Bac+2,1.5,G1801,42135,1.0,1,"Candidat très dynamique, mobilité nationale validée. Projet clair.",1,1,0.1865582641547079,0.6447504703221907,0.16869126552310143
PROD_00277,2026-01-09 07:30:17.865955318,57.1,Bac+5,0.3,G1601,80372,1.0,0,"Perte de confiance importante. Risque d'exclusion, barrière de la langue.",1,1,0.1295644069790413,0.6178518336569481,0.25258375936401056
PROD_00278,2026-01-09 08:13:30.710236745,23.1,Bac,0.2,G1601,35253,1.0,0,Compétences à réactualiser sur les outils numériques. Motivation correcte.,1,1,0.19439186907926653,0.6083894316809505,0.19721869923978297
PROD_00279,2026-01-09 08:56:43.554518172,50.1,Bac+5,6.0,G1601,45316,1.0,0,"Candidat très dynamique, mobilité nationale validée. Projet clair.",0,0,0.5987875017473213,0.14693112819332915,0.25428137005934953
PROD_00280,2026-01-09 09:39:56.398799599,37.1,Bac,2.5,M1203,02355,1.0,0,Freins périphériques majeurs. Situation d'illettrisme numérique constatée.,1,1,0.18404462011649123,0.6498763880003418,0.166078991883167
PROD_00281,2026-01-09 10:23:09.243081027,49.1,Bac+5,0.9,M1602,14680,1.0,0,"Excellente présentation, compétences techniques à jour. Reprise rapide visée.",0,0,0.6542503314162349,0.1375370847961206,0.2082125837876445
PROD_00282,2026-01-09 11:06:22.087362454,18.1,Bac+2,3.8,A1501,76594,1.0,0,"Candidat très dynamique, mobilité nationale validée. Projet clair.",1,1,0.1976938948506039,0.5989956490711179,0.20331045607827813
PROD_00283,2026-01-09 11:49:34.931643881,20.1,Bac,0.0,C1110,02454,1.0,0,Problème ponctuel de mobilité géographique. Zone mal desservie.,1,1,0.16485822565621897,0.6315610912287904,0.20358068311499056
PROD_00284,2026-01-09 12:32:47.775925308,41.1,Bac+2,4.0,N1101,71313,1.0,0,"Profil autonome, recherche active, aucun frein périphérique identifié.",0,0,0.6127183195615135,0.1306545020340969,0.25662717840438964
PROD_00285,2026-01-09 13:16:00.620206735,56.1,Bac,1.5,K1201,21011,1.0,1,Cumul de difficultés. Pas de moyen de transport et garde d'enfants complexe.,2,2,0.20492844274415573,0.16318282606075496,0.6318887311950893
PROD_00286,2026-01-09 13:59:13.464488162,50.1,Bac,0.2,C1201,68062,1.0,0,Freins périphériques majeurs. Situation d'illettrisme numérique constatée.,0,0,0.6315644756442412,0.2388980512959376,0.12953747305982116
PROD_00287,2026-01-09 14:42:26.308769589,26.1,Bac+5,0.5,D1210,47111,1.0,0,"Excellente présentation, compétences techniques à jour. Reprise rapide visée.",0,0,0.6010813454761326,0.16500935854189647,0.23390929598197097
PROD_00288,2026-01-09 15:25:39.153051017,22.1,Bac,3.2,J1301,07051,1.0,0,Problème ponctuel de mobilité géographique. Zone mal desservie.,0,0,0.660515728669232,0.16101851459251737,0.1784657567382506
PROD_00289,2026-01-09 16:08:51.997332444,40.1,Bac+2,0.3,C1501,65450,1.0,1,"Profil autonome, recherche active, aucun frein périphérique identifié.",1,1,0.18025697358341225,0.6516964061723736,0.16804662024421413
PROD_00290,2026-01-09 16:52:04.841613871,40.1,Bac,11.9,K1201,72144,1.0,0,Problème ponctuel de mobilité géographique. Zone mal desservie.,1,1,0.2491083015956452,0.6123885189906295,0.13850317941372525
PROD_00291,2026-01-09 17:35:17.685895298,27.1,Bac+5,7.3,N4101,77227,1.0,0,"Excellente présentation, compétences techniques à jour. Reprise rapide visée.",0,0,0.6611737996246518,0.16921808178636985,0.1696081185889783
PROD_00292,2026-01-09 18:18:30.530176725,41.1,Bac+2,3.3,C1110,64341,0.0,0,"Perte de confiance importante. Risque d'exclusion, barrière de la langue.",0,0,0.634497556077061,0.2216274609906188,0.14387498293232015
PROD_00293,2026-01-09 19:01:43.374458152,23.1,Bac+5,2.9,C1201,72160,1.0,1,Compétences à réactualiser sur les outils numériques. Motivation correcte.,1,1,0.13781360322901928,0.6860246514209161,0.17616174535006468
PROD_00294,2026-01-09 19:44:56.218739579,34.1,Bac+2,0.2,N1301,64001,0.0,0,Problème ponctuel de mobilité géographique. Zone mal desservie.,0,0,0.678803831176129,0.18679980650405892,0.1343963623198121
PROD_00295,2026-01-09 20:28:09.063021007,51.1,Bac,0.4,D1502,84119,1.0,0,Compétences à réactualiser sur les outils numériques. Motivation correcte.,0,0,0.6228215382093475,0.1546202979876571,0.2225581638029954
PROD_00296,2026-01-09 21:11:21.907302434,23.1,Sans diplôme,8.1,D1406,15148,0.0,0,"Excellente présentation, compétences techniques à jour. Reprise rapide visée.",2,2,0.16492930162550423,0.19547551276275865,0.6395951856117371
PROD_00297,2026-01-09 21:54:34.751583861,41.1,Bac,2.3,G1801,02346,1.0,0,Projet de reconversion à affiner. Besoin d'une formation complémentaire.,1,1,0.13555215579181112,0.5993500480981581,0.2650977961100308
PROD_00298,2026-01-09 22:37:47.595865288,43.1,Bac,4.2,A1203,61448,1.0,0,Projet de reconversion à affiner. Besoin d'une formation complémentaire.,1,1,0.257112757465764,0.6032437071648079,0.13964353536942808
PROD_00299,2026-01-09 23:21:00.440146715,31.1,Bac,4.2,M1806,07332,1.0,0,"Candidat très dynamique, mobilité nationale validée. Projet clair.",0,0,0.6539053283995778,0.15520482913101571,0.19088984246940646
PROD_00300,2026-01-10 00:04:13.284428142,54.2,Bac+5,4.2,N4101,12189,1.0,0,"Excellente présentation, compétences techniques à jour. Reprise rapide visée.",1,1,0.14362472041318822,0.6058217743101074,0.2505535052767044
PROD_00301,2026-01-10 00:47:26.128709569,50.2,Bac+2,0.9,K1601,67165,1.0,0,Problème ponctuel de mobilité géographique. Zone mal desservie.,1,1,0.146204780525395,0.7080347572391542,0.1457604622354508
PROD_00302,2026-01-10 01:30:38.972990997,50.2,Bac+5,0.5,D1502,30029,1.0,0,"Profil autonome, recherche active, aucun frein périphérique identifié.",0,0,0.5956823777930601,0.13022970262406158,0.2740879195828783
PROD_00303,2026-01-10 02:13:51.817272424,49.2,Bac,1.7,J1301,91001,1.0,0,"Candidat très dynamique, mobilité nationale validée. Projet clair.",0,0,0.6961911084142738,0.13630499353510983,0.16750389805061638
PROD_00304,2026-01-10 02:57:04.661553851,53.2,Bac,2.7,A1401,44102,1.0,0,"Profil autonome, recherche active, aucun frein périphérique identifié.",1,1,0.1588415626725144,0.625821084238358,0.2153373530891276
PROD_00305,2026-01-10 03:40:17.505835278,48.2,Bac+2,1.6,H1504,49090,1.0,0,Cumul de difficultés. Pas de moyen de transport et garde d'enfants complexe.,1,1,0.1612351510080906,0.6556523750693928,0.18311247392251662
PROD_00306,2026-01-10 04:23:30.350116705,20.2,Bac+5,1.2,A1202,02054,1.0,0,Compétences à réactualiser sur les outils numériques. Motivation correcte.,1,1,0.2029469818768322,0.6157839750789321,0.18126904304423574
PROD_00307,2026-01-10 05:06:43.194398132,47.2,Bac,0.6,C1110,17145,1.0,0,Projet de reconversion à affiner. Besoin d'une formation complémentaire.,0,0,0.595315855306289,0.1779324247864466,0.22675171990726434
PROD_00308,2026-01-10 05:49:56.038679559,41.2,Sans diplôme,10.4,K2111,11123,0.0,1,"Candidat très dynamique, mobilité nationale validée. Projet clair.",2,2,0.1646151111123808,0.2085357654117178,0.6268491234759014
PROD_00309,2026-01-10 06:33:08.882960987,37.2,Bac+2,0.1,D1401,60122,0.0,0,Compétences à réactualiser sur les outils numériques. Motivation correcte.,0,0,0.618432919885513,0.14873756040323058,0.23282951971125646
PROD_00310,2026-01-10 07:16:21.727242414,46.2,Sans diplôme,3.7,M1705,39390,0.0,0,Problème ponctuel de mobilité géographique. Zone mal desservie.,1,1,0.13267270362097822,0.5996461212733567,0.267681175105665
PROD_00311,2026-01-10 07:59:34.571523841,35.2,Bac+5,2.9,M1602,21680,1.0,0,Information non renseignee,0,0,0.6384874970351778,0.16859020475412895,0.19292229821069323
PROD_00312,2026-01-10 08:42:47.415805268,31.2,Bac+2,5.0,K1304,16067,1.0,0,"Excellente présentation, compétences techniques à jour. Reprise rapide visée.",0,0,0.6676198335225146,0.18399470699842652,0.14838545947905885
PROD_00313,2026-01-10 09:26:00.260086695,62.2,Bac+5,0.2,M1607,22002,1.0,0,Projet de reconversion à affiner. Besoin d'une formation complémentaire.,0,0,0.6417107188744386,0.15131917822102003,0.20697010290454132
PROD_00314,2026-01-10 10:09:13.104368122,39.2,Sans diplôme,8.2,J1301,62768,1.0,0,Compétences à réactualiser sur les outils numériques. Motivation correcte.,2,2,0.18322651170307103,0.17357533258552488,0.6431981557114042
PROD_00315,2026-01-10 10:52:25.948649549,51.2,Bac+5,7.3,I1304,41285,1.0,0,Problème ponctuel de mobilité géographique. Zone mal desservie.,1,1,0.1311667544069351,0.658480561334998,0.21035268425806697
PROD_00316,2026-01-10 11:35:38.792930977,55.2,Bac+5,1.9,N4101,76572,0.0,0,"Candidat très dynamique, mobilité nationale validée. Projet clair.",2,2,0.16538725210354507,0.13729406412971443,0.6973186837667404
PROD_00317,2026-01-10 12:18:51.637212404,30.2,Bac+2,4.7,A1301,70145,0.0,0,Projet de reconversion à affiner. Besoin d'une formation complémentaire.,1,1,0.17245643146384368,0.6804937332084127,0.14704983532774363
PROD_00318,2026-01-10 13:02:04.481493831,50.2,Bac,4.1,D1406,69075,1.0,0,Compétences à réactualiser sur les outils numériques. Motivation correcte.,1,1,0.17720664052456564,0.6825144015040884,0.14027895797134604
PROD_00319,2026-01-10 13:45:17.325775258,57.2,Bac,0.5,A1501,36193,1.0,0,Projet de reconversion à affiner. Besoin d'une formation complémentaire.,1,1,0.14517084084802867,0.7171286774913126,0.13770048166065874
PROD_00320,2026-01-10 14:28:30.170056685,41.2,Sans diplôme,2.2,C1110,73129,0.0,0,Compétences à réactualiser sur les outils numériques. Motivation correcte.,2,2,0.2023840558423936,0.15417158913079693,0.6434443550268094
PROD_00321,2026-01-10 15:11:43.014338112,33.2,Bac+5,6.7,K2111,17167,0.0,0,"Perte de confiance importante. Risque d'exclusion, barrière de la langue.",0,0,0.6076705786484077,0.1543871406838422,0.2379422806677501
PROD_00322,2026-01-10 15:54:55.858619539,22.2,Bac,0.1,M1801,50305,1.0,0,Cumul de difficultés. Pas de moyen de transport et garde d'enfants complexe.,0,0,0.6100717698428805,0.22902897131140487,0.16089925884571465
PROD_00323,2026-01-10 16:38:08.702900967,55.2,Bac+2,1.8,D1406,19226,1.0,0,Problème ponctuel de mobilité géographique. Zone mal desservie.,1,1,0.2173200512444927,0.6005352401244352,0.18214470863107213
PROD_00324,2026-01-10 17:21:21.547182394,48.2,Bac+2,0.0,K1201,16419,1.0,0,"Candidat très dynamique, mobilité nationale validée. Projet clair.",0,0,0.6032647457860194,0.2232680662030049,0.1734671880109757
PROD_00325,2026-01-10 18:04:34.391463821,62.2,Bac,1.5,K1403,44068,1.0,0,Problème ponctuel de mobilité géographique. Zone mal desservie.,0,0,0.5981138335973656,0.12926430687738577,0.27262185952524864
PROD_00326,2026-01-10 18:47:47.235745248,34.2,Bac,1.0,K1601,80555,1.0,0,Compétences à réactualiser sur les outils numériques. Motivation correcte.,1,1,0.13827460501913127,0.6042606040470746,0.25746479093379415
PROD_00327,2026-01-10 19:31:00.080026675,41.2,Bac,0.1,K1304,70125,1.0,0,"Perte de confiance importante. Risque d'exclusion, barrière de la langue.",0,0,0.6167863962844964,0.20549441734808102,0.1777191863674226
PROD_00328,2026-01-10 20:14:12.924308102,63.2,Bac,4.6,D1502,10409,0.0,1,"Excellente présentation, compétences techniques à jour. Reprise rapide visée.",2,2,0.18508023133308524,0.1997786458500131,0.6151411228169017
PROD_00329,2026-01-10 20:57:25.768589529,51.2,Bac+2,0.2,K1601,04197,1.0,0,"Candidat très dynamique, mobilité nationale validée. Projet clair.",1,1,0.17898140823754313,0.6028961426953067,0.21812244906715017
PROD_00330,2026-01-10 21:40:38.612870957,43.2,Bac+5,5.5,H2502,48099,1.0,0,"Profil autonome, recherche active, aucun frein périphérique identifié.",0,0,0.5980749646953655,0.23052527321110872,0.1713997620935258
PROD_00331,2026-01-10 22:23:51.457152384,41.2,Bac,5.1,G1602,83006,0.0,0,"Excellente présentation, compétences techniques à jour. Reprise rapide visée.",0,0,0.6416820499171078,0.21496732006526753,0.14335063001762471
PROD_00332,2026-01-10 23:07:04.301433811,51.2,Bac,9.1,G1601,39372,1.0,0,Projet de reconversion à affiner. Besoin d'une formation complémentaire.,2,2,0.1838956341151956,0.1685434266528609,0.6475609392319435
PROD_00333,2026-01-10 23:50:17.145715238,21.2,Bac+5,2.4,J1301,38225,0.0,0,"Excellente présentation, compétences techniques à jour. Reprise rapide visée.",0,0,0.6219192396532137,0.13320779474417244,0.24487296560261385
PROD_00334,2026-01-11 00:33:29.989996665,24.2,Bac,1.5,D1210,02110,1.0,0,"Profil autonome, recherche active, aucun frein périphérique identifié.",0,0,0.6449012325759873,0.15436495814755802,0.20073380927645468
PROD_00335,2026-01-11 01:16:42.834278092,55.2,Sans diplôme,1.1,J1506,30101,1.0,1,Problème ponctuel de mobilité géographique. Zone mal desservie.,2,2,0.13789919906029738,0.26227880395969655,0.599821996980006
PROD_00336,2026-01-11 01:59:55.678559519,42.2,Bac+2,0.9,K1304,51601,0.0,0,"Candidat très dynamique, mobilité nationale validée. Projet clair.",0,0,0.6129277924659204,0.193237691674782,0.19383451585929756
PROD_00337,2026-01-11 02:43:08.522840947,27.2,Bac+2,4.3,M1607,50124,1.0,0,Projet de reconversion à affiner. Besoin d'une formation complémentaire.,1,1,0.17634895724998922,0.6052169604960147,0.21843408225399608
PROD_00338,2026-01-11 03:26:21.367122374,19.2,Bac+5,5.8,M1203,45108,1.0,0,Problème ponctuel de mobilité géographique. Zone mal desservie.,0,0,0.6246643403095548,0.21468387086448132,0.16065178882596393
PROD_00339,2026-01-11 04:09:34.211403801,52.2,Bac,1.6,K1601,65351,0.0,1,Projet de reconversion à affiner. Besoin d'une formation complémentaire.,2,2,0.1289585289132011,0.1401444074271249,0.730897063659674
PROD_00340,2026-01-11 04:52:47.055685228,22.2,Bac+2,2.7,D1406,54170,1.0,1,"Profil autonome, recherche active, aucun frein périphérique identifié.",1,1,0.14732141346890507,0.6444413897961275,0.20823719673496743
PROD_00341,2026-01-11 05:35:59.899966655,22.2,Bac+5,1.8,K1903,14399,1.0,0,Compétences à réactualiser sur les outils numériques. Motivation correcte.,0,0,0.6435110541365949,0.19703261233020006,0.159456333533205
PROD_00342,2026-01-11 06:19:12.744248082,21.2,Bac,1.0,K1201,51296,1.0,0,"Profil autonome, recherche active, aucun frein périphérique identifié.",0,0,0.6805329727110919,0.13408907872800815,0.18537794856089992
PROD_00343,2026-01-11 07:02:25.588529509,26.2,Bac,0.3,G1602,42306,1.0,1,Problème ponctuel de mobilité géographique. Zone mal desservie.,1,1,0.1717141421665868,0.6917214355870831,0.13656442224633014
PROD_00344,2026-01-11 07:45:38.432810937,55.2,Bac,4.6,G1801,30209,0.0,0,Cumul de difficultés. Pas de moyen de transport et garde d'enfants complexe.,1,1,0.16338343870639116,0.6420371721673482,0.1945793891262606
PROD_00345,2026-01-11 08:28:51.277092364,42.2,Bac+2,3.5,N1101,63109,1.0,0,Projet de reconversion à affiner. Besoin d'une formation complémentaire.,0,0,0.6881408159187158,0.1734349560604048,0.13842422802087942
PROD_00346,2026-01-11 09:12:04.121373791,56.2,Bac,1.2,K1201,60119,0.0,0,Compétences à réactualiser sur les outils numériques. Motivation correcte.,1,1,0.141039767460033,0.6114623305306343,0.24749790200933275
PROD_00347,2026-01-11 09:55:16.965655218,23.2,Bac+5,0.6,W1401,21630,1.0,0,"Candidat très dynamique, mobilité nationale validée. Projet clair.",0,0,0.6012360726110034,0.2355668063163145,0.16319712107268208
PROD_00348,2026-01-11 10:38:29.809936645,22.2,Bac,12.1,A1203,45174,1.0,1,Freins périphériques majeurs. Situation d'illettrisme numérique constatée.,2,2,0.15015952503972607,0.2358102801304799,0.614030194829794
PROD_00349,2026-01-11 11:21:42.654218072,49.2,Bac+2,3.8,M1203,38286,1.0,0,Problème ponctuel de mobilité géographique. Zone mal desservie.,1,1,0.20206703573163498,0.6277968350647769,0.17013612920358812
PROD_00350,2026-01-11 12:04:55.498499499,62.2,Bac+2,0.1,H1504,78036,1.0,0,Problème ponctuel de mobilité géographique. Zone mal desservie.,1,1,0.21228534641721114,0.6589736543642797,0.12874099921850912
PROD_00351,2026-01-11 12:48:08.342780927,29.2,Bac+2,0.2,K2106,66123,0.0,0,Compétences à réactualiser sur les outils numériques. Motivation correcte.,2,2,0.18117016902772437,0.20130208445225084,0.6175277465200248
PROD_00352,2026-01-11 13:31:21.187062354,57.2,Bac,0.2,M1705,49347,1.0,0,Freins périphériques majeurs. Situation d'illettrisme numérique constatée.,1,1,0.18209833539427844,0.6238871067066396,0.19401455789908195
PROD_00353,2026-01-11 14:14:34.031343781,44.2,Bac+5,8.6,N4301,64344,1.0,0,Compétences à réactualiser sur les outils numériques. Motivation correcte.,1,1,0.12777821354478433,0.7299688758887527,0.14225291056646294
PROD_00354,2026-01-11 14:57:46.875625208,51.2,Bac+5,4.9,H1504,56018,0.0,0,"Profil autonome, recherche active, aucun frein périphérique identifié.",0,0,0.6513496712759369,0.18753486237237765,0.16111546635168544
PROD_00355,2026-01-11 15:40:59.719906635,53.2,Bac,9.7,G1203,03182,0.0,1,"Excellente présentation, compétences techniques à jour. Reprise rapide visée.",0,0,0.66712085033058,0.20501973049439934,0.12785941917502067
PROD_00356,2026-01-11 16:24:12.564188062,62.2,Bac+2,1.2,K1304,59007,0.0,0,Problème ponctuel de mobilité géographique. Zone mal desservie.,1,1,0.16689524129489886,0.5984831134334196,0.2346216452716815
PROD_00357,2026-01-11 17:07:25.408469489,61.2,Bac,0.4,A1401,14715,1.0,0,Compétences à réactualiser sur les outils numériques. Motivation correcte.,1,1,0.18767055925230208,0.6456232323878832,0.16670620835981476
PROD_00358,2026-01-11 17:50:38.252750917,26.2,Bac+5,2.0,D1401,76014,1.0,0,Projet de reconversion à affiner. Besoin d'une formation complémentaire.,0,0,0.6310884638737767,0.23065886336021282,0.13825267276601047
PROD_00359,2026-01-11 18:33:51.097032344,53.2,Sans diplôme,3.3,D1503,35178,1.0,0,Cumul de difficultés. Pas de moyen de transport et garde d'enfants complexe.,2,2,0.15120590243616905,0.23765704468955862,0.6111370528742723
PROD_00360,2026-01-11 19:17:03.941313771,31.2,Bac,0.8,J1506,76032,0.0,0,"Excellente présentation, compétences techniques à jour. Reprise rapide visée.",0,0,0.6260113752844031,0.1832187145973115,0.1907699101182854
PROD_00361,2026-01-11 20:00:16.785595198,50.2,Bac,3.8,M1805,89187,1.0,0,"Excellente présentation, compétences techniques à jour. Reprise rapide visée.",0,0,0.6524986187055168,0.14352858952793737,0.20397279176654579
PROD_00362,2026-01-11 20:43:29.629876625,29.2,Sans diplôme,0.2,H1504,41296,1.0,0,Projet de reconversion à affiner. Besoin d'une formation complémentaire.,1,1,0.24367864941010062,0.6072446993859071,0.14907665120399227
PROD_00363,2026-01-11 21:26:42.474158052,34.2,Bac,2.0,C1201,49338,1.0,0,Freins périphériques majeurs. Situation d'illettrisme numérique constatée.,0,0,0.6339550153577047,0.21833163709238268,0.1477133475499126
PROD_00364,2026-01-11 22:09:55.318439479,19.2,Sans diplôme,2.9,N1101,40165,0.0,0,Compétences à réactualiser sur les outils numériques. Motivation correcte.,1,1,0.14109517953606807,0.6453425260036698,0.2135622944602621
PROD_00365,2026-01-11 22:53:08.162720907,21.2,Bac+2,0.2,N1301,39538,0.0,0,Cumul de difficultés. Pas de moyen de transport et garde d'enfants complexe.,0,0,0.649407993801213,0.1615786570301296,0.18901334916865745
PROD_00366,2026-01-11 23:36:21.007002334,41.2,Bac+2,1.1,N4101,61498,0.0,0,"Candidat très dynamique, mobilité nationale validée. Projet clair.",1,1,0.26200995874825656,0.6063440418125333,0.13164599943921018
PROD_00367,2026-01-12 00:19:33.851283761,41.2,Sans diplôme,10.4,K2111,11123,0.0,1,"Candidat très dynamique, mobilité nationale validée. Projet clair.",2,2,0.24793211610495935,0.12920417456031963,0.622863709334721
PROD_00368,2026-01-12 01:02:46.695565188,34.2,Bac,2.7,F1603,76255,1.0,0,"Perte de confiance importante. Risque d'exclusion, barrière de la langue.",2,2,0.2459455478906139,0.1581205347282682,0.595933917381118
PROD_00369,2026-01-12 01:45:59.539846615,40.2,Bac+5,0.7,M1607,91021,1.0,0,"Candidat très dynamique, mobilité nationale validée. Projet clair.",0,0,0.7140906341268948,0.14080940208638817,0.14509996378671705
PROD_00370,2026-01-12 02:29:12.384128042,62.2,Sans diplôme,4.4,H2502,71145,1.0,0,Projet de reconversion à affiner. Besoin d'une formation complémentaire.,2,2,0.15113961322261518,0.1514170668804836,0.6974433198969012
PROD_00371,2026-01-12 03:12:25.228409469,47.2,Bac+5,0.4,A1203,12093,1.0,0,Freins périphériques majeurs. Situation d'illettrisme numérique constatée.,0,0,0.5978620128947661,0.15015863186293343,0.2519793552423004
PROD_00372,2026-01-12 03:55:38.072690897,31.2,Bac,4.5,A1401,10052,0.0,0,"Profil autonome, recherche active, aucun frein périphérique identifié.",0,0,0.6035726152490465,0.25803717598133213,0.13839020876962138
PROD_00373,2026-01-12 04:38:50.916972324,21.2,Sans diplôme,0.4,H1206,85121,0.0,0,Problème ponctuel de mobilité géographique. Zone mal desservie.,1,1,0.17483776686015373,0.6772537076273194,0.14790852551252687
PROD_00374,2026-01-12 05:22:03.761253751,21.2,Bac,0.9,I1304,22285,0.0,0,Cumul de difficultés. Pas de moyen de transport et garde d'enfants complexe.,1,1,0.15429902565436907,0.6792539462870065,0.16644702805862444
PROD_00375,2026-01-12 06:05:16.605535178,41.2,Sans diplôme,0.7,D1401,70195,1.0,0,"Excellente présentation, compétences techniques à jour. Reprise rapide visée.",0,0,0.6853269169155833,0.18630982751601477,0.1283632555684019
PROD_00376,2026-01-12 06:48:29.449816605,48.2,Sans diplôme,0.1,G1602,16145,1.0,0,"Perte de confiance importante. Risque d'exclusion, barrière de la langue.",2,2,0.17225649432309795,0.19664620113779374,0.6310973045391083
PROD_00377,2026-01-12 07:31:42.294098032,30.2,Bac,0.9,D1502,56056,0.0,0,Problème ponctuel de mobilité géographique. Zone mal desservie.,2,2,0.18306395887850269,0.21810095573474342,0.5988350853867539
PROD_00378,2026-01-12 08:14:55.138379459,21.2,Bac,0.2,A1203,62380,1.0,0,Compétences à réactualiser sur les outils numériques. Motivation correcte.,1,1,0.21512516942258741,0.6166106375517582,0.16826419302565443
PROD_00379,2026-01-12 08:58:07.982660887,35.2,Bac+2,7.7,F1603,27206,1.0,1,"Perte de confiance importante. Risque d'exclusion, barrière de la langue.",2,2,0.2147985576895968,0.1400571188856275,0.6451443234247758
PROD_00380,2026-01-12 09:41:20.826942314,57.2,Bac+5,6.3,J1506,30265,1.0,0,"Candidat très dynamique, mobilité nationale validée. Projet clair.",0,0,0.6201265154634067,0.2460185924732861,0.1338548920633072
PROD_00381,2026-01-12 10:24:33.671223741,35.2,Bac+2,1.8,W1401,06158,1.0,0,"Profil autonome, recherche active, aucun frein périphérique identifié.",0,0,0.6337201648244727,0.19888938389050465,0.16739045128502267
PROD_00382,2026-01-12 11:07:46.515505168,23.2,Bac,1.4,I1304,30030,0.0,0,"Excellente présentation, compétences techniques à jour. Reprise rapide visée.",0,0,0.6490388878169954,0.14235514543728187,0.20860596674572277
PROD_00383,2026-01-12 11:50:59.359786595,46.2,Bac+2,11.8,G1801,55286,1.0,0,Problème ponctuel de mobilité géographique. Zone mal desservie.,1,1,0.1363283289357443,0.6931622946111641,0.1705093764530916
PROD_00384,2026-01-12 12:34:12.204068022,62.2,Bac+5,12.0,A1401,30350,0.0,0,Compétences à réactualiser sur les outils numériques. Motivation correcte.,2,2,0.2365419465035734,0.16360463260901995,0.5998534208874067
PROD_00385,2026-01-12 13:17:25.048349449,39.2,Bac+5,1.8,I1304,38530,0.0,0,"Excellente présentation, compétences techniques à jour. Reprise rapide visée.",0,0,0.6858146613797154,0.18110969305090382,0.1330756455693808
PROD_00386,2026-01-12 14:00:37.892630877,28.2,Bac,0.1,C1201,27464,1.0,0,"Candidat très dynamique, mobilité nationale validée. Projet clair.",0,0,0.644110171615976,0.208594783345851,0.14729504503817306
PROD_00387,2026-01-12 14:43:50.736912304,63.2,Sans diplôme,0.6,H2502,91121,1.0,0,Projet de reconversion à affiner. Besoin d'une formation complémentaire.,1,1,0.1291991583579848,0.5959009900060113,0.27489985163600394
PROD_00388,2026-01-12 15:27:03.581193731,61.2,Bac,0.4,A1401,14715,1.0,0,Compétences à réactualiser sur les outils numériques. Motivation correcte.,1,1,0.22442660247073348,0.6012276326565046,0.17434576487276188
PROD_00389,2026-01-12 16:10:16.425475158,33.2,Sans diplôme,1.1,K1201,15040,1.0,0,Compétences à réactualiser sur les outils numériques. Motivation correcte.,1,1,0.17256159899671178,0.5972975439463278,0.2301408570569604
PROD_00390,2026-01-12 16:53:29.269756585,30.2,Bac,0.9,D1502,56056,0.0,0,Problème ponctuel de mobilité géographique. Zone mal desservie.,2,2,0.17762485136637768,0.1621939084972795,0.6601812401363429
PROD_00391,2026-01-12 17:36:42.114038012,46.2,Bac,2.1,G1801,55516,1.0,0,Problème ponctuel de mobilité géographique. Zone mal desservie.,1,1,0.17547443928652198,0.6446334746585204,0.17989208605495766
PROD_00392,2026-01-12 18:19:54.958319439,47.2,Sans diplôme,0.7,M1607,42126,1.0,0,"Perte de confiance importante. Risque d'exclusion, barrière de la langue.",1,1,0.15118781870229267,0.6022587125958152,0.2465534687018921
PROD_00393,2026-01-12 19:03:07.802600867,47.2,Bac+2,3.4,A1203,05089,1.0,0,Projet de reconversion à affiner. Besoin d'une formation complémentaire.,1,1,0.20087069818737624,0.5969440929003785,0.20218520891224523
PROD_00394,2026-01-12 19:46:20.646882294,34.2,Bac,2.1,C1201,55503,0.0,0,Projet de reconversion à affiner. Besoin d'une formation complémentaire.,0,0,0.720523250461017,0.128059790599511,0.15141695893947205
PROD_00395,2026-01-12 20:29:33.491163721,24.2,Bac,4.5,C1501,01177,1.0,0,Compétences à réactualiser sur les outils numériques. Motivation correcte.,1,1,0.14977555237165777,0.6230340812866129,0.2271903663417294
PROD_00396,2026-01-12 21:12:46.335445148,25.2,Bac+2,0.6,M1806,45097,1.0,0,"Excellente présentation, compétences techniques à jour. Reprise rapide visée.",0,0,0.6044670190943278,0.14729967133278887,0.24823330957288336
PROD_00397,2026-01-12 21:55:59.179726575,60.2,Bac,2.9,H1206,88349,1.0,1,Freins périphériques majeurs. Situation d'illettrisme numérique constatée.,2,2,0.25131757978302366,0.1474630552495937,0.6012193649673827
PROD_00398,2026-01-12 22:39:12.024008002,27.2,Bac,5.5,K1201,78009,0.0,0,Compétences à réactualiser sur les outils numériques. Motivation correcte.,0,0,0.6250972079857381,0.18863654612926353,0.18626624588499838
PROD_00399,2026-01-12 23:22:24.868289429,35.2,Bac+2,3.8,M1501,30004,0.0,1,"Candidat très dynamique, mobilité nationale validée. Projet clair.",0,0,0.6081151678618808,0.23542158621917053,0.15646324591894867
PROD_00400,2026-01-13 00:05:37.712570857,44.2,Bac,5.8,N4301,55005,0.0,0,Projet de reconversion à affiner. Besoin d'une formation complémentaire.,1,1,0.1446589370198062,0.7007102027857582,0.15463086019443562
PROD_00401,2026-01-13 00:48:50.556852284,42.2,Bac+2,3.1,M1203,36168,1.0,0,"Profil autonome, recherche active, aucun frein périphérique identifié.",0,0,0.653414262470203,0.14662077614825628,0.19996496138154077
PROD_00402,2026-01-13 01:32:03.401133711,41.2,Sans diplôme,2.2,C1110,73129,0.0,0,Compétences à réactualiser sur les outils numériques. Motivation correcte.,2,2,0.14802633454465128,0.12822237510100054,0.7237512903543482
PROD_00403,2026-01-13 02:15:16.245415138,32.2,Bac+5,0.9,M1802,50092,0.0,0,"Perte de confiance importante. Risque d'exclusion, barrière de la langue.",0,0,0.6182037514993509,0.19943351444906476,0.18236273405158432
PROD_00404,2026-01-13 02:58:29.089696565,50.2,Sans diplôme,2.6,N4301,43034,1.0,0,Cumul de difficultés. Pas de moyen de transport et garde d'enfants complexe.,2,2,0.13325519373773678,0.13829291648588732,0.7284518897763759
PROD_00405,2026-01-13 03:41:41.933977992,36.2,Bac+5,3.0,M1801,27342,1.0,0,"Profil autonome, recherche active, aucun frein périphérique identifié.",0,0,0.7075927619053257,0.15254504940256194,0.13986218869211234
PROD_00406,2026-01-13 04:24:54.778259419,53.2,Sans diplôme,0.3,K2111,51027,0.0,0,"Perte de confiance importante. Risque d'exclusion, barrière de la langue.",2,2,0.15485802213706706,0.17507289485500713,0.6700690830079259
PROD_00407,2026-01-13 05:08:07.622540847,44.2,Bac+5,0.6,D1503,04151,1.0,0,"Perte de confiance importante. Risque d'exclusion, barrière de la langue.",0,0,0.6541826847298372,0.1978056902210254,0.1480116250491374
PROD_00408,2026-01-13 05:51:20.466822274,61.2,Bac+2,0.3,H1504,59009,1.0,1,"Perte de confiance importante. Risque d'exclusion, barrière de la langue.",2,2,0.1351158523038768,0.24219242191941712,0.6226917257767061
PROD_00409,2026-01-13 06:34:33.311103701,61.2,Bac,0.7,M1806,91240,0.0,0,Compétences à réactualiser sur les outils numériques. Motivation correcte.,2,2,0.2228817487125656,0.1623350476701715,0.6147832036172629
PROD_00410,2026-01-13 07:17:46.155385128,62.2,Bac+2,1.1,K2101,80830,0.0,0,Problème ponctuel de mobilité géographique. Zone mal desservie.,1,1,0.19073199125938467,0.6587196582202485,0.15054835052036686
PROD_00411,2026-01-13 08:00:58.999666555,41.2,Bac+2,1.4,K1403,51036,1.0,0,Projet de reconversion à affiner. Besoin d'une formation complémentaire.,1,1,0.15260684195961688,0.6666655406562092,0.18072761738417387
PROD_00412,2026-01-13 08:44:11.843947982,22.2,Bac,2.9,C1501,19268,1.0,0,Compétences à réactualiser sur les outils numériques. Motivation correcte.,1,1,0.13351252924050025,0.6307056927584267,0.23578177800107303
PROD_00413,2026-01-13 09:27:24.688229409,47.2,Bac,0.7,C1201,83011,1.0,0,Information non renseignee,0,0,0.6657002347257384,0.13918643527999805,0.1951133299942636
PROD_00414,2026-01-13 10:10:37.532510837,31.2,Bac,2.5,H1504,50059,0.0,1,"Excellente présentation, compétences techniques à jour. Reprise rapide visée.",0,0,0.6271536511235716,0.21257107798017663,0.1602752708962518
PROD_00415,2026-01-13 10:53:50.376792264,28.2,Bac,0.1,H1504,06076,0.0,0,"Perte de confiance importante. Risque d'exclusion, barrière de la langue.",1,1,0.18234762218292327,0.5990623678223189,0.21859000999475786
PROD_00416,2026-01-13 11:37:03.221073691,51.2,Bac+5,4.8,H1504,56018,0.0,0,"Profil autonome, recherche active, aucun frein périphérique identifié.",0,0,0.6003976942188693,0.26252755414294926,0.1370747516381814
PROD_00417,2026-01-13 12:20:16.065355118,50.2,Sans diplôme,0.5,K1601,76519,1.0,0,Compétences à réactualiser sur les outils numériques. Motivation correcte.,1,1,0.23122582308394765,0.5998522562276143,0.16892192068843803
PROD_00418,2026-01-13 13:03:28.909636545,18.2,Bac,4.4,K2101,21253,1.0,1,Compétences à réactualiser sur les outils numériques. Motivation correcte.,1,1,0.1611131742482278,0.6077002331878321,0.23118659256394014
PROD_00419,2026-01-13 13:46:41.753917972,29.2,Bac,3.7,F1603,64413,0.0,0,"Perte de confiance importante. Risque d'exclusion, barrière de la langue.",1,1,0.17816989350930665,0.668415303254514,0.1534148032361793
PROD_00420,2026-01-13 14:29:54.598199399,33.2,Sans diplôme,3.6,H2502,17164,1.0,0,Compétences à réactualiser sur les outils numériques. Motivation correcte.,1,1,0.22268877790368646,0.6307509442452889,0.14656027785102466
PROD_00421,2026-01-13 15:13:07.442480827,52.2,Bac+5,0.1,A1203,26170,0.0,0,Projet de reconversion à affiner. Besoin d'une formation complémentaire.,1,1,0.18770602711187834,0.6712537714421057,0.14104020144601592
PROD_00422,2026-01-13 15:56:20.286762254,56.2,Sans diplôme,1.4,K2106,43011,0.0,0,"Perte de confiance importante. Risque d'exclusion, barrière de la langue.",2,2,0.20956052482888599,0.13987121577909464,0.6505682593920193
PROD_00423,2026-01-13 16:39:33.131043681,57.2,Bac,1.0,G1602,37115,1.0,0,Projet de reconversion à affiner. Besoin d'une formation complémentaire.,1,1,0.15580601781366554,0.6214570298590545,0.22273695232727997
PROD_00424,2026-01-13 17:22:45.975325108,20.2,Bac+2,1.0,K2106,24222,0.0,0,Freins périphériques majeurs. Situation d'illettrisme numérique constatée.,0,0,0.6205444981630771,0.12966258983273685,0.24979291200418605
PROD_00425,2026-01-13 18:05:58.819606535,41.2,Bac+2,0.1,H1206,81273,1.0,0,Compétences à réactualiser sur les outils numériques. Motivation correcte.,1,1,0.20896130732561857,0.6167784128160381,0.17426027985834336
PROD_00426,2026-01-13 18:49:11.663887962,21.2,Bac,2.2,N4301,67183,1.0,0,"Excellente présentation, compétences techniques à jour. Reprise rapide visée.",1,1,0.15794697744520828,0.7018953493219127,0.1401576732328791
PROD_00427,2026-01-13 19:32:24.508169389,41.2,Bac,5.3,F1603,19116,0.0,0,"Profil autonome, recherche active, aucun frein périphérique identifié.",1,1,0.15198272763603432,0.6099530432227931,0.23806422914117253
PROD_00428,2026-01-13 20:15:37.352450817,21.2,Bac+2,1.0,G1801,62777,0.0,1,"Perte de confiance importante. Risque d'exclusion, barrière de la langue.",1,1,0.16151914054244315,0.7052636885361181,0.1332171709214387
PROD_00429,2026-01-13 20:58:50.196732244,41.2,Bac,3.8,H2502,21689,0.0,0,Freins périphériques majeurs. Situation d'illettrisme numérique constatée.,0,0,0.623817834610214,0.20853868963527622,0.16764347575450977
PROD_00430,2026-01-13 21:42:03.041013671,61.2,Bac+2,1.6,K1201,41140,0.0,0,Freins périphériques majeurs. Situation d'illettrisme numérique constatée.,1,1,0.17417870130169694,0.6649036468708056,0.1609176518274975
PROD_00431,2026-01-13 22:25:15.885295098,45.2,Bac+2,4.1,A1401,2B179,0.0,0,Problème ponctuel de mobilité géographique. Zone mal desservie.,1,1,0.21367398087915915,0.6121752026954104,0.1741508164254305
PROD_00432,2026-01-13 23:08:28.729576525,26.2,Bac,3.3,M1501,51611,1.0,0,"Profil autonome, recherche active, aucun frein périphérique identifié.",0,0,0.6058510249583747,0.24427451156827967,0.1498744634733456
PROD_00433,2026-01-13 23:51:41.573857952,61.2,Bac+5,1.1,K1903,33046,0.0,0,Freins périphériques majeurs. Situation d'illettrisme numérique constatée.,2,2,0.15709946345269463,0.23160560696083454,0.6112949295864708
PROD_00434,2026-01-14 00:34:54.418139379,53.2,Sans diplôme,0.3,K2111,51027,0.0,0,"Perte de confiance importante. Risque d'exclusion, barrière de la langue.",2,2,0.23359576626492873,0.1462924044600316,0.6201118292750396
PROD_00435,2026-01-14 01:18:07.262420807,47.2,Bac,3.4,C1501,59385,0.0,0,"Profil autonome, recherche active, aucun frein périphérique identifié.",2,2,0.24593634547237922,0.13468767784937047,0.6193759766782503
PROD_00436,2026-01-14 02:01:20.106702234,33.2,Bac+5,3.6,M1801,43160,0.0,0,Problème ponctuel de mobilité géographique. Zone mal desservie.,1,1,0.1560728316252803,0.6634467557733724,0.18048041260134728
PROD_00437,2026-01-14 02:44:32.950983661,33.2,Sans diplôme,3.6,H2502,17164,1.0,0,Compétences à réactualiser sur les outils numériques. Motivation correcte.,1,1,0.16834705224072882,0.643160618703733,0.18849232905553814
PROD_00438,2026-01-14 03:27:45.795265088,45.2,Sans diplôme,1.6,D1210,11028,1.0,0,Problème ponctuel de mobilité géographique. Zone mal desservie.,1,1,0.22488034262253276,0.6374955589223339,0.13762409845513335
PROD_00439,2026-01-14 04:10:58.639546515,26.2,Bac+2,1.6,H2502,37176,0.0,0,Information non renseignee,0,0,0.6132974869614696,0.1768268059004954,0.20987570713803502
PROD_00440,2026-01-14 04:54:11.483827942,29.2,Bac,3.2,A1501,83100,0.0,0,Problème ponctuel de mobilité géographique. Zone mal desservie.,1,1,0.1981515569175918,0.633203892810115,0.1686445502722932
PROD_00441,2026-01-14 05:37:24.328109370,56.2,Bac+5,1.5,C1102,88324,1.0,0,Compétences à réactualiser sur les outils numériques. Motivation correcte.,1,1,0.1650021729593888,0.6289618715355926,0.20603595550501863
PROD_00442,2026-01-14 06:20:37.172390797,46.2,Bac+5,11.2,C1302,31171,1.0,0,"Excellente présentation, compétences techniques à jour. Reprise rapide visée.",0,0,0.6192172824017311,0.16093265938739476,0.2198500582108741
PROD_00443,2026-01-14 07:03:50.016672224,20.2,Bac,1.3,C1110,05058,1.0,0,"Perte de confiance importante. Risque d'exclusion, barrière de la langue.",2,2,0.2463226712358085,0.12818952948488327,0.6254877992793082
PROD_00444,2026-01-14 07:47:02.860953651,47.2,Sans diplôme,0.4,K2106,44162,0.0,0,Freins périphériques majeurs. Situation d'illettrisme numérique constatée.,2,2,0.15894272587268402,0.2397015081017851,0.6013557660255309
PROD_00445,2026-01-14 08:30:15.705235078,58.2,Bac+5,2.9,J1506,79276,0.0,0,Projet de reconversion à affiner. Besoin d'une formation complémentaire.,0,0,0.6628952090055382,0.14415001028975868,0.1929547807047031
PROD_00446,2026-01-14 09:13:28.549516505,47.2,Bac,2.5,J1301,32357,0.0,0,Information non renseignee,0,0,0.6087106270044782,0.2530266665074542,0.1382627064880676
PROD_00447,2026-01-14 09:56:41.393797932,20.2,Bac,2.7,D1406,76523,1.0,0,Compétences à réactualiser sur les outils numériques. Motivation correcte.,1,1,0.15693579894610557,0.7046973344403265,0.138366866613568
PROD_00448,2026-01-14 10:39:54.238079360,40.2,Bac+2,0.9,G1801,09131,0.0,0,Compétences à réactualiser sur les outils numériques. Motivation correcte.,1,1,0.1389079392007114,0.6402845656804309,0.22080749511885767
PROD_00449,2026-01-14 11:23:07.082360787,50.2,Bac+2,2.0,C1110,06019,1.0,1,Compétences à réactualiser sur les outils numériques. Motivation correcte.,1,1,0.1909229504427075,0.6785806358552358,0.13049641370205678
PROD_00450,2026-01-14 12:06:19.926642214,52.2,Bac+2,3.5,G1302,61463,1.0,0,Projet de reconversion à affiner. Besoin d'une formation complémentaire.,1,1,0.21310320356915954,0.6537352289289929,0.1331615675018475
PROD_00451,2026-01-14 12:49:32.770923641,30.2,Bac+2,0.8,G1602,33172,0.0,0,Projet de reconversion à affiner. Besoin d'une formation complémentaire.,0,0,0.6709688486702734,0.19836214323931106,0.13066900809041554
PROD_00452,2026-01-14 13:32:45.615205068,24.2,Bac+5,1.2,K1304,65293,0.0,0,"Excellente présentation, compétences techniques à jour. Reprise rapide visée.",0,0,0.6921663278968399,0.14026999604046683,0.16756367606269332
PROD_00453,2026-01-14 14:15:58.459486495,21.2,Bac+2,1.0,G1801,62777,0.0,1,"Perte de confiance importante. Risque d'exclusion, barrière de la langue.",1,1,0.18627341121419383,0.6800643882259163,0.13366220055988987
PROD_00454,2026-01-14 14:59:11.303767922,22.2,Bac,6.5,I1304,08307,0.0,0,"Excellente présentation, compétences techniques à jour. Reprise rapide visée.",0,0,0.6917028330937058,0.17251290302723057,0.1357842638790636
PROD_00455,2026-01-14 15:42:24.148049349,51.2,Bac+2,0.2,K1601,04197,1.0,0,"Candidat très dynamique, mobilité nationale validée. Projet clair.",1,1,0.14414379268088812,0.6680506584926127,0.18780554882649914
PROD_00456,2026-01-14 16:25:36.992330777,59.2,Sans diplôme,1.1,I1304,57630,0.0,0,"Perte de confiance importante. Risque d'exclusion, barrière de la langue.",2,2,0.17542409894067246,0.15450674411177506,0.6700691569475525
PROD_00457,2026-01-14 17:08:49.836612204,54.2,Sans diplôme,5.0,A1301,76522,1.0,1,"Perte de confiance importante. Risque d'exclusion, barrière de la langue.",2,2,0.13551569882078893,0.15950328588916315,0.7049810152900479
PROD_00458,2026-01-14 17:52:02.680893631,36.2,Sans diplôme,3.7,H1206,63041,1.0,0,Problème ponctuel de mobilité géographique. Zone mal desservie.,1,1,0.2348623104532136,0.6169981245979517,0.14813956494883473
PROD_00459,2026-01-14 18:35:15.525175058,49.2,Bac+5,0.3,D1502,25523,1.0,0,Cumul de difficultés. Pas de moyen de transport et garde d'enfants complexe.,0,0,0.6062825323635171,0.22929767397977413,0.16441979365670872
PROD_00460,2026-01-14 19:18:28.369456485,50.2,Bac,1.9,G1302,48081,0.0,0,Compétences à réactualiser sur les outils numériques. Motivation correcte.,1,1,0.20618608801811608,0.6132512176952933,0.18056269428659055
PROD_00461,2026-01-14 20:01:41.213737912,48.2,Bac+2,1.6,H1504,49090,1.0,0,Cumul de difficultés. Pas de moyen de transport et garde d'enfants complexe.,1,1,0.14362166318960715,0.6978782181508019,0.15850011865959102
PROD_00462,2026-01-14 20:44:54.058019339,62.2,Bac+2,0.2,J1506,2B153,1.0,0,"Candidat très dynamique, mobilité nationale validée. Projet clair.",0,0,0.6604851772729609,0.21183741480870397,0.12767740791833518
PROD_00463,2026-01-14 21:28:06.902300767,46.2,Bac,0.4,M1602,64432,1.0,0,Cumul de difficultés. Pas de moyen de transport et garde d'enfants complexe.,1,1,0.1621910553544382,0.635363564850858,0.20244537979470378
PROD_00464,2026-01-14 22:11:19.746582194,39.2,Sans diplôme,3.2,C1501,81062,0.0,0,Cumul de difficultés. Pas de moyen de transport et garde d'enfants complexe.,0,0,0.6229703031524768,0.17628441444172666,0.20074528240579653
PROD_00465,2026-01-14 22:54:32.590863621,33.2,Bac,4.0,N1301,22177,1.0,0,"Candidat très dynamique, mobilité nationale validée. Projet clair.",0,0,0.6318049431712102,0.2182070526621251,0.14998800416666475
PROD_00466,2026-01-14 23:37:45.435145048,57.2,Bac,1.9,C1201,40275,1.0,0,"Candidat très dynamique, mobilité nationale validée. Projet clair.",1,1,0.13630242242229193,0.7163904523878615,0.14730712518984657
PROD_00467,2026-01-15 00:20:58.279426475,56.2,Bac+2,0.1,M1501,57674,1.0,0,Problème ponctuel de mobilité géographique. Zone mal desservie.,2,2,0.25619685941700043,0.14731676551213735,0.5964863750708622
PROD_00468,2026-01-15 01:04:11.123707902,63.2,Sans diplôme,0.2,K2106,36079,1.0,0,Cumul de difficultés. Pas de moyen de transport et garde d'enfants complexe.,2,2,0.1538696782629318,0.23241672138592523,0.613713600351143
PROD_00469,2026-01-15 01:47:23.967989329,22.2,Bac+2,6.3,N1303,67248,0.0,0,Problème ponctuel de mobilité géographique. Zone mal desservie.,0,0,0.6094132615595141,0.14066154947373785,0.249925188966748
PROD_00470,2026-01-15 02:30:36.812270757,25.2,Bac,2.5,N1303,47060,1.0,0,Cumul de difficultés. Pas de moyen de transport et garde d'enfants complexe.,0,0,0.6903864786804451,0.17644225937145633,0.13317126194809856
PROD_00471,2026-01-15 03:13:49.656552184,41.2,Bac,5.3,F1603,19116,0.0,0,"Profil autonome, recherche active, aucun frein périphérique identifié.",1,1,0.17597209757600787,0.6919844218128859,0.13204348061110627
PROD_00472,2026-01-15 03:57:02.500833611,19.2,Bac,1.7,A1501,24004,1.0,1,"Candidat très dynamique, mobilité nationale validée. Projet clair.",1,1,0.14198667545842453,0.6354701162864568,0.22254320825511875
PROD_00473,2026-01-15 04:40:15.345115038,45.2,Bac+2,1.3,G1203,55197,0.0,0,Problème ponctuel de mobilité géographique. Zone mal desservie.,1,1,0.220765973633249,0.6323485085913634,0.1468855177753876
PROD_00474,2026-01-15 05:23:28.189396465,30.2,Sans diplôme,1.7,M1805,23144,1.0,0,Projet de reconversion à affiner. Besoin d'une formation complémentaire.,1,1,0.2135271072468686,0.6581834473181426,0.12828944543498877
PROD_00475,2026-01-15 06:06:41.033677892,48.2,Bac+5,0.2,D1406,30098,1.0,0,"Excellente présentation, compétences techniques à jour. Reprise rapide visée.",0,0,0.6309241630025972,0.20733927055371254,0.16173656644369022
PROD_00476,2026-01-15 06:49:53.877959319,63.2,Bac,2.6,N4101,13094,1.0,0,"Candidat très dynamique, mobilité nationale validée. Projet clair.",2,2,0.1790835293979344,0.2130321623155375,0.6078843082865282
PROD_00477,2026-01-15 07:33:06.722240747,31.2,Bac,2.5,H1504,50059,0.0,1,"Excellente présentation, compétences techniques à jour. Reprise rapide visée.",0,0,0.6602913795105345,0.17632115231282192,0.16338746817664357
PROD_00478,2026-01-15 08:16:19.566522174,49.2,Bac+5,1.8,J1506,28349,0.0,0,Compétences à réactualiser sur les outils numériques. Motivation correcte.,2,2,0.23506142677044473,0.1530030642977353,0.6119355089318199
PROD_00479,2026-01-15 08:59:32.410803601,41.2,Bac+5,5.8,F1603,70470,1.0,0,"Excellente présentation, compétences techniques à jour. Reprise rapide visée.",0,0,0.6960338240522936,0.17517649429637677,0.1287896816513296
PROD_00480,2026-01-15 09:42:45.255085028,52.2,Sans diplôme,3.8,M1602,02445,1.0,0,"Perte de confiance importante. Risque d'exclusion, barrière de la langue.",2,2,0.22715421940256958,0.17005506806140494,0.6027907125360256
PROD_00481,2026-01-15 10:25:58.099366455,28.2,Bac,2.1,M1801,32292,0.0,0,"Excellente présentation, compétences techniques à jour. Reprise rapide visée.",0,0,0.7137259212899417,0.14810101305735415,0.13817306565270412
PROD_00482,2026-01-15 11:09:10.943647882,20.2,Bac+2,1.1,D1210,74164,0.0,0,Compétences à réactualiser sur les outils numériques. Motivation correcte.,1,1,0.16397024732438514,0.6057499907683283,0.2302797619072866
PROD_00483,2026-01-15 11:52:23.787929309,37.2,Bac,7.5,M1806,76004,0.0,0,"Excellente présentation, compétences techniques à jour. Reprise rapide visée.",0,0,0.6323059691462901,0.17081518246785085,0.19687884838585903
PROD_00484,2026-01-15 12:35:36.632210737,61.2,Sans diplôme,6.7,M1802,25375,1.0,0,"Perte de confiance importante. Risque d'exclusion, barrière de la langue.",2,2,0.23810290917317423,0.1320010274075052,0.6298960634193206
PROD_00485,2026-01-15 13:18:49.476492164,52.2,Sans diplôme,2.1,M1802,83043,1.0,0,"Profil autonome, recherche active, aucun frein périphérique identifié.",0,0,0.7045490606205971,0.1309421246832926,0.1645088146961103
PROD_00486,2026-01-15 14:02:02.320773591,51.2,Bac,0.8,C1302,56264,1.0,0,Problème ponctuel de mobilité géographique. Zone mal desservie.,1,1,0.1555041943806123,0.6413050243459428,0.2031907812734448
PROD_00487,2026-01-15 14:45:15.165055018,57.2,Bac,3.1,M1805,34242,1.0,0,Problème ponctuel de mobilité géographique. Zone mal desservie.,1,1,0.13759171497143569,0.6308540833167526,0.23155420171181174
PROD_00488,2026-01-15 15:28:28.009336445,51.2,Bac,0.5,K1903,34276,1.0,0,Projet de reconversion à affiner. Besoin d'une formation complémentaire.,1,1,0.20983930301821657,0.6580159016376292,0.13214479534415413
PROD_00489,2026-01-15 16:11:40.853617872,56.2,Sans diplôme,0.6,M1806,85011,1.0,0,"Excellente présentation, compétences techniques à jour. Reprise rapide visée.",1,1,0.2758791366413349,0.596119317054848,0.1280015463038171
PROD_00490,2026-01-15 16:54:53.697899299,37.2,Bac,8.4,M1501,70480,1.0,0,Cumul de difficultés. Pas de moyen de transport et garde d'enfants complexe.,1,1,0.24736349111589448,0.5980829066517636,0.15455360223234194
PROD_00491,2026-01-15 17:38:06.542180727,53.2,Bac,7.3,M1801,62271,1.0,0,Information non renseignee,1,1,0.2643489455717094,0.5982920495095482,0.13735900491874242
PROD_00492,2026-01-15 18:21:19.386462154,49.2,Sans diplôme,4.1,K1403,60028,1.0,0,Compétences à réactualiser sur les outils numériques. Motivation correcte.,1,1,0.14730440394498528,0.6968147419436183,0.1558808541113964
PROD_00493,2026-01-15 19:04:32.230743581,32.2,Sans diplôme,1.4,G1801,16364,0.0,0,"Perte de confiance importante. Risque d'exclusion, barrière de la langue.",1,1,0.16836427530912726,0.6346674000051317,0.1969683246857411
PROD_00494,2026-01-15 19:47:45.075025008,34.2,Bac+5,2.2,C1501,24470,1.0,0,"Profil autonome, recherche active, aucun frein périphérique identifié.",0,0,0.6841583073609093,0.18136337983621603,0.13447831280287464
PROD_00495,2026-01-15 20:30:57.919306435,50.2,Bac,1.3,A1401,28358,1.0,1,Compétences à réactualiser sur les outils numériques. Motivation correcte.,1,1,0.19060284108242062,0.636623092232948,0.17277406668463136
PROD_00496,2026-01-15 21:14:10.763587862,31.2,Bac+2,4.9,K1304,16067,1.0,0,"Excellente présentation, compétences techniques à jour. Reprise rapide visée.",0,0,0.6224237132079407,0.18212910516280306,0.19544718162925628
PROD_00497,2026-01-15 21:57:23.607869289,32.2,Bac,8.1,J1301,21001,0.0,0,"Candidat très dynamique, mobilité nationale validée. Projet clair.",0,0,0.5965830013571322,0.1760300837529591,0.22738691488990875
PROD_00498,2026-01-15 22:40:36.452150717,59.2,Bac+5,0.5,H1504,36029,0.0,0,Compétences à réactualiser sur les outils numériques. Motivation correcte.,1,1,0.16857745139769348,0.6183762484000915,0.21304630020221504
PROD_00499,2026-01-15 23:23:49.296432144,27.2,Bac+2,7.7,M1705,44158,1.0,1,Information non renseignee,2,2,0.18998021822746539,0.1403734663601182,0.6696463154124165
PROD_00500,2026-01-16 00:07:02.140713571,42.3,Bac,0.9,K1903,62542,1.0,0,Compétences à réactualiser sur les outils numériques. Motivation correcte.,1,1,0.2167509423984112,0.6433276434798527,0.1399214141217361
PROD_00501,2026-01-16 00:50:14.984994998,56.3,Sans diplôme,3.3,D1210,51625,1.0,0,"Perte de confiance importante. Risque d'exclusion, barrière de la langue.",2,2,0.1449987266792968,0.163041293212276,0.6919599801084272
PROD_00502,2026-01-16 01:33:27.829276425,42.3,Bac,0.8,K1601,05073,1.0,0,"Profil autonome, recherche active, aucun frein périphérique identifié.",2,2,0.1814101323754625,0.21545472942346405,0.6031351382010735
PROD_00503,2026-01-16 02:16:40.673557852,59.3,Bac+2,1.5,D1406,70280,0.0,0,Projet de reconversion à affiner. Besoin d'une formation complémentaire.,1,1,0.13291051977360482,0.6205832459933538,0.2465062342330414
PROD_00504,2026-01-16 02:59:53.517839279,44.3,Bac,1.8,H2502,50276,1.0,0,Compétences à réactualiser sur les outils numériques. Motivation correcte.,0,0,0.6025719244472121,0.1992828808734111,0.19814519467937683
PROD_00505,2026-01-16 03:43:06.362120707,40.3,Bac,0.9,C1501,62438,1.0,0,Projet de reconversion à affiner. Besoin d'une formation complémentaire.,1,1,0.22425512534828101,0.6175769814577222,0.15816789319399682
PROD_00506,2026-01-16 04:26:19.206402134,51.3,Bac+5,0.4,D1406,40224,1.0,0,Problème ponctuel de mobilité géographique. Zone mal desservie.,1,1,0.1458096196942201,0.7185421872410206,0.13564819306475928
PROD_00507,2026-01-16 05:09:32.050683561,61.3,Bac,0.5,A1301,70226,1.0,1,Freins périphériques majeurs. Situation d'illettrisme numérique constatée.,2,2,0.15973403883141285,0.22148446469859723,0.61878149646999
PROD_00508,2026-01-16 05:52:44.894964988,55.3,Bac,1.2,I1304,52064,0.0,0,Compétences à réactualiser sur les outils numériques. Motivation correcte.,1,1,0.1763489417173787,0.6263117690486327,0.19733928923398858
PROD_00509,2026-01-16 06:35:57.739246415,34.3,Bac,1.0,K1601,80555,1.0,0,Compétences à réactualiser sur les outils numériques. Motivation correcte.,1,1,0.1567073112782152,0.6649992664462115,0.17829342227557332
PROD_00510,2026-01-16 07:19:10.583527842,44.3,Bac+2,0.5,K1403,65412,0.0,0,Cumul de difficultés. Pas de moyen de transport et garde d'enfants complexe.,1,1,0.21699774229107982,0.6370115279871381,0.14599072972178206
PROD_00511,2026-01-16 08:02:23.427809269,29.3,Bac+2,2.4,F1603,50504,1.0,0,Projet de reconversion à affiner. Besoin d'une formation complémentaire.,1,1,0.19940396201884558,0.6433395854944127,0.1572564524867417
PROD_00512,2026-01-16 08:45:36.272090697,46.3,Bac,0.0,K2106,21623,1.0,1,"Excellente présentation, compétences techniques à jour. Reprise rapide visée.",1,1,0.13235057915282772,0.6414190606098319,0.22623036023734044
PROD_00513,2026-01-16 09:28:49.116372124,35.3,Bac+5,1.8,M1602,35143,1.0,0,"Candidat très dynamique, mobilité nationale validée. Projet clair.",0,0,0.6113294153497121,0.1710430481611954,0.21762753648909253
PROD_00514,2026-01-16 10:12:01.960653551,19.3,Bac,1.6,M1705,35028,1.0,0,"Profil autonome, recherche active, aucun frein périphérique identifié.",0,0,0.6740654204563549,0.1803682492710564,0.14556633027258872
PROD_00515,2026-01-16 10:55:14.804934978,54.3,Sans diplôme,1.9,H2502,01385,1.0,0,Cumul de difficultés. Pas de moyen de transport et garde d'enfants complexe.,2,2,0.13305234256220816,0.15328580541228953,0.7136618520255024
PROD_00516,2026-01-16 11:38:27.649216405,26.3,Bac+5,1.7,I1304,07275,1.0,0,Projet de reconversion à affiner. Besoin d'une formation complémentaire.,0,0,0.6546508019635292,0.18812430712732486,0.15722489090914593
PROD_00517,2026-01-16 12:21:40.493497832,61.3,Bac+2,1.6,D1502,56100,0.0,0,Problème ponctuel de mobilité géographique. Zone mal desservie.,1,1,0.22835981101902295,0.6392963590597625,0.13234382992121463
PROD_00518,2026-01-16 13:04:53.337779259,62.3,Bac+2,0.7,G1203,36194,0.0,0,Problème ponctuel de mobilité géographique. Zone mal desservie.,1,1,0.16956784204284844,0.6553646326906525,0.17506752526649905
PROD_00519,2026-01-16 13:48:06.182060687,61.3,Bac,3.4,W1401,55338,0.0,0,Freins périphériques majeurs. Situation d'illettrisme numérique constatée.,2,2,0.18417795072198234,0.1456518002214711,0.6701702490565467
PROD_00520,2026-01-16 14:31:19.026342114,41.3,Bac+2,2.6,K2111,68318,1.0,0,Compétences à réactualiser sur les outils numériques. Motivation correcte.,1,1,0.17926356911457866,0.6042992300448378,0.2164372008405836
PROD_00521,2026-01-16 15:14:31.870623541,50.3,Bac+5,0.3,D1401,11243,1.0,0,"Candidat très dynamique, mobilité nationale validée. Projet clair.",0,0,0.6194066071303597,0.2159888545318664,0.16460453833777394
PROD_00522,2026-01-16 15:57:44.714904968,33.3,Bac+2,4.0,N4301,32465,0.0,0,"Excellente présentation, compétences techniques à jour. Reprise rapide visée.",0,0,0.5987265088695511,0.1356382583551091,0.26563523277533974
PROD_00523,2026-01-16 16:40:57.559186395,41.3,Sans diplôme,4.9,M1705,12131,1.0,0,Compétences à réactualiser sur les outils numériques. Motivation correcte.,1,1,0.16122324372158753,0.6698308317103759,0.1689459245680366
PROD_00524,2026-01-16 17:24:10.403467822,22.3,Sans diplôme,2.9,M1805,10204,1.0,1,Problème ponctuel de mobilité géographique. Zone mal desservie.,1,1,0.1460130037400015,0.7047731691496584,0.14921382711034015
PROD_00525,2026-01-16 18:07:23.247749249,35.3,Bac,3.7,M1501,30004,0.0,1,"Candidat très dynamique, mobilité nationale validée. Projet clair.",0,0,0.7021689898930787,0.14335753037680382,0.15447347973011744
PROD_00526,2026-01-16 18:50:36.092030677,39.3,Bac+5,1.4,N1101,59620,1.0,0,"Perte de confiance importante. Risque d'exclusion, barrière de la langue.",0,0,0.6545548248860973,0.15929545585504562,0.1861497192588571
PROD_00527,2026-01-16 19:33:48.936312104,44.3,Bac+5,0.6,D1503,04151,1.0,0,"Perte de confiance importante. Risque d'exclusion, barrière de la langue.",0,0,0.668375990693907,0.16179610315700946,0.16982790614908358
PROD_00528,2026-01-16 20:17:01.780593531,38.3,Bac+5,3.3,I1304,60146,0.0,0,Compétences à réactualiser sur les outils numériques. Motivation correcte.,0,0,0.7133490112224649,0.14702545176101806,0.1396255370165171
PROD_00529,2026-01-16 21:00:14.624874958,34.3,Bac,1.2,A1301,80109,1.0,0,Problème ponctuel de mobilité géographique. Zone mal desservie.,0,0,0.603111468532948,0.24159199432499182,0.15529653714206024
PROD_00530,2026-01-16 21:43:27.469156385,62.3,Bac+2,0.5,D1503,66150,1.0,0,"Perte de confiance importante. Risque d'exclusion, barrière de la langue.",2,2,0.17479557159352044,0.15961633361077304,0.6655880947957065
PROD_00531,2026-01-16 22:26:40.313437812,52.3,Bac+2,2.8,G1302,08498,1.0,0,"Candidat très dynamique, mobilité nationale validée. Projet clair.",1,1,0.13716785097643933,0.7289608283370347,0.13387132068652596
PROD_00532,2026-01-16 23:09:53.157719239,51.3,Bac+2,3.3,N1301,57705,0.0,0,"Candidat très dynamique, mobilité nationale validée. Projet clair.",0,0,0.6269499276706362,0.22719915675609104,0.1458509155732728
PROD_00533,2026-01-16 23:53:06.002000667,43.3,Bac,4.1,A1203,61448,1.0,0,Projet de reconversion à affiner. Besoin d'une formation complémentaire.,1,1,0.182319544258141,0.6801732072748731,0.13750724846698592
PROD_00534,2026-01-17 00:36:18.846282094,48.3,Bac+5,0.5,H1206,63122,0.0,1,"Profil autonome, recherche active, aucun frein périphérique identifié.",0,0,0.6410326015084441,0.1303071416087136,0.2286602568828423
PROD_00535,2026-01-17 01:19:31.690563521,31.3,Bac,4.8,H1206,68316,0.0,0,"Profil autonome, recherche active, aucun frein périphérique identifié.",0,0,0.6047031694136589,0.24129471303941608,0.15400211754692505
PROD_00536,2026-01-17 02:02:44.534844948,26.3,Bac,10.1,G1801,83098,1.0,0,"Candidat très dynamique, mobilité nationale validée. Projet clair.",1,1,0.13745067870780403,0.6076921790560865,0.25485714223610945
PROD_00537,2026-01-17 02:45:57.379126375,35.3,Bac+2,1.7,M1607,2B304,0.0,0,Cumul de difficultés. Pas de moyen de transport et garde d'enfants complexe.,2,2,0.15721871572022839,0.20663726151148365,0.636144022768288
PROD_00538,2026-01-17 03:29:10.223407802,57.3,Bac,3.3,H1206,49193,1.0,0,"Excellente présentation, compétences techniques à jour. Reprise rapide visée.",2,2,0.2192683861933195,0.14323906715619616,0.6374925466504843
PROD_00539,2026-01-17 04:12:23.067689229,25.3,Bac+5,0.3,M1805,84026,1.0,0,Cumul de difficultés. Pas de moyen de transport et garde d'enfants complexe.,0,0,0.6550014701529134,0.17133854674195817,0.1736599831051284
PROD_00540,2026-01-17 04:55:35.911970657,39.3,Bac,1.6,W1401,29087,0.0,0,Problème ponctuel de mobilité géographique. Zone mal desservie.,1,1,0.19451046425712187,0.6543338679685973,0.1511556677742809
PROD_00541,2026-01-17 05:38:48.756252084,43.3,Sans diplôme,9.5,D1210,47095,1.0,0,"Perte de confiance importante. Risque d'exclusion, barrière de la langue.",2,2,0.1386025847795985,0.1545026428405315,0.70689477237987
PROD_00542,2026-01-17 06:22:01.600533511,29.3,Bac,0.4,N1303,62795,0.0,0,Problème ponctuel de mobilité géographique. Zone mal desservie.,0,0,0.6114305024334109,0.16619283631274284,0.22237666125384625
PROD_00543,2026-01-17 07:05:14.444814938,18.3,Bac+2,4.4,K2106,81137,1.0,0,"Perte de confiance importante. Risque d'exclusion, barrière de la langue.",2,2,0.19871968789884692,0.20000343729625564,0.6012768748048976
PROD_00544,2026-01-17 07:48:27.289096365,63.3,Sans diplôme,0.6,H2502,91121,1.0,0,Projet de reconversion à affiner. Besoin d'une formation complémentaire.,1,1,0.13742267752442117,0.7056197712013466,0.15695755127423228
PROD_00545,2026-01-17 08:31:40.133377792,56.3,Bac+2,0.2,D1406,25339,1.0,0,"Excellente présentation, compétences techniques à jour. Reprise rapide visée.",0,0,0.7057160413826046,0.13165215483629558,0.16263180378109984
PROD_00546,2026-01-17 09:14:52.977659219,41.3,Bac,1.0,C1201,06144,1.0,0,"Profil autonome, recherche active, aucun frein périphérique identifié.",0,0,0.6149935823549205,0.1485961946885313,0.23641022295654818
PROD_00547,2026-01-17 09:58:05.821940647,49.3,Bac+5,3.1,M1802,10209,1.0,0,"Profil autonome, recherche active, aucun frein périphérique identifié.",0,0,0.6651038911937306,0.1618974818998513,0.17299862690641812
PROD_00548,2026-01-17 10:41:18.666222074,19.3,Bac+5,6.2,G1801,62322,1.0,0,"Excellente présentation, compétences techniques à jour. Reprise rapide visée.",0,0,0.6437922953091861,0.22500994482328063,0.13119775986753324
PROD_00549,2026-01-17 11:24:31.510503501,21.3,Sans diplôme,5.1,K1903,26035,1.0,0,Freins périphériques majeurs. Situation d'illettrisme numérique constatée.,2,2,0.1921437993274633,0.18769930042082167,0.6201569002517151
PROD_00550,2026-01-17 12:07:44.354784928,29.3,Sans diplôme,2.4,N1303,01118,1.0,0,Compétences à réactualiser sur les outils numériques. Motivation correcte.,1,1,0.17005026948858035,0.696961661199667,0.13298806931175267
PROD_00551,2026-01-17 12:50:57.199066355,41.3,Bac+2,3.5,H1206,30332,1.0,0,"Profil autonome, recherche active, aucun frein périphérique identifié.",0,0,0.7071275820607362,0.13681067663638932,0.15606174130287445
PROD_00552,2026-01-17 13:34:10.043347782,30.3,Bac+5,3.1,N1101,83071,1.0,0,Problème ponctuel de mobilité géographique. Zone mal desservie.,0,0,0.617219774993325,0.13501562101623918,0.2477646039904358
PROD_00553,2026-01-17 14:17:22.887629209,37.3,Bac+5,0.6,D1503,70368,0.0,0,"Perte de confiance importante. Risque d'exclusion, barrière de la langue.",0,0,0.6634738863191856,0.20694651775920062,0.1295795959216138
PROD_00554,2026-01-17 15:00:35.731910637,36.3,Bac,6.9,H2502,17446,1.0,0,Problème ponctuel de mobilité géographique. Zone mal desservie.,1,1,0.24111075878566085,0.6215432593044141,0.13734598190992497
PROD_00555,2026-01-17 15:43:48.576192064,59.3,Sans diplôme,1.9,N4301,47086,0.0,0,"Perte de confiance importante. Risque d'exclusion, barrière de la langue.",2,2,0.13768113982959013,0.17678155679985755,0.6855373033705524
PROD_00556,2026-01-17 16:27:01.420473491,56.3,Sans diplôme,3.6,C1501,38550,1.0,0,"Perte de confiance importante. Risque d'exclusion, barrière de la langue.",2,2,0.22601456554590754,0.15900596383847398,0.6149794706156184
PROD_00557,2026-01-17 17:10:14.264754918,59.3,Bac,2.5,M1705,54032,1.0,0,Freins périphériques majeurs. Situation d'illettrisme numérique constatée.,1,1,0.12782917727562654,0.6174941887941565,0.2546766339302169
PROD_00558,2026-01-17 17:53:27.109036345,45.3,Bac,1.5,M1602,55546,1.0,0,Freins périphériques majeurs. Situation d'illettrisme numérique constatée.,0,0,0.6727384089376338,0.1432980889726924,0.1839635020896738
PROD_00559,2026-01-17 18:36:39.953317772,43.3,Bac+2,0.1,K1201,23086,1.0,0,Compétences à réactualiser sur les outils numériques. Motivation correcte.,1,1,0.1626883206109248,0.6393191945331362,0.1979924848559389
PROD_00560,2026-01-17 19:19:52.797599199,53.3,Bac,3.1,W1401,30324,0.0,1,Problème ponctuel de mobilité géographique. Zone mal desservie.,2,2,0.13290756728487546,0.16937470051496578,0.6977177322001589
PROD_00561,2026-01-17 20:03:05.641880627,45.3,Bac+2,0.7,M1801,41017,0.0,1,Compétences à réactualiser sur les outils numériques. Motivation correcte.,1,1,0.12918437688325562,0.6753956452920196,0.19541997782472476
PROD_00562,2026-01-17 20:46:18.486162054,49.3,Bac,4.9,C1302,24462,0.0,0,Freins périphériques majeurs. Situation d'illettrisme numérique constatée.,0,0,0.6056565431528702,0.2238091011972063,0.1705343556499235
PROD_00563,2026-01-17 21:29:31.330443481,63.3,Sans diplôme,0.2,K2106,36079,1.0,0,Cumul de difficultés. Pas de moyen de transport et garde d'enfants complexe.,2,2,0.16507849078327153,0.1597024097826894,0.675219099434039
PROD_00564,2026-01-17 22:12:44.174724908,35.3,Bac+5,3.2,M1602,64060,0.0,0,"Profil autonome, recherche active, aucun frein périphérique identifié.",0,0,0.7290436394578439,0.13574727892701208,0.13520908161514403
PROD_00565,2026-01-17 22:55:57.019006335,34.3,Bac,1.0,K1601,80555,1.0,0,Compétences à réactualiser sur les outils numériques. Motivation correcte.,1,1,0.13315346969595995,0.6231390699566178,0.2437074603474222
PROD_00566,2026-01-17 23:39:09.863287762,38.3,Bac,6.5,D1503,59323,0.0,0,Compétences à réactualiser sur les outils numériques. Motivation correcte.,1,1,0.15817571467310237,0.59849748422415,0.24332680110274763
PROD_00567,2026-01-18 00:22:22.707569189,43.3,Bac+5,0.4,G1601,67091,1.0,1,Projet de reconversion à affiner. Besoin d'une formation complémentaire.,1,1,0.23392365641021712,0.5992800053862767,0.16679633820350614
PROD_00568,2026-01-18 01:05:35.551850617,57.3,Sans diplôme,1.6,A1401,17038,1.0,0,"Candidat très dynamique, mobilité nationale validée. Projet clair.",2,2,0.1438020778980771,0.16255429742469193,0.693643624677231
PROD_00569,2026-01-18 01:48:48.396132044,24.3,Bac+2,2.6,M1806,68069,1.0,0,"Excellente présentation, compétences techniques à jour. Reprise rapide visée.",0,0,0.6080467501394273,0.22882680971785807,0.1631264401427146
PROD_00570,2026-01-18 02:32:01.240413471,60.3,Bac,0.4,K1304,02616,1.0,0,Freins périphériques majeurs. Situation d'illettrisme numérique constatée.,2,2,0.17827894889929807,0.17456366022610031,0.6471573908746016
PROD_00571,2026-01-18 03:15:14.084694898,23.3,Bac+5,0.3,A1401,60317,1.0,0,"Candidat très dynamique, mobilité nationale validée. Projet clair.",0,0,0.6111408296661497,0.1532779070851814,0.2355812632486689
PROD_00572,2026-01-18 03:58:26.928976325,50.3,Bac,3.3,H1504,10408,1.0,0,Projet de reconversion à affiner. Besoin d'une formation complémentaire.,1,1,0.1417610809733103,0.7127810252857995,0.14545789374089024
PROD_00573,2026-01-18 04:41:39.773257752,52.3,Bac,1.5,K1903,46205,0.0,0,Problème ponctuel de mobilité géographique. Zone mal desservie.,1,1,0.15160459692326517,0.6356965050802318,0.2126988979965031
PROD_00574,2026-01-18 05:24:52.617539179,19.3,Bac,1.8,G1801,29241,1.0,0,Problème ponctuel de mobilité géographique. Zone mal desservie.,1,1,0.13205535443509617,0.6887231560460525,0.1792214895188513
PROD_00575,2026-01-18 06:08:05.461820607,21.3,Sans diplôme,0.4,H1206,85121,0.0,0,Problème ponctuel de mobilité géographique. Zone mal desservie.,1,1,0.19301287071685108,0.6657917271141361,0.14119540216901283
PROD_00576,2026-01-18 06:51:18.306102034,48.3,Bac+2,0.6,M1806,15007,1.0,0,Cumul de difficultés. Pas de moyen de transport et garde d'enfants complexe.,0,0,0.6395184589551225,0.16764434389976263,0.19283719714511488
PROD_00577,2026-01-18 07:34:31.150383461,53.3,Sans diplôme,3.9,H1206,21255,0.0,0,Cumul de difficultés. Pas de moyen de transport et garde d'enfants complexe.,2,2,0.17185956384153472,0.1742219679328163,0.6539184682256489
PROD_00578,2026-01-18 08:17:43.994664888,34.3,Bac,2.0,C1201,49338,1.0,0,Freins périphériques majeurs. Situation d'illettrisme numérique constatée.,0,0,0.6434397343578435,0.14241828150440755,0.21414198413774893
PROD_00579,2026-01-18 09:00:56.838946315,59.3,Bac+2,1.0,M1501,71137,0.0,1,Cumul de difficultés. Pas de moyen de transport et garde d'enfants complexe.,2,2,0.12793182394008065,0.211081883876514,0.6609862921834053
PROD_00580,2026-01-18 09:44:09.683227742,53.3,Bac+5,1.9,H1206,14346,0.0,0,"Perte de confiance importante. Risque d'exclusion, barrière de la langue.",2,2,0.13177896231484929,0.20715896131347933,0.6610620763716714
PROD_00581,2026-01-18 10:27:22.527509169,35.3,Bac+5,3.7,G1801,60128,0.0,0,"Excellente présentation, compétences techniques à jour. Reprise rapide visée.",0,0,0.7259046579252219,0.1362588815337916,0.13783646054098656
PROD_00582,2026-01-18 11:10:35.371790597,58.3,Bac,2.4,K1903,57575,0.0,0,Freins périphériques majeurs. Situation d'illettrisme numérique constatée.,0,0,0.663916173884379,0.14155140539845906,0.19453242071716198
PROD_00583,2026-01-18 11:53:48.216072024,18.3,Bac,5.4,M1801,12282,0.0,0,"Excellente présentation, compétences techniques à jour. Reprise rapide visée.",0,0,0.6606791537087348,0.14646917057468883,0.1928516757165764
PROD_00584,2026-01-18 12:37:01.060353451,54.3,Bac+2,1.6,C1110,27578,1.0,1,Cumul de difficultés. Pas de moyen de transport et garde d'enfants complexe.,2,2,0.1394614834361168,0.14192191554504935,0.718616601018834
PROD_00585,2026-01-18 13:20:13.904634878,30.3,Bac,0.8,G1602,33172,0.0,0,Projet de reconversion à affiner. Besoin d'une formation complémentaire.,0,0,0.5953948646778789,0.22510919822430442,0.17949593709781664
PROD_00586,2026-01-18 14:03:26.748916305,38.3,Bac+2,0.7,G1302,57443,1.0,0,Freins périphériques majeurs. Situation d'illettrisme numérique constatée.,1,1,0.17904687005566736,0.6169226018887455,0.2040305280555872
PROD_00587,2026-01-18 14:46:39.593197732,18.3,Bac+2,2.8,W1401,26058,1.0,0,Cumul de difficultés. Pas de moyen de transport et garde d'enfants complexe.,0,0,0.6490230619951105,0.17528678000765882,0.17569015799723067
PROD_00588,2026-01-18 15:29:52.437479159,24.3,Bac,0.9,D1503,36226,0.0,0,"Candidat très dynamique, mobilité nationale validée. Projet clair.",1,1,0.13827012086796117,0.5966820450124852,0.26504783411955357
PROD_00589,2026-01-18 16:13:05.281760587,55.3,Bac,2.3,H1206,21179,1.0,0,Projet de reconversion à affiner. Besoin d'une formation complémentaire.,1,1,0.15435978675432674,0.6503943077592412,0.19524590548643206
PROD_00590,2026-01-18 16:56:18.126042014,52.3,Bac+5,0.3,G1601,11161,1.0,0,"Perte de confiance importante. Risque d'exclusion, barrière de la langue.",1,1,0.13112995834722752,0.7226291875437071,0.1462408541090654
PROD_00591,2026-01-18 17:39:30.970323441,28.3,Sans diplôme,0.3,G1602,80622,0.0,0,"Candidat très dynamique, mobilité nationale validée. Projet clair.",0,0,0.6279445019971587,0.16265218982460372,0.2094033081782376
PROD_00592,2026-01-18 18:22:43.814604868,44.3,Bac,0.5,N4101,88258,0.0,0,Freins périphériques majeurs. Situation d'illettrisme numérique constatée.,1,1,0.20781421291624114,0.6498010015193704,0.1423847855643885
PROD_00593,2026-01-18 19:05:56.658886295,36.3,Sans diplôme,3.2,W1401,45082,0.0,0,"Perte de confiance importante. Risque d'exclusion, barrière de la langue.",1,1,0.12964154021395483,0.663573477449404,0.20678498233664122
PROD_00594,2026-01-18 19:49:09.503167722,41.3,Sans diplôme,2.2,C1110,73129,0.0,0,Compétences à réactualiser sur les outils numériques. Motivation correcte.,2,2,0.1357209936207208,0.18780586043854497,0.6764731459407343
PROD_00595,2026-01-18 20:32:22.347449149,50.3,Bac+2,0.1,A1301,30270,0.0,0,Compétences à réactualiser sur les outils numériques. Motivation correcte.,1,1,0.1897345768645943,0.6630215748721504,0.14724384826325532
PROD_00596,2026-01-18 21:15:35.191730577,51.3,Bac+2,1.8,K2111,16381,1.0,0,Freins périphériques majeurs. Situation d'illettrisme numérique constatée.,1,1,0.15819462416504068,0.6683883012301959,0.1734170746047634
PROD_00597,2026-01-18 21:58:48.036012004,34.3,Bac+5,0.8,G1602,14646,0.0,0,Freins périphériques majeurs. Situation d'illettrisme numérique constatée.,0,0,0.6080917024037626,0.12804752307833958,0.2638607745178978
PROD_00598,2026-01-18 22:42:00.880293431,26.3,Sans diplôme,2.6,K1201,23255,0.0,0,"Excellente présentation, compétences techniques à jour. Reprise rapide visée.",0,0,0.6130324535595746,0.14325890371855002,0.2437086427218754
PROD_00599,2026-01-18 23:25:13.724574858,57.3,Sans diplôme,1.6,A1401,17038,1.0,0,"Candidat très dynamique, mobilité nationale validée. Projet clair.",2,2,0.16608832388014072,0.13700450976439782,0.6969071663554615
PROD_00600,2026-01-19 00:08:26.568856285,52.3,Bac+5,21.6,I1304,59224,1.0,1,Freins périphériques majeurs. Situation d'illettrisme numérique constatée.,2,2,0.13035957559748412,0.24935692527846923,0.6202834991240467
PROD_00601,2026-01-19 00:51:39.413137712,23.3,Sans diplôme,0.5,K1201,10165,0.0,0,Compétences à réactualiser sur les outils numériques. Motivation correcte.,1,1,0.1928233940480235,0.6477298656301638,0.15944674032181272
PROD_00602,2026-01-19 01:34:52.257419139,45.3,Bac+2,4.0,A1401,2B179,1.0,0,Problème ponctuel de mobilité géographique. Zone mal desservie.,1,1,0.17959668020510852,0.6670347016549847,0.15336861813990676
PROD_00603,2026-01-19 02:18:05.101700567,41.3,Bac,3.4,K1201,15076,0.0,0,Cumul de difficultés. Pas de moyen de transport et garde d'enfants complexe.,2,2,0.2354055536267003,0.14705809498465278,0.6175363513886469
PROD_00604,2026-01-19 03:01:17.945981994,50.3,Bac+2,0.9,K1601,67165,1.0,0,Problème ponctuel de mobilité géographique. Zone mal desservie.,1,1,0.16055398342789123,0.6572069077861691,0.18223910878593963
PROD_00605,2026-01-19 03:44:30.790263421,18.3,Bac,7.8,M1705,77171,1.0,0,Freins périphériques majeurs. Situation d'illettrisme numérique constatée.,0,0,0.6006179245759886,0.1430126318225891,0.2563694436014223
PROD_00606,2026-01-19 04:27:43.634544848,28.3,Bac+5,3.1,K2106,08109,0.0,1,"Profil autonome, recherche active, aucun frein périphérique identifié.",0,0,0.644134315640446,0.19996258654507326,0.15590309781448075
PROD_00607,2026-01-19 05:10:56.478826275,34.3,Sans diplôme,4.7,G1302,09025,0.0,0,Problème ponctuel de mobilité géographique. Zone mal desservie.,1,1,0.24684415506454002,0.6032134902665505,0.14994235466890948
PROD_00608,2026-01-19 05:54:09.323107702,20.3,Bac,4.1,I1304,70236,1.0,0,Compétences à réactualiser sur les outils numériques. Motivation correcte.,0,0,0.6902206623271969,0.14835683645695288,0.1614225012158502
PROD_00609,2026-01-19 06:37:22.167389129,62.3,Bac,1.6,N1301,02051,0.0,0,Problème ponctuel de mobilité géographique. Zone mal desservie.,1,1,0.1514814869496608,0.6126767868052541,0.23584172624508515
PROD_00610,2026-01-19 07:20:35.011670557,30.3,Bac+5,2.3,M1602,08286,1.0,0,"Excellente présentation, compétences techniques à jour. Reprise rapide visée.",0,0,0.6283301784118727,0.1786791588555828,0.19299066273254453
PROD_00611,2026-01-19 08:03:47.855951984,60.3,Bac,1.3,D1210,47200,1.0,0,Compétences à réactualiser sur les outils numériques. Motivation correcte.,1,1,0.14834321379295431,0.6167276892265523,0.23492909698049336
PROD_00612,2026-01-19 08:47:00.700233411,40.3,Bac,1.5,N1101,87138,1.0,0,"Perte de confiance importante. Risque d'exclusion, barrière de la langue.",0,0,0.6784592683979841,0.19073530574216463,0.13080542585985128
PROD_00613,2026-01-19 09:30:13.544514838,30.3,Bac+2,8.8,N1101,50490,1.0,0,Compétences à réactualiser sur les outils numériques. Motivation correcte.,1,1,0.16990222090545914,0.6095467885804312,0.22055099051410965
PROD_00614,2026-01-19 10:13:26.388796265,39.3,Bac+2,4.3,C1201,11181,1.0,0,"Excellente présentation, compétences techniques à jour. Reprise rapide visée.",0,0,0.6047274348776097,0.20356066942618,0.19171189569621028
PROD_00615,2026-01-19 10:56:39.233077692,44.3,Bac,0.7,H1504,60598,0.0,0,Compétences à réactualiser sur les outils numériques. Motivation correcte.,1,1,0.17989186955945055,0.672064638489703,0.14804349195084643
PROD_00616,2026-01-19 11:39:52.077359119,36.3,Bac+2,0.7,J1301,71096,0.0,0,"Profil autonome, recherche active, aucun frein périphérique identifié.",0,0,0.642407353377677,0.18488935970239426,0.17270328691992878
PROD_00617,2026-01-19 12:23:04.921640547,29.3,Bac+2,0.5,M1501,81175,1.0,0,Problème ponctuel de mobilité géographique. Zone mal desservie.,1,1,0.14387889340428447,0.6158606446697066,0.24026046192600892
PROD_00618,2026-01-19 13:06:17.765921974,46.3,Bac,0.4,F1603,80151,1.0,1,"Candidat très dynamique, mobilité nationale validée. Projet clair.",0,0,0.6395436507661931,0.22306709155699722,0.13738925767680965
PROD_00619,2026-01-19 13:49:30.610203401,59.3,Bac+2,0.8,D1503,02655,0.0,0,Compétences à réactualiser sur les outils numériques. Motivation correcte.,2,2,0.1568113100164269,0.17128002798046268,0.6719086620031104
PROD_00620,2026-01-19 14:32:43.454484828,53.3,Sans diplôme,0.3,K2111,51027,0.0,0,"Perte de confiance importante. Risque d'exclusion, barrière de la langue.",2,2,0.17035853962393516,0.17867182405240867,0.6509696363236562
PROD_00621,2026-01-19 15:15:56.298766255,35.3,Bac+2,0.4,M1602,55570,0.0,0,Cumul de difficultés. Pas de moyen de transport et garde d'enfants complexe.,2,2,0.17524958655879264,0.19692979744401098,0.6278206159971964
PROD_00622,2026-01-19 15:59:09.143047682,47.3,Bac+2,2.1,D1503,74314,1.0,0,"Candidat très dynamique, mobilité nationale validée. Projet clair.",2,2,0.17166310891655615,0.1809958978185222,0.6473409932649217
PROD_00623,2026-01-19 16:42:21.987329109,20.3,Bac+2,1.0,K2106,24222,0.0,0,Freins périphériques majeurs. Situation d'illettrisme numérique constatée.,0,0,0.6026703231930779,0.1298498015482175,0.2674798752587046
PROD_00624,2026-01-19 17:25:34.831610537,29.3,Bac,1.7,D1502,28100,1.0,0,Cumul de difficultés. Pas de moyen de transport et garde d'enfants complexe.,2,2,0.14801638830833633,0.13876121651716797,0.7132223951744957
PROD_00625,2026-01-19 18:08:47.675891964,52.3,Sans diplôme,2.1,M1802,83043,1.0,0,"Profil autonome, recherche active, aucun frein périphérique identifié.",0,0,0.6197260892290248,0.2132309073587945,0.16704300341218067
PROD_00626,2026-01-19 18:52:00.520173391,34.3,Bac,0.4,G1801,06058,0.0,0,Problème ponctuel de mobilité géographique. Zone mal desservie.,1,1,0.18517088961316747,0.6718836307419135,0.1429454796449191
PROD_00627,2026-01-19 19:35:13.364454818,47.3,Sans diplôme,0.7,M1607,42126,1.0,0,"Perte de confiance importante. Risque d'exclusion, barrière de la langue.",1,1,0.1781848143770713,0.6175909365810264,0.2042242490419024
PROD_00628,2026-01-19 20:18:26.208736245,19.3,Bac,0.4,K2101,19268,1.0,0,Compétences à réactualiser sur les outils numériques. Motivation correcte.,1,1,0.16808177593577991,0.617284668296218,0.21463355576800214
PROD_00629,2026-01-19 21:01:39.053017672,21.3,Bac+2,1.9,M1501,63327,0.0,0,"Profil autonome, recherche active, aucun frein périphérique identifié.",1,1,0.19004039011990792,0.6606025325355993,0.14935707734449277
PROD_00630,2026-01-19 21:44:51.897299099,49.3,Bac+5,1.6,K1304,81064,1.0,0,Cumul de difficultés. Pas de moyen de transport et garde d'enfants complexe.,0,0,0.6451678725350656,0.20989638930326437,0.14493573816167005
PROD_00631,2026-01-19 22:28:04.741580527,46.3,Bac,1.9,J1506,65010,1.0,0,Freins périphériques majeurs. Situation d'illettrisme numérique constatée.,0,0,0.6504060439133833,0.13906780171151642,0.21052615437510028
PROD_00632,2026-01-19 23:11:17.585861954,53.3,Sans diplôme,0.3,K2111,51027,0.0,0,"Perte de confiance importante. Risque d'exclusion, barrière de la langue.",2,2,0.1853918847750498,0.15946582946378024,0.65514228576117
PROD_00633,2026-01-19 23:54:30.430143381,43.3,Bac+2,3.9,G1302,87004,0.0,0,Problème ponctuel de mobilité géographique. Zone mal desservie.,1,1,0.16594233529489125,0.5983428187905714,0.2357148459145374
PROD_00634,2026-01-20 00:37:43.274424808,43.3,Bac+5,1.6,A1501,27187,1.0,0,Cumul de difficultés. Pas de moyen de transport et garde d'enfants complexe.,0,0,0.6635570741324106,0.18667058109456966,0.14977234477301973
PROD_00635,2026-01-20 01:20:56.118706235,37.3,Bac+2,1.6,K2101,11120,1.0,0,Problème ponctuel de mobilité géographique. Zone mal desservie.,0,0,0.6740437692624635,0.1461936834312445,0.17976254730629204
PROD_00636,2026-01-20 02:04:08.962987662,26.3,Bac,1.4,M1806,14661,1.0,0,"Excellente présentation, compétences techniques à jour. Reprise rapide visée.",0,0,0.644051420220534,0.2273102308748336,0.12863834890463244
PROD_00637,2026-01-20 02:47:21.807269089,62.3,Bac,10.9,A1203,43258,1.0,0,Freins périphériques majeurs. Situation d'illettrisme numérique constatée.,2,2,0.1434625563130289,0.136010383309843,0.7205270603771281
PROD_00638,2026-01-20 03:30:34.651550517,45.3,Bac,1.5,M1602,55546,1.0,0,Freins périphériques majeurs. Situation d'illettrisme numérique constatée.,0,0,0.6250214893744792,0.1670004984718274,0.20797801215369338
PROD_00639,2026-01-20 04:13:47.495831944,60.3,Bac,0.4,K1304,02616,1.0,0,Freins périphériques majeurs. Situation d'illettrisme numérique constatée.,2,2,0.13300880398571993,0.14573673720647656,0.7212544588078036
PROD_00640,2026-01-20 04:57:00.340113371,18.3,Bac+2,3.7,A1501,76594,1.0,0,"Candidat très dynamique, mobilité nationale validée. Projet clair.",1,1,0.20702664436451187,0.617521285258759,0.17545207037672905
PROD_00641,2026-01-20 05:40:13.184394798,55.3,Bac+2,1.8,D1406,19226,1.0,0,Problème ponctuel de mobilité géographique. Zone mal desservie.,1,1,0.1641457159655395,0.6832468367939905,0.15260744724047004
PROD_00642,2026-01-20 06:23:26.028676225,53.3,Bac,0.8,M1602,14674,0.0,0,"Excellente présentation, compétences techniques à jour. Reprise rapide visée.",1,1,0.19327598553209402,0.6288655635135557,0.17785845095435027
PROD_00643,2026-01-20 07:06:38.872957652,18.3,Bac+5,1.0,F1603,02500,1.0,0,Projet de reconversion à affiner. Besoin d'une formation complémentaire.,1,1,0.1791980552530285,0.6173634966929376,0.20343844805403388
PROD_00644,2026-01-20 07:49:51.717239079,52.3,Sans diplôme,5.3,M1203,50260,1.0,0,"Excellente présentation, compétences techniques à jour. Reprise rapide visée.",1,1,0.17968073064260326,0.644958798337021,0.17536047102037577
PROD_00645,2026-01-20 08:33:04.561520507,36.3,Bac+5,7.5,N1301,61463,0.0,0,Cumul de difficultés. Pas de moyen de transport et garde d'enfants complexe.,0,0,0.654006893391863,0.20415382605094026,0.14183928055719672
PROD_00646,2026-01-20 09:16:17.405801934,35.3,Sans diplôme,6.0,K1403,23022,0.0,0,Compétences à réactualiser sur les outils numériques. Motivation correcte.,0,0,0.6103534165758548,0.1765764586552818,0.21307012476886336
PROD_00647,2026-01-20 09:59:30.250083361,19.3,Bac,1.7,M1802,37146,1.0,0,Compétences à réactualiser sur les outils numériques. Motivation correcte.,1,1,0.20770828179997564,0.6465704501915283,0.14572126800849616
PROD_00648,2026-01-20 10:42:43.094364788,35.3,Bac+2,5.8,W1401,57566,1.0,0,"Excellente présentation, compétences techniques à jour. Reprise rapide visée.",0,0,0.6052394276123712,0.2339031962240549,0.16085737616357396
PROD_00649,2026-01-20 11:25:55.938646215,43.3,Sans diplôme,5.2,M1805,27110,1.0,0,Compétences à réactualiser sur les outils numériques. Motivation correcte.,1,1,0.24101411840746498,0.6026449507003904,0.15634093089214463
PROD_00650,2026-01-20 12:09:08.782927642,40.3,Sans diplôme,1.1,M1802,50447,0.0,0,Projet de reconversion à affiner. Besoin d'une formation complémentaire.,1,1,0.21700778934540071,0.622066074812963,0.16092613584163618
PROD_00651,2026-01-20 12:52:21.627209069,35.3,Bac+2,2.0,M1801,86026,0.0,0,"Profil autonome, recherche active, aucun frein périphérique identifié.",0,0,0.7149331369508122,0.13114588842954736,0.15392097461964047
PROD_00652,2026-01-20 13:35:34.471490497,63.3,Bac+5,2.1,D1502,82093,1.0,0,Problème ponctuel de mobilité géographique. Zone mal desservie.,1,1,0.14635022208918005,0.6032847019136673,0.25036507599715263
PROD_00653,2026-01-20 14:18:47.315771924,41.3,Bac,5.3,F1603,19116,0.0,0,"Profil autonome, recherche active, aucun frein périphérique identifié.",1,1,0.20434640492632866,0.6158991749556857,0.1797544201179857
PROD_00654,2026-01-20 15:02:00.160053351,54.3,Bac+5,4.1,K1304,10065,1.0,0,Compétences à réactualiser sur les outils numériques. Motivation correcte.,0,0,0.6817059807688869,0.15968821426060847,0.15860580497050464
PROD_00655,2026-01-20 15:45:13.004334778,27.3,Bac+5,1.7,H1206,33168,1.0,1,Compétences à réactualiser sur les outils numériques. Motivation correcte.,1,1,0.23250637402830945,0.6373688463936703,0.13012477957802027
PROD_00656,2026-01-20 16:28:25.848616205,56.3,Sans diplôme,1.4,K2106,43011,0.0,0,"Perte de confiance importante. Risque d'exclusion, barrière de la langue.",2,2,0.23463955088885335,0.12980658551414387,0.6355538635970028
PROD_00657,2026-01-20 17:11:38.692897632,35.3,Bac+2,16.4,A1501,26355,1.0,0,"Candidat très dynamique, mobilité nationale validée. Projet clair.",1,1,0.14683732835783977,0.6139568704020801,0.23920580124008006
PROD_00658,2026-01-20 17:54:51.537179059,25.3,Sans diplôme,4.7,W1401,67463,1.0,0,Compétences à réactualiser sur les outils numériques. Motivation correcte.,0,0,0.6102728652380023,0.2451838751797314,0.14454325958226633
PROD_00659,2026-01-20 18:38:04.381460487,41.3,Bac+2,9.2,K1601,70275,1.0,0,Cumul de difficultés. Pas de moyen de transport et garde d'enfants complexe.,2,2,0.1730749295039976,0.16703671927849717,0.6598883512175052
PROD_00660,2026-01-20 19:21:17.225741914,46.3,Bac+2,11.0,W1401,03056,1.0,0,Problème ponctuel de mobilité géographique. Zone mal desservie.,1,1,0.16721865719689258,0.6965554105536998,0.1362259322494076
PROD_00661,2026-01-20 20:04:30.070023341,26.3,Bac,1.8,M1805,65054,1.0,0,Problème ponctuel de mobilité géographique. Zone mal desservie.,0,0,0.6600746870067057,0.13932196966709365,0.20060334332620067
PROD_00662,2026-01-20 20:47:42.914304768,32.3,Bac+2,0.2,A1301,11120,1.0,0,"Candidat très dynamique, mobilité nationale validée. Projet clair.",0,0,0.6546760717665479,0.16721108103030788,0.17811284720314427
PROD_00663,2026-01-20 21:30:55.758586195,19.3,Bac+5,5.8,M1203,45108,1.0,0,Problème ponctuel de mobilité géographique. Zone mal desservie.,0,0,0.6604248972336806,0.1458767316616735,0.1936983711046459
PROD_00664,2026-01-20 22:14:08.602867622,18.3,Bac,2.5,M1802,50305,0.0,0,"Excellente présentation, compétences techniques à jour. Reprise rapide visée.",0,0,0.7064099687070697,0.16102214136242354,0.13256788993050672
PROD_00665,2026-01-20 22:57:21.447149049,42.3,Bac,0.5,K1903,76259,1.0,0,Compétences à réactualiser sur les outils numériques. Motivation correcte.,1,1,0.20947220953720574,0.6077289109399401,0.18279887952285423
PROD_00666,2026-01-20 23:40:34.291430477,22.3,Bac+5,2.1,M1203,71140,0.0,0,"Candidat très dynamique, mobilité nationale validée. Projet clair.",0,0,0.6170529316818945,0.2478176801418881,0.13512938817621745
PROD_00667,2026-01-21 00:23:47.135711904,28.3,Bac+5,5.7,N4301,59344,0.0,1,Problème ponctuel de mobilité géographique. Zone mal desservie.,1,1,0.18239132474633518,0.64129426471078,0.17631441054288488
PROD_00668,2026-01-21 01:06:59.979993331,19.3,Bac,0.3,D1503,57004,1.0,0,Problème ponctuel de mobilité géographique. Zone mal desservie.,1,1,0.22835220419222146,0.6242582080802459,0.14738958772753263
PROD_00669,2026-01-21 01:50:12.824274758,46.3,Bac+5,11.1,C1302,31171,1.0,0,"Excellente présentation, compétences techniques à jour. Reprise rapide visée.",0,0,0.5979713345337504,0.1782536305397567,0.2237750349264929
PROD_00670,2026-01-21 02:33:25.668556185,62.3,Sans diplôme,3.5,I1304,69133,1.0,1,"Profil autonome, recherche active, aucun frein périphérique identifié.",2,2,0.263757897533741,0.13344630441466038,0.6027957980515986
PROD_00671,2026-01-21 03:16:38.512837612,23.3,Bac+5,0.3,M1602,10076,1.0,0,Projet de reconversion à affiner. Besoin d'une formation complémentaire.,1,1,0.14176711032236539,0.7066090743717566,0.15162381530587798
PROD_00672,2026-01-21 03:59:51.357119039,57.3,Bac,2.7,A1203,47312,0.0,1,Compétences à réactualiser sur les outils numériques. Motivation correcte.,2,2,0.19150470756657817,0.14488741759793294,0.663607874835489
PROD_00673,2026-01-21 04:43:04.201400467,36.3,Sans diplôme,4.0,A1203,05178,1.0,1,Cumul de difficultés. Pas de moyen de transport et garde d'enfants complexe.,2,2,0.12913935907070442,0.25464464151673566,0.61621599941256
PROD_00674,2026-01-21 05:26:17.045681894,21.3,Bac,1.0,K1201,51296,1.0,0,"Profil autonome, recherche active, aucun frein périphérique identifié.",0,0,0.7281185964409306,0.13951250805827137,0.13236889550079806
PROD_00675,2026-01-21 06:09:29.889963321,50.3,Sans diplôme,2.0,D1503,45307,0.0,0,"Profil autonome, recherche active, aucun frein périphérique identifié.",0,0,0.7138515842801662,0.13413306671751976,0.1520153490023141
PROD_00676,2026-01-21 06:52:42.734244748,60.3,Bac,1.0,D1210,71469,1.0,0,Problème ponctuel de mobilité géographique. Zone mal desservie.,1,1,0.21111853941948974,0.6133080412752818,0.1755734193052284
PROD_00677,2026-01-21 07:35:55.578526175,43.3,Bac+2,2.4,A1203,72135,1.0,0,Compétences à réactualiser sur les outils numériques. Motivation correcte.,1,1,0.13387012619842775,0.6178029495118612,0.24832692428971104
PROD_00678,2026-01-21 08:19:08.422807602,59.3,Bac+2,0.4,A1401,02251,1.0,0,Freins périphériques majeurs. Situation d'illettrisme numérique constatée.,0,0,0.6427561916772248,0.18151571434212274,0.1757280939806525
PROD_00679,2026-01-21 09:02:21.267089029,37.3,Bac+2,0.2,C1302,72047,1.0,0,Freins périphériques majeurs. Situation d'illettrisme numérique constatée.,0,0,0.7164530618761562,0.15029985344535968,0.13324708467848412
PROD_00680,2026-01-21 09:45:34.111370457,50.3,Bac,1.9,G1302,48081,0.0,0,Compétences à réactualiser sur les outils numériques. Motivation correcte.,1,1,0.2322003744095081,0.6332512949100914,0.1345483306804005
PROD_00681,2026-01-21 10:28:46.955651884,49.3,Bac+5,0.7,C1501,45082,1.0,0,Compétences à réactualiser sur les outils numériques. Motivation correcte.,0,0,0.6556676203937957,0.1733751651923086,0.17095721441389572
PROD_00682,2026-01-21 11:11:59.799933311,19.3,Bac,6.7,D1406,29295,1.0,0,Compétences à réactualiser sur les outils numériques. Motivation correcte.,1,1,0.14445217632641938,0.6923841401804968,0.16316368349308386
PROD_00683,2026-01-21 11:55:12.644214738,19.3,Bac,1.6,M1705,35028,1.0,0,"Profil autonome, recherche active, aucun frein périphérique identifié.",0,0,0.6171424652732738,0.19843121609851277,0.18442631862821346
PROD_00684,2026-01-21 12:38:25.488496165,43.3,Sans diplôme,6.2,K1601,35002,0.0,0,Cumul de difficultés. Pas de moyen de transport et garde d'enfants complexe.,1,1,0.17447720101389652,0.6303073330220381,0.19521546596406536
PROD_00685,2026-01-21 13:21:38.332777592,23.3,Bac+5,1.9,K1403,80390,0.0,0,Cumul de difficultés. Pas de moyen de transport et garde d'enfants complexe.,0,0,0.6678414816812264,0.18313824965708364,0.14902026866169
PROD_00686,2026-01-21 14:04:51.177059019,42.3,Sans diplôme,10.5,D1401,73099,1.0,0,"Excellente présentation, compétences techniques à jour. Reprise rapide visée.",1,1,0.14434593121463213,0.7238076527496926,0.13184641603567526
PROD_00687,2026-01-21 14:48:04.021340447,61.3,Bac,3.1,C1501,70567,1.0,0,Cumul de difficultés. Pas de moyen de transport et garde d'enfants complexe.,1,1,0.1374357649773998,0.6846310408085641,0.17793319421403608
PROD_00688,2026-01-21 15:31:16.865621874,21.3,Bac+5,2.7,A1203,66090,1.0,0,"Perte de confiance importante. Risque d'exclusion, barrière de la langue.",2,2,0.17629999794144502,0.17414986151684297,0.649550140541712
PROD_00689,2026-01-21 16:14:29.709903301,57.3,Bac+5,0.3,G1601,80372,1.0,0,"Perte de confiance importante. Risque d'exclusion, barrière de la langue.",1,1,0.16424466864187867,0.6494959081478504,0.1862594232102709
PROD_00690,2026-01-21 16:57:42.554184728,54.3,Bac,8.2,A1401,44024,1.0,0,Cumul de difficultés. Pas de moyen de transport et garde d'enfants complexe.,2,2,0.14926777212857675,0.14191827210654828,0.7088139557648749
PROD_00691,2026-01-21 17:40:55.398466155,61.3,Bac,5.5,N4101,65125,1.0,0,Problème ponctuel de mobilité géographique. Zone mal desservie.,1,1,0.1328731252531504,0.6838504864511551,0.18327638829569448
PROD_00692,2026-01-21 18:24:08.242747582,62.3,Bac,7.5,K2111,85254,1.0,0,Problème ponctuel de mobilité géographique. Zone mal desservie.,1,1,0.14287520520383562,0.6443349954703407,0.21278979932582376
PROD_00693,2026-01-21 19:07:21.087029009,40.3,Bac+2,0.1,K1304,62568,1.0,0,Compétences à réactualiser sur les outils numériques. Motivation correcte.,1,1,0.13057267599119446,0.649148446779504,0.2202788772293015
PROD_00694,2026-01-21 19:50:33.931310437,33.3,Bac,1.3,K1403,10335,1.0,0,"Candidat très dynamique, mobilité nationale validée. Projet clair.",0,0,0.686149260690539,0.1324285342829502,0.18142220502651074
PROD_00695,2026-01-21 20:33:46.775591864,58.3,Bac+5,1.9,G1602,29249,0.0,0,Problème ponctuel de mobilité géographique. Zone mal desservie.,1,1,0.1395992105018029,0.7229436958823588,0.13745709361583824
PROD_00696,2026-01-21 21:16:59.619873291,33.3,Bac+2,2.3,A1203,21295,1.0,0,Compétences à réactualiser sur les outils numériques. Motivation correcte.,1,1,0.18681021427882177,0.6522084285703841,0.1609813571507942
PROD_00697,2026-01-21 22:00:12.464154718,30.3,Sans diplôme,0.5,D1503,51596,0.0,0,Freins périphériques majeurs. Situation d'illettrisme numérique constatée.,2,2,0.19005556545554844,0.15387528800158867,0.6560691465428629
PROD_00698,2026-01-21 22:43:25.308436145,41.3,Bac+5,1.5,J1506,44224,0.0,0,Projet de reconversion à affiner. Besoin d'une formation complémentaire.,0,0,0.6366818319135946,0.2307071750393119,0.13261099304709348
PROD_00699,2026-01-21 23:26:38.152717572,36.3,Sans diplôme,4.0,A1203,05178,1.0,1,Cumul de difficultés. Pas de moyen de transport et garde d'enfants complexe.,2,2,0.2092000610216072,0.17850421545691356,0.6122957235214793
PROD_00700,2026-01-22 00:09:50.996998999,51.4,Bac,0.4,D1502,84119,1.0,0,Compétences à réactualiser sur les outils numériques. Motivation correcte.,0,0,0.6875429118328004,0.1303556921260524,0.18210139604114722
PROD_00701,2026-01-22 00:53:03.841280427,52.4,Bac+5,21.6,I1304,59224,1.0,1,Freins périphériques majeurs. Situation d'illettrisme numérique constatée.,2,2,0.15337265787715246,0.14268524955263312,0.7039420925702145
PROD_00702,2026-01-22 01:36:16.685561854,36.4,Bac,5.4,K2111,65162,1.0,0,"Perte de confiance importante. Risque d'exclusion, barrière de la langue.",1,1,0.15379343610777838,0.7156274155514606,0.130579148340761
PROD_00703,2026-01-22 02:19:29.529843281,29.4,Bac,0.1,N1101,24243,0.0,0,"Excellente présentation, compétences techniques à jour. Reprise rapide visée.",0,0,0.642275925858434,0.14644498413606982,0.21127909000549622
PROD_00704,2026-01-22 03:02:42.374124708,36.4,Bac,3.3,G1602,45161,1.0,0,"Profil autonome, recherche active, aucun frein périphérique identifié.",0,0,0.602970503645057,0.1957004751726923,0.2013290211822507
PROD_00705,2026-01-22 03:45:55.218406135,43.4,Bac,0.6,N1301,70422,1.0,0,Projet de reconversion à affiner. Besoin d'une formation complémentaire.,1,1,0.19470507523226932,0.6628001466130629,0.14249477815466782
PROD_00706,2026-01-22 04:29:08.062687562,61.4,Bac,0.2,K2111,55044,1.0,1,Freins périphériques majeurs. Situation d'illettrisme numérique constatée.,2,2,0.18189035563826414,0.15598010404592888,0.662129540315807
PROD_00707,2026-01-22 05:12:20.906968989,40.4,Bac+2,0.6,A1203,74085,1.0,0,Projet de reconversion à affiner. Besoin d'une formation complémentaire.,1,1,0.19728886913039057,0.66106506322492,0.14164606764468946
PROD_00708,2026-01-22 05:55:33.751250417,46.4,Bac,5.4,M1705,35275,0.0,1,Compétences à réactualiser sur les outils numériques. Motivation correcte.,1,1,0.2706188271842953,0.5988578770094461,0.13052329580625854
PROD_00709,2026-01-22 06:38:46.595531844,46.4,Bac+2,3.9,A1202,06150,1.0,0,Problème ponctuel de mobilité géographique. Zone mal desservie.,1,1,0.12771355217790833,0.6266195822810462,0.24566686554104544
PROD_00710,2026-01-22 07:21:59.439813271,63.4,Bac+5,1.2,J1301,61445,1.0,0,Problème ponctuel de mobilité géographique. Zone mal desservie.,0,0,0.6139718086914107,0.1430533621362698,0.24297482917231955
PROD_00711,2026-01-22 08:05:12.284094698,35.4,Bac+2,5.3,M1607,67442,0.0,0,Problème ponctuel de mobilité géographique. Zone mal desservie.,1,1,0.15505403584506017,0.7153529386973214,0.12959302545761842
PROD_00712,2026-01-22 08:48:25.128376125,50.4,Bac+2,1.2,I1304,32104,1.0,0,Problème ponctuel de mobilité géographique. Zone mal desservie.,0,0,0.6832936233544453,0.15731948182218636,0.15938689482336832
PROD_00713,2026-01-22 09:31:37.972657552,53.4,Bac,3.8,G1601,64498,0.0,0,"Candidat très dynamique, mobilité nationale validée. Projet clair.",1,1,0.215534710746065,0.6104178992141548,0.1740473900397802
PROD_00714,2026-01-22 10:14:50.816938979,19.4,Bac+5,0.5,G1302,50419,0.0,0,"Excellente présentation, compétences techniques à jour. Reprise rapide visée.",0,0,0.5984017466387053,0.13298165701609202,0.26861659634520274
PROD_00715,2026-01-22 10:58:03.661220407,43.4,Bac+2,0.5,K1201,84140,1.0,0,Cumul de difficultés. Pas de moyen de transport et garde d'enfants complexe.,0,0,0.6108944487831246,0.23405099596283324,0.15505455525404216
PROD_00716,2026-01-22 11:41:16.505501834,39.4,Sans diplôme,6.0,K1201,31304,0.0,1,Cumul de difficultés. Pas de moyen de transport et garde d'enfants complexe.,2,2,0.21055804609131396,0.16663079861203903,0.6228111552966471
PROD_00717,2026-01-22 12:24:29.349783261,51.4,Bac+2,4.3,M1801,58208,1.0,0,Projet de reconversion à affiner. Besoin d'une formation complémentaire.,0,0,0.6294731989979413,0.23155420969928242,0.13897259130277628
PROD_00718,2026-01-22 13:07:42.194064688,27.4,Bac,1.6,C1201,91161,1.0,0,Projet de reconversion à affiner. Besoin d'une formation complémentaire.,1,1,0.22922815998087953,0.6431502466815812,0.1276215933375393
PROD_00719,2026-01-22 13:50:55.038346115,47.4,Bac,3.3,A1203,05089,1.0,0,Projet de reconversion à affiner. Besoin d'une formation complémentaire.,1,1,0.2319612255296345,0.6339054364010253,0.13413333806934025
PROD_00720,2026-01-22 14:34:07.882627542,35.4,Bac+2,3.0,K1903,51638,1.0,0,"Profil autonome, recherche active, aucun frein périphérique identifié.",1,1,0.13659899747525053,0.5959503236041812,0.2674506789205683
PROD_00721,2026-01-22 15:17:20.726908969,62.4,Bac,7.5,K2111,85254,1.0,0,Problème ponctuel de mobilité géographique. Zone mal desservie.,1,1,0.1397299842273657,0.6822901260870127,0.17797988968562162
PROD_00722,2026-01-22 16:00:33.571190397,25.4,Bac+5,0.2,H1206,34288,0.0,1,"Candidat très dynamique, mobilité nationale validée. Projet clair.",0,0,0.6105067576848542,0.17892143718941114,0.21057180512573467
PROD_00723,2026-01-22 16:43:46.415471824,37.4,Bac+2,3.0,C1302,69249,1.0,0,"Excellente présentation, compétences techniques à jour. Reprise rapide visée.",0,0,0.6343603412484399,0.17097116916037444,0.19466848959118568
PROD_00724,2026-01-22 17:26:59.259753251,20.4,Bac+2,1.5,C1110,60330,1.0,1,"Candidat très dynamique, mobilité nationale validée. Projet clair.",1,1,0.249084694557702,0.6104055285955922,0.14050977684670585
PROD_00725,2026-01-22 18:10:12.104034678,58.4,Bac+5,0.6,D1401,64387,0.0,0,"Profil autonome, recherche active, aucun frein périphérique identifié.",1,1,0.1291016244754842,0.6552047092608017,0.2156936662637141
PROD_00726,2026-01-22 18:53:24.948316105,32.4,Sans diplôme,8.8,C1501,22132,1.0,0,"Perte de confiance importante. Risque d'exclusion, barrière de la langue.",2,2,0.17113452872941823,0.14585889004252775,0.683006581228054
PROD_00727,2026-01-22 19:36:37.792597532,41.4,Bac+2,0.5,A1203,90083,1.0,0,Projet de reconversion à affiner. Besoin d'une formation complémentaire.,1,1,0.140156169605807,0.6245809965921991,0.23526283380199386
PROD_00728,2026-01-22 20:19:50.636878959,41.4,Bac+2,5.5,N4101,38343,1.0,0,"Excellente présentation, compétences techniques à jour. Reprise rapide visée.",0,0,0.6659339661320355,0.16709850433882203,0.16696752952914248
PROD_00729,2026-01-22 21:03:03.481160387,58.4,Bac+5,2.0,N1301,30337,1.0,0,"Excellente présentation, compétences techniques à jour. Reprise rapide visée.",0,0,0.6869512276236952,0.13859969811495754,0.17444907426134726
PROD_00730,2026-01-22 21:46:16.325441814,39.4,Bac,8.7,A1501,69062,1.0,0,"Profil autonome, recherche active, aucun frein périphérique identifié.",2,2,0.22646006833396165,0.1772199656487476,0.5963199660172906
PROD_00731,2026-01-22 22:29:29.169723241,32.4,Bac,4.4,K1601,70362,1.0,0,Compétences à réactualiser sur les outils numériques. Motivation correcte.,1,1,0.14343327775893647,0.6690251936021318,0.1875415286389318
PROD_00732,2026-01-22 23:12:42.014004668,51.4,Bac+5,2.5,N1301,19181,1.0,0,"Perte de confiance importante. Risque d'exclusion, barrière de la langue.",0,0,0.681338371738618,0.13478340365523914,0.18387822460614286
PROD_00733,2026-01-22 23:55:54.858286095,19.4,Bac,10.3,J1301,11290,0.0,1,Projet de reconversion à affiner. Besoin d'une formation complémentaire.,1,1,0.22033860366829788,0.600734574515468,0.1789268218162341
PROD_00734,2026-01-23 00:39:07.702567522,62.4,Bac,3.6,M1501,22184,0.0,0,"Profil autonome, recherche active, aucun frein périphérique identifié.",1,1,0.16630005688406635,0.6422107266269331,0.19148921648900052
PROD_00735,2026-01-23 01:22:20.546848949,39.4,Bac,4.4,M1607,74040,0.0,0,Problème ponctuel de mobilité géographique. Zone mal desservie.,1,1,0.14877760730409284,0.6850126875412161,0.16620970515469102
PROD_00736,2026-01-23 02:05:33.391130377,56.4,Bac+5,1.1,H1206,56123,1.0,0,"Excellente présentation, compétences techniques à jour. Reprise rapide visée.",0,0,0.6024732887250077,0.18007122090605968,0.2174554903689326
PROD_00737,2026-01-23 02:48:46.235411804,63.4,Bac,5.4,A1301,71342,1.0,1,"Perte de confiance importante. Risque d'exclusion, barrière de la langue.",2,2,0.1543759760718359,0.19612092608402987,0.6495030978441342
PROD_00738,2026-01-23 03:31:59.079693231,25.4,Bac,2.5,N1303,47060,1.0,0,Cumul de difficultés. Pas de moyen de transport et garde d'enfants complexe.,0,0,0.6295261823925595,0.13478958530521618,0.2356842323022243
PROD_00739,2026-01-23 04:15:11.923974658,30.4,Sans diplôme,0.7,H2502,76442,1.0,0,Problème ponctuel de mobilité géographique. Zone mal desservie.,1,1,0.23660919513313858,0.6194659905715508,0.14392481429531057
PROD_00740,2026-01-23 04:58:24.768256085,34.4,Bac,0.5,D1503,63008,0.0,0,Projet de reconversion à affiner. Besoin d'une formation complémentaire.,1,1,0.1619948302006746,0.6897803664525637,0.1482248033467617
PROD_00741,2026-01-23 05:41:37.612537512,58.4,Bac+2,0.6,K2101,45051,1.0,0,"Perte de confiance importante. Risque d'exclusion, barrière de la langue.",2,2,0.19457188019918167,0.19886016403700138,0.606567955763817
PROD_00742,2026-01-23 06:24:50.456818939,41.4,Bac+5,4.7,K2106,61426,0.0,0,Compétences à réactualiser sur les outils numériques. Motivation correcte.,0,0,0.5991735100273693,0.13420234914198256,0.2666241408306481
PROD_00743,2026-01-23 07:08:03.301100367,45.4,Bac,0.2,M1602,84054,1.0,0,"Perte de confiance importante. Risque d'exclusion, barrière de la langue.",2,2,0.1909956296849712,0.17839540809847013,0.6306089622165587
PROD_00744,2026-01-23 07:51:16.145381794,45.4,Bac+2,3.0,G1601,41127,0.0,0,Compétences à réactualiser sur les outils numériques. Motivation correcte.,0,0,0.5974766369174213,0.1309405167557559,0.27158284632682284
PROD_00745,2026-01-23 08:34:28.989663221,50.4,Bac,1.9,K1304,19005,0.0,0,"Candidat très dynamique, mobilité nationale validée. Projet clair.",0,0,0.5976255107109741,0.25358999709683416,0.1487844921921917
PROD_00746,2026-01-23 09:17:41.833944648,24.4,Sans diplôme,7.2,M1705,42066,1.0,0,Problème ponctuel de mobilité géographique. Zone mal desservie.,1,1,0.17046947076219574,0.6027888507732163,0.22674167846458793
PROD_00747,2026-01-23 10:00:54.678226075,34.4,Bac+2,0.5,C1110,13107,0.0,0,"Perte de confiance importante. Risque d'exclusion, barrière de la langue.",1,1,0.20617045005919932,0.6375590845216411,0.15627046541915957
PROD_00748,2026-01-23 10:44:07.522507502,41.4,Bac+2,1.1,D1502,61037,1.0,0,Projet de reconversion à affiner. Besoin d'une formation complémentaire.,1,1,0.20275019441862846,0.6424765747953912,0.15477323078598026
PROD_00749,2026-01-23 11:27:20.366788929,42.4,Bac+2,5.8,H1504,88091,1.0,0,Freins périphériques majeurs. Situation d'illettrisme numérique constatée.,1,1,0.1337897822008272,0.6744556906208751,0.19175452717829777
PROD_00750,2026-01-23 12:10:33.211070357,37.4,Sans diplôme,5.9,C1110,67060,0.0,1,Freins périphériques majeurs. Situation d'illettrisme numérique constatée.,2,2,0.16786136066597382,0.23497507478850227,0.597163564545524
PROD_00751,2026-01-23 12:53:46.055351784,46.4,Bac+2,6.2,N4101,24510,0.0,0,"Perte de confiance importante. Risque d'exclusion, barrière de la langue.",2,2,0.2126663170829336,0.18506978052042442,0.602263902396642
PROD_00752,2026-01-23 13:36:58.899633211,21.4,Bac,0.4,G1602,79265,1.0,0,Cumul de difficultés. Pas de moyen de transport et garde d'enfants complexe.,1,1,0.1279511286344228,0.6172044634165867,0.25484440794899044
PROD_00753,2026-01-23 14:20:11.743914638,23.4,Bac+5,0.6,W1401,21630,1.0,0,"Candidat très dynamique, mobilité nationale validée. Projet clair.",0,0,0.6478793554550847,0.2009134584138507,0.15120718613106462
PROD_00754,2026-01-23 15:03:24.588196065,51.4,Bac+2,0.2,K1601,04197,1.0,0,"Candidat très dynamique, mobilité nationale validée. Projet clair.",1,1,0.24819743957094476,0.6188101197433294,0.1329924406857258
PROD_00755,2026-01-23 15:46:37.432477492,23.4,Bac+5,0.3,D1502,47296,0.0,0,"Profil autonome, recherche active, aucun frein périphérique identifié.",0,0,0.6371139441568379,0.22280844742292624,0.1400776084202359
PROD_00756,2026-01-23 16:29:50.276758919,58.4,Sans diplôme,4.4,M1203,70177,0.0,0,Problème ponctuel de mobilité géographique. Zone mal desservie.,2,2,0.19194486785703788,0.18467283209715943,0.6233823000458026
PROD_00757,2026-01-23 17:13:03.121040347,55.4,Sans diplôme,4.8,G1302,06153,0.0,0,Cumul de difficultés. Pas de moyen de transport et garde d'enfants complexe.,2,2,0.16333414297470514,0.2233511603535822,0.6133146966717127
PROD_00758,2026-01-23 17:56:15.965321774,50.4,Bac+2,0.7,D1502,21700,1.0,1,Problème ponctuel de mobilité géographique. Zone mal desservie.,1,1,0.12878408567895136,0.669449318709479,0.20176659561156962
PROD_00759,2026-01-23 18:39:28.809603201,19.4,Bac+5,0.6,M1203,47321,0.0,0,"Perte de confiance importante. Risque d'exclusion, barrière de la langue.",0,0,0.6430224208358726,0.19218891766600496,0.16478866149812246
PROD_00760,2026-01-23 19:22:41.653884628,22.4,Bac+2,0.0,K1304,13039,1.0,0,"Perte de confiance importante. Risque d'exclusion, barrière de la langue.",2,2,0.18853155679090955,0.17373921594769828,0.6377292272613921
PROD_00761,2026-01-23 20:05:54.498166055,54.4,Bac+5,4.1,K1304,10065,1.0,0,Compétences à réactualiser sur les outils numériques. Motivation correcte.,0,0,0.6058016513885665,0.159467051851955,0.23473129675947854
PROD_00762,2026-01-23 20:49:07.342447482,60.4,Bac,0.4,K1304,02616,1.0,0,Freins périphériques majeurs. Situation d'illettrisme numérique constatée.,2,2,0.2463841140098871,0.15633089166644365,0.5972849943236692
PROD_00763,2026-01-23 21:32:20.186728909,23.4,Bac+5,0.6,W1401,21630,1.0,0,"Candidat très dynamique, mobilité nationale validée. Projet clair.",0,0,0.6115868429116895,0.21938526826873433,0.16902788881957614
PROD_00764,2026-01-23 22:15:33.031010337,59.4,Bac,0.4,F1603,57578,1.0,0,Compétences à réactualiser sur les outils numériques. Motivation correcte.,0,0,0.6874353409021037,0.16716393353319428,0.14540072556470204
PROD_00765,2026-01-23 22:58:45.875291764,45.4,Bac+5,0.7,K1403,30160,1.0,0,Freins périphériques majeurs. Situation d'illettrisme numérique constatée.,0,0,0.7222581641192102,0.14297158407234653,0.1347702518084433
PROD_00766,2026-01-23 23:41:58.719573191,51.4,Bac+2,0.8,K2111,10138,0.0,0,"Excellente présentation, compétences techniques à jour. Reprise rapide visée.",1,1,0.18408517131728336,0.6156329708827928,0.2002818577999239
PROD_00767,2026-01-24 00:25:11.563854618,45.4,Bac,1.3,M1602,67027,1.0,0,Compétences à réactualiser sur les outils numériques. Motivation correcte.,1,1,0.1366319098456588,0.7298834351949101,0.13348465495943118
PROD_00768,2026-01-24 01:08:24.408136045,59.4,Bac+2,0.8,D1503,02655,0.0,0,Compétences à réactualiser sur les outils numériques. Motivation correcte.,2,2,0.14405282438944317,0.12764106575088963,0.7283061098596672
PROD_00769,2026-01-24 01:51:37.252417472,41.4,Bac,8.2,D1401,31559,0.0,0,Cumul de difficultés. Pas de moyen de transport et garde d'enfants complexe.,1,1,0.13506720710426437,0.7337316529084145,0.1312011399873212
PROD_00770,2026-01-24 02:34:50.096698899,56.4,Sans diplôme,3.2,D1210,51625,1.0,0,"Perte de confiance importante. Risque d'exclusion, barrière de la langue.",2,2,0.16420040496445873,0.23305937468511523,0.602740220350426
PROD_00771,2026-01-24 03:18:02.940980327,45.4,Bac+2,5.7,C1302,48048,0.0,0,Cumul de difficultés. Pas de moyen de transport et garde d'enfants complexe.,0,0,0.6061058359354214,0.18083897194071366,0.2130551921238649
PROD_00772,2026-01-24 04:01:15.785261754,53.4,Bac,0.4,A1203,34106,0.0,1,"Perte de confiance importante. Risque d'exclusion, barrière de la langue.",2,2,0.1702150396580938,0.16071074963375864,0.6690742107081475
PROD_00773,2026-01-24 04:44:28.629543181,25.4,Sans diplôme,1.7,G1302,22068,1.0,0,Problème ponctuel de mobilité géographique. Zone mal desservie.,1,1,0.16648831957119406,0.6055301452546309,0.22798153517417508
PROD_00774,2026-01-24 05:27:41.473824608,27.4,Bac,1.9,M1602,81068,1.0,0,Compétences à réactualiser sur les outils numériques. Motivation correcte.,1,1,0.13467704869153999,0.6194393860515608,0.24588356525689925
PROD_00775,2026-01-24 06:10:54.318106035,29.4,Bac+2,0.6,N4101,70088,1.0,0,"Excellente présentation, compétences techniques à jour. Reprise rapide visée.",0,0,0.6615877382339083,0.1971757993587285,0.14123646240736323
PROD_00776,2026-01-24 06:54:07.162387462,21.4,Sans diplôme,1.5,A1501,64159,1.0,1,Cumul de difficultés. Pas de moyen de transport et garde d'enfants complexe.,2,2,0.2153596075899214,0.13982222324606478,0.6448181691640139
PROD_00777,2026-01-24 07:37:20.006668889,50.4,Bac+5,1.5,D1406,63290,1.0,0,"Candidat très dynamique, mobilité nationale validée. Projet clair.",0,0,0.5969833747861945,0.19605690960512978,0.20695971560867576
PROD_00778,2026-01-24 08:20:32.850950317,53.4,Bac+5,0.9,A1202,10080,1.0,0,Compétences à réactualiser sur les outils numériques. Motivation correcte.,1,1,0.17852489438905458,0.6254245422561641,0.19605056335478133
PROD_00779,2026-01-24 09:03:45.695231744,46.4,Sans diplôme,0.7,N4301,46172,0.0,0,"Candidat très dynamique, mobilité nationale validée. Projet clair.",1,1,0.14541893781760004,0.7023002660057815,0.15228079617661838
PROD_00780,2026-01-24 09:46:58.539513171,61.4,Sans diplôme,3.7,C1302,09170,1.0,0,Freins périphériques majeurs. Situation d'illettrisme numérique constatée.,2,2,0.13567746701737018,0.21780766470373952,0.6465148682788904
PROD_00781,2026-01-24 10:30:11.383794598,49.4,Bac+5,1.6,K2101,57625,0.0,0,Information non renseignee,0,0,0.6931635183071317,0.14279558022030509,0.16404090147256317
PROD_00782,2026-01-24 11:13:24.228076025,39.4,Bac+5,1.8,I1304,38530,0.0,0,"Excellente présentation, compétences techniques à jour. Reprise rapide visée.",0,0,0.6346747702847733,0.14340270408702946,0.22192252562819728
PROD_00783,2026-01-24 11:56:37.072357452,50.4,Sans diplôme,0.5,K1601,76519,1.0,0,Compétences à réactualiser sur les outils numériques. Motivation correcte.,1,1,0.13341888037035998,0.642574884013863,0.22400623561577704
PROD_00784,2026-01-24 12:39:49.916638879,18.4,Bac+2,9.0,M1805,10145,0.0,0,Cumul de difficultés. Pas de moyen de transport et garde d'enfants complexe.,0,0,0.6232718554331708,0.16900094201511157,0.20772720255171767
PROD_00785,2026-01-24 13:23:02.760920307,52.4,Bac+2,0.3,M1802,58255,0.0,0,Compétences à réactualiser sur les outils numériques. Motivation correcte.,1,1,0.26556127277602415,0.5980683415573758,0.1363703856666001
PROD_00786,2026-01-24 14:06:15.605201734,35.4,Bac,0.3,H2502,74096,1.0,0,Freins périphériques majeurs. Situation d'illettrisme numérique constatée.,0,0,0.6396699608751838,0.1327286247840641,0.2276014143407521
PROD_00787,2026-01-24 14:49:28.449483161,39.4,Bac,4.3,C1201,11181,1.0,0,"Excellente présentation, compétences techniques à jour. Reprise rapide visée.",0,0,0.6462983291055332,0.13973391260563808,0.21396775828882872
PROD_00788,2026-01-24 15:32:41.293764588,60.4,Bac+2,1.8,K2101,31542,1.0,0,Projet de reconversion à affiner. Besoin d'une formation complémentaire.,2,2,0.2602013130603045,0.13971426246531005,0.6000844244743855
PROD_00789,2026-01-24 16:15:54.138046015,59.4,Bac,0.4,K2106,50115,1.0,0,"Candidat très dynamique, mobilité nationale validée. Projet clair.",0,0,0.6205401941419408,0.23701520582281888,0.1424446000352403
PROD_00790,2026-01-24 16:59:06.982327442,49.4,Bac,1.3,M1203,17276,0.0,0,"Profil autonome, recherche active, aucun frein périphérique identifié.",1,1,0.1954959795557882,0.6612729051547026,0.14323111528950916
PROD_00791,2026-01-24 17:42:19.826608869,18.4,Sans diplôme,0.0,D1406,67494,0.0,0,Problème ponctuel de mobilité géographique. Zone mal desservie.,2,2,0.20582905251558423,0.1659156357404932,0.6282553117439226
PROD_00792,2026-01-24 18:25:32.670890297,41.4,Sans diplôme,5.6,G1302,27205,0.0,0,Projet de reconversion à affiner. Besoin d'une formation complémentaire.,0,0,0.6232801718756317,0.23414692635330647,0.14257290177106186
PROD_00793,2026-01-24 19:08:45.515171724,23.4,Bac,2.2,N1301,02014,1.0,1,"Profil autonome, recherche active, aucun frein périphérique identifié.",1,1,0.2349389423392468,0.6105195991934391,0.15454145846731404
PROD_00794,2026-01-24 19:51:58.359453151,41.4,Bac+2,0.3,G1302,43096,1.0,1,Compétences à réactualiser sur les outils numériques. Motivation correcte.,1,1,0.23064634150458782,0.6328054333550694,0.1365482251403427
PROD_00795,2026-01-24 20:35:11.203734578,31.4,Bac+2,3.8,A1202,57531,0.0,0,Problème ponctuel de mobilité géographique. Zone mal desservie.,1,1,0.19142058403013726,0.6045478097135557,0.204031606256307
PROD_00796,2026-01-24 21:18:24.048016005,23.4,Bac,0.5,M1802,02327,0.0,0,Cumul de difficultés. Pas de moyen de transport et garde d'enfants complexe.,2,2,0.19075374747280707,0.1280390355813245,0.6812072169458685
PROD_00797,2026-01-24 22:01:36.892297432,43.4,Bac+2,3.7,N4301,77151,1.0,0,"Perte de confiance importante. Risque d'exclusion, barrière de la langue.",0,0,0.6601227350190223,0.1578211676480121,0.1820560973329656
PROD_00798,2026-01-24 22:44:49.736578859,46.4,Bac+2,2.8,M1607,59375,0.0,0,Cumul de difficultés. Pas de moyen de transport et garde d'enfants complexe.,0,0,0.6696844733970331,0.1505476977134393,0.17976782888952764
PROD_00799,2026-01-24 23:28:02.580860287,42.4,Bac+5,2.3,M1806,71182,1.0,0,"Profil autonome, recherche active, aucun frein périphérique identifié.",0,0,0.6428102922288826,0.22287006822873798,0.13431963954237938
PROD_00800,2026-01-25 00:11:15.425141714,59.4,Bac,0.4,K2106,50115,1.0,0,"Candidat très dynamique, mobilité nationale validée. Projet clair.",0,0,0.7418311312204251,0.1301557428054279,0.128013125974147
PROD_00801,2026-01-25 00:54:28.269423141,51.4,Bac,5.7,D1401,88482,1.0,1,Freins périphériques majeurs. Situation d'illettrisme numérique constatée.,2,2,0.15273239307530798,0.2413664418715213,0.6059011650531707
PROD_00802,2026-01-25 01:37:41.113704568,57.4,Bac,0.5,J1301,56052,1.0,0,"Excellente présentation, compétences techniques à jour. Reprise rapide visée.",1,1,0.22322320202433862,0.6422633942326994,0.13451340374296195
PROD_00803,2026-01-25 02:20:53.957985995,23.4,Bac,2.0,G1302,77235,0.0,0,Cumul de difficultés. Pas de moyen de transport et garde d'enfants complexe.,1,1,0.15884081028709268,0.6171332553399725,0.22402593437293483
PROD_00804,2026-01-25 03:04:06.802267422,25.4,Bac,2.4,N1303,47060,1.0,0,Cumul de difficultés. Pas de moyen de transport et garde d'enfants complexe.,0,0,0.7044882262495954,0.14632039064341457,0.14919138310699004
PROD_00805,2026-01-25 03:47:19.646548849,54.4,Bac+2,1.5,G1302,46263,1.0,0,"Excellente présentation, compétences techniques à jour. Reprise rapide visée.",1,1,0.14957760366208503,0.5962821753262018,0.2541402210117132
PROD_00806,2026-01-25 04:30:32.490830277,34.4,Bac+2,0.2,N1301,64001,0.0,0,Problème ponctuel de mobilité géographique. Zone mal desservie.,0,0,0.6063076228721905,0.18685253386521475,0.20683984326259472
PROD_00807,2026-01-25 05:13:45.335111704,25.4,Bac,4.9,D1401,08283,0.0,0,Cumul de difficultés. Pas de moyen de transport et garde d'enfants complexe.,0,0,0.6197003400692658,0.23024068871423492,0.1500589712164993
PROD_00808,2026-01-25 05:56:58.179393131,18.4,Bac,0.2,H2502,14270,1.0,0,Compétences à réactualiser sur les outils numériques. Motivation correcte.,1,1,0.16039927451303337,0.6636919473465601,0.1759087781404065
PROD_00809,2026-01-25 06:40:11.023674558,39.4,Bac+2,0.6,A1203,35235,1.0,0,Projet de reconversion à affiner. Besoin d'une formation complémentaire.,1,1,0.20789064802824392,0.6120014587617644,0.18010789320999177
PROD_00810,2026-01-25 07:23:23.867955985,26.4,Bac+5,2.4,M1805,90058,0.0,0,"Candidat très dynamique, mobilité nationale validée. Projet clair.",0,0,0.6502421851327663,0.18269032410949176,0.1670674907577419
PROD_00811,2026-01-25 08:06:36.712237412,39.4,Bac+2,10.2,G1203,04188,1.0,0,Compétences à réactualiser sur les outils numériques. Motivation correcte.,1,1,0.14413095351898006,0.6075988499666376,0.2482701965143823
PROD_00812,2026-01-25 08:49:49.556518839,49.4,Bac+2,4.9,C1110,32145,1.0,1,Problème ponctuel de mobilité géographique. Zone mal desservie.,1,1,0.25983311214476434,0.6093978634115969,0.1307690244436388
PROD_00813,2026-01-25 09:33:02.400800267,28.4,Bac+2,2.9,M1802,14291,0.0,0,"Profil autonome, recherche active, aucun frein périphérique identifié.",0,0,0.6063826171814335,0.17156490929503881,0.2220524735235277
PROD_00814,2026-01-25 10:16:15.245081694,37.4,Bac+2,4.5,G1302,50357,1.0,0,Problème ponctuel de mobilité géographique. Zone mal desservie.,1,1,0.15683704770590504,0.616850301132045,0.22631265116205002
PROD_00815,2026-01-25 10:59:28.089363121,24.4,Bac,0.9,D1503,36226,0.0,0,"Candidat très dynamique, mobilité nationale validée. Projet clair.",1,1,0.19140289313815018,0.6756315658472721,0.1329655410145777
PROD_00816,2026-01-25 11:42:40.933644548,45.4,Bac+2,0.7,M1801,41017,1.0,1,Compétences à réactualiser sur les outils numériques. Motivation correcte.,1,1,0.14244279820874514,0.7182698288741336,0.13928737291712123
PROD_00817,2026-01-25 12:25:53.777925975,58.4,Bac,2.3,K1903,57575,0.0,0,Freins périphériques majeurs. Situation d'illettrisme numérique constatée.,0,0,0.6844941174131443,0.13341781739963565,0.1820880651872201
PROD_00818,2026-01-25 13:09:06.622207402,46.4,Sans diplôme,3.6,M1705,39390,0.0,0,Problème ponctuel de mobilité géographique. Zone mal desservie.,1,1,0.14137900960256244,0.6606240171387581,0.1979969732586795
PROD_00819,2026-01-25 13:52:19.466488829,55.4,Bac+5,15.3,N4301,63284,0.0,1,Cumul de difficultés. Pas de moyen de transport et garde d'enfants complexe.,2,2,0.20793069730487002,0.13351272219617846,0.6585565804989515
PROD_00820,2026-01-25 14:35:32.310770257,19.4,Bac+2,2.9,G1203,53029,1.0,0,"Excellente présentation, compétences techniques à jour. Reprise rapide visée.",1,1,0.1413805825500985,0.6316040539384208,0.22701536351148077
PROD_00821,2026-01-25 15:18:45.155051684,46.4,Bac+2,3.6,M1705,39390,0.0,0,Problème ponctuel de mobilité géographique. Zone mal desservie.,1,1,0.16118714908896645,0.633338247108643,0.20547460380239058
PROD_00822,2026-01-25 16:01:57.999333111,50.4,Bac,3.8,D1502,59022,0.0,0,Problème ponctuel de mobilité géographique. Zone mal desservie.,2,2,0.1302184705892279,0.2038006937195404,0.6659808356912318
PROD_00823,2026-01-25 16:45:10.843614538,27.4,Bac+2,5.2,J1301,33400,1.0,1,"Excellente présentation, compétences techniques à jour. Reprise rapide visée.",0,0,0.6400142044293494,0.2315230035429437,0.12846279202770688
PROD_00824,2026-01-25 17:28:23.687895965,28.4,Bac,1.3,K1201,70368,1.0,0,"Profil autonome, recherche active, aucun frein périphérique identifié.",0,0,0.6158107810623725,0.14432128643535175,0.23986793250227573
PROD_00825,2026-01-25 18:11:36.532177392,50.4,Bac,3.2,C1201,51547,1.0,0,Information non renseignee,0,0,0.6308434334570889,0.21807427114115227,0.1510822954017588
PROD_00826,2026-01-25 18:54:49.376458819,21.4,Sans diplôme,5.1,K1903,26035,1.0,0,Freins périphériques majeurs. Situation d'illettrisme numérique constatée.,2,2,0.15956810835512894,0.19489956511812187,0.6455323265267492
PROD_00827,2026-01-25 19:38:02.220740247,27.4,Sans diplôme,2.7,K1403,32381,1.0,0,Cumul de difficultés. Pas de moyen de transport et garde d'enfants complexe.,1,1,0.12787721341567224,0.6021546190770967,0.26996816750723107
PROD_00828,2026-01-25 20:21:15.065021674,51.4,Bac,1.2,A1203,89181,1.0,0,Freins périphériques majeurs. Situation d'illettrisme numérique constatée.,1,1,0.20217811011784959,0.6489714322771245,0.1488504576050259
PROD_00829,2026-01-25 21:04:27.909303101,32.4,Bac,2.5,D1503,88077,0.0,0,Cumul de difficultés. Pas de moyen de transport et garde d'enfants complexe.,0,0,0.5958141616720605,0.21999248678988392,0.1841933515380556
PROD_00830,2026-01-25 21:47:40.753584528,21.4,Bac,0.2,K1903,27096,0.0,0,Compétences à réactualiser sur les outils numériques. Motivation correcte.,1,1,0.18982111773355803,0.6521157581128935,0.1580631241535485
PROD_00831,2026-01-25 22:30:53.597865955,46.4,Bac+2,11.6,G1801,55286,1.0,0,Problème ponctuel de mobilité géographique. Zone mal desservie.,1,1,0.189820050032108,0.6061728316417876,0.2040071183261044
PROD_00832,2026-01-25 23:14:06.442147382,41.4,Bac+5,2.1,K2101,02389,1.0,0,Problème ponctuel de mobilité géographique. Zone mal desservie.,1,1,0.15966225199583212,0.6087927738720489,0.23154497413211894
PROD_00833,2026-01-25 23:57:19.286428809,40.4,Bac,6.6,D1503,43014,1.0,0,Compétences à réactualiser sur les outils numériques. Motivation correcte.,1,1,0.16960768088845599,0.6004235364357667,0.22996878267577725
PROD_00834,2026-01-26 00:40:32.130710237,53.4,Bac,0.8,M1602,14674,0.0,0,"Excellente présentation, compétences techniques à jour. Reprise rapide visée.",1,1,0.15899851353391867,0.6067795011029701,0.23422198536311123
PROD_00835,2026-01-26 01:23:44.974991664,31.4,Sans diplôme,0.5,D1503,79046,0.0,0,"Profil autonome, recherche active, aucun frein périphérique identifié.",2,2,0.15469104947042578,0.20700192430249892,0.6383070262270754
PROD_00836,2026-01-26 02:06:57.819273091,55.4,Sans diplôme,1.1,J1506,30101,1.0,1,Problème ponctuel de mobilité géographique. Zone mal desservie.,2,2,0.14902034826500032,0.22946780228755803,0.6215118494474416
PROD_00837,2026-01-26 02:50:10.663554518,18.4,Bac+5,15.2,C1102,31455,1.0,0,"Excellente présentation, compétences techniques à jour. Reprise rapide visée.",0,0,0.6376629795426898,0.183265514483611,0.1790715059736992
PROD_00838,2026-01-26 03:33:23.507835945,54.4,Bac+2,2.3,N1301,70560,1.0,1,Cumul de difficultés. Pas de moyen de transport et garde d'enfants complexe.,2,2,0.1736781245160429,0.20290048743814323,0.6234213880458138
PROD_00839,2026-01-26 04:16:36.352117372,25.4,Bac+2,0.2,K1403,07183,0.0,0,"Profil autonome, recherche active, aucun frein périphérique identifié.",0,0,0.6626776891059122,0.13840635518443997,0.19891595570964785
PROD_00840,2026-01-26 04:59:49.196398799,23.4,Bac,1.9,K2101,37199,1.0,0,Freins périphériques majeurs. Situation d'illettrisme numérique constatée.,2,2,0.15875609660237916,0.18460099379232336,0.6566429096052975
PROD_00841,2026-01-26 05:43:02.040680227,49.4,Bac+2,4.7,C1102,51583,1.0,0,Problème ponctuel de mobilité géographique. Zone mal desservie.,1,1,0.16956063541994612,0.6687847486506948,0.16165461592935904
PROD_00842,2026-01-26 06:26:14.884961654,53.4,Bac,0.7,N4301,77085,1.0,0,Problème ponctuel de mobilité géographique. Zone mal desservie.,1,1,0.13099270765782212,0.72936077042111,0.13964652192106786
PROD_00843,2026-01-26 07:09:27.729243081,42.4,Bac+5,1.4,G1601,79313,0.0,0,"Excellente présentation, compétences techniques à jour. Reprise rapide visée.",0,0,0.6093244110466493,0.19967098109520223,0.19100460785814852
PROD_00844,2026-01-26 07:52:40.573524508,57.4,Bac+5,6.3,J1506,30265,1.0,0,"Candidat très dynamique, mobilité nationale validée. Projet clair.",0,0,0.6274652043133216,0.17412050343991703,0.19841429224676133
PROD_00845,2026-01-26 08:35:53.417805935,57.4,Bac+2,6.3,J1506,30265,1.0,0,"Candidat très dynamique, mobilité nationale validée. Projet clair.",0,0,0.6229005342255342,0.22314743983759283,0.15395202593687302
PROD_00846,2026-01-26 09:19:06.262087362,19.4,Sans diplôme,4.1,M1802,84083,0.0,0,Problème ponctuel de mobilité géographique. Zone mal desservie.,1,1,0.22069823547190226,0.6295841666059683,0.14971759792212946
PROD_00847,2026-01-26 10:02:19.106368789,18.4,Bac,5.4,M1801,12282,0.0,0,"Excellente présentation, compétences techniques à jour. Reprise rapide visée.",0,0,0.6826409121996422,0.1364255706734079,0.1809335171269499
PROD_00848,2026-01-26 10:45:31.950650217,42.4,Sans diplôme,0.3,K1201,76154,1.0,0,"Profil autonome, recherche active, aucun frein périphérique identifié.",1,1,0.128265009771758,0.6303900452498251,0.24134494497841685
PROD_00849,2026-01-26 11:28:44.794931644,23.4,Bac+2,8.3,W1401,68332,0.0,0,Cumul de difficultés. Pas de moyen de transport et garde d'enfants complexe.,1,1,0.21479506670801252,0.6344808557514214,0.15072407754056605
PROD_00850,2026-01-26 12:11:57.639213071,22.4,Bac+2,4.9,C1201,51582,1.0,0,Cumul de difficultés. Pas de moyen de transport et garde d'enfants complexe.,2,2,0.20754732379507287,0.17827217187491906,0.614180504330008
PROD_00851,2026-01-26 12:55:10.483494498,54.4,Bac+5,0.6,A1501,62864,1.0,0,Problème ponctuel de mobilité géographique. Zone mal desservie.,1,1,0.1564711024635695,0.6082853034548973,0.23524359408153328
PROD_00852,2026-01-26 13:38:23.327775925,19.4,Sans diplôme,1.6,A1301,10424,0.0,0,Compétences à réactualiser sur les outils numériques. Motivation correcte.,1,1,0.12764314366424492,0.7255856199688081,0.146771236366947
PROD_00853,2026-01-26 14:21:36.172057352,57.4,Bac+5,0.6,W1401,17083,0.0,0,Compétences à réactualiser sur les outils numériques. Motivation correcte.,1,1,0.21392314031317602,0.6493729331641777,0.1367039265226463
PROD_00854,2026-01-26 15:04:49.016338779,52.4,Sans diplôme,3.7,M1602,02445,1.0,0,"Perte de confiance importante. Risque d'exclusion, barrière de la langue.",2,2,0.155399740625221,0.2351962703913578,0.6094039889834212
PROD_00855,2026-01-26 15:48:01.860620207,41.4,Sans diplôme,1.2,M1602,70393,1.0,1,Cumul de difficultés. Pas de moyen de transport et garde d'enfants complexe.,2,2,0.14686362364551744,0.1876681237229276,0.665468252631555
PROD_00856,2026-01-26 16:31:14.704901634,42.4,Sans diplôme,2.8,K1201,64067,1.0,0,"Profil autonome, recherche active, aucun frein périphérique identifié.",0,0,0.7311560845363896,0.13825486198049772,0.1305890534831127
PROD_00857,2026-01-26 17:14:27.549183061,49.4,Bac,2.2,C1102,64029,1.0,0,Freins périphériques majeurs. Situation d'illettrisme numérique constatée.,0,0,0.6999155963988912,0.1588395507060984,0.14124485289501038
PROD_00858,2026-01-26 17:57:40.393464488,34.4,Bac+2,0.3,G1601,27288,0.0,0,Cumul de difficultés. Pas de moyen de transport et garde d'enfants complexe.,0,0,0.6718491658439338,0.19790415798758618,0.13024667616847999
PROD_00859,2026-01-26 18:40:53.237745915,23.4,Bac+5,1.9,K1403,80390,0.0,0,Cumul de difficultés. Pas de moyen de transport et garde d'enfants complexe.,0,0,0.5981320029287732,0.1417184746977987,0.2601495223734281
PROD_00860,2026-01-26 19:24:06.082027342,23.4,Bac,0.5,M1802,02327,0.0,0,Cumul de difficultés. Pas de moyen de transport et garde d'enfants complexe.,2,2,0.16969604541032998,0.2287294320035407,0.6015745225861293
PROD_00861,2026-01-26 20:07:18.926308769,29.4,Bac+2,2.4,C1110,28408,1.0,0,"Profil autonome, recherche active, aucun frein périphérique identifié.",0,0,0.6261763168002337,0.1591431503987078,0.21468053280105853
PROD_00862,2026-01-26 20:50:31.770590197,25.4,Bac,3.2,M1602,76079,1.0,0,"Perte de confiance importante. Risque d'exclusion, barrière de la langue.",1,1,0.144229656985478,0.7218049943187604,0.1339653486957616
PROD_00863,2026-01-26 21:33:44.614871624,40.4,Bac+5,0.7,M1607,91021,1.0,0,"Candidat très dynamique, mobilité nationale validée. Projet clair.",0,0,0.669381545445555,0.13208993095119614,0.1985285236032489
PROD_00864,2026-01-26 22:16:57.459153051,27.4,Bac,1.9,M1602,81068,1.0,0,Compétences à réactualiser sur les outils numériques. Motivation correcte.,1,1,0.14512010176665105,0.7249294554257765,0.1299504428075725
PROD_00865,2026-01-26 23:00:10.303434478,63.4,Bac+5,2.1,M1801,59047,0.0,1,Problème ponctuel de mobilité géographique. Zone mal desservie.,1,1,0.15469114877865586,0.6949860629844289,0.15032278823691525
PROD_00866,2026-01-26 23:43:23.147715905,42.4,Sans diplôme,0.3,K1201,76154,1.0,0,"Profil autonome, recherche active, aucun frein périphérique identifié.",1,1,0.2531727787242085,0.6017491971741656,0.14507802410162585
PROD_00867,2026-01-27 00:26:35.991997332,38.4,Bac,3.1,M1203,88252,1.0,0,Compétences à réactualiser sur les outils numériques. Motivation correcte.,1,1,0.16010709575494553,0.6656301214554077,0.1742627827896468
PROD_00868,2026-01-27 01:09:48.836278759,59.4,Bac,2.1,D1401,39333,0.0,0,Compétences à réactualiser sur les outils numériques. Motivation correcte.,1,1,0.13053667304297678,0.6978147746363488,0.17164855232067444
PROD_00869,2026-01-27 01:53:01.680560187,25.4,Bac+5,5.1,J1506,61362,1.0,0,"Perte de confiance importante. Risque d'exclusion, barrière de la langue.",0,0,0.6898228263516847,0.137814070185882,0.17236310346243333
PROD_00870,2026-01-27 02:36:14.524841614,26.4,Bac+5,2.4,M1203,71407,0.0,0,"Candidat très dynamique, mobilité nationale validée. Projet clair.",0,0,0.6307298055376158,0.2304017768974995,0.1388684175648847
PROD_00871,2026-01-27 03:19:27.369123041,48.4,Bac+2,3.3,H1206,81164,1.0,0,Compétences à réactualiser sur les outils numériques. Motivation correcte.,1,1,0.17228542400110602,0.6604877319017737,0.1672268440971203
PROD_00872,2026-01-27 04:02:40.213404468,42.4,Bac,0.9,K1903,62542,1.0,0,Compétences à réactualiser sur les outils numériques. Motivation correcte.,1,1,0.17793462474011057,0.6129733585896725,0.20909201667021693
PROD_00873,2026-01-27 04:45:53.057685895,62.4,Sans diplôme,3.7,M1501,89038,1.0,0,Freins périphériques majeurs. Situation d'illettrisme numérique constatée.,2,2,0.15660615929892754,0.23229229424509173,0.6111015464559808
PROD_00874,2026-01-27 05:29:05.901967322,41.4,Bac+2,2.2,A1401,32357,1.0,0,"Candidat très dynamique, mobilité nationale validée. Projet clair.",2,2,0.1530468294352568,0.2519309829923773,0.5950221875723658
PROD_00875,2026-01-27 06:12:18.746248750,59.4,Sans diplôme,1.9,N4301,47086,0.0,0,"Perte de confiance importante. Risque d'exclusion, barrière de la langue.",2,2,0.2474135290401192,0.1280705346323335,0.6245159363275473
PROD_00876,2026-01-27 06:55:31.590530177,56.4,Sans diplôme,3.3,K1601,78383,1.0,0,Freins périphériques majeurs. Situation d'illettrisme numérique constatée.,2,2,0.1773749079694104,0.2104568019516094,0.6121682900789801
PROD_00877,2026-01-27 07:38:44.434811604,41.4,Bac,11.0,C1201,58250,0.0,0,Cumul de difficultés. Pas de moyen de transport et garde d'enfants complexe.,1,1,0.21842980026310296,0.6357352652040987,0.14583493453279828
PROD_00878,2026-01-27 08:21:57.279093031,26.4,Bac,2.3,N4301,81230,1.0,0,Freins périphériques majeurs. Situation d'illettrisme numérique constatée.,2,2,0.16903527781426755,0.16090459878992192,0.6700601233958106
PROD_00879,2026-01-27 09:05:10.123374458,51.4,Bac,3.8,M1602,28015,1.0,0,"Profil autonome, recherche active, aucun frein périphérique identifié.",2,2,0.19120694960493076,0.1707506057034874,0.6380424446915818
PROD_00880,2026-01-27 09:48:22.967655885,21.4,Bac,0.4,G1602,79265,1.0,0,Cumul de difficultés. Pas de moyen de transport et garde d'enfants complexe.,1,1,0.13066287623210876,0.7415834433628579,0.12775368040503343
PROD_00881,2026-01-27 10:31:35.811937312,43.4,Bac,0.1,K1201,23086,1.0,0,Compétences à réactualiser sur les outils numériques. Motivation correcte.,1,1,0.1678130614808095,0.6458664924060395,0.1863204461131509
PROD_00882,2026-01-27 11:14:48.656218740,31.4,Bac,0.6,M1805,25150,0.0,0,Freins périphériques majeurs. Situation d'illettrisme numérique constatée.,0,0,0.7367364276091067,0.12750198735099078,0.1357615850399025
PROD_00883,2026-01-27 11:58:01.500500167,45.4,Bac+2,1.2,M1805,29104,0.0,0,Projet de reconversion à affiner. Besoin d'une formation complémentaire.,1,1,0.1684601138067757,0.6438311321534103,0.18770875403981402
PROD_00884,2026-01-27 12:41:14.344781594,22.4,Bac+2,2.4,K2101,51276,0.0,1,Freins périphériques majeurs. Situation d'illettrisme numérique constatée.,0,0,0.6639626349634452,0.14543569220427913,0.19060167283227566
PROD_00885,2026-01-27 13:24:27.189063021,23.4,Bac,0.8,D1503,10059,1.0,0,"Profil autonome, recherche active, aucun frein périphérique identifié.",1,1,0.2060713319308256,0.660881863043008,0.1330468050261664
PROD_00886,2026-01-27 14:07:40.033344448,31.4,Bac+2,0.2,H1206,62550,1.0,0,Projet de reconversion à affiner. Besoin d'une formation complémentaire.,0,0,0.611655551445179,0.13813455852856113,0.2502098900262598
PROD_00887,2026-01-27 14:50:52.877625875,41.4,Bac+2,0.4,M1705,67249,1.0,0,"Profil autonome, recherche active, aucun frein périphérique identifié.",0,0,0.6810671084388422,0.17098254093566928,0.1479503506254885
PROD_00888,2026-01-27 15:34:05.721907302,26.4,Bac+2,2.5,W1401,80819,0.0,0,"Excellente présentation, compétences techniques à jour. Reprise rapide visée.",0,0,0.603633872386737,0.2593604303094581,0.13700569730380485
PROD_00889,2026-01-27 16:17:18.566188730,45.4,Bac+2,0.2,M1602,84054,1.0,0,"Perte de confiance importante. Risque d'exclusion, barrière de la langue.",2,2,0.22680904013925837,0.16116520327461314,0.6120257565861285
PROD_00890,2026-01-27 17:00:31.410470157,45.4,Sans diplôme,0.4,H1504,77268,1.0,0,Problème ponctuel de mobilité géographique. Zone mal desservie.,1,1,0.12813496459371063,0.6628945282480332,0.20897050715825616
PROD_00891,2026-01-27 17:43:44.254751584,41.4,Bac,5.7,H2502,38018,1.0,0,"Profil autonome, recherche active, aucun frein périphérique identifié.",0,0,0.7147106537151923,0.14975411915338094,0.1355352271314268
PROD_00892,2026-01-27 18:26:57.099033011,35.4,Bac+2,5.3,M1607,67442,0.0,0,Problème ponctuel de mobilité géographique. Zone mal desservie.,1,1,0.16383062721434738,0.5965543451258773,0.23961502765977527
PROD_00893,2026-01-27 19:10:09.943314438,22.4,Bac+2,4.9,C1201,51582,1.0,0,Cumul de difficultés. Pas de moyen de transport et garde d'enfants complexe.,2,2,0.18044521204204994,0.16108814426582563,0.6584666436921245
PROD_00894,2026-01-27 19:53:22.787595865,25.4,Bac,0.4,G1801,17462,1.0,0,"Profil autonome, recherche active, aucun frein périphérique identifié.",1,1,0.1575586413049236,0.6828696329464506,0.15957172574862577
PROD_00895,2026-01-27 20:36:35.631877292,63.4,Bac+5,2.9,K1403,33147,0.0,0,Problème ponctuel de mobilité géographique. Zone mal desservie.,1,1,0.2420791991619366,0.6116869553662596,0.14623384547180374
PROD_00896,2026-01-27 21:19:48.476158720,61.4,Bac,2.5,G1601,37233,1.0,1,Information non renseignee,2,2,0.14836047471773361,0.15494869036205458,0.6966908349202118
PROD_00897,2026-01-27 22:03:01.320440147,32.4,Sans diplôme,6.1,C1302,55043,1.0,0,"Profil autonome, recherche active, aucun frein périphérique identifié.",1,1,0.14738042242089866,0.622330298263038,0.23028927931606336
PROD_00898,2026-01-27 22:46:14.164721574,41.4,Bac,3.8,J1506,25119,1.0,0,"Candidat très dynamique, mobilité nationale validée. Projet clair.",0,0,0.6805933755486341,0.17752406613710972,0.1418825583142562
PROD_00899,2026-01-27 23:29:27.009003001,52.4,Bac+5,21.5,I1304,59224,1.0,1,Freins périphériques majeurs. Situation d'illettrisme numérique constatée.,2,2,0.1945956887515129,0.13995141782581383,0.6654528934226733
PROD_00900,2026-01-28 00:12:39.853284428,28.5,Bac,1.3,N4301,33090,0.0,1,Projet de reconversion à affiner. Besoin d'une formation complémentaire.,1,1,0.22019812929230614,0.6475243630957163,0.13227750761197765
PROD_00901,2026-01-28 00:55:52.697565855,59.5,Bac+5,9.3,F1603,80185,1.0,0,Information non renseignee,1,1,0.14897406906993288,0.623966383397102,0.2270595475329652
PROD_00902,2026-01-28 01:39:05.541847282,47.5,Sans diplôme,1.2,A1203,08330,1.0,1,Freins périphériques majeurs. Situation d'illettrisme numérique constatée.,1,1,0.23638636269338686,0.5984923441721501,0.165121293134463
PROD_00903,2026-01-28 02:22:18.386128709,41.5,Sans diplôme,0.1,H2502,15229,0.0,0,Problème ponctuel de mobilité géographique. Zone mal desservie.,1,1,0.2099481635038007,0.6285054101731684,0.16154642632303085
PROD_00904,2026-01-28 03:05:31.230410137,28.5,Bac+5,1.4,C1302,11095,1.0,1,Freins périphériques majeurs. Situation d'illettrisme numérique constatée.,1,1,0.14870375864096622,0.6344661368823394,0.21683010447669437
PROD_00905,2026-01-28 03:48:44.074691564,19.5,Bac,5.7,M1802,64311,1.0,0,"Perte de confiance importante. Risque d'exclusion, barrière de la langue.",2,2,0.1845573581473623,0.21595922062974043,0.5994834212228972
PROD_00906,2026-01-28 04:31:56.918972991,50.5,Sans diplôme,0.5,H2502,21196,1.0,0,"Profil autonome, recherche active, aucun frein périphérique identifié.",0,0,0.6719877969443848,0.18950792480441334,0.13850427825120185
PROD_00907,2026-01-28 05:15:09.763254418,49.5,Bac,0.9,M1501,42086,1.0,0,Projet de reconversion à affiner. Besoin d'une formation complémentaire.,1,1,0.1958015484409266,0.6638966065920349,0.14030184496703857
PROD_00908,2026-01-28 05:58:22.607535845,41.5,Bac,5.0,G1602,83006,0.0,0,"Excellente présentation, compétences techniques à jour. Reprise rapide visée.",0,0,0.6069687821618617,0.20299302780696638,0.19003819003117195
PROD_00909,2026-01-28 06:41:35.451817272,33.5,Bac,1.3,K2101,62389,1.0,0,Projet de reconversion à affiner. Besoin d'une formation complémentaire.,1,1,0.2156260765929886,0.6191861867968295,0.16518773661018193
PROD_00910,2026-01-28 07:24:48.296098699,52.5,Sans diplôme,5.3,M1203,50260,1.0,0,"Excellente présentation, compétences techniques à jour. Reprise rapide visée.",1,1,0.19295405770713414,0.644146088554353,0.1628998537385129
PROD_00911,2026-01-28 08:08:01.140380127,43.5,Bac,4.5,D1401,18157,0.0,0,"Profil autonome, recherche active, aucun frein périphérique identifié.",0,0,0.6765422454659865,0.16425200272085133,0.15920575181316216
PROD_00912,2026-01-28 08:51:13.984661554,41.5,Bac,8.2,D1401,31559,0.0,0,Cumul de difficultés. Pas de moyen de transport et garde d'enfants complexe.,1,1,0.13022229466044913,0.6628146528942714,0.20696305244527946
PROD_00913,2026-01-28 09:34:26.828942981,22.5,Bac,4.9,C1201,51582,1.0,0,Cumul de difficultés. Pas de moyen de transport et garde d'enfants complexe.,2,2,0.23264807880532873,0.16324210019558133,0.60410982099909
PROD_00914,2026-01-28 10:17:39.673224408,52.5,Bac,0.3,K1903,53021,0.0,0,Problème ponctuel de mobilité géographique. Zone mal desservie.,1,1,0.18523310325847786,0.6048126342695673,0.2099542624719548
PROD_00915,2026-01-28 11:00:52.517505835,43.5,Sans diplôme,3.7,N4301,77151,1.0,0,"Perte de confiance importante. Risque d'exclusion, barrière de la langue.",0,0,0.59688892809584,0.13760972184728334,0.2655013500568766
PROD_00916,2026-01-28 11:44:05.361787262,53.5,Bac,2.6,A1401,44102,1.0,0,"Profil autonome, recherche active, aucun frein périphérique identifié.",1,1,0.20761346750922494,0.595529694192753,0.19685683829802203
PROD_00917,2026-01-28 12:27:18.206068689,40.5,Bac,1.5,N1101,87138,1.0,0,"Perte de confiance importante. Risque d'exclusion, barrière de la langue.",0,0,0.6301391278932345,0.14800335240573997,0.22185751970102557
PROD_00918,2026-01-28 13:10:31.050350117,20.5,Bac+2,0.3,G1602,07138,1.0,0,Cumul de difficultés. Pas de moyen de transport et garde d'enfants complexe.,1,1,0.16652926047178382,0.6516634799190439,0.1818072596091722
PROD_00919,2026-01-28 13:53:43.894631544,62.5,Bac+2,2.9,M1501,78586,1.0,0,Projet de reconversion à affiner. Besoin d'une formation complémentaire.,1,1,0.12841913486849002,0.6101820572905666,0.2613988078409434
PROD_00920,2026-01-28 14:36:56.738912971,61.5,Sans diplôme,2.6,H1206,52348,1.0,0,"Perte de confiance importante. Risque d'exclusion, barrière de la langue.",2,2,0.2254034354723488,0.15796528528269482,0.6166312792449563
PROD_00921,2026-01-28 15:20:09.583194398,40.5,Bac+2,0.6,A1203,74085,1.0,0,Projet de reconversion à affiner. Besoin d'une formation complémentaire.,1,1,0.14998954695075248,0.6177743343371961,0.2322361187120514
PROD_00922,2026-01-28 16:03:22.427475825,59.5,Bac,2.1,D1401,39333,0.0,0,Compétences à réactualiser sur les outils numériques. Motivation correcte.,1,1,0.12997545609357966,0.6958580772713326,0.17416646663508772
PROD_00923,2026-01-28 16:46:35.271757252,43.5,Sans diplôme,1.2,K2101,21310,1.0,0,Compétences à réactualiser sur les outils numériques. Motivation correcte.,1,1,0.2079524315735893,0.6417445753803037,0.15030299304610695
PROD_00924,2026-01-28 17:29:48.116038679,56.5,Bac,2.6,A1401,09103,0.0,0,Cumul de difficultés. Pas de moyen de transport et garde d'enfants complexe.,2,2,0.16138865944332287,0.2334119713917821,0.6051993691648949
PROD_00925,2026-01-28 18:13:00.960320107,40.5,Sans diplôme,0.1,K1304,62568,1.0,0,Compétences à réactualiser sur les outils numériques. Motivation correcte.,1,1,0.15716557441015297,0.6705854155174009,0.17224901007244608
PROD_00926,2026-01-28 18:56:13.804601534,41.5,Bac+2,1.1,K2101,56009,1.0,0,"Excellente présentation, compétences techniques à jour. Reprise rapide visée.",0,0,0.6012737809864778,0.21417439653358966,0.18455182247993257
PROD_00927,2026-01-28 19:39:26.648882961,43.5,Bac+2,1.9,D1210,31408,0.0,0,"Profil autonome, recherche active, aucun frein périphérique identifié.",0,0,0.6863172856804755,0.15558906908001227,0.15809364523951228
PROD_00928,2026-01-28 20:22:39.493164388,59.5,Bac,0.1,H2502,21418,1.0,0,Problème ponctuel de mobilité géographique. Zone mal desservie.,1,1,0.21249323920858793,0.614991492036912,0.17251526875450018
PROD_00929,2026-01-28 21:05:52.337445815,52.5,Bac,2.6,M1801,68303,1.0,0,Cumul de difficultés. Pas de moyen de transport et garde d'enfants complexe.,1,1,0.2264949829561172,0.598197712618055,0.17530730442582787
PROD_00930,2026-01-28 21:49:05.181727242,46.5,Bac+5,2.1,H1504,60276,1.0,0,"Excellente présentation, compétences techniques à jour. Reprise rapide visée.",0,0,0.6886878642913709,0.1474827133559987,0.16382942235263045
PROD_00931,2026-01-28 22:32:18.026008669,25.5,Bac+5,4.2,W1401,21631,1.0,1,"Excellente présentation, compétences techniques à jour. Reprise rapide visée.",0,0,0.7261314711919942,0.14457409696539633,0.1292944318426095
PROD_00932,2026-01-28 23:15:30.870290097,61.5,Sans diplôme,0.2,G1801,17067,1.0,0,Cumul de difficultés. Pas de moyen de transport et garde d'enfants complexe.,2,2,0.12809583218885076,0.13856336554502657,0.7333408022661226
PROD_00933,2026-01-28 23:58:43.714571524,40.5,Bac,0.8,I1304,01358,1.0,1,Problème ponctuel de mobilité géographique. Zone mal desservie.,1,1,0.14381142496384705,0.7130090549539,0.143179520082253
PROD_00934,2026-01-29 00:41:56.558852951,50.5,Sans diplôme,2.2,N1101,86289,1.0,0,Compétences à réactualiser sur les outils numériques. Motivation correcte.,1,1,0.22134211291223688,0.5969615629422763,0.18169632414548686
PROD_00935,2026-01-29 01:25:09.403134378,41.5,Sans diplôme,2.5,K1403,83106,0.0,0,Compétences à réactualiser sur les outils numériques. Motivation correcte.,1,1,0.16515096847579985,0.5988232377164552,0.2360257938077449
PROD_00936,2026-01-29 02:08:22.247415805,42.5,Bac+2,5.8,H1504,88091,1.0,0,Freins périphériques majeurs. Situation d'illettrisme numérique constatée.,1,1,0.1850235702827689,0.611532070974578,0.2034443587426531
PROD_00937,2026-01-29 02:51:35.091697232,43.5,Bac+5,5.8,M1801,40229,1.0,0,"Excellente présentation, compétences techniques à jour. Reprise rapide visée.",0,0,0.7055882335234681,0.15008810543723744,0.14432366103929445
PROD_00938,2026-01-29 03:34:47.935978659,44.5,Sans diplôme,9.3,A1203,86086,1.0,0,"Profil autonome, recherche active, aucun frein périphérique identifié.",0,0,0.6279529990104918,0.1891586244147508,0.18288837657475737
PROD_00939,2026-01-29 04:18:00.780260087,47.5,Sans diplôme,0.4,K2106,44162,0.0,0,Freins périphériques majeurs. Situation d'illettrisme numérique constatée.,2,2,0.17017721497784957,0.17467079081694217,0.6551519942052083
PROD_00940,2026-01-29 05:01:13.624541514,23.5,Bac+5,8.9,M1801,55010,1.0,0,"Perte de confiance importante. Risque d'exclusion, barrière de la langue.",0,0,0.5968944757588099,0.2035940914905212,0.19951143275066885
PROD_00941,2026-01-29 05:44:26.468822941,54.5,Bac+2,1.6,C1110,27578,1.0,1,Cumul de difficultés. Pas de moyen de transport et garde d'enfants complexe.,2,2,0.17658541995182653,0.22092424130320773,0.6024903387449657
PROD_00942,2026-01-29 06:27:39.313104368,22.5,Sans diplôme,7.6,C1302,30249,0.0,0,Freins périphériques majeurs. Situation d'illettrisme numérique constatée.,0,0,0.642187289850194,0.2002432990313179,0.15756941111848807
PROD_00943,2026-01-29 07:10:52.157385795,49.5,Bac,0.2,K1201,54260,1.0,0,"Profil autonome, recherche active, aucun frein périphérique identifié.",0,0,0.6059555150785619,0.1653108562581549,0.22873362866328317
PROD_00944,2026-01-29 07:54:05.001667222,36.5,Bac,3.3,G1602,45161,1.0,0,"Profil autonome, recherche active, aucun frein périphérique identifié.",0,0,0.713729977182493,0.1550578648071257,0.13121215801038133
PROD_00945,2026-01-29 08:37:17.845948649,38.5,Sans diplôme,0.0,D1210,67348,1.0,0,Problème ponctuel de mobilité géographique. Zone mal desservie.,1,1,0.13966470939236258,0.6159839031649192,0.24435138744271812
PROD_00946,2026-01-29 09:20:30.690230077,49.5,Bac+2,0.8,M1607,51097,0.0,0,Problème ponctuel de mobilité géographique. Zone mal desservie.,1,1,0.1457901483992514,0.6888157434744457,0.16539410812630284
PROD_00947,2026-01-29 10:03:43.534511504,54.5,Bac+5,4.3,A1401,17137,1.0,0,Problème ponctuel de mobilité géographique. Zone mal desservie.,1,1,0.14592301662942259,0.6005546947101894,0.25352228866038806
PROD_00948,2026-01-29 10:46:56.378792931,23.5,Bac,1.4,I1304,30030,0.0,0,"Excellente présentation, compétences techniques à jour. Reprise rapide visée.",0,0,0.602709375028227,0.21558053820935233,0.1817100867624207
PROD_00949,2026-01-29 11:30:09.223074358,52.5,Bac+5,1.4,C1201,40078,1.0,0,Compétences à réactualiser sur les outils numériques. Motivation correcte.,1,1,0.16189082100075133,0.6329570272932454,0.2051521517060032
PROD_00950,2026-01-29 12:13:22.067355785,53.5,Bac+5,1.9,H1206,14346,1.0,0,"Perte de confiance importante. Risque d'exclusion, barrière de la langue.",2,2,0.13463982305855624,0.23071019006912674,0.634649986872317
PROD_00951,2026-01-29 12:56:34.911637212,47.5,Bac+5,1.7,K1304,80601,1.0,0,Cumul de difficultés. Pas de moyen de transport et garde d'enfants complexe.,0,0,0.6740894033812423,0.1286287212953038,0.19728187532345384
PROD_00952,2026-01-29 13:39:47.755918639,22.5,Bac,0.1,M1801,50305,1.0,0,Cumul de difficultés. Pas de moyen de transport et garde d'enfants complexe.,0,0,0.7025509218147418,0.1522751874107953,0.14517389077446294
PROD_00953,2026-01-29 14:23:00.600200067,53.5,Sans diplôme,9.4,H2502,78202,0.0,0,Freins périphériques majeurs. Situation d'illettrisme numérique constatée.,2,2,0.16923671451186598,0.16488928862500343,0.6658739968631306
PROD_00954,2026-01-29 15:06:13.444481494,27.5,Bac+2,0.4,M1801,17444,1.0,0,"Profil autonome, recherche active, aucun frein périphérique identifié.",0,0,0.6141211330535994,0.23609747119967883,0.14978139574672178
PROD_00955,2026-01-29 15:49:26.288762921,62.5,Bac+5,1.4,C1102,31217,0.0,1,Information non renseignee,0,0,0.6513655114827439,0.1918591608680907,0.15677532764916538
PROD_00956,2026-01-29 16:32:39.133044348,46.5,Bac+2,1.9,K1304,25393,1.0,0,"Candidat très dynamique, mobilité nationale validée. Projet clair.",0,0,0.6037089500069577,0.25222081029435883,0.1440702396986835
PROD_00957,2026-01-29 17:15:51.977325775,41.5,Bac+5,4.7,K2106,61426,0.0,0,Compétences à réactualiser sur les outils numériques. Motivation correcte.,0,0,0.6010371076816695,0.14334599086028366,0.25561690145804683
PROD_00958,2026-01-29 17:59:04.821607202,42.5,Bac,2.9,N1303,35062,1.0,0,"Candidat très dynamique, mobilité nationale validée. Projet clair.",0,0,0.6139906226622516,0.22272157764552372,0.1632877996922247
PROD_00959,2026-01-29 18:42:17.665888629,40.5,Sans diplôme,1.2,M1602,61074,1.0,0,Freins périphériques majeurs. Situation d'illettrisme numérique constatée.,2,2,0.1478798226423593,0.24210743807205345,0.6100127392855872
PROD_00960,2026-01-29 19:25:30.510170057,33.5,Sans diplôme,1.1,K1201,15040,1.0,0,Compétences à réactualiser sur les outils numériques. Motivation correcte.,1,1,0.1368500440735397,0.6150673327988732,0.2480826231275871
PROD_00961,2026-01-29 20:08:43.354451484,57.5,Bac+2,1.1,C1102,57659,1.0,0,Problème ponctuel de mobilité géographique. Zone mal desservie.,1,1,0.25667922808689586,0.5953861932783517,0.14793457863475235
PROD_00962,2026-01-29 20:51:56.198732911,38.5,Bac+2,2.6,K1304,34075,1.0,0,Projet de reconversion à affiner. Besoin d'une formation complémentaire.,0,0,0.6125405012815608,0.20365248719588241,0.1838070115225568
PROD_00963,2026-01-29 21:35:09.043014338,42.5,Bac,0.2,N1301,14360,1.0,0,"Profil autonome, recherche active, aucun frein périphérique identifié.",0,0,0.625428016362275,0.240354942796888,0.13421704084083705
PROD_00964,2026-01-29 22:18:21.887295765,60.5,Bac,0.4,K1304,02616,1.0,0,Freins périphériques majeurs. Situation d'illettrisme numérique constatée.,2,2,0.14047361599255545,0.1972424572909758,0.6622839267164687
PROD_00965,2026-01-29 23:01:34.731577192,52.5,Bac+2,0.3,M1802,58255,0.0,0,Compétences à réactualiser sur les outils numériques. Motivation correcte.,1,1,0.2442610986503378,0.6229867276657065,0.13275217368395575
PROD_00966,2026-01-29 23:44:47.575858619,18.5,Sans diplôme,4.7,K2106,62164,0.0,0,Cumul de difficultés. Pas de moyen de transport et garde d'enfants complexe.,2,2,0.18327711820493012,0.2033853824393182,0.6133374993557517
PROD_00967,2026-01-30 00:28:00.420140047,27.5,Bac+2,4.2,M1607,50124,1.0,0,Projet de reconversion à affiner. Besoin d'une formation complémentaire.,1,1,0.15402351037535728,0.7124771408876316,0.13349934873701108
PROD_00968,2026-01-30 01:11:13.264421474,55.5,Bac,1.8,N4301,16403,0.0,1,Problème ponctuel de mobilité géographique. Zone mal desservie.,2,2,0.22363525531625114,0.16617388899358873,0.6101908556901601
PROD_00969,2026-01-30 01:54:26.108702901,42.5,Bac+5,1.4,G1601,79313,0.0,0,"Excellente présentation, compétences techniques à jour. Reprise rapide visée.",0,0,0.6816755160046256,0.18443762549515869,0.1338868585002157
PROD_00970,2026-01-30 02:37:38.952984328,57.5,Bac,0.2,M1705,49347,1.0,0,Freins périphériques majeurs. Situation d'illettrisme numérique constatée.,1,1,0.2214106776372879,0.6088708263600413,0.16971849600267075
PROD_00971,2026-01-30 03:20:51.797265755,32.5,Bac,4.4,K1601,70362,1.0,0,Compétences à réactualiser sur les outils numériques. Motivation correcte.,1,1,0.14547200086792011,0.6965612134159209,0.15796678571615896
PROD_00972,2026-01-30 04:04:04.641547182,36.5,Bac+2,0.7,G1203,72196,1.0,0,"Profil autonome, recherche active, aucun frein périphérique identifié.",1,1,0.15861266908827726,0.654176465759198,0.18721086515252483
PROD_00973,2026-01-30 04:47:17.485828609,49.5,Bac,0.2,K1201,54260,1.0,0,"Profil autonome, recherche active, aucun frein périphérique identifié.",0,0,0.7101396211978674,0.15580665516305833,0.13405372363907422
PROD_00974,2026-01-30 05:30:30.330110037,46.5,Bac+2,6.1,N4101,24510,0.0,0,"Perte de confiance importante. Risque d'exclusion, barrière de la langue.",2,2,0.13145864582753589,0.20024945482131315,0.668291899351151
PROD_00975,2026-01-30 06:13:43.174391464,48.5,Bac+2,5.6,J1506,64298,0.0,0,"Candidat très dynamique, mobilité nationale validée. Projet clair.",0,0,0.642069178932088,0.2098129377005455,0.14811788336736648
PROD_00976,2026-01-30 06:56:56.018672891,37.5,Bac+2,0.1,M1802,18152,0.0,0,"Excellente présentation, compétences techniques à jour. Reprise rapide visée.",0,0,0.5961033220594746,0.15690853112073966,0.24698814681978576
PROD_00977,2026-01-30 07:40:08.862954318,40.5,Bac+2,0.6,A1203,74085,1.0,0,Projet de reconversion à affiner. Besoin d'une formation complémentaire.,1,1,0.20436245171365583,0.6305325274597439,0.16510502082660028
PROD_00978,2026-01-30 08:23:21.707235745,56.5,Bac+5,2.7,C1110,14534,1.0,0,Freins périphériques majeurs. Situation d'illettrisme numérique constatée.,2,2,0.2546805160263972,0.14269123449355628,0.6026282494800466
PROD_00979,2026-01-30 09:06:34.551517172,62.5,Bac,4.9,N1303,88153,0.0,1,Projet de reconversion à affiner. Besoin d'une formation complémentaire.,2,2,0.15786867873330138,0.13619951587942586,0.7059318053872727
PROD_00980,2026-01-30 09:49:47.395798599,30.5,Sans diplôme,4.7,G1302,57584,1.0,0,Problème ponctuel de mobilité géographique. Zone mal desservie.,1,1,0.14829309567973611,0.72350776088443,0.12819914343583383
PROD_00981,2026-01-30 10:33:00.240080027,41.5,Sans diplôme,2.7,A1301,17234,1.0,0,"Excellente présentation, compétences techniques à jour. Reprise rapide visée.",1,1,0.1597096563890774,0.7045103131449295,0.13578003046599307
PROD_00982,2026-01-30 11:16:13.084361454,43.5,Bac+5,5.4,H2502,48099,1.0,0,"Profil autonome, recherche active, aucun frein périphérique identifié.",0,0,0.6978884404970211,0.17136517793345624,0.13074638156952262
PROD_00983,2026-01-30 11:59:25.928642881,22.5,Bac,0.8,C1302,21045,1.0,0,Problème ponctuel de mobilité géographique. Zone mal desservie.,1,1,0.23318148278806317,0.6325369856915152,0.13428153152042166
PROD_00984,2026-01-30 12:42:38.772924308,59.5,Sans diplôme,1.1,M1805,16203,1.0,0,Problème ponctuel de mobilité géographique. Zone mal desservie.,1,1,0.1969878056653663,0.6627552634414581,0.1402569308931756
PROD_00985,2026-01-30 13:25:51.617205735,35.5,Bac+2,1.9,M1801,86026,0.0,0,"Profil autonome, recherche active, aucun frein périphérique identifié.",0,0,0.6103534199852647,0.18577273748957698,0.2038738425251583
PROD_00986,2026-01-30 14:09:04.461487162,37.5,Bac,0.7,M1805,47060,0.0,0,"Excellente présentation, compétences techniques à jour. Reprise rapide visée.",0,0,0.6325922387148339,0.151280483071757,0.21612727821340905
PROD_00987,2026-01-30 14:52:17.305768589,27.5,Bac+2,3.8,K2101,22224,1.0,1,Cumul de difficultés. Pas de moyen de transport et garde d'enfants complexe.,1,1,0.15604272392148053,0.6288638912972178,0.2150933847813017
PROD_00988,2026-01-30 15:35:30.150050017,53.5,Bac,1.2,K1601,68385,1.0,0,Problème ponctuel de mobilité géographique. Zone mal desservie.,1,1,0.14840764944061044,0.678144986343278,0.1734473642161115
PROD_00989,2026-01-30 16:18:42.994331444,41.5,Bac,0.5,M1802,06076,1.0,1,Problème ponctuel de mobilité géographique. Zone mal desservie.,1,1,0.17370152196776886,0.6625070869928141,0.16379139103941698
PROD_00990,2026-01-30 17:01:55.838612871,40.5,Sans diplôme,1.1,C1302,47215,0.0,0,"Excellente présentation, compétences techniques à jour. Reprise rapide visée.",1,1,0.1533307290774702,0.6248116203407138,0.22185765058181606
PROD_00991,2026-01-30 17:45:08.682894298,34.5,Bac,0.3,K1201,60305,0.0,0,"Candidat très dynamique, mobilité nationale validée. Projet clair.",0,0,0.5961348202708138,0.16758061311772982,0.23628456661145641
PROD_00992,2026-01-30 18:28:21.527175725,54.5,Bac+2,3.7,G1801,70225,0.0,0,Projet de reconversion à affiner. Besoin d'une formation complémentaire.,1,1,0.17348502555477724,0.5991601700641943,0.2273548043810284
PROD_00993,2026-01-30 19:11:34.371457152,41.5,Bac+2,0.3,G1302,43096,1.0,1,Compétences à réactualiser sur les outils numériques. Motivation correcte.,1,1,0.17927332106458357,0.690872682641237,0.12985399629417937
PROD_00994,2026-01-30 19:54:47.215738579,41.5,Bac,5.1,H1504,42163,0.0,1,Information non renseignee,1,1,0.19292407361919905,0.6697032269238095,0.1373726994569915
PROD_00995,2026-01-30 20:38:00.060020007,42.5,Sans diplôme,1.0,N1101,28371,1.0,0,Problème ponctuel de mobilité géographique. Zone mal desservie.,1,1,0.13602205875024978,0.6037396309168075,0.26023831033294276
PROD_00996,2026-01-30 21:21:12.904301434,42.5,Bac,1.0,K1304,24263,1.0,0,"Excellente présentation, compétences techniques à jour. Reprise rapide visée.",0,0,0.6048599507644193,0.25592627778144816,0.1392137714541325
PROD_00997,2026-01-30 22:04:25.748582861,59.5,Bac,0.4,F1603,57578,1.0,0,Compétences à réactualiser sur les outils numériques. Motivation correcte.,0,0,0.6184076719453786,0.16709271640993723,0.21449961164468417
PROD_00998,2026-01-30 22:47:38.592864288,35.5,Bac+2,1.2,A1203,57623,1.0,0,"Candidat très dynamique, mobilité nationale validée. Projet clair.",1,1,0.2054628021427007,0.632190359977173,0.16234683788012627
PROD_00999,2026-01-30 23:30:51.437145715,63.5,Bac,1.0,M1602,27514,1.0,0,Problème ponctuel de mobilité géographique. Zone mal desservie.,2,2,0.1329418502114419,0.19865241159910613,0.6684057381894519
PROD_01000,2026-01-31 00:14:04.281427142,55.5,Bac+2,1.1,J1506,30101,1.0,1,Problème ponctuel de mobilité géographique. Zone mal desservie.,2,2,0.2312715239426173,0.14751353890088004,0.6212149371565027
PROD_01001,2026-01-31 00:57:17.125708569,48.5,Sans diplôme,0.1,G1602,16145,1.0,0,"Perte de confiance importante. Risque d'exclusion, barrière de la langue.",2,2,0.1967468322834306,0.14026222370002853,0.6629909440165409
PROD_01002,2026-01-31 01:40:29.969989997,33.5,Bac,1.3,M1705,51579,0.0,0,"Candidat très dynamique, mobilité nationale validée. Projet clair.",0,0,0.6120388126542975,0.25216845763021695,0.13579272971548556
PROD_01003,2026-01-31 02:23:42.814271424,41.5,Sans diplôme,4.9,G1302,53211,1.0,0,Projet de reconversion à affiner. Besoin d'une formation complémentaire.,1,1,0.20263629176806838,0.642557003219573,0.1548067050123586
PROD_01004,2026-01-31 03:06:55.658552851,45.5,Sans diplôme,0.4,C1302,63404,1.0,0,"Perte de confiance importante. Risque d'exclusion, barrière de la langue.",1,1,0.15168399463552956,0.7080027122130509,0.1403132931514196
PROD_01005,2026-01-31 03:50:08.502834278,34.5,Bac+2,1.2,A1301,80109,1.0,0,Problème ponctuel de mobilité géographique. Zone mal desservie.,0,0,0.6637357626818811,0.13833158534696122,0.19793265197115772
PROD_01006,2026-01-31 04:33:21.347115705,45.5,Bac+5,7.1,D1502,54208,1.0,0,"Candidat très dynamique, mobilité nationale validée. Projet clair.",0,0,0.6331302296124366,0.16114311372481133,0.20572665666275208
PROD_01007,2026-01-31 05:16:34.191397132,37.5,Sans diplôme,1.2,J1506,08388,1.0,0,"Excellente présentation, compétences techniques à jour. Reprise rapide visée.",0,0,0.6935012007285334,0.17205399139269115,0.13444480787877547
PROD_01008,2026-01-31 05:59:47.035678559,57.5,Bac+5,9.8,K2101,72283,0.0,0,"Profil autonome, recherche active, aucun frein périphérique identifié.",0,0,0.60984695367519,0.1968720037938173,0.19328104253099265
PROD_01009,2026-01-31 06:42:59.879959987,62.5,Bac,0.9,F1603,70200,1.0,1,Projet de reconversion à affiner. Besoin d'une formation complémentaire.,2,2,0.2166262927482221,0.16128340734858065,0.6220902999031972
PROD_01010,2026-01-31 07:26:12.724241414,55.5,Bac,1.2,I1304,52064,0.0,0,Compétences à réactualiser sur les outils numériques. Motivation correcte.,1,1,0.14973537936537043,0.6042449552521765,0.24601966538245312
PROD_01011,2026-01-31 08:09:25.568522841,46.5,Bac,4.7,M1801,41100,0.0,0,"Excellente présentation, compétences techniques à jour. Reprise rapide visée.",0,0,0.6326461284192301,0.15056704917247715,0.21678682240829278
PROD_01012,2026-01-31 08:52:38.412804268,21.5,Bac,0.2,K1903,27096,0.0,0,Compétences à réactualiser sur les outils numériques. Motivation correcte.,1,1,0.18649195731500914,0.6451008267129156,0.1684072159720753
PROD_01013,2026-01-31 09:35:51.257085695,34.5,Bac+2,0.5,C1110,13107,0.0,0,"Perte de confiance importante. Risque d'exclusion, barrière de la langue.",1,1,0.22629273256198018,0.6114271379956034,0.16228012944241643
PROD_01014,2026-01-31 10:19:04.101367122,43.5,Bac,0.4,G1203,70521,1.0,0,"Profil autonome, recherche active, aucun frein périphérique identifié.",1,1,0.1949970679447104,0.6495274035275076,0.15547552852778201
PROD_01015,2026-01-31 11:02:16.945648549,42.5,Sans diplôme,3.0,A1301,10406,1.0,0,Compétences à réactualiser sur les outils numériques. Motivation correcte.,1,1,0.1300725291818184,0.6218074601523148,0.24812001066586675
PROD_01016,2026-01-31 11:45:29.789929977,41.5,Bac,1.7,M1806,42315,1.0,0,"Excellente présentation, compétences techniques à jour. Reprise rapide visée.",1,1,0.1569882409539012,0.6138936076963378,0.229118151349761
PROD_01017,2026-01-31 12:28:42.634211404,49.5,Bac+5,3.8,N4301,34045,0.0,0,Compétences à réactualiser sur les outils numériques. Motivation correcte.,1,1,0.22839355382762883,0.6367486954141363,0.13485775075823492
PROD_01018,2026-01-31 13:11:55.478492831,22.5,Bac+5,1.6,D1401,90035,1.0,0,Problème ponctuel de mobilité géographique. Zone mal desservie.,0,0,0.6365030404754382,0.21158323351111075,0.1519137260134511
PROD_01019,2026-01-31 13:55:08.322774258,19.5,Sans diplôme,2.8,N1101,40165,0.0,0,Compétences à réactualiser sur les outils numériques. Motivation correcte.,1,1,0.1381324732353284,0.6839649244870101,0.17790260227766153
PROD_01020,2026-01-31 14:38:21.167055685,59.5,Bac,0.1,D1503,34129,1.0,0,Cumul de difficultés. Pas de moyen de transport et garde d'enfants complexe.,1,1,0.19135795090029015,0.6348172688036788,0.173824780296031
PROD_01021,2026-01-31 15:21:34.011337112,23.5,Bac,0.6,N4301,29056,0.0,1,Compétences à réactualiser sur les outils numériques. Motivation correcte.,1,1,0.13283606174167703,0.705700424868511,0.1614635133898119
PROD_01022,2026-01-31 16:04:46.855618539,35.5,Bac+5,2.0,M1705,52063,0.0,0,"Profil autonome, recherche active, aucun frein périphérique identifié.",0,0,0.6224717410636843,0.15002308212210314,0.22750517681421256
PROD_01023,2026-01-31 16:47:59.699899967,50.5,Bac+2,0.1,G1801,69276,1.0,0,Compétences à réactualiser sur les outils numériques. Motivation correcte.,1,1,0.1712081555141472,0.6712623227152145,0.1575295217706384
PROD_01024,2026-01-31 17:31:12.544181394,36.5,Bac+5,1.9,D1406,77071,0.0,0,"Perte de confiance importante. Risque d'exclusion, barrière de la langue.",0,0,0.6329059581061539,0.1470924808417898,0.2200015610520563
PROD_01025,2026-01-31 18:14:25.388462821,43.5,Sans diplôme,9.3,D1210,47095,1.0,0,"Perte de confiance importante. Risque d'exclusion, barrière de la langue.",2,2,0.23366905376185176,0.1325638687669828,0.6337670774711655
PROD_01026,2026-01-31 18:57:38.232744248,29.5,Bac+2,0.8,C1201,28375,1.0,0,"Excellente présentation, compétences techniques à jour. Reprise rapide visée.",0,0,0.6251041095127698,0.1524687775035858,0.22242711298364434
PROD_01027,2026-01-31 19:40:51.077025675,27.5,Bac,5.4,K1201,78009,0.0,0,Compétences à réactualiser sur les outils numériques. Motivation correcte.,0,0,0.6817622280461908,0.15585428274012586,0.16238348921368334
PROD_01028,2026-01-31 20:24:03.921307102,58.5,Sans diplôme,0.3,H2502,07030,0.0,0,Compétences à réactualiser sur les outils numériques. Motivation correcte.,1,1,0.14147779040402905,0.5981587781324075,0.26036343146356344
PROD_01029,2026-01-31 21:07:16.765588529,51.5,Bac,0.8,C1302,56264,1.0,0,Problème ponctuel de mobilité géographique. Zone mal desservie.,1,1,0.14301846695575157,0.6204300185335198,0.23655151451072864
PROD_01030,2026-01-31 21:50:29.609869957,46.5,Bac,4.4,A1301,71234,0.0,0,Problème ponctuel de mobilité géographique. Zone mal desservie.,1,1,0.14524072987456005,0.6903593195002634,0.16439995062517654
PROD_01031,2026-01-31 22:33:42.454151384,49.5,Bac,0.9,M1501,42086,1.0,0,Projet de reconversion à affiner. Besoin d'une formation complémentaire.,1,1,0.17342338636507076,0.6155286751004573,0.211047938534472
PROD_01032,2026-01-31 23:16:55.298432811,56.5,Bac+5,1.1,H1206,56123,1.0,0,"Excellente présentation, compétences techniques à jour. Reprise rapide visée.",0,0,0.5966514575633513,0.23350702421094388,0.16984151822570487
PROD_01033,2026-02-01 00:00:08.142714238,47.5,Bac+2,2.4,J1301,32357,0.0,0,Information non renseignee,0,0,0.6239456616006217,0.219976228086101,0.15607811031327729
PROD_01034,2026-02-01 00:43:20.986995665,61.5,Bac,1.6,D1502,56100,0.0,0,Problème ponctuel de mobilité géographique. Zone mal desservie.,1,1,0.2215480477321127,0.6351409949669631,0.14331095730092425
PROD_01035,2026-02-01 01:26:33.831277092,43.5,Bac,0.4,H2502,02770,0.0,1,Freins périphériques majeurs. Situation d'illettrisme numérique constatée.,2,2,0.13530935625698873,0.18074713436907938,0.6839435093739319
PROD_01036,2026-02-01 02:09:46.675558519,28.5,Sans diplôme,0.3,G1602,80622,0.0,0,"Candidat très dynamique, mobilité nationale validée. Projet clair.",0,0,0.6561180569241308,0.15623335655127887,0.1876485865245903
PROD_01037,2026-02-01 02:52:59.519839947,54.5,Bac+2,2.3,N1301,70560,1.0,1,Cumul de difficultés. Pas de moyen de transport et garde d'enfants complexe.,2,2,0.2699522752478243,0.13082042963998905,0.5992272951121866
PROD_01038,2026-02-01 03:36:12.364121374,27.5,Bac+2,0.0,M1602,63443,0.0,1,Problème ponctuel de mobilité géographique. Zone mal desservie.,1,1,0.14360797972533793,0.6434125514291543,0.21297946884550778
PROD_01039,2026-02-01 04:19:25.208402801,42.5,Bac,7.9,M1806,49381,1.0,0,"Excellente présentation, compétences techniques à jour. Reprise rapide visée.",0,0,0.6903451412262056,0.16097229938109156,0.14868255939270283
PROD_01040,2026-02-01 05:02:38.052684228,24.5,Bac+5,2.0,K1304,40027,1.0,0,"Profil autonome, recherche active, aucun frein périphérique identifié.",0,0,0.6640690270361522,0.1701824167858853,0.16574855617796247
PROD_01041,2026-02-01 05:45:50.896965655,61.5,Bac,2.4,H2502,81027,1.0,0,"Profil autonome, recherche active, aucun frein périphérique identifié.",1,1,0.206124537839038,0.6038123210267682,0.19006314113419387
PROD_01042,2026-02-01 06:29:03.741247082,57.5,Bac+5,12.1,N1303,25209,1.0,0,Problème ponctuel de mobilité géographique. Zone mal desservie.,2,2,0.19710818410553402,0.15200650822557607,0.65088530766889
PROD_01043,2026-02-01 07:12:16.585528509,19.5,Sans diplôme,2.2,G1302,62703,0.0,0,Problème ponctuel de mobilité géographique. Zone mal desservie.,2,2,0.2339200482014499,0.1567793081470667,0.6093006436514834
PROD_01044,2026-02-01 07:55:29.429809937,39.5,Bac,1.6,W1401,29087,0.0,0,Problème ponctuel de mobilité géographique. Zone mal desservie.,1,1,0.14931422736030528,0.6949421161984446,0.1557436564412501
PROD_01045,2026-02-01 08:38:42.274091364,31.5,Bac,4.8,H1206,68316,0.0,0,"Profil autonome, recherche active, aucun frein périphérique identifié.",0,0,0.5969190316084441,0.25331888289924365,0.1497620854923123
PROD_01046,2026-02-01 09:21:55.118372791,41.5,Bac+2,8.7,N1301,24355,0.0,1,Compétences à réactualiser sur les outils numériques. Motivation correcte.,1,1,0.22655317723410517,0.601269956674715,0.17217686609117988
PROD_01047,2026-02-01 10:05:07.962654218,42.5,Bac,0.8,H1206,88324,0.0,0,"Candidat très dynamique, mobilité nationale validée. Projet clair.",0,0,0.6636311777831824,0.1724992576535787,0.16386956456323892
PROD_01048,2026-02-01 10:48:20.806935645,44.5,Bac,2.5,K2111,88078,0.0,0,"Excellente présentation, compétences techniques à jour. Reprise rapide visée.",1,1,0.24527341754609872,0.62338585511773,0.1313407273361713
PROD_01049,2026-02-01 11:31:33.651217072,37.5,Bac+2,3.0,C1302,69249,1.0,0,"Excellente présentation, compétences techniques à jour. Reprise rapide visée.",0,0,0.6274570196545629,0.2293284316662688,0.1432145486791683
PROD_01050,2026-02-01 12:14:46.495498499,47.5,Sans diplôme,0.4,K2106,44162,0.0,0,Freins périphériques majeurs. Situation d'illettrisme numérique constatée.,2,2,0.22515261008694104,0.1549723477808972,0.6198750421321618
PROD_01051,2026-02-01 12:57:59.339779927,38.5,Bac,2.8,D1406,60005,1.0,0,"Profil autonome, recherche active, aucun frein périphérique identifié.",0,0,0.6296126597903655,0.1484977549491159,0.22188958526051858
PROD_01052,2026-02-01 13:41:12.184061354,46.5,Bac,0.8,F1603,32047,1.0,1,Information non renseignee,1,1,0.14689822918702006,0.598907051666422,0.254194719146558
PROD_01053,2026-02-01 14:24:25.028342781,52.5,Bac+5,0.9,N4101,40212,1.0,0,Compétences à réactualiser sur les outils numériques. Motivation correcte.,1,1,0.1684558919744284,0.6693801729670308,0.16216393505854088
PROD_01054,2026-02-01 15:07:37.872624208,49.5,Bac,0.8,A1203,11257,1.0,0,Cumul de difficultés. Pas de moyen de transport et garde d'enfants complexe.,1,1,0.23119469537650963,0.6311194909836256,0.13768581363986476
PROD_01055,2026-02-01 15:50:50.716905635,39.5,Sans diplôme,8.4,D1406,64328,0.0,0,"Perte de confiance importante. Risque d'exclusion, barrière de la langue.",2,2,0.19032780260523652,0.14834889692700934,0.6613233004677541
PROD_01056,2026-02-01 16:34:03.561187062,58.5,Bac+2,1.3,C1102,14593,0.0,0,Projet de reconversion à affiner. Besoin d'une formation complémentaire.,1,1,0.13146618801713472,0.6946343318294592,0.17389948015340606
PROD_01057,2026-02-01 17:17:16.405468489,40.5,Bac+5,0.7,M1607,91021,1.0,0,"Candidat très dynamique, mobilité nationale validée. Projet clair.",0,0,0.6640081928716467,0.16185035374004672,0.17414145338830658
PROD_01058,2026-02-01 18:00:29.249749917,19.5,Bac+2,6.5,K1403,52316,1.0,0,Compétences à réactualiser sur les outils numériques. Motivation correcte.,1,1,0.2274754884747276,0.6119472012016007,0.16057731032367162
PROD_01059,2026-02-01 18:43:42.094031344,32.5,Bac+2,2.1,D1502,50504,1.0,1,Problème ponctuel de mobilité géographique. Zone mal desservie.,0,0,0.6401917810044181,0.20911096408231694,0.15069725491326497
PROD_01060,2026-02-01 19:26:54.938312771,43.5,Bac,2.1,M1602,29190,0.0,0,"Perte de confiance importante. Risque d'exclusion, barrière de la langue.",1,1,0.18711895072175047,0.6682377534349571,0.1446432958432925
PROD_01061,2026-02-01 20:10:07.782594198,34.5,Bac+2,0.3,N1301,53064,1.0,0,Information non renseignee,0,0,0.7166961645371759,0.1537496884261495,0.12955414703667462
PROD_01062,2026-02-01 20:53:20.626875625,59.5,Bac,9.1,A1301,64437,0.0,0,"Perte de confiance importante. Risque d'exclusion, barrière de la langue.",2,2,0.15308929343673322,0.19714466276965062,0.6497660437936162
PROD_01063,2026-02-01 21:36:33.471157052,47.5,Sans diplôme,5.0,H1504,24238,1.0,0,"Profil autonome, recherche active, aucun frein périphérique identifié.",1,1,0.18988673674197812,0.6269276964932853,0.18318556676473663
PROD_01064,2026-02-01 22:19:46.315438479,54.5,Bac+2,1.4,C1302,76158,1.0,0,Freins périphériques majeurs. Situation d'illettrisme numérique constatée.,2,2,0.2023877771947056,0.13530292792980875,0.6623092948754856
PROD_01065,2026-02-01 23:02:59.159719907,40.5,Bac+5,4.0,N1301,12140,0.0,0,"Candidat très dynamique, mobilité nationale validée. Projet clair.",1,1,0.145607829235056,0.7011147081830998,0.15327746258184416
PROD_01066,2026-02-01 23:46:12.004001334,48.5,Bac+2,0.6,M1806,15007,1.0,0,Cumul de difficultés. Pas de moyen de transport et garde d'enfants complexe.,0,0,0.6027092501564968,0.21976802423148867,0.17752272561201454
PROD_01067,2026-02-02 00:29:24.848282761,23.5,Bac,0.5,D1503,01118,0.0,0,Compétences à réactualiser sur les outils numériques. Motivation correcte.,1,1,0.2624908510327514,0.6039629055825426,0.133546243384706
PROD_01068,2026-02-02 01:12:37.692564188,63.5,Bac,5.3,A1301,71342,1.0,1,"Perte de confiance importante. Risque d'exclusion, barrière de la langue.",2,2,0.14253139904864243,0.16155860035458297,0.6959100005967747
PROD_01069,2026-02-02 01:55:50.536845615,39.5,Bac+2,2.7,K2106,06084,1.0,0,"Candidat très dynamique, mobilité nationale validée. Projet clair.",0,0,0.6219844731031527,0.24276964916619143,0.13524587773065583
PROD_01070,2026-02-02 02:39:03.381127042,24.5,Bac+2,3.9,K2111,58207,1.0,0,"Excellente présentation, compétences techniques à jour. Reprise rapide visée.",0,0,0.5976356687233414,0.231930984388991,0.1704333468876676
PROD_01071,2026-02-02 03:22:16.225408469,46.5,Sans diplôme,0.0,M1806,71269,1.0,0,Projet de reconversion à affiner. Besoin d'une formation complémentaire.,1,1,0.16960836281203662,0.6105582611175324,0.21983337607043096
PROD_01072,2026-02-02 04:05:29.069689897,50.5,Bac,4.8,K1903,16136,1.0,0,Problème ponctuel de mobilité géographique. Zone mal desservie.,1,1,0.1484726393862857,0.6061211772194176,0.24540618339429676
PROD_01073,2026-02-02 04:48:41.913971324,51.5,Bac,1.3,I1304,17205,1.0,0,"Profil autonome, recherche active, aucun frein périphérique identifié.",2,2,0.22130809110862815,0.1498927312016619,0.6287991776897099
PROD_01074,2026-02-02 05:31:54.758252751,39.5,Bac,0.2,D1210,22003,1.0,1,Projet de reconversion à affiner. Besoin d'une formation complémentaire.,1,1,0.19508108248416833,0.6171533893300118,0.18776552818581982
PROD_01075,2026-02-02 06:15:07.602534178,23.5,Bac,2.3,J1301,65324,1.0,1,Projet de reconversion à affiner. Besoin d'une formation complémentaire.,1,1,0.21132576097408112,0.6468061381025583,0.14186810092336066
PROD_01076,2026-02-02 06:58:20.446815605,34.5,Bac+5,6.0,M1203,12186,0.0,0,"Candidat très dynamique, mobilité nationale validée. Projet clair.",0,0,0.5960826120148627,0.15744560249610265,0.24647178548903467
PROD_01077,2026-02-02 07:41:33.291097032,57.5,Bac,1.8,C1201,40275,1.0,0,"Candidat très dynamique, mobilité nationale validée. Projet clair.",1,1,0.14385350019324833,0.6094026365069588,0.2467438632997928
PROD_01078,2026-02-02 08:24:46.135378459,25.5,Bac,0.1,N4101,2B036,1.0,1,Projet de reconversion à affiner. Besoin d'une formation complémentaire.,1,1,0.13421505594821478,0.6097594490520133,0.2560254949997719
PROD_01079,2026-02-02 09:07:58.979659887,41.5,Bac+5,1.8,D1503,60449,1.0,0,"Excellente présentation, compétences techniques à jour. Reprise rapide visée.",0,0,0.6051850089980914,0.2129847563462991,0.18183023465560955
PROD_01080,2026-02-02 09:51:11.823941314,19.5,Bac+2,0.5,G1302,50419,0.0,0,"Excellente présentation, compétences techniques à jour. Reprise rapide visée.",0,0,0.6998669512672832,0.16863836889391043,0.13149467983880642
PROD_01081,2026-02-02 10:34:24.668222741,21.5,Bac,4.3,G1801,53025,1.0,0,Compétences à réactualiser sur les outils numériques. Motivation correcte.,1,1,0.25517711616575794,0.598760703555547,0.1460621802786951
PROD_01082,2026-02-02 11:17:37.512504168,38.5,Bac+2,6.6,M1501,67515,0.0,0,Compétences à réactualiser sur les outils numériques. Motivation correcte.,0,0,0.6917523448871831,0.16048210230552482,0.14776555280729212
PROD_01083,2026-02-02 12:00:50.356785595,36.5,Bac+2,5.3,K2106,24388,0.0,1,Compétences à réactualiser sur les outils numériques. Motivation correcte.,1,1,0.2514279510575401,0.6121779170364021,0.13639413190605776
PROD_01084,2026-02-02 12:44:03.201067022,46.5,Bac+2,4.8,M1602,17081,1.0,0,Cumul de difficultés. Pas de moyen de transport et garde d'enfants complexe.,2,2,0.14275171721680913,0.23060398930357134,0.6266442934796195
PROD_01085,2026-02-02 13:27:16.045348449,29.5,Bac+2,0.2,K1304,78334,1.0,0,"Perte de confiance importante. Risque d'exclusion, barrière de la langue.",2,2,0.13917167595347776,0.2603656514888148,0.6004626725577074
PROD_01086,2026-02-02 14:10:28.889629877,22.5,Bac,1.2,N1101,25271,1.0,0,"Excellente présentation, compétences techniques à jour. Reprise rapide visée.",0,0,0.7069194826860328,0.16256779974564928,0.13051271756831795
PROD_01087,2026-02-02 14:53:41.733911304,57.5,Bac+5,1.7,C1201,40134,0.0,0,Projet de reconversion à affiner. Besoin d'une formation complémentaire.,1,1,0.19640059941519472,0.6373695523798367,0.16622984820496856
PROD_01088,2026-02-02 15:36:54.578192731,60.5,Bac+2,0.9,G1302,30129,1.0,0,Freins périphériques majeurs. Situation d'illettrisme numérique constatée.,1,1,0.18799390056936463,0.6438416689181585,0.16816443051247687
PROD_01089,2026-02-02 16:20:07.422474158,63.5,Bac,4.5,D1502,10409,0.0,1,"Excellente présentation, compétences techniques à jour. Reprise rapide visée.",2,2,0.2125862215137668,0.1411092393382195,0.6463045391480137
PROD_01090,2026-02-02 17:03:20.266755585,18.5,Bac+5,0.6,A1301,67028,0.0,1,Compétences à réactualiser sur les outils numériques. Motivation correcte.,1,1,0.18789394567164072,0.6592597804588837,0.15284627386947558
PROD_01091,2026-02-02 17:46:33.111037012,46.5,Bac,4.3,M1802,55584,1.0,0,"Profil autonome, recherche active, aucun frein périphérique identifié.",0,0,0.6753687699213089,0.17892692150083936,0.14570430857785174
PROD_01092,2026-02-02 18:29:45.955318439,61.5,Bac,10.1,K1403,19166,1.0,0,Problème ponctuel de mobilité géographique. Zone mal desservie.,2,2,0.19667642352265924,0.18623095531196807,0.6170926211653727
PROD_01093,2026-02-02 19:12:58.799599867,26.5,Bac,2.6,K1304,15098,1.0,0,Cumul de difficultés. Pas de moyen de transport et garde d'enfants complexe.,0,0,0.6075633106882837,0.14643804004213617,0.2459986492695801
PROD_01094,2026-02-02 19:56:11.643881294,38.5,Bac+5,0.0,G1601,79319,0.0,0,"Excellente présentation, compétences techniques à jour. Reprise rapide visée.",0,0,0.6489080401204937,0.20137468751920168,0.14971727236030458
PROD_01095,2026-02-02 20:39:24.488162721,19.5,Bac,1.2,K1304,29300,1.0,1,"Profil autonome, recherche active, aucun frein périphérique identifié.",0,0,0.6861840583633393,0.1579619446878114,0.1558539969488493
PROD_01096,2026-02-02 21:22:37.332444148,62.5,Bac,0.6,N1301,10387,1.0,0,Freins périphériques majeurs. Situation d'illettrisme numérique constatée.,1,1,0.16668276468256393,0.6366361620045294,0.19668107331290663
PROD_01097,2026-02-02 22:05:50.176725575,52.5,Bac+5,1.6,C1501,39285,1.0,0,Projet de reconversion à affiner. Besoin d'une formation complémentaire.,1,1,0.13333341448781452,0.6772613696510866,0.18940521586109882
PROD_01098,2026-02-02 22:49:03.021007002,50.5,Bac+5,2.6,H2502,42322,1.0,0,"Profil autonome, recherche active, aucun frein périphérique identifié.",0,0,0.6861563082035638,0.1465797196818227,0.16726397211461352
PROD_01099,2026-02-02 23:32:15.865288429,53.5,Sans diplôme,0.3,K2111,51027,0.0,0,"Perte de confiance importante. Risque d'exclusion, barrière de la langue.",2,2,0.19215305792614057,0.19396035549718416,0.6138865865766753
PROD_01100,2026-02-03 00:15:28.709569857,47.6,Bac,2.8,G1801,62499,1.0,0,"Profil autonome, recherche active, aucun frein périphérique identifié.",0,0,0.6030897352486391,0.19802426482017327,0.19888599993118766
PROD_01101,2026-02-03 00:58:41.553851284,41.6,Bac+2,1.1,N4101,61498,0.0,0,"Candidat très dynamique, mobilité nationale validée. Projet clair.",1,1,0.21833398234591533,0.6294855576003233,0.1521804600537613
PROD_01102,2026-02-03 01:41:54.398132711,19.6,Bac,0.3,D1503,57004,1.0,0,Problème ponctuel de mobilité géographique. Zone mal desservie.,1,1,0.18363395461152654,0.6444545591123152,0.17191148627615827
PROD_01103,2026-02-03 02:25:07.242414138,24.6,Bac+5,8.4,N4301,10308,1.0,0,Problème ponctuel de mobilité géographique. Zone mal desservie.,1,1,0.133088634241393,0.6384855052441756,0.22842586051443137
PROD_01104,2026-02-03 03:08:20.086695565,54.6,Bac+2,2.9,C1102,60054,0.0,0,Compétences à réactualiser sur les outils numériques. Motivation correcte.,1,1,0.13767654943845364,0.6760812251712455,0.1862422253903009
PROD_01105,2026-02-03 03:51:32.930976992,47.6,Bac+5,0.9,K1403,91022,1.0,1,Compétences à réactualiser sur les outils numériques. Motivation correcte.,1,1,0.14716879992489826,0.5986720695428528,0.2541591305322489
PROD_01106,2026-02-03 04:34:45.775258419,34.6,Bac,7.3,C1110,64211,0.0,0,"Excellente présentation, compétences techniques à jour. Reprise rapide visée.",0,0,0.6102878894168011,0.18014647785708368,0.2095656327261152
PROD_01107,2026-02-03 05:17:58.619539847,62.6,Bac,0.8,K1403,25421,0.0,0,Freins périphériques majeurs. Situation d'illettrisme numérique constatée.,1,1,0.13432747600962125,0.6472046900680547,0.21846783392232405
PROD_01108,2026-02-03 06:01:11.463821274,41.6,Sans diplôme,2.5,K1403,83106,0.0,0,Compétences à réactualiser sur les outils numériques. Motivation correcte.,1,1,0.160797251106421,0.6357392741379468,0.2034634747556321
PROD_01109,2026-02-03 06:44:24.308102701,25.6,Bac+2,0.6,M1806,45097,1.0,0,"Excellente présentation, compétences techniques à jour. Reprise rapide visée.",0,0,0.6805030500433565,0.12756059410814133,0.19193635584850213
PROD_01110,2026-02-03 07:27:37.152384128,22.6,Sans diplôme,1.3,M1801,70049,1.0,0,"Perte de confiance importante. Risque d'exclusion, barrière de la langue.",2,2,0.15036110923842044,0.22795213822962962,0.6216867525319498
PROD_01111,2026-02-03 08:10:49.996665555,40.6,Bac,4.7,C1110,65469,0.0,0,"Candidat très dynamique, mobilité nationale validée. Projet clair.",0,0,0.6026468440749545,0.14944121075187838,0.24791194517316711
PROD_01112,2026-02-03 08:54:02.840946982,19.6,Bac,0.6,K1201,56228,1.0,0,"Profil autonome, recherche active, aucun frein périphérique identifié.",0,0,0.6417208198299713,0.21724138197215292,0.14103779819787576
PROD_01113,2026-02-03 09:37:15.685228409,40.6,Sans diplôme,0.0,J1301,58078,1.0,0,"Candidat très dynamique, mobilité nationale validée. Projet clair.",0,0,0.6162491926676048,0.16488176487113124,0.21886904246126396
PROD_01114,2026-02-03 10:20:28.529509837,37.6,Bac+5,7.7,G1302,39021,1.0,0,"Profil autonome, recherche active, aucun frein périphérique identifié.",0,0,0.6528021697323143,0.2185815142181594,0.12861631604952628
PROD_01115,2026-02-03 11:03:41.373791264,54.6,Bac+2,3.5,G1801,25415,1.0,0,Projet de reconversion à affiner. Besoin d'une formation complémentaire.,1,1,0.1375308547756558,0.699570151473344,0.16289899375100025
PROD_01116,2026-02-03 11:46:54.218072691,31.6,Bac+2,0.0,J1506,18079,0.0,0,Cumul de difficultés. Pas de moyen de transport et garde d'enfants complexe.,2,2,0.19475145842547079,0.16298909018831176,0.6422594513862174
PROD_01117,2026-02-03 12:30:07.062354118,62.6,Bac,3.3,D1210,14027,0.0,0,Problème ponctuel de mobilité géographique. Zone mal desservie.,1,1,0.1338408389977453,0.724767978508902,0.1413911824933528
PROD_01118,2026-02-03 13:13:19.906635545,50.6,Bac,1.8,G1302,48081,0.0,0,Compétences à réactualiser sur les outils numériques. Motivation correcte.,1,1,0.16717442767611246,0.6594405648237398,0.17338500750014774
PROD_01119,2026-02-03 13:56:32.750916972,41.6,Bac,1.0,N1101,30289,1.0,0,Compétences à réactualiser sur les outils numériques. Motivation correcte.,1,1,0.13161219888121295,0.6253401760666869,0.2430476250521002
PROD_01120,2026-02-03 14:39:45.595198399,61.6,Bac,0.7,M1806,91240,0.0,0,Compétences à réactualiser sur les outils numériques. Motivation correcte.,2,2,0.22036523165878252,0.1646740380364365,0.614960730304781
PROD_01121,2026-02-03 15:22:58.439479827,61.6,Bac+2,1.6,K1201,41140,0.0,0,Freins périphériques majeurs. Situation d'illettrisme numérique constatée.,1,1,0.2172367691549098,0.6289689813547302,0.15379424949036002
PROD_01122,2026-02-03 16:06:11.283761254,29.6,Sans diplôme,8.8,N1101,61171,1.0,0,"Profil autonome, recherche active, aucun frein périphérique identifié.",0,0,0.6814308835341748,0.14224841747398384,0.17632069899184136
PROD_01123,2026-02-03 16:49:24.128042681,39.6,Sans diplôme,8.1,J1301,62768,1.0,0,Compétences à réactualiser sur les outils numériques. Motivation correcte.,2,2,0.21902005956218318,0.15497901280525903,0.6260009276325578
PROD_01124,2026-02-03 17:32:36.972324108,36.6,Sans diplôme,3.6,H1206,63041,1.0,0,Problème ponctuel de mobilité géographique. Zone mal desservie.,1,1,0.1587263985703995,0.6815671896223416,0.15970641180725886
PROD_01125,2026-02-03 18:15:49.816605535,55.6,Bac,2.2,H1206,21179,1.0,0,Projet de reconversion à affiner. Besoin d'une formation complémentaire.,1,1,0.1509914329386481,0.6867877166673826,0.16222085039396927
PROD_01126,2026-02-03 18:59:02.660886962,53.6,Bac,0.8,M1602,14674,0.0,0,"Excellente présentation, compétences techniques à jour. Reprise rapide visée.",1,1,0.18658469680788464,0.612646969754324,0.20076833343779144
PROD_01127,2026-02-03 19:42:15.505168389,46.6,Bac,0.5,G1801,90086,1.0,0,Compétences à réactualiser sur les outils numériques. Motivation correcte.,1,1,0.1542582697716561,0.6760318210526132,0.1697099091757307
PROD_01128,2026-02-03 20:25:28.349449817,54.6,Bac,0.1,A1202,63152,1.0,1,"Perte de confiance importante. Risque d'exclusion, barrière de la langue.",2,2,0.1485189122305419,0.17144470639651194,0.6800363813729462
PROD_01129,2026-02-03 21:08:41.193731244,48.6,Bac,0.7,K1403,56040,0.0,0,"Perte de confiance importante. Risque d'exclusion, barrière de la langue.",0,0,0.6154747403195637,0.13413823667527516,0.25038702300516114
PROD_01130,2026-02-03 21:51:54.038012671,62.6,Bac+2,2.1,G1801,50195,0.0,0,Projet de reconversion à affiner. Besoin d'une formation complémentaire.,1,1,0.15730559116759618,0.6733084561868719,0.1693859526455319
PROD_01131,2026-02-03 22:35:06.882294098,34.6,Sans diplôme,3.0,K1903,38275,0.0,0,Freins périphériques majeurs. Situation d'illettrisme numérique constatée.,1,1,0.1340200937158009,0.6404752551600309,0.22550465112416818
PROD_01132,2026-02-03 23:18:19.726575525,54.6,Bac,1.4,M1801,27181,1.0,0,"Perte de confiance importante. Risque d'exclusion, barrière de la langue.",2,2,0.14594877195532388,0.21019054867223663,0.6438606793724395
PROD_01133,2026-02-04 00:01:32.570856952,53.6,Bac,0.1,H1206,01031,0.0,0,"Excellente présentation, compétences techniques à jour. Reprise rapide visée.",1,1,0.23343751315195202,0.6324545050423258,0.13410798180572214
PROD_01134,2026-02-04 00:44:45.415138379,20.6,Bac+5,2.6,J1506,2B343,1.0,0,Information non renseignee,0,0,0.6432645008541039,0.20843248177785176,0.14830301736804433
PROD_01135,2026-02-04 01:27:58.259419807,47.6,Bac,0.1,C1110,23012,1.0,0,"Excellente présentation, compétences techniques à jour. Reprise rapide visée.",0,0,0.603474016605852,0.24326563110688815,0.15326035228725987
PROD_01136,2026-02-04 02:11:11.103701234,50.6,Bac,1.6,K1304,31449,1.0,0,Projet de reconversion à affiner. Besoin d'une formation complémentaire.,1,1,0.137172864391741,0.6318505181720392,0.23097661743621978
PROD_01137,2026-02-04 02:54:23.947982661,47.6,Bac+2,0.5,D1503,61423,0.0,1,Cumul de difficultés. Pas de moyen de transport et garde d'enfants complexe.,1,1,0.20101942731882225,0.6649189024313464,0.1340616702498313
PROD_01138,2026-02-04 03:37:36.792264088,59.6,Bac,0.3,M1805,43223,1.0,0,"Candidat très dynamique, mobilité nationale validée. Projet clair.",0,0,0.6612982810148489,0.17880898671933693,0.15989273226581419
PROD_01139,2026-02-04 04:20:49.636545515,53.6,Bac+5,1.3,H1504,61122,0.0,0,Projet de reconversion à affiner. Besoin d'une formation complémentaire.,1,1,0.2563055248786996,0.6015316643701261,0.14216281075117432
PROD_01140,2026-02-04 05:04:02.480826942,26.6,Sans diplôme,5.3,C1102,11033,0.0,0,Problème ponctuel de mobilité géographique. Zone mal desservie.,1,1,0.16111911757125,0.6741748540581208,0.1647060283706292
PROD_01141,2026-02-04 05:47:15.325108369,43.6,Sans diplôme,0.1,K2101,54064,0.0,0,Information non renseignee,1,1,0.18636591612360526,0.6100676826482591,0.20356640122813563
PROD_01142,2026-02-04 06:30:28.169389797,62.6,Bac,7.4,K2111,85254,1.0,0,Problème ponctuel de mobilité géographique. Zone mal desservie.,1,1,0.12798739267408363,0.7052860307124119,0.16672657661350443
PROD_01143,2026-02-04 07:13:41.013671224,52.6,Bac+5,3.3,D1210,85233,1.0,0,Problème ponctuel de mobilité géographique. Zone mal desservie.,1,1,0.15748435609495598,0.6878704974756328,0.1546451464294113
PROD_01144,2026-02-04 07:56:53.857952651,38.6,Bac+2,2.1,D1502,44176,1.0,0,"Profil autonome, recherche active, aucun frein périphérique identifié.",0,0,0.6444458052824149,0.14604417805756661,0.20951001666001848
PROD_01145,2026-02-04 08:40:06.702234078,20.6,Bac+5,3.6,M1602,57519,0.0,0,Information non renseignee,1,1,0.18056086837895524,0.6218904115007228,0.19754872012032199
PROD_01146,2026-02-04 09:23:19.546515505,29.6,Bac+5,3.1,J1506,66068,1.0,0,Problème ponctuel de mobilité géographique. Zone mal desservie.,0,0,0.6338938560695833,0.2240967563991771,0.14200938753123965
PROD_01147,2026-02-04 10:06:32.390796932,57.6,Bac,0.5,A1501,36193,1.0,0,Projet de reconversion à affiner. Besoin d'une formation complémentaire.,1,1,0.20395443685472653,0.6209360208558782,0.17510954228939524
PROD_01148,2026-02-04 10:49:45.235078359,46.6,Bac,4.6,A1203,57076,0.0,0,Compétences à réactualiser sur les outils numériques. Motivation correcte.,2,2,0.23586226868153704,0.13925995742846056,0.6248777738900024
PROD_01149,2026-02-04 11:32:58.079359787,22.6,Bac,10.0,M1501,48187,0.0,1,Problème ponctuel de mobilité géographique. Zone mal desservie.,2,2,0.20585649653737637,0.14720037299745867,0.6469431304651649
PROD_01150,2026-02-04 12:16:10.923641214,57.6,Bac+2,0.1,C1102,97113,1.0,0,"Candidat très dynamique, mobilité nationale validée. Projet clair.",1,1,0.13624110104941822,0.6913352227906928,0.17242367615988896
PROD_01151,2026-02-04 12:59:23.767922641,59.6,Sans diplôme,1.8,N4301,47086,0.0,0,"Perte de confiance importante. Risque d'exclusion, barrière de la langue.",2,2,0.1471714123377321,0.24792134583925388,0.604907241823014
PROD_01152,2026-02-04 13:42:36.612204068,21.6,Bac+5,2.5,M1805,01054,0.0,0,Cumul de difficultés. Pas de moyen de transport et garde d'enfants complexe.,0,0,0.6195480018841243,0.24678068470987768,0.13367131340599803
PROD_01153,2026-02-04 14:25:49.456485495,53.6,Bac,0.7,N4301,77085,1.0,0,Problème ponctuel de mobilité géographique. Zone mal desservie.,1,1,0.23861791984633618,0.6151686634441834,0.1462134167094804
PROD_01154,2026-02-04 15:09:02.300766922,34.6,Sans diplôme,0.5,A1301,10336,1.0,0,Problème ponctuel de mobilité géographique. Zone mal desservie.,1,1,0.17812975707890627,0.632689689965347,0.18918055295574676
PROD_01155,2026-02-04 15:52:15.145048349,59.6,Sans diplôme,1.1,M1805,16203,1.0,0,Problème ponctuel de mobilité géographique. Zone mal desservie.,1,1,0.16915579089052823,0.6143629916750332,0.2164812174344386
PROD_01156,2026-02-04 16:35:27.989329777,25.6,Bac,3.2,M1602,76079,1.0,0,"Perte de confiance importante. Risque d'exclusion, barrière de la langue.",1,1,0.17626963879119087,0.6862930947518927,0.13743726645691645
PROD_01157,2026-02-04 17:18:40.833611204,45.6,Bac+5,7.1,D1502,54208,1.0,0,"Candidat très dynamique, mobilité nationale validée. Projet clair.",0,0,0.6479455952187277,0.16160618739451765,0.1904482173867546
PROD_01158,2026-02-04 18:01:53.677892631,28.6,Sans diplôme,5.9,H1206,54289,1.0,0,Information non renseignee,0,0,0.6076778842656766,0.1362737392825062,0.2560483764518172
PROD_01159,2026-02-04 18:45:06.522174058,41.6,Sans diplôme,0.1,G1801,60540,1.0,0,Projet de reconversion à affiner. Besoin d'une formation complémentaire.,0,0,0.6104001324937873,0.2170250261543648,0.17257484135184786
PROD_01160,2026-02-04 19:28:19.366455485,32.6,Bac+5,0.9,A1401,71116,0.0,0,"Perte de confiance importante. Risque d'exclusion, barrière de la langue.",2,2,0.14232877086694043,0.1395979877278549,0.7180732414052047
PROD_01161,2026-02-04 20:11:32.210736912,24.6,Bac+5,1.2,K1304,65293,1.0,0,"Excellente présentation, compétences techniques à jour. Reprise rapide visée.",0,0,0.650977054800005,0.1755393716838199,0.1734835735161751
PROD_01162,2026-02-04 20:54:45.055018339,20.6,Bac+2,0.5,M1802,47222,1.0,1,Problème ponctuel de mobilité géographique. Zone mal desservie.,1,1,0.19777922384964627,0.6566394898913599,0.1455812862589938
PROD_01163,2026-02-04 21:37:57.899299767,29.6,Bac+5,3.1,J1506,66068,1.0,0,Problème ponctuel de mobilité géographique. Zone mal desservie.,0,0,0.6859258257248904,0.17773484944469098,0.13633932483041866
PROD_01164,2026-02-04 22:21:10.743581194,56.6,Sans diplôme,0.3,D1401,01280,1.0,0,Freins périphériques majeurs. Situation d'illettrisme numérique constatée.,2,2,0.21444428309151548,0.13261512955818597,0.6529405873502986
PROD_01165,2026-02-04 23:04:23.587862621,22.6,Sans diplôme,0.6,K2106,80814,0.0,0,Problème ponctuel de mobilité géographique. Zone mal desservie.,1,1,0.1369505843398811,0.6142945000469948,0.24875491561312413
PROD_01166,2026-02-04 23:47:36.432144048,31.6,Bac,4.1,M1806,07332,1.0,0,"Candidat très dynamique, mobilité nationale validée. Projet clair.",0,0,0.6255845758190401,0.17569313567565548,0.19872228850530438
PROD_01167,2026-02-05 00:30:49.276425475,52.6,Bac+2,3.7,M1802,25559,1.0,0,Compétences à réactualiser sur les outils numériques. Motivation correcte.,1,1,0.26337613567331475,0.6009297612672833,0.135694103059402
PROD_01168,2026-02-05 01:14:02.120706902,44.6,Bac,5.7,N4301,55005,0.0,0,Projet de reconversion à affiner. Besoin d'une formation complémentaire.,1,1,0.20730878793251323,0.6214392213749449,0.17125199069254182
PROD_01169,2026-02-05 01:57:14.964988329,61.6,Bac,4.7,G1203,54526,1.0,0,"Profil autonome, recherche active, aucun frein périphérique identifié.",0,0,0.6040142109740254,0.14761387796506503,0.24837191106090956
PROD_01170,2026-02-05 02:40:27.809269757,41.6,Bac,5.4,C1302,87190,1.0,1,"Perte de confiance importante. Risque d'exclusion, barrière de la langue.",2,2,0.21516435846538173,0.156918149543729,0.6279174919908892
PROD_01171,2026-02-05 03:23:40.653551184,32.6,Bac+2,1.3,G1602,54026,1.0,0,"Excellente présentation, compétences techniques à jour. Reprise rapide visée.",0,0,0.5970567973592289,0.20780093181075554,0.19514227083001556
PROD_01172,2026-02-05 04:06:53.497832611,54.6,Sans diplôme,2.5,W1401,79090,1.0,0,"Profil autonome, recherche active, aucun frein périphérique identifié.",2,2,0.22043634804432607,0.17868009361791304,0.6008835583377609
PROD_01173,2026-02-05 04:50:06.342114038,29.6,Bac+5,1.3,D1503,88023,1.0,0,"Profil autonome, recherche active, aucun frein périphérique identifié.",0,0,0.6530794481902675,0.1511521650738641,0.19576838673586838
PROD_01174,2026-02-05 05:33:19.186395465,55.6,Bac,8.2,G1203,59192,1.0,0,Cumul de difficultés. Pas de moyen de transport et garde d'enfants complexe.,2,2,0.19473191052877425,0.142633283142496,0.6626348063287297
PROD_01175,2026-02-05 06:16:32.030676892,53.6,Bac+2,1.6,N4301,52219,1.0,0,Freins périphériques majeurs. Situation d'illettrisme numérique constatée.,1,1,0.1966204752233276,0.636401723293164,0.16697780148350838
PROD_01176,2026-02-05 06:59:44.874958319,34.6,Bac+2,7.5,K1903,11275,0.0,0,Compétences à réactualiser sur les outils numériques. Motivation correcte.,1,1,0.16947468823260753,0.6856174138899639,0.14490789787742864
PROD_01177,2026-02-05 07:42:57.719239747,41.6,Bac,5.4,H2502,36230,1.0,0,"Candidat très dynamique, mobilité nationale validée. Projet clair.",0,0,0.6790666796117995,0.15943166360000605,0.1615016567881945
PROD_01178,2026-02-05 08:26:10.563521174,38.6,Bac,0.3,G1203,57631,1.0,0,Freins périphériques majeurs. Situation d'illettrisme numérique constatée.,2,2,0.15600553241076803,0.20703014902492384,0.6369643185643081
PROD_01179,2026-02-05 09:09:23.407802601,21.6,Bac+2,1.0,G1801,62777,0.0,1,"Perte de confiance importante. Risque d'exclusion, barrière de la langue.",1,1,0.18909668416748496,0.6021043786020722,0.20879893723044285
PROD_01180,2026-02-05 09:52:36.252084028,30.6,Bac,0.2,M1806,12099,1.0,0,"Profil autonome, recherche active, aucun frein périphérique identifié.",0,0,0.650499173302522,0.19542708833266936,0.1540737383648086
PROD_01181,2026-02-05 10:35:49.096365455,33.6,Sans diplôme,3.5,H2502,17164,1.0,0,Compétences à réactualiser sur les outils numériques. Motivation correcte.,1,1,0.1337893114506848,0.7256362987819915,0.14057438976732373
PROD_01182,2026-02-05 11:19:01.940646882,37.6,Bac+5,1.0,A1401,03253,0.0,0,Problème ponctuel de mobilité géographique. Zone mal desservie.,0,0,0.6103995787003076,0.17795679118030228,0.21164363011939014
PROD_01183,2026-02-05 12:02:14.784928309,46.6,Bac,4.3,M1802,55584,1.0,0,"Profil autonome, recherche active, aucun frein périphérique identifié.",0,0,0.632370155250994,0.14192284811914593,0.22570699662986002
PROD_01184,2026-02-05 12:45:27.629209737,56.6,Bac+5,1.6,D1406,02576,1.0,0,"Candidat très dynamique, mobilité nationale validée. Projet clair.",0,0,0.6896762199518657,0.15894160119256834,0.15138217885556599
PROD_01185,2026-02-05 13:28:40.473491164,19.6,Sans diplôme,0.1,H1206,06053,1.0,1,Cumul de difficultés. Pas de moyen de transport et garde d'enfants complexe.,2,2,0.15301281446460893,0.24346677152181967,0.6035204140135715
PROD_01186,2026-02-05 14:11:53.317772591,41.6,Bac+2,4.1,A1202,88486,1.0,0,Freins périphériques majeurs. Situation d'illettrisme numérique constatée.,1,1,0.16479952129822378,0.6691124196956533,0.1660880590061229
PROD_01187,2026-02-05 14:55:06.162054018,62.6,Bac+2,0.5,D1503,66150,1.0,0,"Perte de confiance importante. Risque d'exclusion, barrière de la langue.",2,2,0.12800407720615262,0.17155371794897914,0.7004422048448683
PROD_01188,2026-02-05 15:38:19.006335445,49.6,Sans diplôme,2.8,C1501,77277,1.0,0,Cumul de difficultés. Pas de moyen de transport et garde d'enfants complexe.,1,1,0.22724958647238033,0.5954194869880837,0.17733092653953597
PROD_01189,2026-02-05 16:21:31.850616872,41.6,Bac+2,3.0,J1506,52273,1.0,0,"Excellente présentation, compétences techniques à jour. Reprise rapide visée.",0,0,0.6510717690402892,0.15360494418632345,0.19532328677338737
PROD_01190,2026-02-05 17:04:44.694898299,57.6,Bac+5,12.0,N1303,25209,1.0,0,Problème ponctuel de mobilité géographique. Zone mal desservie.,2,2,0.1850058538427171,0.19607400664047886,0.618920139516804
PROD_01191,2026-02-05 17:47:57.539179727,52.6,Bac+5,1.4,C1201,40078,1.0,0,Compétences à réactualiser sur les outils numériques. Motivation correcte.,1,1,0.2049034472654156,0.6200247007630867,0.17507185197149766
PROD_01192,2026-02-05 18:31:10.383461154,43.6,Bac+5,0.4,M1801,21238,1.0,0,Projet de reconversion à affiner. Besoin d'une formation complémentaire.,0,0,0.5964806961687261,0.25472303216559367,0.1487962716656802
PROD_01193,2026-02-05 19:14:23.227742581,41.6,Bac+2,9.5,J1506,28407,1.0,0,"Excellente présentation, compétences techniques à jour. Reprise rapide visée.",0,0,0.6099494236473229,0.18732710483847967,0.20272347151419748
PROD_01194,2026-02-05 19:57:36.072024008,54.6,Bac,0.9,N1301,76679,0.0,0,Compétences à réactualiser sur les outils numériques. Motivation correcte.,1,1,0.22376992137065405,0.6265860169616889,0.14964406166765698
PROD_01195,2026-02-05 20:40:48.916305435,54.6,Sans diplôme,4.9,A1301,76522,1.0,1,"Perte de confiance importante. Risque d'exclusion, barrière de la langue.",2,2,0.1710108822172876,0.1340800487486307,0.6949090690340818
PROD_01196,2026-02-05 21:24:01.760586862,35.6,Bac+2,1.3,J1506,64285,0.0,0,"Profil autonome, recherche active, aucun frein périphérique identifié.",0,0,0.6671043283140311,0.18007064012143745,0.15282503156453145
PROD_01197,2026-02-05 22:07:14.604868289,42.6,Bac+2,1.4,A1202,10362,0.0,0,Compétences à réactualiser sur les outils numériques. Motivation correcte.,1,1,0.1459755186447339,0.7003452100262497,0.15367927132901638
PROD_01198,2026-02-05 22:50:27.449149717,31.6,Bac,1.5,K1403,21389,0.0,0,"Profil autonome, recherche active, aucun frein périphérique identifié.",0,0,0.6165860377807578,0.24651155898944738,0.1369024032297948
PROD_01199,2026-02-05 23:33:40.293431144,55.6,Bac,9.7,C1302,57349,1.0,0,"Candidat très dynamique, mobilité nationale validée. Projet clair.",2,2,0.24885868540329648,0.15168118113920323,0.5994601334575003
PROD_01200,2026-02-06 00:16:53.137712571,30.6,Sans diplôme,2.2,K1403,11226,1.0,0,Compétences à réactualiser sur les outils numériques. Motivation correcte.,1,1,0.13545968038067205,0.6668317051124091,0.1977086145069189
PROD_01201,2026-02-06 01:00:05.981993998,36.6,Bac+2,0.7,G1203,72196,1.0,0,"Profil autonome, recherche active, aucun frein périphérique identifié.",1,1,0.17215550739026717,0.6016410216501719,0.22620347095956095
PROD_01202,2026-02-06 01:43:18.826275425,36.6,Bac,6.8,H2502,17446,1.0,0,Problème ponctuel de mobilité géographique. Zone mal desservie.,1,1,0.22218762747741752,0.6237481249163502,0.15406424760623227
PROD_01203,2026-02-06 02:26:31.670556852,37.6,Bac,2.2,C1201,47145,1.0,0,"Profil autonome, recherche active, aucun frein périphérique identifié.",0,0,0.6245970047726567,0.14078228348005753,0.2346207117472858
PROD_01204,2026-02-06 03:09:44.514838279,60.6,Bac+2,0.9,G1302,30129,1.0,0,Freins périphériques majeurs. Situation d'illettrisme numérique constatée.,1,1,0.1614207520122193,0.6559308697415087,0.182648378246272
PROD_01205,2026-02-06 03:52:57.359119707,41.6,Bac,4.3,H1206,02181,1.0,0,"Excellente présentation, compétences techniques à jour. Reprise rapide visée.",0,0,0.7075209990692221,0.14601885225825517,0.14646014867252277
PROD_01206,2026-02-06 04:36:10.203401134,26.6,Bac,0.3,G1602,42306,1.0,1,Problème ponctuel de mobilité géographique. Zone mal desservie.,1,1,0.18163451874001832,0.6254076916709169,0.19295778958906473
PROD_01207,2026-02-06 05:19:23.047682561,63.6,Bac,8.0,C1302,56167,0.0,0,Projet de reconversion à affiner. Besoin d'une formation complémentaire.,2,2,0.1777069743876426,0.15188811973534047,0.670404905877017
PROD_01208,2026-02-06 06:02:35.891963988,43.6,Bac,4.1,A1203,61448,1.0,0,Projet de reconversion à affiner. Besoin d'une formation complémentaire.,1,1,0.14557922596225556,0.5973003395109954,0.25712043452674904
PROD_01209,2026-02-06 06:45:48.736245415,42.6,Bac,0.9,K1304,51601,0.0,0,"Candidat très dynamique, mobilité nationale validée. Projet clair.",0,0,0.6871448953872821,0.1743870422734553,0.13846806233926262
PROD_01210,2026-02-06 07:29:01.580526842,28.6,Bac,1.3,K1201,70368,1.0,0,"Profil autonome, recherche active, aucun frein périphérique identifié.",0,0,0.6011293893305842,0.16180625212248526,0.2370643585469305
PROD_01211,2026-02-06 08:12:14.424808269,18.6,Bac+5,3.1,M1203,11324,0.0,1,Projet de reconversion à affiner. Besoin d'une formation complémentaire.,1,1,0.18672458575645806,0.6717037914589956,0.14157162278454627
PROD_01212,2026-02-06 08:55:27.269089697,35.6,Sans diplôme,5.9,K1403,23022,0.0,0,Compétences à réactualiser sur les outils numériques. Motivation correcte.,0,0,0.6482487420757804,0.14520070623809564,0.20655055168612393
PROD_01213,2026-02-06 09:38:40.113371124,33.6,Bac,1.6,K1304,59243,1.0,0,"Perte de confiance importante. Risque d'exclusion, barrière de la langue.",2,2,0.19141225814803864,0.15552760294706733,0.653060138904894
PROD_01214,2026-02-06 10:21:52.957652551,50.6,Bac+2,7.5,N1301,70136,0.0,0,"Candidat très dynamique, mobilité nationale validée. Projet clair.",0,0,0.6173548066369309,0.13671733200426325,0.24592786135880587
PROD_01215,2026-02-06 11:05:05.801933978,46.6,Bac+5,1.1,A1501,70061,1.0,0,"Profil autonome, recherche active, aucun frein périphérique identifié.",0,0,0.6966773056532306,0.15688180996998233,0.14644088437678707
PROD_01216,2026-02-06 11:48:18.646215405,22.6,Bac,4.4,N1303,54312,1.0,0,"Perte de confiance importante. Risque d'exclusion, barrière de la langue.",0,0,0.7063275578605329,0.13509648829386278,0.1585759538456043
PROD_01217,2026-02-06 12:31:31.490496832,59.6,Bac,1.3,H1206,13081,0.0,0,Problème ponctuel de mobilité géographique. Zone mal desservie.,1,1,0.1532139932954481,0.6952981919308872,0.1514878147736647
PROD_01218,2026-02-06 13:14:44.334778259,62.6,Bac+2,7.6,H1504,21291,1.0,0,"Profil autonome, recherche active, aucun frein périphérique identifié.",1,1,0.1684875159811951,0.6399180008623744,0.19159448315643046
PROD_01219,2026-02-06 13:57:57.179059687,29.6,Bac,1.7,M1802,07104,1.0,0,Projet de reconversion à affiner. Besoin d'une formation complémentaire.,1,1,0.19670168844284877,0.6107446353914486,0.19255367616570263
PROD_01220,2026-02-06 14:41:10.023341114,59.6,Bac,2.9,K2111,76537,1.0,0,Cumul de difficultés. Pas de moyen de transport et garde d'enfants complexe.,1,1,0.19216024213205876,0.6654184880030483,0.142421269864893
PROD_01221,2026-02-06 15:24:22.867622541,54.6,Bac+5,4.1,K1304,10065,1.0,0,Compétences à réactualiser sur les outils numériques. Motivation correcte.,0,0,0.6362899864173233,0.15556068294670186,0.20814933063597488
PROD_01222,2026-02-06 16:07:35.711903968,37.6,Sans diplôme,5.8,C1110,67060,0.0,1,Freins périphériques majeurs. Situation d'illettrisme numérique constatée.,2,2,0.16732260716762684,0.15686132473369777,0.6758160680986754
PROD_01223,2026-02-06 16:50:48.556185395,30.6,Bac,15.8,N4301,47071,0.0,0,Problème ponctuel de mobilité géographique. Zone mal desservie.,1,1,0.15431667484198525,0.6003021795469425,0.24538114561107216
PROD_01224,2026-02-06 17:34:01.400466822,20.6,Bac+2,1.0,K2106,24222,0.0,0,Freins périphériques majeurs. Situation d'illettrisme numérique constatée.,0,0,0.6243627192166445,0.13394983381027473,0.24168744697308073
PROD_01225,2026-02-06 18:17:14.244748249,25.6,Bac,0.8,M1602,51174,0.0,1,"Profil autonome, recherche active, aucun frein périphérique identifié.",1,1,0.17671249187582563,0.6066410131726985,0.21664649495147592
PROD_01226,2026-02-06 19:00:27.089029677,36.6,Bac,2.1,D1406,63122,1.0,1,"Perte de confiance importante. Risque d'exclusion, barrière de la langue.",1,1,0.13684946743528156,0.6857224167191677,0.17742811584555074
PROD_01227,2026-02-06 19:43:39.933311104,36.6,Bac,6.8,H2502,17446,1.0,0,Problème ponctuel de mobilité géographique. Zone mal desservie.,1,1,0.17075691432011308,0.6271826094576813,0.20206047622220558
PROD_01228,2026-02-06 20:26:52.777592531,29.6,Bac,5.7,C1302,54244,1.0,0,Freins périphériques majeurs. Situation d'illettrisme numérique constatée.,0,0,0.6517662143474579,0.14882178016316053,0.19941200548938162
PROD_01229,2026-02-06 21:10:05.621873958,41.6,Bac,9.1,K1601,70275,1.0,0,Cumul de difficultés. Pas de moyen de transport et garde d'enfants complexe.,2,2,0.15739066663142232,0.2229243971212071,0.6196849362473706
PROD_01230,2026-02-06 21:53:18.466155385,18.6,Bac+2,1.7,G1602,22186,0.0,0,"Profil autonome, recherche active, aucun frein périphérique identifié.",0,0,0.630435982798688,0.19207551027070557,0.17748850693060647
PROD_01231,2026-02-06 22:36:31.310436812,28.6,Bac,1.4,D1401,41051,1.0,0,Cumul de difficultés. Pas de moyen de transport et garde d'enfants complexe.,0,0,0.6562938303515077,0.18091815835408934,0.16278801129440298
PROD_01232,2026-02-06 23:19:44.154718239,38.6,Bac,0.2,D1210,27309,0.0,0,"Candidat très dynamique, mobilité nationale validée. Projet clair.",0,0,0.6664830196646849,0.14433691513551794,0.18918006519979713
PROD_01233,2026-02-07 00:02:56.998999667,46.6,Bac,0.0,I1304,52184,0.0,0,"Profil autonome, recherche active, aucun frein périphérique identifié.",0,0,0.6686699128366284,0.19956652704773872,0.13176356011563292
PROD_01234,2026-02-07 00:46:09.843281094,49.6,Bac+5,1.5,K2101,57625,0.0,0,Information non renseignee,0,0,0.624787213212703,0.2113749959832263,0.16383779080407068
PROD_01235,2026-02-07 01:29:22.687562521,63.6,Bac,1.0,M1805,21084,1.0,0,Projet de reconversion à affiner. Besoin d'une formation complémentaire.,1,1,0.21213014346214906,0.6267279364730879,0.16114192006476302
PROD_01236,2026-02-07 02:12:35.531843948,41.6,Bac,1.5,M1607,89277,1.0,1,"Excellente présentation, compétences techniques à jour. Reprise rapide visée.",1,1,0.13817396252824451,0.7314263485734493,0.1303996888983061
PROD_01237,2026-02-07 02:55:48.376125375,47.6,Bac,3.3,C1501,59385,0.0,0,"Profil autonome, recherche active, aucun frein périphérique identifié.",2,2,0.1622927320494987,0.15549162609629594,0.6822156418542054
PROD_01238,2026-02-07 03:39:01.220406802,21.6,Bac,1.3,M1607,29292,0.0,0,Cumul de difficultés. Pas de moyen de transport et garde d'enfants complexe.,1,1,0.14222644384771327,0.7018958400199525,0.15587771613233425
PROD_01239,2026-02-07 04:22:14.064688229,52.6,Bac,4.4,G1601,22160,0.0,0,Freins périphériques majeurs. Situation d'illettrisme numérique constatée.,2,2,0.16365302459277253,0.18792473768538254,0.6484222377218449
PROD_01240,2026-02-07 05:05:26.908969657,47.6,Sans diplôme,0.4,K2106,44162,0.0,0,Freins périphériques majeurs. Situation d'illettrisme numérique constatée.,2,2,0.13342336076617642,0.23948218420747233,0.6270944550263512
PROD_01241,2026-02-07 05:48:39.753251084,42.6,Bac,3.0,M1203,36168,1.0,0,"Profil autonome, recherche active, aucun frein périphérique identifié.",0,0,0.6620400877272343,0.18831016762812403,0.14964974464464165
PROD_01242,2026-02-07 06:31:52.597532511,42.6,Bac,0.9,K1304,51601,0.0,0,"Candidat très dynamique, mobilité nationale validée. Projet clair.",0,0,0.7289834318847043,0.13439131009373298,0.13662525802156275
PROD_01243,2026-02-07 07:15:05.441813938,25.6,Bac+2,0.2,G1203,10140,1.0,0,Projet de reconversion à affiner. Besoin d'une formation complémentaire.,1,1,0.14585320446742978,0.6745300744683441,0.1796167210642261
PROD_01244,2026-02-07 07:58:18.286095365,59.6,Bac,2.4,M1705,54032,1.0,0,Freins périphériques majeurs. Situation d'illettrisme numérique constatée.,1,1,0.22701810915825268,0.6287130330222207,0.14426885781952659
PROD_01245,2026-02-07 08:41:31.130376792,52.6,Bac,0.8,N1101,57293,1.0,0,Information non renseignee,1,1,0.2059211875153117,0.6164089897643596,0.1776698227203286
PROD_01246,2026-02-07 09:24:43.974658219,42.6,Bac+5,1.2,I1304,21474,1.0,0,Freins périphériques majeurs. Situation d'illettrisme numérique constatée.,0,0,0.6589631528152423,0.2119634018612067,0.12907344532355097
PROD_01247,2026-02-07 10:07:56.818939647,41.6,Bac,3.4,I1304,50370,0.0,0,"Candidat très dynamique, mobilité nationale validée. Projet clair.",0,0,0.647798223627065,0.22096820936614447,0.13123356700679056
PROD_01248,2026-02-07 10:51:09.663221074,42.6,Bac+2,7.4,K1304,55493,1.0,0,"Excellente présentation, compétences techniques à jour. Reprise rapide visée.",0,0,0.6636765437820841,0.1466264241116043,0.18969703210631164
PROD_01249,2026-02-07 11:34:22.507502501,46.6,Bac+2,3.3,N4101,95042,0.0,0,"Perte de confiance importante. Risque d'exclusion, barrière de la langue.",2,2,0.24144817312223604,0.13826621389078436,0.6202856129869796
PROD_01250,2026-02-07 12:17:35.351783928,55.6,Bac+2,4.3,N1301,89119,1.0,0,"Perte de confiance importante. Risque d'exclusion, barrière de la langue.",1,1,0.23526247149797722,0.622309285961983,0.14242824254003983
PROD_01251,2026-02-07 13:00:48.196065355,50.6,Sans diplôme,0.5,H2502,21196,1.0,0,"Profil autonome, recherche active, aucun frein périphérique identifié.",0,0,0.6614975981411853,0.15945248247623356,0.1790499193825812
PROD_01252,2026-02-07 13:44:01.040346782,50.6,Bac+2,7.4,N1301,70136,0.0,0,"Candidat très dynamique, mobilité nationale validée. Projet clair.",0,0,0.6243788457504961,0.13177970957255133,0.2438414446769526
PROD_01253,2026-02-07 14:27:13.884628209,54.6,Bac+2,2.3,F1603,51316,1.0,0,Projet de reconversion à affiner. Besoin d'une formation complémentaire.,1,1,0.1873518901631097,0.6268708806563832,0.1857772291805071
PROD_01254,2026-02-07 15:10:26.728909637,59.6,Bac,2.9,K2111,76537,1.0,0,Cumul de difficultés. Pas de moyen de transport et garde d'enfants complexe.,1,1,0.1541402706418929,0.6466340706983427,0.1992256586597645
PROD_01255,2026-02-07 15:53:39.573191064,49.6,Sans diplôme,1.4,C1302,61387,0.0,0,"Perte de confiance importante. Risque d'exclusion, barrière de la langue.",2,2,0.1330323761122047,0.2659507674382551,0.6010168564495402
PROD_01256,2026-02-07 16:36:52.417472491,53.6,Bac,7.0,A1501,97116,1.0,0,"Excellente présentation, compétences techniques à jour. Reprise rapide visée.",0,0,0.6016393815967178,0.2467232352820876,0.1516373831211946
PROD_01257,2026-02-07 17:20:05.261753918,29.6,Bac+2,2.6,M1607,71386,1.0,0,Compétences à réactualiser sur les outils numériques. Motivation correcte.,1,1,0.24176174008748297,0.6039016538049572,0.15433660610755984
PROD_01258,2026-02-07 18:03:18.106035345,52.6,Bac,3.7,H1206,71015,1.0,0,Problème ponctuel de mobilité géographique. Zone mal desservie.,1,1,0.15048252577203935,0.6170609279247081,0.23245654630325252
PROD_01259,2026-02-07 18:46:30.950316772,50.6,Bac+2,0.1,A1301,30270,1.0,0,Compétences à réactualiser sur les outils numériques. Motivation correcte.,1,1,0.17402057444693717,0.6816276368695944,0.14435178868346843
PROD_01260,2026-02-07 19:29:43.794598199,28.6,Sans diplôme,0.7,D1502,64519,0.0,0,Compétences à réactualiser sur les outils numériques. Motivation correcte.,1,1,0.26071627296831906,0.6035826173663698,0.13570110966531124
PROD_01261,2026-02-07 20:12:56.638879627,22.6,Bac+5,9.0,G1602,60412,1.0,0,Compétences à réactualiser sur les outils numériques. Motivation correcte.,1,1,0.1410642073425497,0.6648066330034178,0.19412915965403255
PROD_01262,2026-02-07 20:56:09.483161054,53.6,Sans diplôme,2.0,M1602,01017,1.0,0,"Perte de confiance importante. Risque d'exclusion, barrière de la langue.",2,2,0.15082290607703766,0.2179344066330921,0.6312426872898702
PROD_01263,2026-02-07 21:39:22.327442481,33.6,Bac,1.4,M1501,62849,0.0,0,Problème ponctuel de mobilité géographique. Zone mal desservie.,1,1,0.17543542428146794,0.6595627946243441,0.16500178109418795
PROD_01264,2026-02-07 22:22:35.171723908,30.6,Bac+2,0.1,A1202,97126,1.0,0,Cumul de difficultés. Pas de moyen de transport et garde d'enfants complexe.,2,2,0.2068101362193057,0.1842761344574682,0.6089137293232261
PROD_01265,2026-02-07 23:05:48.016005335,26.6,Bac,1.7,C1201,76455,1.0,0,"Profil autonome, recherche active, aucun frein périphérique identifié.",0,0,0.6504548717925084,0.1556522592151006,0.19389286899239103
PROD_01266,2026-02-07 23:49:00.860286762,32.6,Bac,2.3,C1110,08063,1.0,0,"Excellente présentation, compétences techniques à jour. Reprise rapide visée.",0,0,0.6087236976364906,0.19728485297621176,0.19399144938729765
PROD_01267,2026-02-08 00:32:13.704568189,37.6,Bac,7.1,C1102,08185,0.0,0,"Excellente présentation, compétences techniques à jour. Reprise rapide visée.",0,0,0.6703316850653213,0.19536627573421633,0.1343020392004624
PROD_01268,2026-02-08 01:15:26.548849617,52.6,Bac,1.5,K1601,65351,0.0,1,Projet de reconversion à affiner. Besoin d'une formation complémentaire.,2,2,0.13083515903543555,0.20775928467418703,0.6614055562903774
PROD_01269,2026-02-08 01:58:39.393131044,39.6,Bac+2,0.6,A1401,09261,1.0,0,Cumul de difficultés. Pas de moyen de transport et garde d'enfants complexe.,0,0,0.6565788768163692,0.16703931508514136,0.17638180809848947
PROD_01270,2026-02-08 02:41:52.237412471,20.6,Bac+2,1.6,M1607,38050,1.0,1,"Perte de confiance importante. Risque d'exclusion, barrière de la langue.",2,2,0.19655447705830917,0.18321186469865802,0.6202336582430328
PROD_01271,2026-02-08 03:25:05.081693898,50.6,Bac,2.5,G1302,62313,0.0,0,Compétences à réactualiser sur les outils numériques. Motivation correcte.,2,2,0.1586663527335533,0.14164824247813254,0.6996854047883141
PROD_01272,2026-02-08 04:08:17.925975325,62.6,Bac,7.3,K2111,85254,1.0,0,Problème ponctuel de mobilité géographique. Zone mal desservie.,1,1,0.13391374910732365,0.6116286601724303,0.254457590720246
PROD_01273,2026-02-08 04:51:30.770256752,46.6,Bac+2,3.4,M1801,61386,0.0,0,Projet de reconversion à affiner. Besoin d'une formation complémentaire.,1,1,0.2309164024239033,0.6250263790788273,0.14405721849726938
PROD_01274,2026-02-08 05:34:43.614538179,58.6,Sans diplôme,0.6,K2101,45051,1.0,0,"Perte de confiance importante. Risque d'exclusion, barrière de la langue.",2,2,0.2654446058236697,0.1334088598684705,0.6011465343078598
PROD_01275,2026-02-08 06:17:56.458819607,35.6,Bac+2,1.3,J1506,64285,1.0,0,"Profil autonome, recherche active, aucun frein périphérique identifié.",0,0,0.6101422083943603,0.19635746506664314,0.19350032653899657
PROD_01276,2026-02-08 07:01:09.303101034,63.6,Bac,3.7,I1304,02633,1.0,0,Problème ponctuel de mobilité géographique. Zone mal desservie.,1,1,0.16810666936671168,0.6346433032362819,0.19725002739700637
PROD_01277,2026-02-08 07:44:22.147382461,31.6,Bac+2,0.4,A1401,57093,0.0,0,Projet de reconversion à affiner. Besoin d'une formation complémentaire.,1,1,0.18946723485472636,0.6327599627615197,0.17777280238375393
PROD_01278,2026-02-08 08:27:34.991663888,47.6,Bac,4.8,G1601,89049,1.0,0,"Candidat très dynamique, mobilité nationale validée. Projet clair.",0,0,0.6616416489614866,0.20214679938845062,0.1362115516500628
PROD_01279,2026-02-08 09:10:47.835945315,46.6,Bac,1.3,A1202,34225,1.0,0,Compétences à réactualiser sur les outils numériques. Motivation correcte.,1,1,0.15940941270949036,0.599247977934238,0.2413426093562716
PROD_01280,2026-02-08 09:54:00.680226742,24.6,Bac,5.5,K2101,11418,0.0,0,"Perte de confiance importante. Risque d'exclusion, barrière de la langue.",1,1,0.15264842051295618,0.6227306927147632,0.22462088677228065
PROD_01281,2026-02-08 10:37:13.524508169,37.6,Bac,0.2,M1203,41116,1.0,1,Compétences à réactualiser sur les outils numériques. Motivation correcte.,1,1,0.2017618770653574,0.6319389589186034,0.16629916401603917
PROD_01282,2026-02-08 11:20:26.368789597,32.6,Bac,1.5,D1401,81016,1.0,0,"Candidat très dynamique, mobilité nationale validée. Projet clair.",0,0,0.6501532142992992,0.21410835494881433,0.1357384307518865
PROD_01283,2026-02-08 12:03:39.213071024,23.6,Bac+5,1.8,K1403,80390,0.0,0,Cumul de difficultés. Pas de moyen de transport et garde d'enfants complexe.,0,0,0.6377199475543159,0.14879417924738342,0.21348587319830065
PROD_01284,2026-02-08 12:46:52.057352451,29.6,Sans diplôme,3.0,M1607,72373,1.0,0,Cumul de difficultés. Pas de moyen de transport et garde d'enfants complexe.,2,2,0.12906921057385753,0.206198657847254,0.6647321315788884
PROD_01285,2026-02-08 13:30:04.901633878,44.6,Bac+5,0.7,K1403,07007,0.0,0,"Candidat très dynamique, mobilité nationale validée. Projet clair.",0,0,0.6629966905260556,0.15338962273994178,0.18361368673400263
PROD_01286,2026-02-08 14:13:17.745915305,53.6,Bac+5,3.8,M1602,86279,1.0,0,"Profil autonome, recherche active, aucun frein périphérique identifié.",1,1,0.20967689254246943,0.6125819047663701,0.17774120269116045
PROD_01287,2026-02-08 14:56:30.590196732,35.6,Sans diplôme,2.3,K2111,71528,1.0,1,Compétences à réactualiser sur les outils numériques. Motivation correcte.,2,2,0.22204461375135426,0.1625502332287389,0.6154051530199067
PROD_01288,2026-02-08 15:39:43.434478159,59.6,Bac+5,1.0,M1501,71137,0.0,1,Cumul de difficultés. Pas de moyen de transport et garde d'enfants complexe.,2,2,0.2514922892825187,0.13692201016179,0.6115857005556913
PROD_01289,2026-02-08 16:22:56.278759587,21.6,Bac,1.0,K1201,51296,1.0,0,"Profil autonome, recherche active, aucun frein périphérique identifié.",0,0,0.6191453599419977,0.13746969277480234,0.24338494728319995
PROD_01290,2026-02-08 17:06:09.123041014,60.6,Bac+2,3.0,D1503,76613,0.0,0,Freins périphériques majeurs. Situation d'illettrisme numérique constatée.,1,1,0.13998783484090557,0.639895772239279,0.22011639291981544
PROD_01291,2026-02-08 17:49:21.967322441,40.6,Bac+2,3.4,I1304,31419,0.0,0,"Profil autonome, recherche active, aucun frein périphérique identifié.",0,0,0.717579169580851,0.15037760205894973,0.13204322836019927
PROD_01292,2026-02-08 18:32:34.811603868,29.6,Sans diplôme,11.0,G1601,80827,1.0,0,Freins périphériques majeurs. Situation d'illettrisme numérique constatée.,2,2,0.22741850328690394,0.1513345631933976,0.6212469335196984
PROD_01293,2026-02-08 19:15:47.655885295,41.6,Bac,1.4,M1607,89277,1.0,1,"Excellente présentation, compétences techniques à jour. Reprise rapide visée.",1,1,0.2090831631497717,0.647716110118936,0.14320072673129225
PROD_01294,2026-02-08 19:59:00.500166722,55.6,Bac+5,3.4,J1301,52290,0.0,1,Compétences à réactualiser sur les outils numériques. Motivation correcte.,1,1,0.26715918326054244,0.6004236212146344,0.13241719552482312
PROD_01295,2026-02-08 20:42:13.344448149,31.6,Bac,0.5,K2111,25249,0.0,0,"Candidat très dynamique, mobilité nationale validée. Projet clair.",0,0,0.5970563987271768,0.14778787766148777,0.2551557236113355
PROD_01296,2026-02-08 21:25:26.188729577,58.6,Bac+2,0.5,G1203,11434,0.0,0,Compétences à réactualiser sur les outils numériques. Motivation correcte.,1,1,0.2132307163302469,0.5959761617828729,0.19079312188688013
PROD_01297,2026-02-08 22:08:39.033011004,41.6,Bac,0.8,G1602,69100,0.0,0,"Profil autonome, recherche active, aucun frein périphérique identifié.",0,0,0.6691597646990675,0.17224320174014202,0.15859703356079052
PROD_01298,2026-02-08 22:51:51.877292431,57.6,Bac,3.0,M1805,34242,1.0,0,Problème ponctuel de mobilité géographique. Zone mal desservie.,1,1,0.16003696725543673,0.7008463140125301,0.13911671873203324
PROD_01299,2026-02-08 23:35:04.721573858,31.6,Bac+2,3.2,M1501,11272,1.0,0,Cumul de difficultés. Pas de moyen de transport et garde d'enfants complexe.,1,1,0.18579935819767143,0.5952237063143926,0.21897693548793595
PROD_01300,2026-02-09 00:18:17.565855285,54.7,Bac,1.9,I1304,61159,0.0,0,Compétences à réactualiser sur les outils numériques. Motivation correcte.,0,0,0.6677993353747772,0.18480886245189684,0.14739180217332595
PROD_01301,2026-02-09 01:01:30.410136712,28.7,Bac+2,9.8,A1202,70536,0.0,0,"Perte de confiance importante. Risque d'exclusion, barrière de la langue.",2,2,0.16786045726933568,0.204223288375506,0.6279162543551584
PROD_01302,2026-02-09 01:44:43.254418139,25.7,Bac+2,4.2,W1401,21631,1.0,1,"Excellente présentation, compétences techniques à jour. Reprise rapide visée.",0,0,0.5963608382044387,0.23415671153524473,0.16948245026031653
PROD_01303,2026-02-09 02:27:56.098699567,24.7,Bac,1.4,G1801,58174,0.0,0,Compétences à réactualiser sur les outils numériques. Motivation correcte.,1,1,0.1295319680416134,0.7379818530821044,0.13248617887628222
PROD_01304,2026-02-09 03:11:08.942980994,46.7,Bac+5,0.1,D1502,17442,1.0,0,"Candidat très dynamique, mobilité nationale validée. Projet clair.",0,0,0.7095819697411295,0.1597010386216205,0.13071699163724998
PROD_01305,2026-02-09 03:54:21.787262421,43.7,Bac+2,3.3,G1302,02717,1.0,0,"Profil autonome, recherche active, aucun frein périphérique identifié.",1,1,0.22984383041249268,0.608159741669442,0.16199642791806534
PROD_01306,2026-02-09 04:37:34.631543848,20.7,Bac,0.3,G1602,07138,1.0,0,Cumul de difficultés. Pas de moyen de transport et garde d'enfants complexe.,1,1,0.2500572812330635,0.6133345886222832,0.13660813014465334
PROD_01307,2026-02-09 05:20:47.475825275,63.7,Sans diplôme,1.3,N1303,55330,0.0,0,"Perte de confiance importante. Risque d'exclusion, barrière de la langue.",2,2,0.22289423457002516,0.14940269349509328,0.6277030719348816
PROD_01308,2026-02-09 06:04:00.320106702,57.7,Bac,3.6,D1406,86098,0.0,0,"Perte de confiance importante. Risque d'exclusion, barrière de la langue.",2,2,0.203414956636973,0.14841661378048113,0.648168429582546
PROD_01309,2026-02-09 06:47:13.164388129,51.7,Bac,6.4,J1301,47228,1.0,0,Problème ponctuel de mobilité géographique. Zone mal desservie.,1,1,0.22693118687162805,0.6376431347464737,0.13542567838189823
PROD_01310,2026-02-09 07:30:26.008669557,58.7,Bac+2,1.0,G1801,66101,0.0,0,Information non renseignee,2,2,0.15448454840878606,0.23293418216574405,0.61258126942547
PROD_01311,2026-02-09 08:13:38.852950984,55.7,Bac+5,4.1,A1301,62760,1.0,0,"Candidat très dynamique, mobilité nationale validée. Projet clair.",0,0,0.6232058454335279,0.24046612301569006,0.13632803155078208
PROD_01312,2026-02-09 08:56:51.697232411,42.7,Bac+2,5.3,F1603,17100,0.0,0,Problème ponctuel de mobilité géographique. Zone mal desservie.,1,1,0.16780062841684934,0.697569302937507,0.13463006864564364
PROD_01313,2026-02-09 09:40:04.541513838,32.7,Bac+2,2.2,K2106,19280,0.0,1,Freins périphériques majeurs. Situation d'illettrisme numérique constatée.,1,1,0.21255274038861116,0.6487573504248805,0.13868990918650836
PROD_01314,2026-02-09 10:23:17.385795265,28.7,Bac+2,0.3,G1602,80622,0.0,0,"Candidat très dynamique, mobilité nationale validée. Projet clair.",0,0,0.655192096467401,0.18612218277345755,0.1586857207591415
PROD_01315,2026-02-09 11:06:30.230076692,49.7,Bac,6.6,H2502,16217,1.0,0,Freins périphériques majeurs. Situation d'illettrisme numérique constatée.,0,0,0.6931631922551259,0.15313225454727536,0.15370455319759874
PROD_01316,2026-02-09 11:49:43.074358119,41.7,Bac,5.6,H2502,38018,1.0,0,"Profil autonome, recherche active, aucun frein périphérique identifié.",0,0,0.6228074111073969,0.18445273767311682,0.19273985121948628
PROD_01317,2026-02-09 12:32:55.918639547,30.7,Sans diplôme,0.5,D1503,51596,0.0,0,Freins périphériques majeurs. Situation d'illettrisme numérique constatée.,2,2,0.1584988819368106,0.18623280403075654,0.6552683140324329
PROD_01318,2026-02-09 13:16:08.762920974,57.7,Bac+5,1.4,I1304,57311,0.0,0,Freins périphériques majeurs. Situation d'illettrisme numérique constatée.,2,2,0.17640527400056258,0.21746981134965676,0.6061249146497807
PROD_01319,2026-02-09 13:59:21.607202401,28.7,Bac,11.2,D1210,54335,0.0,0,Problème ponctuel de mobilité géographique. Zone mal desservie.,1,1,0.20607435349784275,0.6281699843714933,0.16575566213066395
PROD_01320,2026-02-09 14:42:34.451483828,35.7,Bac+2,2.3,C1302,58265,1.0,0,Freins périphériques majeurs. Situation d'illettrisme numérique constatée.,0,0,0.6843040577482569,0.1807927169620448,0.13490322528969834
PROD_01321,2026-02-09 15:25:47.295765255,26.7,Bac,1.3,A1501,46262,0.0,0,"Candidat très dynamique, mobilité nationale validée. Projet clair.",0,0,0.6324666256722505,0.14595250322945408,0.22158087109829538
PROD_01322,2026-02-09 16:09:00.140046682,42.7,Bac+2,5.0,D1406,24277,0.0,0,Compétences à réactualiser sur les outils numériques. Motivation correcte.,0,0,0.6423652323089054,0.21539344633836,0.1422413213527346
PROD_01323,2026-02-09 16:52:12.984328109,41.7,Sans diplôme,4.8,G1302,53211,1.0,0,Projet de reconversion à affiner. Besoin d'une formation complémentaire.,1,1,0.15811265560712215,0.630425286021394,0.2114620583714838
PROD_01324,2026-02-09 17:35:25.828609537,52.7,Bac+5,1.4,K2106,17397,1.0,0,Freins périphériques majeurs. Situation d'illettrisme numérique constatée.,2,2,0.17288075847189457,0.189742362292127,0.6373768792359784
PROD_01325,2026-02-09 18:18:38.672890964,53.7,Bac+5,2.6,N1101,95348,1.0,0,"Candidat très dynamique, mobilité nationale validée. Projet clair.",0,0,0.6702323177166926,0.14992552520631136,0.17984215707699608
PROD_01326,2026-02-09 19:01:51.517172391,63.7,Bac+5,1.2,J1301,61445,1.0,0,Problème ponctuel de mobilité géographique. Zone mal desservie.,0,0,0.613442460104293,0.22772425223698897,0.158833287658718
PROD_01327,2026-02-09 19:45:04.361453818,49.7,Sans diplôme,1.4,C1302,61387,0.0,0,"Perte de confiance importante. Risque d'exclusion, barrière de la langue.",2,2,0.18224682212433765,0.15172881869546923,0.6660243591801931
PROD_01328,2026-02-09 20:28:17.205735245,24.7,Bac,3.9,K2111,58207,1.0,0,"Excellente présentation, compétences techniques à jour. Reprise rapide visée.",0,0,0.6169320745915742,0.218584232079824,0.16448369332860183
PROD_01329,2026-02-09 21:11:30.050016672,43.7,Bac+2,2.4,K1903,19043,0.0,0,Projet de reconversion à affiner. Besoin d'une formation complémentaire.,1,1,0.21827340698416764,0.6006340390232652,0.18109255399256718
PROD_01330,2026-02-09 21:54:42.894298099,39.7,Bac+5,1.6,C1501,23224,0.0,0,"Candidat très dynamique, mobilité nationale validée. Projet clair.",0,0,0.6997015484679191,0.13532444898246748,0.16497400254961342
PROD_01331,2026-02-09 22:37:55.738579527,25.7,Sans diplôme,1.6,G1302,22068,1.0,0,Problème ponctuel de mobilité géographique. Zone mal desservie.,1,1,0.2636190628425459,0.6063248883665563,0.13005604879089783
PROD_01332,2026-02-09 23:21:08.582860954,27.7,Bac,1.2,W1401,18040,0.0,0,Compétences à réactualiser sur les outils numériques. Motivation correcte.,1,1,0.1706541074658383,0.6064857096576003,0.2228601828765614
PROD_01333,2026-02-10 00:04:21.427142381,40.7,Bac,11.6,K1201,72144,1.0,0,Problème ponctuel de mobilité géographique. Zone mal desservie.,1,1,0.22670321567411797,0.6184174274929524,0.15487935683292964
PROD_01334,2026-02-10 00:47:34.271423808,34.7,Bac+5,1.3,C1501,45042,1.0,1,Cumul de difficultés. Pas de moyen de transport et garde d'enfants complexe.,2,2,0.13673799859665994,0.22599169076465822,0.6372703106386819
PROD_01335,2026-02-10 01:30:47.115705235,38.7,Bac,1.8,N4101,09009,1.0,0,Freins périphériques majeurs. Situation d'illettrisme numérique constatée.,0,0,0.6995664969123438,0.13846863132631979,0.16196487176133637
PROD_01336,2026-02-10 02:13:59.959986662,57.7,Sans diplôme,0.1,C1102,35125,1.0,0,"Profil autonome, recherche active, aucun frein périphérique identifié.",2,2,0.14468785094199466,0.21829499369737257,0.6370171553606327
PROD_01337,2026-02-10 02:57:12.804268089,63.7,Bac,3.8,J1506,08110,0.0,0,"Candidat très dynamique, mobilité nationale validée. Projet clair.",0,0,0.61529850305767,0.23116503134513622,0.1535364655971938
PROD_01338,2026-02-10 03:40:25.648549517,55.7,Bac+5,4.5,A1203,18176,1.0,0,Compétences à réactualiser sur les outils numériques. Motivation correcte.,1,1,0.13447863625303674,0.7231329257386739,0.14238843800828926
PROD_01339,2026-02-10 04:23:38.492830944,42.7,Bac+2,1.8,G1601,45173,1.0,0,Problème ponctuel de mobilité géographique. Zone mal desservie.,0,0,0.6427551543396038,0.14248553885291662,0.21475930680747954
PROD_01340,2026-02-10 05:06:51.337112371,38.7,Bac,3.5,M1805,56043,1.0,0,"Profil autonome, recherche active, aucun frein périphérique identifié.",0,0,0.6036053228431074,0.18074986780237542,0.21564480935451716
PROD_01341,2026-02-10 05:50:04.181393798,38.7,Bac+2,2.5,H1206,68044,1.0,0,"Candidat très dynamique, mobilité nationale validée. Projet clair.",1,1,0.17533325206830497,0.6399118283277702,0.18475491960392487
PROD_01342,2026-02-10 06:33:17.025675225,38.7,Sans diplôme,0.0,D1210,67348,1.0,0,Problème ponctuel de mobilité géographique. Zone mal desservie.,1,1,0.13641454907128966,0.7024450102702182,0.1611404406584921
PROD_01343,2026-02-10 07:16:29.869956652,52.7,Bac,4.1,H2502,58085,1.0,0,Compétences à réactualiser sur les outils numériques. Motivation correcte.,1,1,0.15947785890266541,0.6193475780919349,0.22117456300539973
PROD_01344,2026-02-10 07:59:42.714238079,27.7,Bac+2,2.1,N4301,21629,1.0,0,Freins périphériques majeurs. Situation d'illettrisme numérique constatée.,2,2,0.14687087082210007,0.14981491635127792,0.7033142128266221
PROD_01345,2026-02-10 08:42:55.558519507,22.7,Bac,0.4,M1203,55051,1.0,0,"Excellente présentation, compétences techniques à jour. Reprise rapide visée.",1,1,0.14742627517427698,0.6818675355691419,0.1707061892565811
PROD_01346,2026-02-10 09:26:08.402800934,23.7,Bac+2,4.0,A1401,72048,1.0,0,Compétences à réactualiser sur les outils numériques. Motivation correcte.,1,1,0.17750970502246516,0.6185046538997636,0.20398564107777117
PROD_01347,2026-02-10 10:09:21.247082361,63.7,Bac+2,3.0,A1401,85266,1.0,0,Compétences à réactualiser sur les outils numériques. Motivation correcte.,1,1,0.13656104479112371,0.7168886067281418,0.14655034848073445
PROD_01348,2026-02-10 10:52:34.091363788,23.7,Bac,0.8,D1503,10059,1.0,0,"Profil autonome, recherche active, aucun frein périphérique identifié.",1,1,0.18861944336645586,0.6232929820344972,0.1880875745990469
PROD_01349,2026-02-10 11:35:46.935645215,47.7,Bac,2.9,M1203,11021,1.0,0,"Perte de confiance importante. Risque d'exclusion, barrière de la langue.",2,2,0.20301744427587023,0.15206846864340634,0.6449140870807235
PROD_01350,2026-02-10 12:18:59.779926642,32.7,Bac,0.6,A1401,71248,1.0,0,Cumul de difficultés. Pas de moyen de transport et garde d'enfants complexe.,1,1,0.1535501238568539,0.7012648315879143,0.14518504455523173
PROD_01351,2026-02-10 13:02:12.624208069,41.7,Bac,0.5,N1101,15146,1.0,0,Compétences à réactualiser sur les outils numériques. Motivation correcte.,0,0,0.6536222068187845,0.2186253741408632,0.12775241904035234
PROD_01352,2026-02-10 13:45:25.468489497,21.7,Bac,3.2,G1801,39126,1.0,0,"Perte de confiance importante. Risque d'exclusion, barrière de la langue.",1,1,0.1662869803516537,0.6289318548903196,0.20478116475802677
PROD_01353,2026-02-10 14:28:38.312770924,38.7,Bac+5,3.2,I1304,60146,0.0,0,Compétences à réactualiser sur les outils numériques. Motivation correcte.,0,0,0.6184847600141375,0.20256127791148312,0.17895396207437933
PROD_01354,2026-02-10 15:11:51.157052351,34.7,Bac,0.5,M1607,88500,1.0,1,"Candidat très dynamique, mobilité nationale validée. Projet clair.",2,2,0.1970327903439742,0.15032514495791652,0.6526420646981094
PROD_01355,2026-02-10 15:55:04.001333778,31.7,Sans diplôme,0.5,K1601,27453,1.0,0,Projet de reconversion à affiner. Besoin d'une formation complémentaire.,1,1,0.13433341240251895,0.7310060232703299,0.13466056432715112
PROD_01356,2026-02-10 16:38:16.845615205,41.7,Bac+2,4.2,M1805,38483,1.0,0,Problème ponctuel de mobilité géographique. Zone mal desservie.,1,1,0.15899513144855426,0.6791784741527094,0.16182639439873636
PROD_01357,2026-02-10 17:21:29.689896632,54.7,Bac+5,4.2,A1401,17137,1.0,0,Problème ponctuel de mobilité géographique. Zone mal desservie.,1,1,0.16175330751552722,0.6977722361336934,0.14047445635077938
PROD_01358,2026-02-10 18:04:42.534178059,41.7,Bac+2,1.0,M1802,01374,1.0,0,"Excellente présentation, compétences techniques à jour. Reprise rapide visée.",0,0,0.6035451303730193,0.1588702976298863,0.23758457199709443
PROD_01359,2026-02-10 18:47:55.378459487,23.7,Bac+5,0.1,H2502,21043,1.0,1,"Excellente présentation, compétences techniques à jour. Reprise rapide visée.",1,1,0.20824967085053991,0.6488719162757156,0.14287841287374448
PROD_01360,2026-02-10 19:31:08.222740914,50.7,Bac+5,5.8,G1601,45316,1.0,0,"Candidat très dynamique, mobilité nationale validée. Projet clair.",0,0,0.6472782137790161,0.18305312295447024,0.1696686632665137
PROD_01361,2026-02-10 20:14:21.067022341,37.7,Bac+2,1.9,M1806,50251,1.0,0,"Candidat très dynamique, mobilité nationale validée. Projet clair.",0,0,0.6658440675733014,0.19984502133081183,0.13431091109588678
PROD_01362,2026-02-10 20:57:33.911303768,56.7,Bac+5,2.7,C1110,14534,1.0,0,Freins périphériques majeurs. Situation d'illettrisme numérique constatée.,2,2,0.16492518730201,0.2207071640214567,0.6143676486765333
PROD_01363,2026-02-10 21:40:46.755585195,48.7,Bac+2,3.3,H1206,81164,1.0,0,Compétences à réactualiser sur les outils numériques. Motivation correcte.,1,1,0.13448952214832155,0.6427239823353351,0.22278649551634333
PROD_01364,2026-02-10 22:23:59.599866622,51.7,Bac+2,0.2,K1601,04197,1.0,0,"Candidat très dynamique, mobilité nationale validée. Projet clair.",1,1,0.13426341114649454,0.6209239287612199,0.24481266009228553
PROD_01365,2026-02-10 23:07:12.444148049,31.7,Bac,2.4,H1504,50059,0.0,1,"Excellente présentation, compétences techniques à jour. Reprise rapide visée.",0,0,0.685949702859638,0.1593323934967512,0.15471790364361082
PROD_01366,2026-02-10 23:50:25.288429477,51.7,Bac,5.6,D1401,88482,1.0,1,Freins périphériques majeurs. Situation d'illettrisme numérique constatée.,2,2,0.2218549217601926,0.1722502832412371,0.6058947949985702
PROD_01367,2026-02-11 00:33:38.132710904,41.7,Bac+5,2.0,K2101,02389,1.0,0,Problème ponctuel de mobilité géographique. Zone mal desservie.,1,1,0.22114496525560287,0.6388835225653899,0.13997151217900716
PROD_01368,2026-02-11 01:16:50.976992331,19.7,Sans diplôme,1.5,A1301,10424,0.0,0,Compétences à réactualiser sur les outils numériques. Motivation correcte.,1,1,0.1545641698029637,0.6308435630855367,0.2145922671114996
PROD_01369,2026-02-11 02:00:03.821273758,41.7,Bac+2,4.6,K2106,61426,0.0,0,Compétences à réactualiser sur les outils numériques. Motivation correcte.,0,0,0.6018518848095872,0.258045302381116,0.14010281280929682
PROD_01370,2026-02-11 02:43:16.665555185,45.7,Bac,2.3,A1401,35123,1.0,0,"Excellente présentation, compétences techniques à jour. Reprise rapide visée.",1,1,0.19051323159978506,0.6213244236860203,0.18816234471419468
PROD_01371,2026-02-11 03:26:29.509836612,41.7,Sans diplôme,1.3,C1501,88461,1.0,0,Projet de reconversion à affiner. Besoin d'une formation complémentaire.,1,1,0.14057989447176558,0.6993967810121371,0.16002332451609735
PROD_01372,2026-02-11 04:09:42.354118039,39.7,Bac+2,1.6,C1501,23224,0.0,0,"Candidat très dynamique, mobilité nationale validée. Projet clair.",0,0,0.689420327650843,0.17572532362291132,0.13485434872624563
PROD_01373,2026-02-11 04:52:55.198399467,56.7,Bac+5,1.6,D1406,02576,1.0,0,"Candidat très dynamique, mobilité nationale validée. Projet clair.",0,0,0.6820069837074894,0.16442424616524123,0.1535687701272694
PROD_01374,2026-02-11 05:36:08.042680894,53.7,Bac,2.2,M1805,77455,0.0,0,Problème ponctuel de mobilité géographique. Zone mal desservie.,1,1,0.18964062204978813,0.6234158866189004,0.1869434913313115
PROD_01375,2026-02-11 06:19:20.886962321,44.7,Sans diplôme,6.6,K2111,58070,1.0,0,Compétences à réactualiser sur les outils numériques. Motivation correcte.,1,1,0.22451973795261876,0.6010844933364515,0.17439576871092977
PROD_01376,2026-02-11 07:02:33.731243748,27.7,Bac,0.6,A1202,2A228,1.0,0,Cumul de difficultés. Pas de moyen de transport et garde d'enfants complexe.,1,1,0.18741939656524456,0.6712756683753996,0.14130493505935582
PROD_01377,2026-02-11 07:45:46.575525175,41.7,Bac+5,1.1,H1206,16189,1.0,0,"Perte de confiance importante. Risque d'exclusion, barrière de la langue.",0,0,0.6463177318211375,0.1629549531706302,0.1907273150082323
PROD_01378,2026-02-11 08:28:59.419806602,18.7,Bac+5,0.6,A1301,67028,0.0,1,Compétences à réactualiser sur les outils numériques. Motivation correcte.,1,1,0.18765898281342594,0.6693745497684568,0.14296646741811725
PROD_01379,2026-02-11 09:12:12.264088029,51.7,Bac+2,0.9,C1201,17486,0.0,0,Freins périphériques majeurs. Situation d'illettrisme numérique constatée.,2,2,0.15944792522596324,0.2383050299693737,0.6022470448046631
PROD_01380,2026-02-11 09:55:25.108369457,36.7,Bac+2,1.0,J1506,63297,1.0,1,"Excellente présentation, compétences techniques à jour. Reprise rapide visée.",0,0,0.6819518188607231,0.14724596907912554,0.17080221206015136
PROD_01381,2026-02-11 10:38:37.952650884,43.7,Bac+2,4.0,A1203,61448,1.0,0,Projet de reconversion à affiner. Besoin d'une formation complémentaire.,1,1,0.2624442584612908,0.6026618977446423,0.13489384379406688
PROD_01382,2026-02-11 11:21:50.796932311,63.7,Bac,1.0,M1805,21084,1.0,0,Projet de reconversion à affiner. Besoin d'une formation complémentaire.,1,1,0.26136812418553923,0.5981623954117806,0.14046948040268015
PROD_01383,2026-02-11 12:05:03.641213738,27.7,Sans diplôme,2.7,K1403,32381,1.0,0,Cumul de difficultés. Pas de moyen de transport et garde d'enfants complexe.,1,1,0.19562280402186172,0.6622002355723593,0.14217696040577898
PROD_01384,2026-02-11 12:48:16.485495165,50.7,Bac,4.0,I1304,10288,1.0,0,"Candidat très dynamique, mobilité nationale validée. Projet clair.",0,0,0.6862624546072194,0.18546791919483419,0.12826962619794646
PROD_01385,2026-02-11 13:31:29.329776592,29.7,Bac,0.3,D1406,33097,1.0,0,"Candidat très dynamique, mobilité nationale validée. Projet clair.",0,0,0.5954036436856539,0.24251915243381497,0.16207720388053112
PROD_01386,2026-02-11 14:14:42.174058019,34.7,Bac+2,2.5,C1110,51095,0.0,0,Problème ponctuel de mobilité géographique. Zone mal desservie.,0,0,0.6536556854710797,0.12956599347588207,0.21677832105303826
PROD_01387,2026-02-11 14:57:55.018339447,42.7,Bac+2,7.4,K1304,55493,1.0,0,"Excellente présentation, compétences techniques à jour. Reprise rapide visée.",0,0,0.6501345949698581,0.20088150795885848,0.14898389707128337
PROD_01388,2026-02-11 15:41:07.862620874,22.7,Bac+5,7.5,K1201,10317,1.0,1,Projet de reconversion à affiner. Besoin d'une formation complémentaire.,1,1,0.13085363060613936,0.6088162329878453,0.2603301364060153
PROD_01389,2026-02-11 16:24:20.706902301,50.7,Bac,0.8,M1805,21396,0.0,0,Information non renseignee,0,0,0.6740687204034523,0.13286005485014846,0.1930712247463992
PROD_01390,2026-02-11 17:07:33.551183728,54.7,Bac,2.9,C1102,60054,0.0,0,Compétences à réactualiser sur les outils numériques. Motivation correcte.,1,1,0.16231458457411702,0.7073655124800783,0.13031990294580476
PROD_01391,2026-02-11 17:50:46.395465155,48.7,Bac+2,0.2,H1206,10056,1.0,0,Compétences à réactualiser sur les outils numériques. Motivation correcte.,0,0,0.6583995377500863,0.20618482738797517,0.13541563486193853
PROD_01392,2026-02-11 18:33:59.239746582,26.7,Bac,2.3,N4101,65068,1.0,0,Compétences à réactualiser sur les outils numériques. Motivation correcte.,1,1,0.14426176682293365,0.6498292072321765,0.2059090259448898
PROD_01393,2026-02-11 19:17:12.084028009,39.7,Bac,6.8,F1603,01026,0.0,0,Compétences à réactualiser sur les outils numériques. Motivation correcte.,1,1,0.1763036960489626,0.6398893650817666,0.1838069388692708
PROD_01394,2026-02-11 20:00:24.928309437,49.7,Bac,6.8,I1304,02124,1.0,0,"Excellente présentation, compétences techniques à jour. Reprise rapide visée.",0,0,0.6318996979990233,0.1339669847754761,0.23413331722550054
PROD_01395,2026-02-11 20:43:37.772590864,35.7,Bac+2,0.4,W1401,71410,1.0,0,"Candidat très dynamique, mobilité nationale validée. Projet clair.",1,1,0.14902963919860004,0.6558440612816372,0.1951262995197628
PROD_01396,2026-02-11 21:26:50.616872291,52.7,Sans diplôme,11.0,K2101,89261,0.0,0,"Candidat très dynamique, mobilité nationale validée. Projet clair.",2,2,0.19195218088070548,0.19311149136432357,0.614936327754971
PROD_01397,2026-02-11 22:10:03.461153718,19.7,Bac,2.9,K1201,58104,1.0,0,Freins périphériques majeurs. Situation d'illettrisme numérique constatée.,0,0,0.7133718322718718,0.1354045381634778,0.15122362956465035
PROD_01398,2026-02-11 22:53:16.305435145,21.7,Bac+2,1.0,G1801,62777,0.0,1,"Perte de confiance importante. Risque d'exclusion, barrière de la langue.",1,1,0.13346800345377094,0.6355698290444166,0.23096216750181242
PROD_01399,2026-02-11 23:36:29.149716572,51.7,Bac,0.4,J1301,66109,1.0,0,Compétences à réactualiser sur les outils numériques. Motivation correcte.,1,1,0.15925424530755142,0.676359108714491,0.1643866459779576
PROD_01400,2026-02-12 00:19:41.993997999,32.7,Bac+5,1.7,C1110,52203,0.0,0,"Candidat très dynamique, mobilité nationale validée. Projet clair.",0,0,0.6451629549123606,0.16954220893540237,0.185294836152237
PROD_01401,2026-02-12 01:02:54.838279427,54.7,Bac+5,1.3,H1206,55374,1.0,1,Projet de reconversion à affiner. Besoin d'une formation complémentaire.,1,1,0.18452342091226986,0.6744151154637402,0.14106146362398986
PROD_01402,2026-02-12 01:46:07.682560854,45.7,Bac+5,1.2,M1607,34311,0.0,0,"Candidat très dynamique, mobilité nationale validée. Projet clair.",0,0,0.603732580428056,0.1457052158942656,0.2505622036776784
PROD_01403,2026-02-12 02:29:20.526842281,48.7,Sans diplôme,1.6,H2502,61080,1.0,0,Problème ponctuel de mobilité géographique. Zone mal desservie.,1,1,0.1906297223878801,0.6251140042024765,0.18425627340964335
PROD_01404,2026-02-12 03:12:33.371123708,29.7,Bac+5,1.3,D1503,88023,1.0,0,"Profil autonome, recherche active, aucun frein périphérique identifié.",0,0,0.6523550396570047,0.20489777070942983,0.14274718963356547
PROD_01405,2026-02-12 03:55:46.215405135,45.7,Sans diplôme,1.2,M1805,29104,0.0,0,Projet de reconversion à affiner. Besoin d'une formation complémentaire.,1,1,0.13194658420658462,0.6791739011367369,0.18887951465667852
PROD_01406,2026-02-12 04:38:59.059686562,60.7,Sans diplôme,2.9,N4301,60142,1.0,0,Cumul de difficultés. Pas de moyen de transport et garde d'enfants complexe.,2,2,0.15386531261923,0.20321640346236394,0.6429182839184061
PROD_01407,2026-02-12 05:22:11.903967989,48.7,Bac+2,2.1,J1506,26255,1.0,0,Problème ponctuel de mobilité géographique. Zone mal desservie.,0,0,0.702788294936169,0.16154810246183837,0.13566360260199262
PROD_01408,2026-02-12 06:05:24.748249417,60.7,Bac,0.2,A1203,63359,1.0,0,Problème ponctuel de mobilité géographique. Zone mal desservie.,1,1,0.13118714851739613,0.6526436710229241,0.2161691804596798
PROD_01409,2026-02-12 06:48:37.592530844,49.7,Bac,1.3,K1601,02540,1.0,1,"Perte de confiance importante. Risque d'exclusion, barrière de la langue.",2,2,0.21726069980155108,0.155593541011598,0.627145759186851
PROD_01410,2026-02-12 07:31:50.436812271,60.7,Bac+2,0.4,F1603,42153,1.0,0,"Excellente présentation, compétences techniques à jour. Reprise rapide visée.",1,1,0.1372590916945092,0.6695189778960172,0.19322193040947355
PROD_01411,2026-02-12 08:15:03.281093698,54.7,Bac,3.3,N1303,46157,1.0,0,Compétences à réactualiser sur les outils numériques. Motivation correcte.,1,1,0.19751590980428668,0.6278939872999415,0.17459010289577181
PROD_01412,2026-02-12 08:58:16.125375125,20.7,Bac+2,1.1,D1210,74164,0.0,0,Compétences à réactualiser sur les outils numériques. Motivation correcte.,1,1,0.13616542464777084,0.7335009455342332,0.130333629817996
PROD_01413,2026-02-12 09:41:28.969656552,18.7,Sans diplôme,12.3,M1203,45087,1.0,0,Compétences à réactualiser sur les outils numériques. Motivation correcte.,1,1,0.26060745276072805,0.6082324843630187,0.13116006287625326
PROD_01414,2026-02-12 10:24:41.813937979,30.7,Sans diplôme,0.6,G1601,14032,1.0,0,Freins périphériques majeurs. Situation d'illettrisme numérique constatée.,1,1,0.13332482899557752,0.7051103769569458,0.1615647940474767
PROD_01415,2026-02-12 11:07:54.658219406,62.7,Bac,1.2,N1301,63304,1.0,0,Problème ponctuel de mobilité géographique. Zone mal desservie.,0,0,0.5952713703451686,0.2028563178479438,0.20187231180688756
PROD_01416,2026-02-12 11:51:07.502500834,22.7,Bac+2,2.6,D1406,54170,1.0,1,"Profil autonome, recherche active, aucun frein périphérique identifié.",1,1,0.22219255208947253,0.6221312210365472,0.1556762268739803
PROD_01417,2026-02-12 12:34:20.346782261,25.7,Bac+5,0.5,C1110,89098,1.0,0,Problème ponctuel de mobilité géographique. Zone mal desservie.,0,0,0.6087532880217265,0.15039522660066637,0.24085148537760717
PROD_01418,2026-02-12 13:17:33.191063688,32.7,Bac+2,3.4,C1302,11408,0.0,0,"Excellente présentation, compétences techniques à jour. Reprise rapide visée.",0,0,0.6638154430096807,0.14388008509350875,0.1923044718968106
PROD_01419,2026-02-12 14:00:46.035345115,47.7,Bac+5,0.1,G1801,21581,0.0,0,"Perte de confiance importante. Risque d'exclusion, barrière de la langue.",0,0,0.7267812033537067,0.13708471242512882,0.13613408422116452
PROD_01420,2026-02-12 14:43:58.879626542,39.7,Bac+2,1.9,G1801,53181,1.0,0,Projet de reconversion à affiner. Besoin d'une formation complémentaire.,1,1,0.13271400695871718,0.7323738237155364,0.13491216932574646
PROD_01421,2026-02-12 15:27:11.723907969,44.7,Bac+2,0.5,K1403,65412,1.0,0,Cumul de difficultés. Pas de moyen de transport et garde d'enfants complexe.,1,1,0.22986962620288237,0.6396690947039984,0.13046127909311933
PROD_01422,2026-02-12 16:10:24.568189396,51.7,Bac,0.3,J1301,55007,0.0,0,Problème ponctuel de mobilité géographique. Zone mal desservie.,0,0,0.655063106061876,0.1933120162941224,0.1516248776440016
PROD_01423,2026-02-12 16:53:37.412470824,29.7,Bac+2,1.4,G1601,62148,0.0,0,"Excellente présentation, compétences techniques à jour. Reprise rapide visée.",0,0,0.6660011982022782,0.19297186749118017,0.14102693430654162
PROD_01424,2026-02-12 17:36:50.256752251,42.7,Bac+2,3.4,N1101,63109,1.0,0,Projet de reconversion à affiner. Besoin d'une formation complémentaire.,0,0,0.670130270301821,0.18252386381807592,0.14734586588010304
PROD_01425,2026-02-12 18:20:03.101033678,18.7,Bac+5,0.7,D1406,57412,1.0,0,Problème ponctuel de mobilité géographique. Zone mal desservie.,0,0,0.6080292445743405,0.19659737883863712,0.1953733765870224
PROD_01426,2026-02-12 19:03:15.945315105,39.7,Bac,4.3,M1607,74040,0.0,0,Problème ponctuel de mobilité géographique. Zone mal desservie.,1,1,0.2183435924663467,0.6100383869081579,0.17161802062549536
PROD_01427,2026-02-12 19:46:28.789596532,28.7,Sans diplôme,0.3,G1602,80622,0.0,0,"Candidat très dynamique, mobilité nationale validée. Projet clair.",0,0,0.6912589318007598,0.13878697264653422,0.16995409555270596
PROD_01428,2026-02-12 20:29:41.633877959,27.7,Bac+5,7.1,N4101,77227,0.0,0,"Excellente présentation, compétences techniques à jour. Reprise rapide visée.",0,0,0.605304916186859,0.1782940195614811,0.2164010642516599
PROD_01429,2026-02-12 21:12:54.478159386,41.7,Bac,0.5,M1802,06076,1.0,1,Problème ponctuel de mobilité géographique. Zone mal desservie.,1,1,0.22221488960587438,0.6046662753140181,0.1731188350801075
PROD_01430,2026-02-12 21:56:07.322440814,39.7,Sans diplôme,1.5,A1202,25164,1.0,0,Cumul de difficultés. Pas de moyen de transport et garde d'enfants complexe.,1,1,0.20597738331504067,0.643768101569809,0.1502545151151503
PROD_01431,2026-02-12 22:39:20.166722241,41.7,Bac+2,1.5,A1501,55266,1.0,0,"Candidat très dynamique, mobilité nationale validée. Projet clair.",0,0,0.6539660454882221,0.20388300454562236,0.14215094996615552
PROD_01432,2026-02-12 23:22:33.011003668,26.7,Bac+5,6.3,N1303,76109,1.0,0,Projet de reconversion à affiner. Besoin d'une formation complémentaire.,0,0,0.6207329244955248,0.15850116456851418,0.22076591093596107
PROD_01433,2026-02-13 00:05:45.855285095,23.7,Bac,1.3,K1403,76052,0.0,0,"Candidat très dynamique, mobilité nationale validée. Projet clair.",0,0,0.612444473179665,0.1548052337322586,0.2327502930880764
PROD_01434,2026-02-13 00:48:58.699566522,23.7,Sans diplôme,1.9,M1203,76302,0.0,0,Freins périphériques majeurs. Situation d'illettrisme numérique constatée.,2,2,0.22504574522228243,0.13477007944874508,0.6401841753289724
PROD_01435,2026-02-13 01:32:11.543847949,59.7,Bac+5,1.0,M1501,71137,0.0,1,Cumul de difficultés. Pas de moyen de transport et garde d'enfants complexe.,2,2,0.21980970691661003,0.1488101223847866,0.6313801706986033
PROD_01436,2026-02-13 02:15:24.388129376,30.7,Bac+2,1.7,M1806,06036,1.0,0,"Profil autonome, recherche active, aucun frein périphérique identifié.",0,0,0.676343495299167,0.15108040490363694,0.17257609979719601
PROD_01437,2026-02-13 02:58:37.232410804,53.7,Bac+2,0.7,J1506,70176,1.0,1,Problème ponctuel de mobilité géographique. Zone mal desservie.,1,1,0.14070077584154392,0.7056587044594173,0.1536405196990388
PROD_01438,2026-02-13 03:41:50.076692231,51.7,Bac,2.7,M1806,16359,1.0,0,Problème ponctuel de mobilité géographique. Zone mal desservie.,1,1,0.22887007747960064,0.6247833316691789,0.14634659085122048
PROD_01439,2026-02-13 04:25:02.920973658,23.7,Bac+2,6.8,D1210,65447,1.0,0,Problème ponctuel de mobilité géographique. Zone mal desservie.,1,1,0.15214120166895606,0.6446154150445392,0.2032433832865047
PROD_01440,2026-02-13 05:08:15.765255085,34.7,Bac+5,0.8,G1602,14646,0.0,0,Freins périphériques majeurs. Situation d'illettrisme numérique constatée.,0,0,0.598840244371091,0.13162475805341528,0.26953499757549376
PROD_01441,2026-02-13 05:51:28.609536512,63.7,Bac,1.0,M1602,27514,1.0,0,Problème ponctuel de mobilité géographique. Zone mal desservie.,2,2,0.2075781425521539,0.17421913394164606,0.6182027235062
PROD_01442,2026-02-13 06:34:41.453817939,18.7,Bac,3.2,K2106,17242,0.0,0,"Candidat très dynamique, mobilité nationale validée. Projet clair.",0,0,0.6710572720789547,0.1539491359798175,0.1749935919412278
PROD_01443,2026-02-13 07:17:54.298099366,48.7,Bac,0.9,M1802,62585,1.0,0,Cumul de difficultés. Pas de moyen de transport et garde d'enfants complexe.,0,0,0.6002076727295781,0.20884509432277631,0.1909472329476456
PROD_01444,2026-02-13 08:01:07.142380794,59.7,Bac+2,0.8,D1503,02655,1.0,0,Compétences à réactualiser sur les outils numériques. Motivation correcte.,2,2,0.17255936429707447,0.19955644634297393,0.6278841893599516
PROD_01445,2026-02-13 08:44:19.986662221,18.7,Bac,6.7,G1302,34248,1.0,0,Problème ponctuel de mobilité géographique. Zone mal desservie.,1,1,0.13772054033935252,0.6232089958876791,0.23907046377296837
PROD_01446,2026-02-13 09:27:32.830943648,49.7,Bac+5,5.6,G1601,65065,1.0,0,"Perte de confiance importante. Risque d'exclusion, barrière de la langue.",0,0,0.6754707036715787,0.1579088573439566,0.1666204389844647
PROD_01447,2026-02-13 10:10:45.675225075,19.7,Bac,6.5,D1406,29295,1.0,0,Compétences à réactualiser sur les outils numériques. Motivation correcte.,1,1,0.20244467382842796,0.6028302019141957,0.19472512425737631
PROD_01448,2026-02-13 10:53:58.519506502,37.7,Bac,0.2,M1203,41116,1.0,1,Compétences à réactualiser sur les outils numériques. Motivation correcte.,1,1,0.1424918498926382,0.6693400067631713,0.18816814334419052
PROD_01449,2026-02-13 11:37:11.363787929,41.7,Bac+2,1.0,M1802,01374,1.0,0,"Excellente présentation, compétences techniques à jour. Reprise rapide visée.",0,0,0.6694941364051925,0.17676635810238864,0.15373950549241885
PROD_01450,2026-02-13 12:20:24.208069356,27.7,Bac+5,3.2,N4101,55343,1.0,0,Information non renseignee,0,0,0.686013641873895,0.1426719139432901,0.17131444418281488
PROD_01451,2026-02-13 13:03:37.052350784,52.7,Bac,4.4,G1601,22160,0.0,0,Freins périphériques majeurs. Situation d'illettrisme numérique constatée.,2,2,0.1463739346811313,0.21275932347181686,0.640866741847052
PROD_01452,2026-02-13 13:46:49.896632211,20.7,Bac,1.3,K1903,60636,0.0,0,"Candidat très dynamique, mobilité nationale validée. Projet clair.",0,0,0.6371013452881638,0.15133654787542805,0.2115621068364082
PROD_01453,2026-02-13 14:30:02.740913638,53.7,Bac,1.2,K1601,68385,1.0,0,Problème ponctuel de mobilité géographique. Zone mal desservie.,1,1,0.21341930043737603,0.6207328882498319,0.16584781131279214
PROD_01454,2026-02-13 15:13:15.585195065,25.7,Bac+5,3.6,G1601,04173,0.0,0,Compétences à réactualiser sur les outils numériques. Motivation correcte.,1,1,0.13003885550281702,0.6362076751869311,0.23375346931025187
PROD_01455,2026-02-13 15:56:28.429476492,41.7,Bac+5,0.0,A1301,11028,1.0,0,"Candidat très dynamique, mobilité nationale validée. Projet clair.",0,0,0.621249770709965,0.21050151612232,0.168248713167715
PROD_01456,2026-02-13 16:39:41.273757919,36.7,Bac,6.7,H2502,17446,1.0,0,Problème ponctuel de mobilité géographique. Zone mal desservie.,1,1,0.17206251793311583,0.6936563447014503,0.1342811373654338
PROD_01457,2026-02-13 17:22:54.118039346,32.7,Bac+2,2.0,K1601,57704,0.0,0,"Excellente présentation, compétences techniques à jour. Reprise rapide visée.",0,0,0.6033654490593477,0.20571762989458806,0.1909169210460642
PROD_01458,2026-02-13 18:06:06.962320774,32.7,Bac,0.7,M1602,77256,0.0,1,"Candidat très dynamique, mobilité nationale validée. Projet clair.",1,1,0.22247539083518736,0.6412371713745265,0.13628743779028618
PROD_01459,2026-02-13 18:49:19.806602201,62.7,Sans diplôme,2.2,G1601,76292,0.0,1,Freins périphériques majeurs. Situation d'illettrisme numérique constatée.,2,2,0.25678928928450095,0.1318570642476846,0.6113536464678144
PROD_01460,2026-02-13 19:32:32.650883628,37.7,Sans diplôme,1.3,K1903,49092,1.0,1,"Excellente présentation, compétences techniques à jour. Reprise rapide visée.",2,2,0.13977457584590902,0.2446251400408706,0.6156002841132204
PROD_01461,2026-02-13 20:15:45.495165055,50.7,Bac+5,0.4,N4101,10205,1.0,0,"Candidat très dynamique, mobilité nationale validée. Projet clair.",0,0,0.6146714403115006,0.23418343611964637,0.15114512356885307
PROD_01462,2026-02-13 20:58:58.339446482,52.7,Sans diplôme,0.3,D1406,11108,0.0,0,Cumul de difficultés. Pas de moyen de transport et garde d'enfants complexe.,2,2,0.12931200590041306,0.23085725187793021,0.6398307422216567
PROD_01463,2026-02-13 21:42:11.183727909,31.7,Bac,1.9,M1801,47014,1.0,0,"Candidat très dynamique, mobilité nationale validée. Projet clair.",0,0,0.6204740270012087,0.19907765959051066,0.18044831340828066
PROD_01464,2026-02-13 22:25:24.028009336,29.7,Bac+5,5.1,M1806,70233,0.0,0,"Profil autonome, recherche active, aucun frein périphérique identifié.",0,0,0.6744231435599589,0.17469354443026683,0.15088331200977426
PROD_01465,2026-02-13 23:08:36.872290764,57.7,Bac+5,7.0,M1607,26244,1.0,0,"Perte de confiance importante. Risque d'exclusion, barrière de la langue.",1,1,0.14397975392238674,0.6289749743314929,0.22704527174612044
PROD_01466,2026-02-13 23:51:49.716572191,30.7,Bac+5,6.2,K1304,87141,0.0,0,"Candidat très dynamique, mobilité nationale validée. Projet clair.",0,0,0.6616748146345869,0.18364023337829344,0.15468495198711968
PROD_01467,2026-02-14 00:35:02.560853618,53.7,Bac,0.6,H1206,51613,1.0,0,Problème ponctuel de mobilité géographique. Zone mal desservie.,1,1,0.24760590337313668,0.6190681357001356,0.13332596092672766
PROD_01468,2026-02-14 01:18:15.405135045,42.7,Bac,3.0,M1203,36168,1.0,0,"Profil autonome, recherche active, aucun frein périphérique identifié.",0,0,0.6689486452975577,0.19351004709723224,0.13754130760521005
PROD_01469,2026-02-14 02:01:28.249416472,60.7,Bac+2,0.4,F1603,42153,1.0,0,"Excellente présentation, compétences techniques à jour. Reprise rapide visée.",1,1,0.1364586727329584,0.6872130272120522,0.17632830005498934
PROD_01470,2026-02-14 02:44:41.093697899,31.7,Bac+2,1.5,J1506,43002,0.0,0,Problème ponctuel de mobilité géographique. Zone mal desservie.,1,1,0.1422960880373842,0.6062487923056952,0.2514551196569206
PROD_01471,2026-02-14 03:27:53.937979326,63.7,Bac+5,2.0,M1801,59047,1.0,1,Problème ponctuel de mobilité géographique. Zone mal desservie.,1,1,0.25668549189739887,0.6062228785256133,0.13709162957698784
PROD_01472,2026-02-14 04:11:06.782260754,58.7,Bac+5,1.2,C1102,14593,0.0,0,Projet de reconversion à affiner. Besoin d'une formation complémentaire.,1,1,0.16007476863682135,0.6668864905769287,0.17303874078624992
PROD_01473,2026-02-14 04:54:19.626542181,58.7,Bac+2,13.9,N1303,26295,0.0,0,Cumul de difficultés. Pas de moyen de transport et garde d'enfants complexe.,2,2,0.1514167524042578,0.21204180257473365,0.6365414450210085
PROD_01474,2026-02-14 05:37:32.470823608,23.7,Bac+2,4.5,I1304,03097,0.0,0,"Profil autonome, recherche active, aucun frein périphérique identifié.",0,0,0.6697026916551436,0.12951356145849638,0.20078374688636
PROD_01475,2026-02-14 06:20:45.315105035,20.7,Bac+5,1.2,A1202,02054,1.0,0,Compétences à réactualiser sur les outils numériques. Motivation correcte.,1,1,0.1835797420366621,0.6724841311544832,0.1439361268088547
PROD_01476,2026-02-14 07:03:58.159386462,20.7,Bac,0.0,C1110,02454,1.0,0,Problème ponctuel de mobilité géographique. Zone mal desservie.,1,1,0.20108825342396033,0.602450939772702,0.19646080680333766
PROD_01477,2026-02-14 07:47:11.003667889,55.7,Bac+5,1.5,H1206,35256,1.0,0,Projet de reconversion à affiner. Besoin d'une formation complémentaire.,1,1,0.13143495138491984,0.6800414929442417,0.18852355567083856
PROD_01478,2026-02-14 08:30:23.847949316,59.7,Bac+5,2.3,C1302,59320,1.0,0,Cumul de difficultés. Pas de moyen de transport et garde d'enfants complexe.,1,1,0.16925771142317736,0.6858212560435041,0.14492103253331856
PROD_01479,2026-02-14 09:13:36.692230744,23.7,Bac+5,3.7,K2106,02232,0.0,0,"Candidat très dynamique, mobilité nationale validée. Projet clair.",0,0,0.6351080454569474,0.2024460765747301,0.16244587796832247
PROD_01480,2026-02-14 09:56:49.536512171,62.7,Bac+2,1.2,K1304,59007,0.0,0,Problème ponctuel de mobilité géographique. Zone mal desservie.,1,1,0.14026625044364793,0.6189420075565378,0.24079174199981423
PROD_01481,2026-02-14 10:40:02.380793598,25.7,Sans diplôme,1.2,N1301,21302,1.0,0,Projet de reconversion à affiner. Besoin d'une formation complémentaire.,0,0,0.6536274891625662,0.1731512910640118,0.173221219773422
PROD_01482,2026-02-14 11:23:15.225075025,34.7,Bac+5,2.1,C1501,24470,1.0,0,"Profil autonome, recherche active, aucun frein périphérique identifié.",0,0,0.7104619659693937,0.13343107250440783,0.15610696152619846
PROD_01483,2026-02-14 12:06:28.069356452,37.7,Bac,2.4,A1501,26374,1.0,0,Projet de reconversion à affiner. Besoin d'une formation complémentaire.,1,1,0.14627557126272173,0.6530057926397034,0.2007186360975749
PROD_01484,2026-02-14 12:49:40.913637879,41.7,Bac+2,1.8,G1601,01064,1.0,0,"Excellente présentation, compétences techniques à jour. Reprise rapide visée.",1,1,0.14070299988351334,0.6523638921427162,0.2069331079737705
PROD_01485,2026-02-14 13:32:53.757919306,39.7,Bac+5,0.2,D1401,88010,1.0,0,"Candidat très dynamique, mobilité nationale validée. Projet clair.",0,0,0.6475353261886041,0.19602091738847097,0.15644375642292493
PROD_01486,2026-02-14 14:16:06.602200734,22.7,Bac+2,1.4,D1401,64256,1.0,0,Cumul de difficultés. Pas de moyen de transport et garde d'enfants complexe.,2,2,0.16025349016403095,0.13765283869248227,0.7020936711434869
PROD_01487,2026-02-14 14:59:19.446482161,60.7,Bac,0.2,A1203,63359,1.0,0,Problème ponctuel de mobilité géographique. Zone mal desservie.,1,1,0.18703169437866002,0.6058914545413401,0.20707685107999985
PROD_01488,2026-02-14 15:42:32.290763588,53.7,Bac,1.6,K1201,59295,1.0,0,Projet de reconversion à affiner. Besoin d'une formation complémentaire.,1,1,0.16053928397554693,0.7031872607133571,0.13627345531109591
PROD_01489,2026-02-14 16:25:45.135045015,47.7,Sans diplôme,0.4,K2106,44162,0.0,0,Freins périphériques majeurs. Situation d'illettrisme numérique constatée.,2,2,0.2139273208579014,0.18090914487256066,0.6051635342695381
PROD_01490,2026-02-14 17:08:57.979326442,26.7,Bac,1.2,A1501,46262,0.0,0,"Candidat très dynamique, mobilité nationale validée. Projet clair.",0,0,0.6439194266819631,0.13179583577870257,0.2242847375393343
PROD_01491,2026-02-14 17:52:10.823607869,40.7,Sans diplôme,1.1,M1802,50447,0.0,0,Projet de reconversion à affiner. Besoin d'une formation complémentaire.,1,1,0.13889858885922912,0.6706267619010267,0.19047464923974422
PROD_01492,2026-02-14 18:35:23.667889296,25.7,Sans diplôme,7.9,C1501,19058,1.0,0,Problème ponctuel de mobilité géographique. Zone mal desservie.,2,2,0.2421777175905518,0.15111305430233624,0.606709228107112
PROD_01493,2026-02-14 19:18:36.512170724,29.7,Sans diplôme,0.2,G1203,35281,0.0,1,"Candidat très dynamique, mobilité nationale validée. Projet clair.",1,1,0.223224526025846,0.6050396554490545,0.17173581852509956
PROD_01494,2026-02-14 20:01:49.356452151,31.7,Bac,4.3,A1401,10052,0.0,0,"Profil autonome, recherche active, aucun frein périphérique identifié.",0,0,0.6026602780058454,0.2650919798008523,0.13224774219330226
PROD_01495,2026-02-14 20:45:02.200733578,41.7,Bac+2,0.3,G1302,43096,1.0,1,Compétences à réactualiser sur les outils numériques. Motivation correcte.,1,1,0.2510429704574568,0.6014782662164176,0.14747876332612553
PROD_01496,2026-02-14 21:28:15.045015005,59.7,Bac+2,5.4,G1302,88083,1.0,0,Projet de reconversion à affiner. Besoin d'une formation complémentaire.,1,1,0.1368812498197795,0.6547227586745006,0.20839599150571986
PROD_01497,2026-02-14 22:11:27.889296432,19.7,Bac,0.2,D1210,59278,1.0,0,Information non renseignee,1,1,0.1434053840772673,0.6580284171846412,0.19856619873809145
PROD_01498,2026-02-14 22:54:40.733577859,45.7,Bac+2,1.2,G1203,55197,0.0,0,Problème ponctuel de mobilité géographique. Zone mal desservie.,1,1,0.16670126979864466,0.6618189367841161,0.1714797934172393
PROD_01499,2026-02-14 23:37:53.577859286,42.7,Bac+2,2.1,C1302,34043,1.0,1,"Candidat très dynamique, mobilité nationale validée. Projet clair.",1,1,0.2506861702422174,0.6129872561559249,0.13632657360185774
PROD_01500,2026-02-15 00:21:06.422140714,41.8,Bac,5.0,H1504,42163,0.0,1,Information non renseignee,1,1,0.1827095567779036,0.6279527161048435,0.18933772711725294
PROD_01501,2026-02-15 01:04:19.266422141,28.8,Bac+2,0.3,I1304,72367,0.0,0,"Profil autonome, recherche active, aucun frein périphérique identifié.",0,0,0.6237639510478288,0.24432145244930603,0.1319145965028652
PROD_01502,2026-02-15 01:47:32.110703568,40.8,Bac+5,1.0,J1301,24290,1.0,0,"Profil autonome, recherche active, aucun frein périphérique identifié.",0,0,0.6403344020371982,0.1754192483272211,0.18424634963558073
PROD_01503,2026-02-15 02:30:44.954984995,48.8,Sans diplôme,1.6,H2502,61080,1.0,0,Problème ponctuel de mobilité géographique. Zone mal desservie.,1,1,0.16002031445010215,0.5951667355277784,0.24481295002211945
PROD_01504,2026-02-15 03:13:57.799266422,18.8,Bac+2,2.4,M1802,50305,1.0,0,"Excellente présentation, compétences techniques à jour. Reprise rapide visée.",0,0,0.6266385515260823,0.2305234292210781,0.14283801925283962
PROD_01505,2026-02-15 03:57:10.643547849,25.8,Bac+2,2.9,C1110,25374,0.0,0,"Excellente présentation, compétences techniques à jour. Reprise rapide visée.",0,0,0.6121617547606464,0.14476170210138492,0.2430765431379687
PROD_01506,2026-02-15 04:40:23.487829276,61.8,Bac+5,0.0,F1603,60108,1.0,0,Information non renseignee,1,1,0.14340445786847003,0.7260377095269245,0.13055783260460552
PROD_01507,2026-02-15 05:23:36.332110704,47.8,Bac,2.8,G1801,62499,1.0,0,"Profil autonome, recherche active, aucun frein périphérique identifié.",0,0,0.6675254639350031,0.13399598371837598,0.1984785523466209
PROD_01508,2026-02-15 06:06:49.176392131,51.8,Bac+2,1.2,A1203,89181,1.0,0,Freins périphériques majeurs. Situation d'illettrisme numérique constatée.,1,1,0.1351621055376631,0.604387333633423,0.26045056082891394
PROD_01509,2026-02-15 06:50:02.020673558,46.8,Bac,1.1,C1302,72153,0.0,1,Projet de reconversion à affiner. Besoin d'une formation complémentaire.,1,1,0.20917555727808643,0.6333694668058313,0.15745497591608226
PROD_01510,2026-02-15 07:33:14.864954985,43.8,Bac+5,0.3,J1301,69055,0.0,0,Information non renseignee,0,0,0.6454551831130645,0.20142102370059317,0.15312379318634234
PROD_01511,2026-02-15 08:16:27.709236412,38.8,Bac,6.3,D1503,59323,0.0,0,Compétences à réactualiser sur les outils numériques. Motivation correcte.,1,1,0.14103820935887243,0.6835828729575123,0.17537891768361524
PROD_01512,2026-02-15 08:59:40.553517839,59.8,Bac,0.3,M1805,43223,1.0,0,"Candidat très dynamique, mobilité nationale validée. Projet clair.",0,0,0.6303357072507763,0.1415781639298843,0.22808612881933946
PROD_01513,2026-02-15 09:42:53.397799266,41.8,Bac,10.4,C1110,65383,0.0,0,"Perte de confiance importante. Risque d'exclusion, barrière de la langue.",1,1,0.19203532150468935,0.637520696363984,0.1704439821313266
PROD_01514,2026-02-15 10:26:06.242080694,48.8,Sans diplôme,2.9,G1602,83020,0.0,0,Freins périphériques majeurs. Situation d'illettrisme numérique constatée.,1,1,0.2624996622090695,0.5996148573537907,0.13788548043713977
PROD_01515,2026-02-15 11:09:19.086362121,20.8,Bac+2,6.1,M1705,58231,1.0,0,Problème ponctuel de mobilité géographique. Zone mal desservie.,0,0,0.604864239516021,0.15068225220830597,0.24445350827567305
PROD_01516,2026-02-15 11:52:31.930643548,20.8,Bac+5,3.6,M1602,57519,0.0,0,Information non renseignee,1,1,0.16782579988063623,0.6194496096806111,0.21272459043875258
PROD_01517,2026-02-15 12:35:44.774924975,39.8,Bac+2,0.6,A1401,09261,1.0,0,Cumul de difficultés. Pas de moyen de transport et garde d'enfants complexe.,0,0,0.625926070372937,0.23908896036889507,0.13498496925816791
PROD_01518,2026-02-15 13:18:57.619206402,63.8,Bac,3.4,C1201,28098,1.0,0,Compétences à réactualiser sur les outils numériques. Motivation correcte.,1,1,0.14707929098045583,0.6835091064013715,0.16941160261817267
PROD_01519,2026-02-15 14:02:10.463487829,35.8,Sans diplôme,5.9,K1403,23022,0.0,0,Compétences à réactualiser sur les outils numériques. Motivation correcte.,0,0,0.6950108191151803,0.16743834694551893,0.13755083393930082
PROD_01520,2026-02-15 14:45:23.307769256,41.8,Bac,1.1,M1806,63062,1.0,0,Information non renseignee,0,0,0.6488426099219092,0.18580204666588818,0.1653553434122026
PROD_01521,2026-02-15 15:28:36.152050684,34.8,Bac+5,5.9,M1203,12186,0.0,0,"Candidat très dynamique, mobilité nationale validée. Projet clair.",0,0,0.6396172319068744,0.21207490028703008,0.14830786780609556
PROD_01522,2026-02-15 16:11:48.996332111,33.8,Bac,7.1,M1805,09256,0.0,1,"Excellente présentation, compétences techniques à jour. Reprise rapide visée.",0,0,0.6178372327349163,0.22993329158521866,0.15222947567986503
PROD_01523,2026-02-15 16:55:01.840613538,24.8,Bac+5,8.3,N4301,10308,1.0,0,Problème ponctuel de mobilité géographique. Zone mal desservie.,1,1,0.264582916758302,0.5989250985921826,0.1364919846495154
PROD_01524,2026-02-15 17:38:14.684894965,41.8,Bac+2,2.9,M1705,76502,1.0,0,"Candidat très dynamique, mobilité nationale validée. Projet clair.",0,0,0.6319366379545349,0.1822328183316377,0.18583054371382737
PROD_01525,2026-02-15 18:21:27.529176392,52.8,Sans diplôme,0.3,D1406,11108,0.0,0,Cumul de difficultés. Pas de moyen de transport et garde d'enfants complexe.,2,2,0.2098379876797689,0.14376309055170106,0.64639892176853
PROD_01526,2026-02-15 19:04:40.373457819,51.8,Bac,2.7,M1806,16359,1.0,0,Problème ponctuel de mobilité géographique. Zone mal desservie.,1,1,0.242481209993947,0.6293501163628674,0.12816867364318552
PROD_01527,2026-02-15 19:47:53.217739246,50.8,Bac,1.1,C1501,08040,1.0,0,Information non renseignee,0,0,0.6641635983661301,0.13005336796535802,0.20578303366851183
PROD_01528,2026-02-15 20:31:06.062020674,61.8,Sans diplôme,2.6,N1101,11052,0.0,0,Freins périphériques majeurs. Situation d'illettrisme numérique constatée.,2,2,0.23555461985288692,0.14561705605974024,0.6188283240873729
PROD_01529,2026-02-15 21:14:18.906302101,19.8,Bac,0.3,D1503,57004,1.0,0,Problème ponctuel de mobilité géographique. Zone mal desservie.,1,1,0.24180965655832465,0.621839352609042,0.13635099083263336
PROD_01530,2026-02-15 21:57:31.750583528,28.8,Bac,0.7,G1302,61225,1.0,0,Projet de reconversion à affiner. Besoin d'une formation complémentaire.,1,1,0.1938284542483995,0.6216029096310036,0.18456863612059693
PROD_01531,2026-02-15 22:40:44.594864955,38.8,Bac+2,8.9,M1203,17451,0.0,0,Problème ponctuel de mobilité géographique. Zone mal desservie.,1,1,0.14442244335213938,0.6943447742892316,0.16123278235862903
PROD_01532,2026-02-15 23:23:57.439146382,22.8,Bac+2,6.1,N1303,67248,0.0,0,Problème ponctuel de mobilité géographique. Zone mal desservie.,0,0,0.6810349877826152,0.13938635286510195,0.17957865935228287
PROD_01533,2026-02-16 00:07:10.283427809,48.8,Bac+5,1.6,D1401,31224,1.0,0,"Profil autonome, recherche active, aucun frein périphérique identifié.",0,0,0.6749354768782533,0.17517890586898485,0.14988561725276187
PROD_01534,2026-02-16 00:50:23.127709236,35.8,Bac+5,1.7,M1602,35143,1.0,0,"Candidat très dynamique, mobilité nationale validée. Projet clair.",0,0,0.6390309392355508,0.22681931281864315,0.13414974794580609
PROD_01535,2026-02-16 01:33:35.971990664,33.8,Sans diplôme,0.1,A1202,21112,1.0,0,"Perte de confiance importante. Risque d'exclusion, barrière de la langue.",1,1,0.26881185352535975,0.5966865151015939,0.13450163137304638
PROD_01536,2026-02-16 02:16:48.816272091,33.8,Sans diplôme,1.1,K1201,15040,1.0,0,Compétences à réactualiser sur les outils numériques. Motivation correcte.,1,1,0.26848994806104365,0.5991594565928395,0.13235059534611682
PROD_01537,2026-02-16 03:00:01.660553518,25.8,Bac+2,4.8,D1401,08283,0.0,0,Cumul de difficultés. Pas de moyen de transport et garde d'enfants complexe.,0,0,0.6292114630359484,0.24287791140849632,0.12791062555555524
PROD_01538,2026-02-16 03:43:14.504834945,24.8,Bac+5,2.0,K1304,40027,1.0,0,"Profil autonome, recherche active, aucun frein périphérique identifié.",0,0,0.6370391568075567,0.22056757396693577,0.1423932692255075
PROD_01539,2026-02-16 04:26:27.349116372,55.8,Bac,9.6,C1302,57349,1.0,0,"Candidat très dynamique, mobilité nationale validée. Projet clair.",2,2,0.17017524876916165,0.2321787305785994,0.5976460206522389
PROD_01540,2026-02-16 05:09:40.193397799,62.8,Bac+2,0.7,G1203,36194,0.0,0,Problème ponctuel de mobilité géographique. Zone mal desservie.,1,1,0.21131606531543465,0.6039383919274806,0.18474554275708477
PROD_01541,2026-02-16 05:52:53.037679226,55.8,Bac+2,4.3,N1301,89119,1.0,0,"Perte de confiance importante. Risque d'exclusion, barrière de la langue.",1,1,0.2268139447259235,0.620252655943457,0.15293339933061945
PROD_01542,2026-02-16 06:36:05.881960654,23.8,Sans diplôme,6.8,K1403,79195,0.0,0,"Perte de confiance importante. Risque d'exclusion, barrière de la langue.",0,0,0.6818007134407215,0.14004710238812598,0.17815218417115256
PROD_01543,2026-02-16 07:19:18.726242081,41.8,Bac,1.0,D1210,58031,1.0,0,"Perte de confiance importante. Risque d'exclusion, barrière de la langue.",0,0,0.6017844720423994,0.23868927582018185,0.15952625213741878
PROD_01544,2026-02-16 08:02:31.570523508,59.8,Bac+5,2.3,C1302,59320,1.0,0,Cumul de difficultés. Pas de moyen de transport et garde d'enfants complexe.,1,1,0.22778300227279472,0.6339380970938969,0.1382789006333084
PROD_01545,2026-02-16 08:45:44.414804935,30.8,Sans diplôme,0.5,D1503,51596,0.0,0,Freins périphériques majeurs. Situation d'illettrisme numérique constatée.,2,2,0.2043349934143978,0.12822474408809537,0.6674402624975069
PROD_01546,2026-02-16 09:28:57.259086362,20.8,Bac,6.9,K2111,84084,0.0,0,"Perte de confiance importante. Risque d'exclusion, barrière de la langue.",2,2,0.1620072125292748,0.15435967717220095,0.6836331102985242
PROD_01547,2026-02-16 10:12:10.103367789,41.8,Sans diplôme,1.2,M1602,70393,1.0,1,Cumul de difficultés. Pas de moyen de transport et garde d'enfants complexe.,2,2,0.1484989226610935,0.21207915331761987,0.6394219240212866
PROD_01548,2026-02-16 10:55:22.947649216,31.8,Bac+2,1.7,I1304,57328,1.0,0,"Perte de confiance importante. Risque d'exclusion, barrière de la langue.",0,0,0.6411866986394029,0.15645287941828492,0.20236042194231216
PROD_01549,2026-02-16 11:38:35.791930644,41.8,Bac,1.4,M1607,89277,1.0,1,"Excellente présentation, compétences techniques à jour. Reprise rapide visée.",1,1,0.2343082602582995,0.6140806276558308,0.15161111208586964
PROD_01550,2026-02-16 12:21:48.636212071,27.8,Bac,5.4,K1201,78009,0.0,0,Compétences à réactualiser sur les outils numériques. Motivation correcte.,0,0,0.6759083612167928,0.15436000566360242,0.16973163311960482
PROD_01551,2026-02-16 13:05:01.480493498,32.8,Bac+2,2.2,K2106,19280,0.0,1,Freins périphériques majeurs. Situation d'illettrisme numérique constatée.,1,1,0.1350684868808813,0.6136621127789765,0.2512694003401421
PROD_01552,2026-02-16 13:48:14.324774925,34.8,Bac+5,1.2,C1501,45042,1.0,1,Cumul de difficultés. Pas de moyen de transport et garde d'enfants complexe.,2,2,0.22093199652404485,0.17522153258759357,0.6038464708883616
PROD_01553,2026-02-16 14:31:27.169056352,20.8,Sans diplôme,4.6,M1801,11168,1.0,1,"Profil autonome, recherche active, aucun frein périphérique identifié.",2,2,0.1527154458671787,0.19592624106982165,0.6513583130629996
PROD_01554,2026-02-16 15:14:40.013337779,52.8,Bac+2,5.8,H1206,73274,1.0,0,Projet de reconversion à affiner. Besoin d'une formation complémentaire.,1,1,0.1555711909800639,0.6880671773553111,0.15636163166462502
PROD_01555,2026-02-16 15:57:52.857619206,22.8,Sans diplôme,1.4,D1401,64256,1.0,0,Cumul de difficultés. Pas de moyen de transport et garde d'enfants complexe.,2,2,0.1412236103198417,0.1530767924252363,0.705699597254922
PROD_01556,2026-02-16 16:41:05.701900634,28.8,Bac+5,3.6,H2502,79115,0.0,0,"Excellente présentation, compétences techniques à jour. Reprise rapide visée.",0,0,0.5983975246835261,0.243580237509048,0.15802223780742586
PROD_01557,2026-02-16 17:24:18.546182061,61.8,Bac,2.6,K1903,51082,1.0,0,Projet de reconversion à affiner. Besoin d'une formation complémentaire.,1,1,0.1536229098234725,0.7002148812034595,0.14616220897306798
PROD_01558,2026-02-16 18:07:31.390463488,45.8,Bac,2.4,H2502,58276,0.0,0,"Profil autonome, recherche active, aucun frein périphérique identifié.",0,0,0.6654161597941517,0.13247079026577085,0.20211304994007745
PROD_01559,2026-02-16 18:50:44.234744915,40.8,Bac+5,2.3,H1206,06072,0.0,0,Compétences à réactualiser sur les outils numériques. Motivation correcte.,0,0,0.6462393578583756,0.15630837372830794,0.19745226841331645
PROD_01560,2026-02-16 19:33:57.079026342,22.8,Bac+5,1.7,K1903,14399,1.0,0,Compétences à réactualiser sur les outils numériques. Motivation correcte.,0,0,0.598778715729054,0.22786474278863136,0.1733565414823147
PROD_01561,2026-02-16 20:17:09.923307769,18.8,Bac,0.6,D1503,42156,1.0,0,Cumul de difficultés. Pas de moyen de transport et garde d'enfants complexe.,0,0,0.6326629346852596,0.16046082087070676,0.20687624444403366
PROD_01562,2026-02-16 21:00:22.767589196,44.8,Bac+2,4.9,A1202,65376,1.0,1,Projet de reconversion à affiner. Besoin d'une formation complémentaire.,1,1,0.19394396841988257,0.6002965093403033,0.20575952223981409
PROD_01563,2026-02-16 21:43:35.611870624,23.8,Bac,1.9,G1302,77235,0.0,0,Cumul de difficultés. Pas de moyen de transport et garde d'enfants complexe.,1,1,0.13867135171459308,0.6709338729923122,0.19039477529309468
PROD_01564,2026-02-16 22:26:48.456152051,34.8,Bac,2.5,G1203,88483,0.0,0,Problème ponctuel de mobilité géographique. Zone mal desservie.,1,1,0.1654318170136846,0.6589007010876053,0.17566748189871007
PROD_01565,2026-02-16 23:10:01.300433478,41.8,Sans diplôme,3.0,K2101,61453,0.0,0,Compétences à réactualiser sur les outils numériques. Motivation correcte.,2,2,0.1317421938474119,0.20092932885031703,0.6673284773022711
PROD_01566,2026-02-16 23:53:14.144714905,23.8,Bac,0.5,M1802,02327,0.0,0,Cumul de difficultés. Pas de moyen de transport et garde d'enfants complexe.,2,2,0.2269046524377402,0.15425460538855526,0.6188407421737045
PROD_01567,2026-02-17 00:36:26.988996332,41.8,Bac+2,2.9,M1705,76502,1.0,0,"Candidat très dynamique, mobilité nationale validée. Projet clair.",0,0,0.7029534205386049,0.1341340564381784,0.1629125230232167
PROD_01568,2026-02-17 01:19:39.833277759,53.8,Bac,0.7,N4301,77085,1.0,0,Problème ponctuel de mobilité géographique. Zone mal desservie.,1,1,0.2542082339844775,0.6105398478464161,0.1352519181691063
PROD_01569,2026-02-17 02:02:52.677559186,36.8,Bac,6.7,H2502,17446,1.0,0,Problème ponctuel de mobilité géographique. Zone mal desservie.,1,1,0.13961854085683495,0.6581234819037947,0.20225797723937045
PROD_01570,2026-02-17 02:46:05.521840614,54.8,Bac+2,0.6,M1801,22198,0.0,0,Cumul de difficultés. Pas de moyen de transport et garde d'enfants complexe.,2,2,0.1466440033128097,0.15774334309153484,0.6956126535956555
PROD_01571,2026-02-17 03:29:18.366122041,54.8,Bac,0.7,N4101,07031,1.0,0,Compétences à réactualiser sur les outils numériques. Motivation correcte.,1,1,0.1445552408114305,0.6362870398636012,0.2191577193249682
PROD_01572,2026-02-17 04:12:31.210403468,20.8,Bac+5,0.9,M1802,86262,1.0,1,Cumul de difficultés. Pas de moyen de transport et garde d'enfants complexe.,0,0,0.6661836585790346,0.18717615482446937,0.14664018659649602
PROD_01573,2026-02-17 04:55:44.054684895,55.8,Bac,5.1,C1201,2B287,0.0,0,Projet de reconversion à affiner. Besoin d'une formation complémentaire.,0,0,0.6314466111573344,0.22862976439949773,0.13992362444316792
PROD_01574,2026-02-17 05:38:56.898966322,43.8,Bac+5,5.7,M1801,40229,1.0,0,"Excellente présentation, compétences techniques à jour. Reprise rapide visée.",0,0,0.71753751558134,0.13514018894497642,0.14732229547368353
PROD_01575,2026-02-17 06:22:09.743247749,41.8,Bac+2,3.2,M1602,13012,1.0,0,Compétences à réactualiser sur les outils numériques. Motivation correcte.,1,1,0.1287879556363074,0.6609814566482182,0.21023058771547443
PROD_01576,2026-02-17 07:05:22.587529176,26.8,Bac,2.3,N4301,81230,1.0,0,Freins périphériques majeurs. Situation d'illettrisme numérique constatée.,2,2,0.17723241208504875,0.2122386386117455,0.6105289493032057
PROD_01577,2026-02-17 07:48:35.431810604,43.8,Bac+2,0.5,K1201,84140,1.0,0,Cumul de difficultés. Pas de moyen de transport et garde d'enfants complexe.,0,0,0.6355737607073477,0.2225153990466502,0.1419108402460021
PROD_01578,2026-02-17 08:31:48.276092031,42.8,Sans diplôme,0.9,K2101,25066,1.0,0,"Profil autonome, recherche active, aucun frein périphérique identifié.",0,0,0.7077733073438354,0.14539972914457305,0.14682696351159158
PROD_01579,2026-02-17 09:15:01.120373458,54.8,Bac+2,3.4,M1602,64118,1.0,0,Projet de reconversion à affiner. Besoin d'une formation complémentaire.,2,2,0.17828016130551344,0.17012061962023678,0.6515992190742499
PROD_01580,2026-02-17 09:58:13.964654885,18.8,Bac,4.2,K2101,21253,1.0,1,Compétences à réactualiser sur les outils numériques. Motivation correcte.,1,1,0.2003877878104447,0.661712824634452,0.13789938755510323
PROD_01581,2026-02-17 10:41:26.808936312,54.8,Bac,1.9,N4101,31352,1.0,0,"Candidat très dynamique, mobilité nationale validée. Projet clair.",1,1,0.1579110707147915,0.7112948197542819,0.13079410953092663
PROD_01582,2026-02-17 11:24:39.653217739,57.8,Bac,0.5,J1301,56052,1.0,0,"Excellente présentation, compétences techniques à jour. Reprise rapide visée.",1,1,0.16691405327781825,0.6123713395250773,0.22071460719710445
PROD_01583,2026-02-17 12:07:52.497499166,19.8,Bac+2,6.4,H2502,76034,1.0,0,Projet de reconversion à affiner. Besoin d'une formation complémentaire.,1,1,0.17067015212805192,0.5955711831396308,0.23375866473231732
PROD_01584,2026-02-17 12:51:05.341780594,34.8,Bac+2,1.5,K2106,27654,0.0,0,"Candidat très dynamique, mobilité nationale validée. Projet clair.",0,0,0.7088229209458674,0.15570924003486114,0.13546783901927145
PROD_01585,2026-02-17 13:34:18.186062021,37.8,Bac+5,0.6,D1503,70368,0.0,0,"Perte de confiance importante. Risque d'exclusion, barrière de la langue.",0,0,0.663997606581464,0.18447479799522165,0.15152759542331434
PROD_01586,2026-02-17 14:17:31.030343448,41.8,Bac,1.3,J1506,25425,1.0,0,"Perte de confiance importante. Risque d'exclusion, barrière de la langue.",0,0,0.60086698682744,0.2080750476945391,0.1910579654780209
PROD_01587,2026-02-17 15:00:43.874624875,56.8,Bac+2,1.4,D1210,25202,1.0,0,Projet de reconversion à affiner. Besoin d'une formation complémentaire.,1,1,0.16461097361380217,0.6738933953628117,0.16149563102338615
PROD_01588,2026-02-17 15:43:56.718906302,38.8,Bac+5,0.7,N1303,08278,0.0,1,"Candidat très dynamique, mobilité nationale validée. Projet clair.",0,0,0.6518925736146186,0.1862939533822968,0.1618134730030846
PROD_01589,2026-02-17 16:27:09.563187729,31.8,Bac+2,3.2,M1501,11272,1.0,0,Cumul de difficultés. Pas de moyen de transport et garde d'enfants complexe.,1,1,0.21348813916768133,0.5955115847115958,0.1910002761207229
PROD_01590,2026-02-17 17:10:22.407469156,26.8,Bac+2,0.7,M1805,09116,1.0,0,"Profil autonome, recherche active, aucun frein périphérique identifié.",0,0,0.6325621917380386,0.19390627847552136,0.17353152978644001
PROD_01591,2026-02-17 17:53:35.251750584,63.8,Bac,1.0,M1805,21084,1.0,0,Projet de reconversion à affiner. Besoin d'une formation complémentaire.,1,1,0.2268126193738026,0.5954891000983296,0.17769828052786785
PROD_01592,2026-02-17 18:36:48.096032011,55.8,Sans diplôme,4.7,G1302,06153,0.0,0,Cumul de difficultés. Pas de moyen de transport et garde d'enfants complexe.,2,2,0.1281178023002451,0.17879310840125787,0.693089089298497
PROD_01593,2026-02-17 19:20:00.940313438,41.8,Sans diplôme,1.1,K1601,52083,1.0,0,"Candidat très dynamique, mobilité nationale validée. Projet clair.",2,2,0.14597799438243028,0.2583107321078576,0.5957112735097121
PROD_01594,2026-02-17 20:03:13.784594865,41.8,Sans diplôme,2.7,A1301,17234,1.0,0,"Excellente présentation, compétences techniques à jour. Reprise rapide visée.",1,1,0.1695447693767736,0.6324908851032859,0.19796434551994058
PROD_01595,2026-02-17 20:46:26.628876292,52.8,Bac+2,2.7,G1302,08498,1.0,0,"Candidat très dynamique, mobilité nationale validée. Projet clair.",1,1,0.13338659880809928,0.5971471039176538,0.26946629727424687
PROD_01596,2026-02-17 21:29:39.473157719,48.8,Bac+2,0.8,M1805,54507,1.0,0,"Candidat très dynamique, mobilité nationale validée. Projet clair.",0,0,0.6034072830456074,0.20828051205272646,0.1883122049016661
PROD_01597,2026-02-17 22:12:52.317439146,50.8,Bac,1.5,K1304,31449,1.0,0,Projet de reconversion à affiner. Besoin d'une formation complémentaire.,1,1,0.15185222132477788,0.7057690081825898,0.14237877049263226
PROD_01598,2026-02-17 22:56:05.161720574,63.8,Bac,1.8,M1203,23045,0.0,0,Projet de reconversion à affiner. Besoin d'une formation complémentaire.,1,1,0.13366441054600967,0.69907636812771,0.16725922132628035
PROD_01599,2026-02-17 23:39:18.006002001,26.8,Sans diplôme,2.3,J1301,67295,1.0,0,Cumul de difficultés. Pas de moyen de transport et garde d'enfants complexe.,0,0,0.6979905042412073,0.1435961485345304,0.15841334722426226
PROD_01600,2026-02-18 00:22:30.850283428,43.8,Bac+2,1.8,D1210,31408,0.0,0,"Profil autonome, recherche active, aucun frein périphérique identifié.",0,0,0.6396295046081371,0.16498979388895652,0.19538070150290643
PROD_01601,2026-02-18 01:05:43.694564855,25.8,Bac,0.7,A1202,51445,1.0,0,Compétences à réactualiser sur les outils numériques. Motivation correcte.,1,1,0.14922157670139347,0.7064235672749689,0.14435485602363762
PROD_01602,2026-02-18 01:48:56.538846282,26.8,Bac,3.2,M1501,51611,1.0,0,"Profil autonome, recherche active, aucun frein périphérique identifié.",0,0,0.6192817820862182,0.22537992671450183,0.15533829119927997
PROD_01603,2026-02-18 02:32:09.383127709,27.8,Bac+2,4.1,M1607,50124,1.0,0,Projet de reconversion à affiner. Besoin d'une formation complémentaire.,1,1,0.19445521209682223,0.6572081464306613,0.14833664147251646
PROD_01604,2026-02-18 03:15:22.227409136,55.8,Bac+2,7.8,D1210,11283,0.0,0,"Candidat très dynamique, mobilité nationale validée. Projet clair.",2,2,0.13563792876945072,0.2128080616608637,0.6515540095696857
PROD_01605,2026-02-18 03:58:35.071690564,27.8,Bac+2,10.0,J1506,62737,1.0,0,Problème ponctuel de mobilité géographique. Zone mal desservie.,1,1,0.22195591417039995,0.6006989884516194,0.17734509737798065
PROD_01606,2026-02-18 04:41:47.915971991,46.8,Bac+2,6.0,N4101,24510,0.0,0,"Perte de confiance importante. Risque d'exclusion, barrière de la langue.",2,2,0.15555801422472176,0.20761972183816219,0.6368222639371162
PROD_01607,2026-02-18 05:25:00.760253418,61.8,Bac,3.1,C1501,70567,1.0,0,Cumul de difficultés. Pas de moyen de transport et garde d'enfants complexe.,1,1,0.18671154585577895,0.6074727541904964,0.20581569995372462
PROD_01608,2026-02-18 06:08:13.604534845,61.8,Sans diplôme,0.1,K1304,46140,0.0,0,"Candidat très dynamique, mobilité nationale validée. Projet clair.",2,2,0.2249890557915044,0.1373297658315487,0.6376811783769469
PROD_01609,2026-02-18 06:51:26.448816272,44.8,Bac,0.2,N1301,13071,1.0,0,"Perte de confiance importante. Risque d'exclusion, barrière de la langue.",2,2,0.20491398222783014,0.19071080181098904,0.6043752159611808
PROD_01610,2026-02-18 07:34:39.293097699,31.8,Sans diplôme,0.5,D1503,79046,0.0,0,"Profil autonome, recherche active, aucun frein périphérique identifié.",2,2,0.15456019299875678,0.13208136525289355,0.7133584417483496
PROD_01611,2026-02-18 08:17:52.137379126,44.8,Bac+5,0.6,D1503,04151,1.0,0,"Perte de confiance importante. Risque d'exclusion, barrière de la langue.",0,0,0.6723688984833256,0.1806047339707273,0.1470263675459471
PROD_01612,2026-02-18 09:01:04.981660554,34.8,Sans diplôme,3.0,K1903,38275,0.0,0,Freins périphériques majeurs. Situation d'illettrisme numérique constatée.,1,1,0.13959038952661834,0.7183364001599055,0.14207321031347608
PROD_01613,2026-02-18 09:44:17.825941981,55.8,Sans diplôme,3.0,J1301,08119,1.0,0,Compétences à réactualiser sur les outils numériques. Motivation correcte.,1,1,0.12756893665459165,0.5990830120300596,0.2733480513153487
PROD_01614,2026-02-18 10:27:30.670223408,32.8,Bac,0.6,A1401,71248,1.0,0,Cumul de difficultés. Pas de moyen de transport et garde d'enfants complexe.,1,1,0.23168016719992895,0.6213644291058147,0.14695540369425641
PROD_01615,2026-02-18 11:10:43.514504835,49.8,Bac,0.9,M1501,42086,1.0,0,Projet de reconversion à affiner. Besoin d'une formation complémentaire.,1,1,0.2183635984825003,0.6259112008158655,0.1557252007016342
PROD_01616,2026-02-18 11:53:56.358786262,29.8,Bac,0.6,A1202,39041,1.0,0,Cumul de difficultés. Pas de moyen de transport et garde d'enfants complexe.,2,2,0.17114518557878178,0.21860046406700573,0.6102543503542125
PROD_01617,2026-02-18 12:37:09.203067689,41.8,Bac+2,4.8,H1504,26145,1.0,0,"Candidat très dynamique, mobilité nationale validée. Projet clair.",0,0,0.6026679419541399,0.2503907525353676,0.14694130551049256
PROD_01618,2026-02-18 13:20:22.047349116,34.8,Bac,0.1,D1210,50592,1.0,0,"Candidat très dynamique, mobilité nationale validée. Projet clair.",0,0,0.6003813223424886,0.17432375649537352,0.22529492116213784
PROD_01619,2026-02-18 14:03:34.891630544,46.8,Bac+2,0.3,J1301,03218,1.0,0,"Perte de confiance importante. Risque d'exclusion, barrière de la langue.",0,0,0.62951729769533,0.2426195434832204,0.12786315882144955
PROD_01620,2026-02-18 14:46:47.735911971,20.8,Bac+2,6.2,K1304,08003,1.0,0,Cumul de difficultés. Pas de moyen de transport et garde d'enfants complexe.,1,1,0.13956407738615995,0.6670062773782491,0.19342964523559092
PROD_01621,2026-02-18 15:30:00.580193398,28.8,Bac,1.2,N4301,33090,0.0,1,Projet de reconversion à affiner. Besoin d'une formation complémentaire.,1,1,0.17036926341301334,0.6608576053716357,0.16877313121535087
PROD_01622,2026-02-18 16:13:13.424474825,53.8,Bac+5,4.0,M1203,51517,0.0,0,Compétences à réactualiser sur les outils numériques. Motivation correcte.,1,1,0.20272068969186363,0.620036665621599,0.1772426446865374
PROD_01623,2026-02-18 16:56:26.268756252,35.8,Bac,4.7,A1301,61442,0.0,0,"Excellente présentation, compétences techniques à jour. Reprise rapide visée.",1,1,0.18388300012339417,0.6031873176481743,0.21292968222843145
PROD_01624,2026-02-18 17:39:39.113037679,61.8,Bac+5,2.5,A1203,62864,1.0,0,Problème ponctuel de mobilité géographique. Zone mal desservie.,1,1,0.17548412966903423,0.676797946989185,0.1477179233417807
PROD_01625,2026-02-18 18:22:51.957319106,56.8,Bac+2,1.7,D1502,62691,0.0,0,Freins périphériques majeurs. Situation d'illettrisme numérique constatée.,1,1,0.14842027377432646,0.5974812535050421,0.25409847272063146
PROD_01626,2026-02-18 19:06:04.801600534,41.8,Bac+5,3.3,N1101,59473,1.0,0,"Candidat très dynamique, mobilité nationale validée. Projet clair.",0,0,0.599834223461971,0.1366135683028789,0.2635522082351501
PROD_01627,2026-02-18 19:49:17.645881961,42.8,Bac+2,6.8,K1403,73191,1.0,0,"Profil autonome, recherche active, aucun frein périphérique identifié.",0,0,0.6307698605233854,0.1783906952007845,0.19083944427583016
PROD_01628,2026-02-18 20:32:30.490163388,41.8,Bac+5,0.8,M1501,2A331,1.0,0,"Excellente présentation, compétences techniques à jour. Reprise rapide visée.",0,0,0.6457992303378073,0.15062308885091644,0.20357768081127628
PROD_01629,2026-02-18 21:15:43.334444815,38.8,Bac+2,6.5,K1304,33532,1.0,0,Compétences à réactualiser sur les outils numériques. Motivation correcte.,1,1,0.1678731935133719,0.6843371884402267,0.14778961804640134
PROD_01630,2026-02-18 21:58:56.178726242,40.8,Bac+2,0.6,A1203,74085,1.0,0,Projet de reconversion à affiner. Besoin d'une formation complémentaire.,1,1,0.24768829790190608,0.6158813570548344,0.13643034504325957
PROD_01631,2026-02-18 22:42:09.023007669,26.8,Bac,1.1,G1601,89397,1.0,0,"Candidat très dynamique, mobilité nationale validée. Projet clair.",0,0,0.6132227138524391,0.20969950284892785,0.17707778329863305
PROD_01632,2026-02-18 23:25:21.867289096,26.8,Bac+2,1.9,D1401,76014,1.0,0,Projet de reconversion à affiner. Besoin d'une formation complémentaire.,0,0,0.6346376194345751,0.1614637174380735,0.20389866312735141
PROD_01633,2026-02-19 00:08:34.711570524,39.8,Bac+2,0.2,J1506,12286,1.0,0,"Profil autonome, recherche active, aucun frein périphérique identifié.",0,0,0.6433832164457696,0.18189348639623906,0.17472329715799137
PROD_01634,2026-02-19 00:51:47.555851951,57.8,Bac,3.5,D1406,86098,0.0,0,"Perte de confiance importante. Risque d'exclusion, barrière de la langue.",2,2,0.16294527374816756,0.22376222888148944,0.613292497370343
PROD_01635,2026-02-19 01:35:00.400133378,18.8,Bac,7.6,M1705,77171,1.0,0,Freins périphériques majeurs. Situation d'illettrisme numérique constatée.,0,0,0.60971150712169,0.20931610937569264,0.18097238350261738
PROD_01636,2026-02-19 02:18:13.244414805,52.8,Bac+2,2.7,G1302,08498,1.0,0,"Candidat très dynamique, mobilité nationale validée. Projet clair.",1,1,0.1392955498774432,0.6315906769799247,0.22911377314263215
PROD_01637,2026-02-19 03:01:26.088696232,21.8,Bac+2,1.0,K1201,51296,1.0,0,"Profil autonome, recherche active, aucun frein périphérique identifié.",0,0,0.6422581876036133,0.21025922672583053,0.14748258567055617
PROD_01638,2026-02-19 03:44:38.932977659,29.8,Sans diplôme,2.6,A1203,88258,0.0,0,Cumul de difficultés. Pas de moyen de transport et garde d'enfants complexe.,2,2,0.16137487468350592,0.1618916522505226,0.6767334730659714
PROD_01639,2026-02-19 04:27:51.777259086,54.8,Bac+2,1.6,K2106,52039,1.0,0,Compétences à réactualiser sur les outils numériques. Motivation correcte.,1,1,0.20054440971057325,0.6124013679404556,0.18705422234897107
PROD_01640,2026-02-19 05:11:04.621540514,33.8,Bac,2.2,A1203,21295,1.0,0,Compétences à réactualiser sur les outils numériques. Motivation correcte.,1,1,0.2341013807031301,0.6060707126063065,0.15982790669056335
PROD_01641,2026-02-19 05:54:17.465821941,54.8,Bac+2,2.1,C1110,58040,1.0,0,Compétences à réactualiser sur les outils numériques. Motivation correcte.,1,1,0.160874150164491,0.6720211845897275,0.1671046652457815
PROD_01642,2026-02-19 06:37:30.310103368,45.8,Bac,13.3,A1203,65073,1.0,0,Projet de reconversion à affiner. Besoin d'une formation complémentaire.,1,1,0.2071410279924268,0.6139625943842439,0.17889637762332922
PROD_01643,2026-02-19 07:20:43.154384795,61.8,Bac+2,3.3,W1401,55338,0.0,0,Freins périphériques majeurs. Situation d'illettrisme numérique constatée.,2,2,0.15792730124154408,0.2014037901577348,0.6406689086007211
PROD_01644,2026-02-19 08:03:55.998666222,46.8,Bac+5,10.8,C1302,31171,1.0,0,"Excellente présentation, compétences techniques à jour. Reprise rapide visée.",0,0,0.7255371834556604,0.1351010364617384,0.13936178008260117
PROD_01645,2026-02-19 08:47:08.842947649,34.8,Bac,2.3,N1303,88108,0.0,1,Compétences à réactualiser sur les outils numériques. Motivation correcte.,1,1,0.15213803704546833,0.6811918739550182,0.1666700889995134
PROD_01646,2026-02-19 09:30:21.687229076,41.8,Sans diplôme,1.3,C1501,88461,1.0,0,Projet de reconversion à affiner. Besoin d'une formation complémentaire.,1,1,0.22968836747520388,0.6008621256508987,0.16944950687389737
PROD_01647,2026-02-19 10:13:34.531510504,51.8,Bac+5,4.3,A1501,67198,0.0,0,"Excellente présentation, compétences techniques à jour. Reprise rapide visée.",0,0,0.6512708906318747,0.1833764712307689,0.1653526381373564
PROD_01648,2026-02-19 10:56:47.375791931,46.8,Bac+2,0.2,K1903,40035,1.0,1,Projet de reconversion à affiner. Besoin d'une formation complémentaire.,1,1,0.21912061779248887,0.6258373924578233,0.15504198974968775
PROD_01649,2026-02-19 11:40:00.220073358,41.8,Bac+5,1.8,D1503,60449,1.0,0,"Excellente présentation, compétences techniques à jour. Reprise rapide visée.",0,0,0.6505721078465508,0.14904500647909721,0.20038288567435195
PROD_01650,2026-02-19 12:23:13.064354785,18.8,Bac+2,0.7,G1302,67101,1.0,0,"Candidat très dynamique, mobilité nationale validée. Projet clair.",2,2,0.18142127546616316,0.19037579834122362,0.6282029261926132
PROD_01651,2026-02-19 13:06:25.908636212,26.8,Bac+2,6.9,K1403,16121,1.0,0,"Candidat très dynamique, mobilité nationale validée. Projet clair.",0,0,0.6094548201277434,0.239756836101073,0.15078834377118355
PROD_01652,2026-02-19 13:49:38.752917639,18.8,Bac,5.3,M1801,12282,0.0,0,"Excellente présentation, compétences techniques à jour. Reprise rapide visée.",0,0,0.6624486767314324,0.15842506965085215,0.17912625361771548
PROD_01653,2026-02-19 14:32:51.597199066,42.8,Bac+5,0.9,K1403,71588,1.0,0,"Profil autonome, recherche active, aucun frein périphérique identifié.",0,0,0.6965596769717235,0.1726351451084161,0.1308051779198604
PROD_01654,2026-02-19 15:16:04.441480494,19.8,Sans diplôme,4.0,M1802,84083,0.0,0,Problème ponctuel de mobilité géographique. Zone mal desservie.,1,1,0.16537351227435665,0.5991371813369132,0.2354893063887301
PROD_01655,2026-02-19 15:59:17.285761921,31.8,Bac+5,3.3,M1501,77308,1.0,0,Problème ponctuel de mobilité géographique. Zone mal desservie.,2,2,0.15818774647997808,0.21900761634462781,0.622804637175394
PROD_01656,2026-02-19 16:42:30.130043348,26.8,Bac+2,1.2,M1203,45044,1.0,0,"Perte de confiance importante. Risque d'exclusion, barrière de la langue.",0,0,0.6353948220244673,0.19134836611047984,0.17325681186505287
PROD_01657,2026-02-19 17:25:42.974324775,30.8,Bac+2,6.1,K1403,47131,1.0,0,Cumul de difficultés. Pas de moyen de transport et garde d'enfants complexe.,0,0,0.6131001468780165,0.20656943307419584,0.18033042004778765
PROD_01658,2026-02-19 18:08:55.818606202,29.8,Bac+2,0.2,K1304,78334,1.0,0,"Perte de confiance importante. Risque d'exclusion, barrière de la langue.",2,2,0.1806903022487669,0.18685575181438768,0.6324539459368455
PROD_01659,2026-02-19 18:52:08.662887629,56.8,Bac+5,4.6,G1302,85147,1.0,0,Cumul de difficultés. Pas de moyen de transport et garde d'enfants complexe.,2,2,0.175686379569445,0.1920000130021744,0.6323136074283806
PROD_01660,2026-02-19 19:35:21.507169056,52.8,Sans diplôme,10.9,K2101,89261,0.0,0,"Candidat très dynamique, mobilité nationale validée. Projet clair.",2,2,0.23767152981600756,0.1366605984140066,0.6256678717699858
PROD_01661,2026-02-19 20:18:34.351450484,46.8,Bac+5,0.1,D1502,17442,1.0,0,"Candidat très dynamique, mobilité nationale validée. Projet clair.",0,0,0.5962152979631248,0.2229467033093044,0.1808379987275708
PROD_01662,2026-02-19 21:01:47.195731911,47.8,Bac+5,1.7,C1302,69024,1.0,0,"Candidat très dynamique, mobilité nationale validée. Projet clair.",0,0,0.6691615417647448,0.15851008663830213,0.17232837159695302
PROD_01663,2026-02-19 21:45:00.040013338,61.8,Bac+5,2.5,A1203,62864,1.0,0,Problème ponctuel de mobilité géographique. Zone mal desservie.,1,1,0.20933597129845916,0.618344872944742,0.1723191557567988
PROD_01664,2026-02-19 22:28:12.884294765,34.8,Sans diplôme,17.4,N1101,09297,0.0,0,"Candidat très dynamique, mobilité nationale validée. Projet clair.",0,0,0.6877256958922939,0.15282407000799594,0.15945023409971013
PROD_01665,2026-02-19 23:11:25.728576192,61.8,Bac+5,0.1,A1401,77372,1.0,0,Freins périphériques majeurs. Situation d'illettrisme numérique constatée.,2,2,0.17398529701025353,0.20731190757783136,0.6187027954119151
PROD_01666,2026-02-19 23:54:38.572857619,41.8,Bac+2,1.1,H1206,16189,1.0,0,"Perte de confiance importante. Risque d'exclusion, barrière de la langue.",0,0,0.6714922195405932,0.1444085339922048,0.18409924646720197
PROD_01667,2026-02-20 00:37:51.417139046,28.8,Bac,0.1,H1504,06076,0.0,0,"Perte de confiance importante. Risque d'exclusion, barrière de la langue.",1,1,0.17683961001025342,0.6246860273670862,0.19847436262266038
PROD_01668,2026-02-20 01:21:04.261420474,27.8,Bac+2,1.6,H1206,33168,1.0,1,Compétences à réactualiser sur les outils numériques. Motivation correcte.,1,1,0.20736508017975216,0.6615789504248324,0.13105596939541542
PROD_01669,2026-02-20 02:04:17.105701901,50.8,Sans diplôme,1.9,D1503,45307,0.0,0,"Profil autonome, recherche active, aucun frein périphérique identifié.",0,0,0.6885120902819096,0.1458813053705402,0.16560660434755017
PROD_01670,2026-02-20 02:47:29.949983328,53.8,Bac,0.1,H1206,01031,0.0,0,"Excellente présentation, compétences techniques à jour. Reprise rapide visée.",1,1,0.24240575402475234,0.6168493887227664,0.1407448572524812
PROD_01671,2026-02-20 03:30:42.794264755,27.8,Bac,4.4,K1304,08376,1.0,0,Problème ponctuel de mobilité géographique. Zone mal desservie.,0,0,0.5969018962467986,0.2603926440264148,0.1427054597267866
PROD_01672,2026-02-20 04:13:55.638546182,33.8,Sans diplôme,1.3,A1401,04137,1.0,0,Compétences à réactualiser sur les outils numériques. Motivation correcte.,1,1,0.2333247411919512,0.6044352951977395,0.16223996361030923
PROD_01673,2026-02-20 04:57:08.482827609,48.8,Bac+2,4.4,M1203,57717,0.0,0,"Candidat très dynamique, mobilité nationale validée. Projet clair.",0,0,0.599240312166205,0.2536048584113229,0.1471548294224721
PROD_01674,2026-02-20 05:40:21.327109036,25.8,Sans diplôme,1.6,G1302,22068,1.0,0,Problème ponctuel de mobilité géographique. Zone mal desservie.,1,1,0.1337949369704129,0.6062375930647772,0.2599674699648099
PROD_01675,2026-02-20 06:23:34.171390464,32.8,Bac+2,7.6,K1201,38512,1.0,0,"Profil autonome, recherche active, aucun frein périphérique identifié.",0,0,0.6033217069847058,0.15676632398701967,0.23991196902827455
PROD_01676,2026-02-20 07:06:47.015671891,41.8,Bac+5,0.5,G1801,18100,0.0,0,"Candidat très dynamique, mobilité nationale validée. Projet clair.",0,0,0.6991965133121785,0.13336141204121993,0.1674420746466016
PROD_01677,2026-02-20 07:49:59.859953318,50.8,Sans diplôme,1.8,M1806,70167,1.0,0,"Profil autonome, recherche active, aucun frein périphérique identifié.",1,1,0.13780046297040605,0.6180027275394075,0.2441968094901864
PROD_01678,2026-02-20 08:33:12.704234745,53.8,Bac+2,4.0,M1203,51517,0.0,0,Compétences à réactualiser sur les outils numériques. Motivation correcte.,1,1,0.17417799090196054,0.6548800856500281,0.1709419234480114
PROD_01679,2026-02-20 09:16:25.548516172,31.8,Bac,0.5,K2111,25249,0.0,0,"Candidat très dynamique, mobilité nationale validée. Projet clair.",0,0,0.5983112344097898,0.13872391562288477,0.2629648499673254
PROD_01680,2026-02-20 09:59:38.392797599,19.8,Bac,2.1,C1302,72226,1.0,0,Information non renseignee,1,1,0.1678119141999521,0.6706064454249481,0.1615816403750998
PROD_01681,2026-02-20 10:42:51.237079026,45.8,Bac+5,1.4,C1302,12290,1.0,0,"Profil autonome, recherche active, aucun frein périphérique identifié.",0,0,0.7225553999006169,0.1340812611483363,0.1433633389510468
PROD_01682,2026-02-20 11:26:04.081360454,32.8,Bac+2,0.2,A1301,11120,1.0,0,"Candidat très dynamique, mobilité nationale validée. Projet clair.",0,0,0.6665911459865159,0.15566703402987284,0.17774181998361124
PROD_01683,2026-02-20 12:09:16.925641881,23.8,Bac+2,5.7,M1801,29172,1.0,0,"Profil autonome, recherche active, aucun frein périphérique identifié.",0,0,0.6622970871935513,0.18439299713148408,0.15330991567496463
PROD_01684,2026-02-20 12:52:29.769923308,51.8,Bac+2,1.5,A1301,70411,1.0,1,Freins périphériques majeurs. Situation d'illettrisme numérique constatée.,2,2,0.14825259899347284,0.13958382997348232,0.7121635710330448
PROD_01685,2026-02-20 13:35:42.614204735,62.8,Bac+2,0.9,F1603,70200,1.0,1,Projet de reconversion à affiner. Besoin d'une formation complémentaire.,2,2,0.13546374469310246,0.20686784389123808,0.6576684114156595
PROD_01686,2026-02-20 14:18:55.458486162,62.8,Sans diplôme,0.5,A1501,28342,0.0,0,Freins périphériques majeurs. Situation d'illettrisme numérique constatée.,1,1,0.2200361142988296,0.6343469998719831,0.1456168858291873
PROD_01687,2026-02-20 15:02:08.302767589,42.8,Bac,1.8,G1601,45173,1.0,0,Problème ponctuel de mobilité géographique. Zone mal desservie.,0,0,0.6147398724711189,0.14706019965155204,0.23819992787732902
PROD_01688,2026-02-20 15:45:21.147049016,29.8,Sans diplôme,0.4,G1601,22112,0.0,0,Cumul de difficultés. Pas de moyen de transport et garde d'enfants complexe.,1,1,0.20548950347345088,0.6030268677470765,0.19148362877947267
PROD_01689,2026-02-20 16:28:33.991330444,43.8,Bac,2.4,M1801,16284,0.0,0,"Excellente présentation, compétences techniques à jour. Reprise rapide visée.",0,0,0.6122603575392609,0.1296159112696364,0.2581237311911027
PROD_01690,2026-02-20 17:11:46.835611871,40.8,Bac+5,0.7,M1607,91021,1.0,0,"Candidat très dynamique, mobilité nationale validée. Projet clair.",0,0,0.6142369634997132,0.1353831131099012,0.25037992339038556
PROD_01691,2026-02-20 17:54:59.679893298,53.8,Bac+2,3.0,I1304,53263,0.0,0,"Candidat très dynamique, mobilité nationale validée. Projet clair.",1,1,0.22938175320775295,0.6104532500262291,0.16016499676601803
PROD_01692,2026-02-20 18:38:12.524174725,44.8,Bac+5,2.5,C1102,34286,1.0,0,"Excellente présentation, compétences techniques à jour. Reprise rapide visée.",0,0,0.7041443784512142,0.14529925934853782,0.15055636220024793
PROD_01693,2026-02-20 19:21:25.368456152,47.8,Bac+2,0.0,A1301,08006,1.0,0,Compétences à réactualiser sur les outils numériques. Motivation correcte.,1,1,0.16589596863023903,0.671906416878035,0.16219761449172598
PROD_01694,2026-02-20 20:04:38.212737579,60.8,Bac,5.9,C1501,70516,1.0,0,"Excellente présentation, compétences techniques à jour. Reprise rapide visée.",0,0,0.6914734937044282,0.13233192856124473,0.17619457773432703
PROD_01695,2026-02-20 20:47:51.057019006,56.8,Bac+5,0.1,M1806,80056,1.0,0,Projet de reconversion à affiner. Besoin d'une formation complémentaire.,0,0,0.6991583122384835,0.14391315292453755,0.156928534836979
PROD_01696,2026-02-20 21:31:03.901300434,34.8,Bac,1.1,M1802,89388,0.0,0,"Profil autonome, recherche active, aucun frein périphérique identifié.",0,0,0.6357267415388138,0.22811458864748596,0.13615866981370023
PROD_01697,2026-02-20 22:14:16.745581861,42.8,Bac+2,4.1,F1603,87199,0.0,0,Information non renseignee,1,1,0.23052343222580146,0.6119242240444227,0.1575523437297759
PROD_01698,2026-02-20 22:57:29.589863288,61.8,Bac,6.6,H1206,39184,1.0,0,Projet de reconversion à affiner. Besoin d'une formation complémentaire.,1,1,0.18771863612327155,0.6506692909632397,0.16161207291348878
PROD_01699,2026-02-20 23:40:42.434144715,37.8,Sans diplôme,5.7,C1110,67060,0.0,1,Freins périphériques majeurs. Situation d'illettrisme numérique constatée.,2,2,0.14981027187703616,0.13362475369528817,0.7165649744276756
PROD_01700,2026-02-21 00:23:55.278426142,33.9,Sans diplôme,2.3,G1602,70240,0.0,0,"Candidat très dynamique, mobilité nationale validée. Projet clair.",0,0,0.6800175565042232,0.15807587441037235,0.1619065690854044
PROD_01701,2026-02-21 01:07:08.122707569,54.9,Sans diplôme,1.6,C1102,03229,1.0,0,Freins périphériques majeurs. Situation d'illettrisme numérique constatée.,2,2,0.18732357400320399,0.1702090937728207,0.6424673322239753
PROD_01702,2026-02-21 01:50:20.966988996,30.9,Bac+2,4.5,D1401,32316,1.0,0,"Excellente présentation, compétences techniques à jour. Reprise rapide visée.",0,0,0.6325419163637275,0.14501667033992016,0.22244141329635236
PROD_01703,2026-02-21 02:33:33.811270424,27.9,Sans diplôme,0.6,N4301,08001,1.0,0,Projet de reconversion à affiner. Besoin d'une formation complémentaire.,1,1,0.25442743616350555,0.605683643489801,0.13988892034669353
PROD_01704,2026-02-21 03:16:46.655551851,61.9,Bac,2.0,M1602,79142,0.0,0,Cumul de difficultés. Pas de moyen de transport et garde d'enfants complexe.,2,2,0.14553940006739127,0.25283154192533064,0.6016290580072781
PROD_01705,2026-02-21 03:59:59.499833278,33.9,Bac+5,1.0,K1601,43188,1.0,0,Compétences à réactualiser sur les outils numériques. Motivation correcte.,0,0,0.651271648130159,0.13870930309704096,0.2100190487728
PROD_01706,2026-02-21 04:43:12.344114705,32.9,Bac+2,7.6,K1201,38512,1.0,0,"Profil autonome, recherche active, aucun frein périphérique identifié.",0,0,0.6395380864215735,0.1358287540563091,0.2246331595221174
PROD_01707,2026-02-21 05:26:25.188396132,21.9,Bac+2,5.2,M1203,63260,0.0,0,"Profil autonome, recherche active, aucun frein périphérique identifié.",0,0,0.5985511559867476,0.1518883255464844,0.24956051846676802
PROD_01708,2026-02-21 06:09:38.032677559,39.9,Sans diplôme,7.9,J1301,62768,1.0,0,Compétences à réactualiser sur les outils numériques. Motivation correcte.,2,2,0.12880167023432534,0.20953400046894924,0.6616643292967255
PROD_01709,2026-02-21 06:52:50.876958986,41.9,Bac+2,0.8,C1501,77255,0.0,0,Problème ponctuel de mobilité géographique. Zone mal desservie.,1,1,0.20248261356037797,0.656560795693515,0.140956590746107
PROD_01710,2026-02-21 07:36:03.721240414,40.9,Sans diplôme,1.0,C1302,47215,1.0,0,"Excellente présentation, compétences techniques à jour. Reprise rapide visée.",1,1,0.1809176019616088,0.6566079953814458,0.16247440265694546
PROD_01711,2026-02-21 08:19:16.565521841,41.9,Bac+5,10.6,N1301,27199,1.0,0,"Perte de confiance importante. Risque d'exclusion, barrière de la langue.",0,0,0.6046207435998461,0.21163546218548768,0.18374379421466625
PROD_01712,2026-02-21 09:02:29.409803268,38.9,Bac+2,1.9,K2106,43098,1.0,0,"Excellente présentation, compétences techniques à jour. Reprise rapide visée.",0,0,0.7320881760020967,0.12760745346027777,0.14030437053762548
PROD_01713,2026-02-21 09:45:42.254084695,57.9,Bac+5,9.6,K2101,72283,0.0,0,"Profil autonome, recherche active, aucun frein périphérique identifié.",0,0,0.6912287818895836,0.17593019034714646,0.13284102776326995
PROD_01714,2026-02-21 10:28:55.098366122,60.9,Bac+2,2.6,N1301,18171,0.0,0,Projet de reconversion à affiner. Besoin d'une formation complémentaire.,1,1,0.16084577616341794,0.6402844071298276,0.19886981670675452
PROD_01715,2026-02-21 11:12:07.942647549,62.9,Bac,0.1,G1602,47185,0.0,0,Freins périphériques majeurs. Situation d'illettrisme numérique constatée.,2,2,0.2505934382445631,0.13056671576222859,0.6188398459932083
PROD_01716,2026-02-21 11:55:20.786928976,59.9,Bac+2,0.0,N1303,38020,1.0,0,Compétences à réactualiser sur les outils numériques. Motivation correcte.,1,1,0.17774397064523245,0.6255617259441931,0.19669430341057448
PROD_01717,2026-02-21 12:38:33.631210404,23.9,Bac+2,4.6,K1903,59419,0.0,0,Compétences à réactualiser sur les outils numériques. Motivation correcte.,1,1,0.1934724587018256,0.6660045908050954,0.14052295049307895
PROD_01718,2026-02-21 13:21:46.475491831,42.9,Sans diplôme,12.7,C1501,69098,1.0,0,"Perte de confiance importante. Risque d'exclusion, barrière de la langue.",2,2,0.17854038362936664,0.22578722557917374,0.5956723907914596
PROD_01719,2026-02-21 14:04:59.319773258,56.9,Sans diplôme,0.3,D1401,01280,1.0,0,Freins périphériques majeurs. Situation d'illettrisme numérique constatée.,2,2,0.14157726435513313,0.1425278729036539,0.715894862741213
PROD_01720,2026-02-21 14:48:12.164054685,51.9,Sans diplôme,6.1,A1203,33238,0.0,0,Compétences à réactualiser sur les outils numériques. Motivation correcte.,1,1,0.2485723922377989,0.6182242996625555,0.13320330809964553
PROD_01721,2026-02-21 15:31:25.008336112,23.9,Sans diplôme,1.1,G1602,02579,1.0,1,Problème ponctuel de mobilité géographique. Zone mal desservie.,2,2,0.20997156856295424,0.14480839505365165,0.6452200363833942
PROD_01722,2026-02-21 16:14:37.852617539,35.9,Bac+2,1.9,M1801,86026,0.0,0,"Profil autonome, recherche active, aucun frein périphérique identifié.",0,0,0.6074776611779306,0.19550376615431395,0.1970185726677555
PROD_01723,2026-02-21 16:57:50.696898966,43.9,Bac,0.1,N4301,72021,0.0,0,Information non renseignee,1,1,0.18685456899788563,0.6560973627483185,0.1570480682537958
PROD_01724,2026-02-21 17:41:03.541180394,43.9,Bac,5.1,H1504,50054,1.0,0,"Profil autonome, recherche active, aucun frein périphérique identifié.",1,1,0.2643367537118873,0.6031252783967767,0.1325379678913361
PROD_01725,2026-02-21 18:24:16.385461821,29.9,Bac+5,8.5,A1203,67074,1.0,0,"Excellente présentation, compétences techniques à jour. Reprise rapide visée.",1,1,0.23963316610500424,0.607083482933585,0.15328335096141077
PROD_01726,2026-02-21 19:07:29.229743248,39.9,Bac+2,1.9,G1801,53181,1.0,0,Projet de reconversion à affiner. Besoin d'une formation complémentaire.,1,1,0.1402211902655937,0.6029730996359008,0.2568057100985055
PROD_01727,2026-02-21 19:50:42.074024675,39.9,Sans diplôme,3.0,K1201,39153,0.0,0,"Profil autonome, recherche active, aucun frein périphérique identifié.",1,1,0.14014765341473426,0.7010740723569194,0.15877827422834634
PROD_01728,2026-02-21 20:33:54.918306102,61.9,Sans diplôme,5.5,N1101,57524,1.0,0,"Profil autonome, recherche active, aucun frein périphérique identifié.",2,2,0.21509514628581064,0.16431499747921324,0.6205898562349761
PROD_01729,2026-02-21 21:17:07.762587529,29.9,Bac,8.1,H2502,14550,0.0,0,Compétences à réactualiser sur les outils numériques. Motivation correcte.,1,1,0.19558246022709613,0.6235909135668684,0.1808266262060355
PROD_01730,2026-02-21 22:00:20.606868956,56.9,Bac,3.3,M1607,01073,0.0,0,Cumul de difficultés. Pas de moyen de transport et garde d'enfants complexe.,2,2,0.13651769347277976,0.179988900850192,0.6834934056770282
PROD_01731,2026-02-21 22:43:33.451150384,63.9,Bac,7.1,D1401,58287,1.0,0,"Perte de confiance importante. Risque d'exclusion, barrière de la langue.",1,1,0.22819225466898946,0.6302216815644773,0.14158606376653327
PROD_01732,2026-02-21 23:26:46.295431811,46.9,Bac+5,2.0,D1210,31097,1.0,0,"Profil autonome, recherche active, aucun frein périphérique identifié.",0,0,0.6470808308942319,0.2205023436941188,0.13241682541164934
PROD_01733,2026-02-22 00:09:59.139713238,46.9,Bac+2,1.2,A1202,34225,1.0,0,Compétences à réactualiser sur les outils numériques. Motivation correcte.,1,1,0.144661364131972,0.6290359964178098,0.2263026394502181
PROD_01734,2026-02-22 00:53:11.983994665,32.9,Bac,3.3,C1302,11408,0.0,0,"Excellente présentation, compétences techniques à jour. Reprise rapide visée.",0,0,0.6497219869114899,0.20883160613054647,0.14144640695796368
PROD_01735,2026-02-22 01:36:24.828276092,26.9,Sans diplôme,3.8,K2106,60326,1.0,0,Cumul de difficultés. Pas de moyen de transport et garde d'enfants complexe.,1,1,0.13758589458502715,0.6617431607612562,0.2006709446537167
PROD_01736,2026-02-22 02:19:37.672557519,18.9,Bac+5,0.6,A1301,67028,0.0,1,Compétences à réactualiser sur les outils numériques. Motivation correcte.,1,1,0.14438840659959368,0.7260738082903739,0.12953778511003233
PROD_01737,2026-02-22 03:02:50.516838947,45.9,Sans diplôme,0.4,H1504,77268,1.0,0,Problème ponctuel de mobilité géographique. Zone mal desservie.,1,1,0.189766888261816,0.6485179460555467,0.16171516568263733
PROD_01738,2026-02-22 03:46:03.361120374,40.9,Bac+5,17.5,N1303,54007,0.0,0,Cumul de difficultés. Pas de moyen de transport et garde d'enfants complexe.,0,0,0.5980438543954063,0.21181810707720758,0.19013803852738612
PROD_01739,2026-02-22 04:29:16.205401801,41.9,Bac,1.8,I1304,88015,1.0,1,"Profil autonome, recherche active, aucun frein périphérique identifié.",2,2,0.17041107645536116,0.1912807676657407,0.6383081558788981
PROD_01740,2026-02-22 05:12:29.049683228,21.9,Bac+5,2.5,M1805,01054,0.0,0,Cumul de difficultés. Pas de moyen de transport et garde d'enfants complexe.,0,0,0.7265879384549223,0.1425043942442053,0.1309076673008724
PROD_01741,2026-02-22 05:55:41.893964655,59.9,Bac,0.3,M1805,43223,1.0,0,"Candidat très dynamique, mobilité nationale validée. Projet clair.",0,0,0.6556528141321846,0.14120460753216388,0.20314257833565155
PROD_01742,2026-02-22 06:38:54.738246082,26.9,Bac,9.7,G1801,83098,1.0,0,"Candidat très dynamique, mobilité nationale validée. Projet clair.",1,1,0.2063830558723546,0.6487553464949388,0.14486159763270656
PROD_01743,2026-02-22 07:22:07.582527510,57.9,Bac+2,0.3,N1303,14748,0.0,0,"Excellente présentation, compétences techniques à jour. Reprise rapide visée.",1,1,0.1297080499944174,0.7220296717771586,0.14826227822842397
PROD_01744,2026-02-22 08:05:20.426808937,38.9,Bac+2,4.9,M1203,22386,1.0,0,"Candidat très dynamique, mobilité nationale validée. Projet clair.",1,1,0.15466135412111384,0.6900258296218807,0.15531281625700544
PROD_01745,2026-02-22 08:48:33.271090364,36.9,Sans diplôme,3.1,W1401,45082,0.0,0,"Perte de confiance importante. Risque d'exclusion, barrière de la langue.",1,1,0.1506190410813711,0.7073839856377945,0.14199697328083438
PROD_01746,2026-02-22 09:31:46.115371791,33.9,Bac+2,0.8,H1206,51587,1.0,0,"Perte de confiance importante. Risque d'exclusion, barrière de la langue.",0,0,0.6499407761993858,0.1692765509574305,0.18078267284318367
PROD_01747,2026-02-22 10:14:58.959653218,25.9,Bac,1.1,F1603,71366,0.0,0,Cumul de difficultés. Pas de moyen de transport et garde d'enfants complexe.,2,2,0.18411482556574274,0.14040553678735668,0.6754796376469006
PROD_01748,2026-02-22 10:58:11.803934645,51.9,Sans diplôme,0.4,M1203,32367,1.0,0,"Excellente présentation, compétences techniques à jour. Reprise rapide visée.",2,2,0.17828547909435088,0.13662416875991487,0.6850903521457342
PROD_01749,2026-02-22 11:41:24.648216072,58.9,Sans diplôme,0.3,H1504,57689,0.0,0,"Profil autonome, recherche active, aucun frein périphérique identifié.",0,0,0.6481591829710498,0.20828353187768167,0.14355728515126853
PROD_01750,2026-02-22 12:24:37.492497500,62.9,Bac,7.2,K2111,85254,1.0,0,Problème ponctuel de mobilité géographique. Zone mal desservie.,1,1,0.12921735455500127,0.6654934764160352,0.20528916902896355
PROD_01751,2026-02-22 13:07:50.336778927,53.9,Bac,2.2,M1805,77455,0.0,0,Problème ponctuel de mobilité géographique. Zone mal desservie.,1,1,0.16973487688528693,0.6836664479874919,0.14659867512722125
PROD_01752,2026-02-22 13:51:03.181060354,57.9,Bac+2,2.0,N4101,32382,0.0,0,Problème ponctuel de mobilité géographique. Zone mal desservie.,1,1,0.14607805599511206,0.6521242534182038,0.20179769058668418
PROD_01753,2026-02-22 14:34:16.025341781,52.9,Bac,2.0,M1801,33280,1.0,0,"Perte de confiance importante. Risque d'exclusion, barrière de la langue.",0,0,0.6070578498881081,0.23117544742615556,0.16176670268573637
PROD_01754,2026-02-22 15:17:28.869623208,51.9,Bac+2,0.2,M1602,64060,1.0,0,"Perte de confiance importante. Risque d'exclusion, barrière de la langue.",2,2,0.240806602800921,0.1563529050200184,0.6028404921790605
PROD_01755,2026-02-22 16:00:41.713904635,51.9,Bac,2.7,M1806,16359,1.0,0,Problème ponctuel de mobilité géographique. Zone mal desservie.,1,1,0.22414808115045456,0.6072581034442712,0.16859381540527418
PROD_01756,2026-02-22 16:43:54.558186062,55.9,Bac+2,4.1,A1301,62760,1.0,0,"Candidat très dynamique, mobilité nationale validée. Projet clair.",0,0,0.5961591035677472,0.14697241830509328,0.25686847812715957
PROD_01757,2026-02-22 17:27:07.402467490,42.9,Bac+2,7.0,I1304,62830,0.0,0,Projet de reconversion à affiner. Besoin d'une formation complémentaire.,0,0,0.6133931372898223,0.19325921331220192,0.19334764939797583
PROD_01758,2026-02-22 18:10:20.246748917,24.9,Bac+2,2.5,M1806,68069,1.0,0,"Excellente présentation, compétences techniques à jour. Reprise rapide visée.",0,0,0.6749728504062867,0.18749559187389458,0.13753155771981868
PROD_01759,2026-02-22 18:53:33.091030344,57.9,Bac+2,1.0,G1602,37115,1.0,0,Projet de reconversion à affiner. Besoin d'une formation complémentaire.,1,1,0.15531277848198935,0.6391366778975313,0.20555054362047942
PROD_01760,2026-02-22 19:36:45.935311771,53.9,Bac+2,0.6,H1206,51613,1.0,0,Problème ponctuel de mobilité géographique. Zone mal desservie.,1,1,0.17745883475254884,0.6488292482849047,0.1737119169625464
PROD_01761,2026-02-22 20:19:58.779593198,25.9,Sans diplôme,0.6,C1201,63415,0.0,0,Projet de reconversion à affiner. Besoin d'une formation complémentaire.,0,0,0.6212592751707321,0.17784085398588406,0.20089987084338384
PROD_01762,2026-02-22 21:03:11.623874625,29.9,Bac+2,1.8,K2106,57485,1.0,0,"Profil autonome, recherche active, aucun frein périphérique identifié.",0,0,0.6597914482382202,0.1887031520502561,0.1515053997115237
PROD_01763,2026-02-22 21:46:24.468156052,63.9,Bac+2,0.3,G1801,08035,1.0,0,"Excellente présentation, compétences techniques à jour. Reprise rapide visée.",1,1,0.23588675799164616,0.6186166679106263,0.14549657409772754
PROD_01764,2026-02-22 22:29:37.312437480,59.9,Bac,7.0,K1304,26359,1.0,0,"Profil autonome, recherche active, aucun frein périphérique identifié.",0,0,0.6146209419927199,0.19650485299052872,0.1888742050167514
PROD_01765,2026-02-22 23:12:50.156718907,38.9,Sans diplôme,1.8,M1602,02423,1.0,0,Freins périphériques majeurs. Situation d'illettrisme numérique constatée.,2,2,0.16153578356144116,0.21185871766566372,0.6266054987728951
PROD_01766,2026-02-22 23:56:03.001000334,28.9,Bac+2,0.9,H2502,59327,1.0,0,Freins périphériques majeurs. Situation d'illettrisme numérique constatée.,0,0,0.6505556982877758,0.2134158367224543,0.1360284649897699
PROD_01767,2026-02-23 00:39:15.845281761,38.9,Bac+5,1.0,G1801,31583,1.0,0,Projet de reconversion à affiner. Besoin d'une formation complémentaire.,0,0,0.6392952610887719,0.20872052444986894,0.15198421446135918
PROD_01768,2026-02-23 01:22:28.689563188,28.9,Bac,0.1,C1201,27464,1.0,0,"Candidat très dynamique, mobilité nationale validée. Projet clair.",0,0,0.6812059460278506,0.15200615172039433,0.1667879022517551
PROD_01769,2026-02-23 02:05:41.533844615,60.9,Bac,2.8,H1206,88349,1.0,1,Freins périphériques majeurs. Situation d'illettrisme numérique constatée.,2,2,0.14267361547736662,0.15626854684421335,0.70105783767842
PROD_01770,2026-02-23 02:48:54.378126042,34.9,Bac,0.4,G1801,06058,0.0,0,Problème ponctuel de mobilité géographique. Zone mal desservie.,1,1,0.1397135676877728,0.6417247105343298,0.21856172177789746
PROD_01771,2026-02-23 03:32:07.222407470,43.9,Bac,3.4,K2106,36019,1.0,0,"Perte de confiance importante. Risque d'exclusion, barrière de la langue.",0,0,0.7391112223201652,0.13245393767181807,0.1284348400080167
PROD_01772,2026-02-23 04:15:20.066688897,51.9,Bac+2,3.2,G1203,02355,1.0,0,Cumul de difficultés. Pas de moyen de transport et garde d'enfants complexe.,2,2,0.22366865789721674,0.16128094203593193,0.6150504000668514
PROD_01773,2026-02-23 04:58:32.910970324,55.9,Bac+5,1.5,H1206,35256,1.0,0,Projet de reconversion à affiner. Besoin d'une formation complémentaire.,1,1,0.201115278207874,0.645405666442638,0.15347905534948802
PROD_01774,2026-02-23 05:41:45.755251751,38.9,Bac,0.2,M1705,02668,1.0,0,Cumul de difficultés. Pas de moyen de transport et garde d'enfants complexe.,0,0,0.642484848305404,0.20329525645028246,0.15421989524431357
PROD_01775,2026-02-23 06:24:58.599533178,61.9,Bac+5,1.0,K1903,33046,0.0,0,Freins périphériques majeurs. Situation d'illettrisme numérique constatée.,2,2,0.24128191425423323,0.15876214949084683,0.5999559362549198
PROD_01776,2026-02-23 07:08:11.443814605,22.9,Bac,1.9,K2106,29212,0.0,0,"Profil autonome, recherche active, aucun frein périphérique identifié.",0,0,0.6835846661315322,0.13198980274930544,0.18442553111916232
PROD_01777,2026-02-23 07:51:24.288096032,56.9,Bac,0.6,C1501,91434,1.0,0,Problème ponctuel de mobilité géographique. Zone mal desservie.,1,1,0.19850307500296127,0.6217698603145315,0.1797270646825072
PROD_01778,2026-02-23 08:34:37.132377460,28.9,Bac,1.1,G1801,80197,1.0,0,"Excellente présentation, compétences techniques à jour. Reprise rapide visée.",1,1,0.21361990529309494,0.6170156113481114,0.16936448335879362
PROD_01779,2026-02-23 09:17:49.976658887,49.9,Bac+2,4.8,C1110,32145,1.0,1,Problème ponctuel de mobilité géographique. Zone mal desservie.,1,1,0.1434089129358123,0.6770951684812888,0.17949591858289893
PROD_01780,2026-02-23 10:01:02.820940314,41.9,Bac+5,0.8,N1301,62882,0.0,0,"Candidat très dynamique, mobilité nationale validée. Projet clair.",0,0,0.600714535222436,0.14713030041946926,0.2521551643580947
PROD_01781,2026-02-23 10:44:15.665221741,18.9,Bac+2,5.3,M1602,51566,1.0,0,Compétences à réactualiser sur les outils numériques. Motivation correcte.,1,1,0.17131482683084903,0.6875422603830424,0.14114291278610847
PROD_01782,2026-02-23 11:27:28.509503168,19.9,Sans diplôme,2.9,G1203,53029,1.0,0,"Excellente présentation, compétences techniques à jour. Reprise rapide visée.",1,1,0.18082883302407834,0.6237593462449602,0.19541182073096142
PROD_01783,2026-02-23 12:10:41.353784595,31.9,Bac+2,1.1,A1301,78048,0.0,0,Compétences à réactualiser sur les outils numériques. Motivation correcte.,1,1,0.14833595639621633,0.626974154488748,0.22468988911503562
PROD_01784,2026-02-23 12:53:54.198066022,47.9,Bac,1.9,G1801,57491,1.0,0,Projet de reconversion à affiner. Besoin d'une formation complémentaire.,1,1,0.22562259039675142,0.6360318301734337,0.13834557942981485
PROD_01785,2026-02-23 13:37:07.042347450,18.9,Bac+5,0.5,H1504,57199,0.0,0,"Profil autonome, recherche active, aucun frein périphérique identifié.",0,0,0.5991800388988967,0.2545135772236802,0.14630638387742312
PROD_01786,2026-02-23 14:20:19.886628877,18.9,Bac+5,14.8,C1102,31455,1.0,0,"Excellente présentation, compétences techniques à jour. Reprise rapide visée.",0,0,0.6096188588714246,0.14506323023537485,0.2453179108932005
PROD_01787,2026-02-23 15:03:32.730910304,18.9,Bac+2,2.7,W1401,26058,1.0,0,Cumul de difficultés. Pas de moyen de transport et garde d'enfants complexe.,0,0,0.632348289651978,0.21803852684053465,0.14961318350748737
PROD_01788,2026-02-23 15:46:45.575191731,47.9,Bac+2,2.7,M1705,15159,1.0,0,"Perte de confiance importante. Risque d'exclusion, barrière de la langue.",0,0,0.6649818951520579,0.13735662106738672,0.19766148378055542
PROD_01789,2026-02-23 16:29:58.419473158,49.9,Sans diplôme,4.0,K1403,60028,1.0,0,Compétences à réactualiser sur les outils numériques. Motivation correcte.,1,1,0.18056632140199325,0.6169764062834352,0.20245727231457156
PROD_01790,2026-02-23 17:13:11.263754585,39.9,Bac,3.0,M1602,59013,1.0,0,Freins périphériques majeurs. Situation d'illettrisme numérique constatée.,1,1,0.12921018171341467,0.7064571230811991,0.16433269520538618
PROD_01791,2026-02-23 17:56:24.108036012,26.9,Sans diplôme,5.2,C1102,11033,0.0,0,Problème ponctuel de mobilité géographique. Zone mal desservie.,1,1,0.18577965284271422,0.5955384612941653,0.21868188586312043
PROD_01792,2026-02-23 18:39:36.952317440,19.9,Bac,0.3,C1201,77055,1.0,0,"Excellente présentation, compétences techniques à jour. Reprise rapide visée.",0,0,0.6943780659728496,0.16606198308865316,0.13955995093849727
PROD_01793,2026-02-23 19:22:49.796598867,52.9,Bac+5,1.3,C1201,40078,1.0,0,Compétences à réactualiser sur les outils numériques. Motivation correcte.,1,1,0.1882372348442027,0.637022816357433,0.1747399487983643
PROD_01794,2026-02-23 20:06:02.640880294,18.9,Bac+2,8.8,M1805,10145,0.0,0,Cumul de difficultés. Pas de moyen de transport et garde d'enfants complexe.,0,0,0.600426802484308,0.2213915128497409,0.17818168466595108
PROD_01795,2026-02-23 20:49:15.485161721,63.9,Bac+5,2.0,D1502,82093,1.0,0,Problème ponctuel de mobilité géographique. Zone mal desservie.,1,1,0.1616850324987754,0.6774532812561181,0.16086168624510644
PROD_01796,2026-02-23 21:32:28.329443148,37.9,Bac,1.2,C1102,33162,0.0,0,Projet de reconversion à affiner. Besoin d'une formation complémentaire.,0,0,0.6494237105166522,0.14298314823820593,0.20759314124514192
PROD_01797,2026-02-23 22:15:41.173724575,54.9,Sans diplôme,0.9,K2111,57364,1.0,0,Cumul de difficultés. Pas de moyen de transport et garde d'enfants complexe.,2,2,0.14086972822997396,0.23352965271202752,0.6256006190579985
PROD_01798,2026-02-23 22:58:54.018006002,19.9,Sans diplôme,0.7,K1601,24241,1.0,1,Freins périphériques majeurs. Situation d'illettrisme numérique constatée.,2,2,0.14239028353404395,0.14046150481112563,0.7171482116548304
PROD_01799,2026-02-23 23:42:06.862287429,23.9,Bac+2,2.7,M1806,21395,1.0,0,Problème ponctuel de mobilité géographique. Zone mal desservie.,1,1,0.203631315617901,0.630908112785044,0.16546057159705496
PROD_01800,2026-02-24 00:25:19.706568857,56.9,Sans diplôme,0.6,K1403,44173,1.0,0,"Excellente présentation, compétences techniques à jour. Reprise rapide visée.",2,2,0.19778771357395555,0.16365621014208814,0.6385560762839564
PROD_01801,2026-02-24 01:08:32.550850284,34.9,Bac,1.1,M1802,89388,0.0,0,"Profil autonome, recherche active, aucun frein périphérique identifié.",0,0,0.6576696596052759,0.12758184509032255,0.21474849530440154
PROD_01802,2026-02-24 01:51:45.395131711,41.9,Sans diplôme,3.0,K2101,61453,0.0,0,Compétences à réactualiser sur les outils numériques. Motivation correcte.,2,2,0.20083613030215558,0.1373874705828578,0.6617763991149866
PROD_01803,2026-02-24 02:34:58.239413138,33.9,Sans diplôme,0.5,D1503,19051,0.0,0,Projet de reconversion à affiner. Besoin d'une formation complémentaire.,1,1,0.24675211851924128,0.6162329152097903,0.13701496627096843
PROD_01804,2026-02-24 03:18:11.083694565,50.9,Bac,0.7,D1502,21700,1.0,1,Problème ponctuel de mobilité géographique. Zone mal desservie.,1,1,0.1357109276319991,0.5984840458062092,0.2658050265617917
PROD_01805,2026-02-24 04:01:23.927975992,29.9,Bac+2,0.2,K2106,66123,0.0,0,Compétences à réactualiser sur les outils numériques. Motivation correcte.,2,2,0.16432757020693145,0.20236717391919723,0.6333052558738713
PROD_01806,2026-02-24 04:44:36.772257419,55.9,Bac+2,8.1,G1203,59192,1.0,0,Cumul de difficultés. Pas de moyen de transport et garde d'enfants complexe.,2,2,0.20860387547089948,0.16340215853647452,0.627993965992626
PROD_01807,2026-02-24 05:27:49.616538847,25.9,Bac+2,0.8,H1206,67330,1.0,1,Problème ponctuel de mobilité géographique. Zone mal desservie.,1,1,0.17697318259709133,0.680438229347652,0.14258858805525676
PROD_01808,2026-02-24 06:11:02.460820274,28.9,Bac,0.7,G1302,61225,1.0,0,Projet de reconversion à affiner. Besoin d'une formation complémentaire.,1,1,0.17483897482645222,0.613954601516586,0.21120642365696174
PROD_01809,2026-02-24 06:54:15.305101701,44.9,Bac+2,6.6,K2111,58070,1.0,0,Compétences à réactualiser sur les outils numériques. Motivation correcte.,1,1,0.161993898699206,0.632570002867211,0.20543609843358301
PROD_01810,2026-02-24 07:37:28.149383128,24.9,Sans diplôme,6.3,M1602,09292,1.0,0,Problème ponctuel de mobilité géographique. Zone mal desservie.,1,1,0.19471680007789083,0.6690615695776195,0.13622163034448964
PROD_01811,2026-02-24 08:20:40.993664555,35.9,Bac+2,1.9,M1801,86026,0.0,0,"Profil autonome, recherche active, aucun frein périphérique identifié.",0,0,0.7003313194311223,0.1375072311557214,0.16216144941315636
PROD_01812,2026-02-24 09:03:53.837945982,29.9,Bac+5,1.1,H1504,84123,1.0,0,"Profil autonome, recherche active, aucun frein périphérique identifié.",0,0,0.6673514349469476,0.19178190786977664,0.14086665718327576
PROD_01813,2026-02-24 09:47:06.682227409,33.9,Sans diplôme,0.8,D1401,67547,1.0,0,Compétences à réactualiser sur les outils numériques. Motivation correcte.,1,1,0.15223237088226524,0.6262693957190308,0.2214982333987039
PROD_01814,2026-02-24 10:30:19.526508837,25.9,Bac,1.5,A1203,41178,0.0,0,Problème ponctuel de mobilité géographique. Zone mal desservie.,1,1,0.16388583464803422,0.6512203256053418,0.184893839746624
PROD_01815,2026-02-24 11:13:32.370790264,25.9,Bac+2,4.8,D1401,08283,0.0,0,Cumul de difficultés. Pas de moyen de transport et garde d'enfants complexe.,0,0,0.626948251079225,0.23548042591586116,0.13757132300491381
PROD_01816,2026-02-24 11:56:45.215071691,28.9,Bac+2,0.5,N1101,30088,1.0,0,Compétences à réactualiser sur les outils numériques. Motivation correcte.,1,1,0.22839668284054393,0.6337570779011003,0.13784623925835582
PROD_01817,2026-02-24 12:39:58.059353118,45.9,Bac+2,4.9,G1601,62443,1.0,0,Cumul de difficultés. Pas de moyen de transport et garde d'enfants complexe.,0,0,0.5982550013551015,0.1317443239539768,0.2700006746909217
PROD_01818,2026-02-24 13:23:10.903634545,63.9,Bac+2,1.4,D1406,02542,1.0,0,Cumul de difficultés. Pas de moyen de transport et garde d'enfants complexe.,2,2,0.20748394350770738,0.1592488740438147,0.6332671824484779
PROD_01819,2026-02-24 14:06:23.747915972,34.9,Bac,2.3,N1303,88108,0.0,1,Compétences à réactualiser sur les outils numériques. Motivation correcte.,1,1,0.14958973106484655,0.6632112573759134,0.18719901155924012
PROD_01820,2026-02-24 14:49:36.592197399,50.9,Bac+2,0.4,N4101,10205,1.0,0,"Candidat très dynamique, mobilité nationale validée. Projet clair.",0,0,0.6473344562004844,0.21779029961980972,0.13487524417970592
PROD_01821,2026-02-24 15:32:49.436478827,51.9,Bac,0.5,K1903,34276,1.0,0,Projet de reconversion à affiner. Besoin d'une formation complémentaire.,1,1,0.1924939974891161,0.6333811727286565,0.17412482978222743
PROD_01822,2026-02-24 16:16:02.280760254,51.9,Bac,5.5,D1401,88482,1.0,1,Freins périphériques majeurs. Situation d'illettrisme numérique constatée.,2,2,0.14737071235247326,0.19843161568308826,0.6541976719644385
PROD_01823,2026-02-24 16:59:15.125041681,21.9,Bac,2.2,C1110,32445,1.0,0,Freins périphériques majeurs. Situation d'illettrisme numérique constatée.,1,1,0.1999323097398503,0.6616597954783034,0.13840789478184623
PROD_01824,2026-02-24 17:42:27.969323108,59.9,Bac,1.1,K1903,34145,1.0,0,Compétences à réactualiser sur les outils numériques. Motivation correcte.,1,1,0.19584174259004947,0.6654573555101683,0.13870090189978224
PROD_01825,2026-02-24 18:25:40.813604535,56.9,Bac,1.8,D1210,47279,1.0,1,Freins périphériques majeurs. Situation d'illettrisme numérique constatée.,2,2,0.15151615650695763,0.17193827856016394,0.6765455649328784
PROD_01826,2026-02-24 19:08:53.657885962,54.9,Sans diplôme,1.8,H2502,01385,1.0,0,Cumul de difficultés. Pas de moyen de transport et garde d'enfants complexe.,2,2,0.12818488329079544,0.1600213326436361,0.7117937840655684
PROD_01827,2026-02-24 19:52:06.502167389,36.9,Bac,6.7,H2502,17446,1.0,0,Problème ponctuel de mobilité géographique. Zone mal desservie.,1,1,0.15618283147463025,0.6030522108756577,0.24076495764971195
PROD_01828,2026-02-24 20:35:19.346448817,20.9,Bac+5,2.6,J1506,2B343,1.0,0,Information non renseignee,0,0,0.6357534892344999,0.20762025766681302,0.15662625309868705
PROD_01829,2026-02-24 21:18:32.190730244,19.9,Bac+5,1.0,A1301,10259,1.0,1,Problème ponctuel de mobilité géographique. Zone mal desservie.,1,1,0.1554516431682997,0.7024588779515006,0.14208947888019963
PROD_01830,2026-02-24 22:01:45.035011671,42.9,Bac+2,1.3,C1110,64095,1.0,0,"Perte de confiance importante. Risque d'exclusion, barrière de la langue.",1,1,0.17929757210056654,0.6309429949384058,0.1897594329610277
PROD_01831,2026-02-24 22:44:57.879293098,52.9,Bac,1.5,K1601,65351,0.0,1,Projet de reconversion à affiner. Besoin d'une formation complémentaire.,2,2,0.1744902420707919,0.15316520320451685,0.6723445547246912
PROD_01832,2026-02-24 23:28:10.723574525,59.9,Bac+2,0.5,M1802,57377,0.0,0,Problème ponctuel de mobilité géographique. Zone mal desservie.,1,1,0.15575788431768495,0.6490385594054586,0.19520355627685637
PROD_01833,2026-02-25 00:11:23.567855952,56.9,Bac,0.3,K1903,59042,1.0,0,Freins périphériques majeurs. Situation d'illettrisme numérique constatée.,1,1,0.20264531638524574,0.6063479811603187,0.19100670245443552
PROD_01834,2026-02-25 00:54:36.412137379,31.9,Bac,4.3,A1401,10052,0.0,0,"Profil autonome, recherche active, aucun frein périphérique identifié.",0,0,0.6563736134703948,0.18342313355153966,0.16020325297806554
PROD_01835,2026-02-25 01:37:49.256418807,40.9,Bac,2.0,A1401,14334,0.0,0,"Profil autonome, recherche active, aucun frein périphérique identifié.",1,1,0.157151147901158,0.6384797271061786,0.20436912499266335
PROD_01836,2026-02-25 02:21:02.100700234,50.9,Bac,2.6,D1406,60415,0.0,0,Problème ponctuel de mobilité géographique. Zone mal desservie.,0,0,0.6030488354081299,0.22492029398517438,0.1720308706066957
PROD_01837,2026-02-25 03:04:14.944981661,47.9,Bac+5,1.6,K1304,80601,1.0,0,Cumul de difficultés. Pas de moyen de transport et garde d'enfants complexe.,0,0,0.6070792370483569,0.1923148556552104,0.20060590729643274
PROD_01838,2026-02-25 03:47:27.789263088,29.9,Bac,0.6,K1403,51240,0.0,1,Problème ponctuel de mobilité géographique. Zone mal desservie.,1,1,0.15417762819240655,0.6227662602255866,0.2230561115820069
PROD_01839,2026-02-25 04:30:40.633544515,54.9,Bac+5,4.0,K1304,10065,1.0,0,Compétences à réactualiser sur les outils numériques. Motivation correcte.,0,0,0.6571649090007875,0.20161485577248314,0.14122023522672936
PROD_01840,2026-02-25 05:13:53.477825942,27.9,Bac,1.1,W1401,18040,0.0,0,Compétences à réactualiser sur les outils numériques. Motivation correcte.,1,1,0.15579305203474017,0.6822770854596271,0.1619298625056328
PROD_01841,2026-02-25 05:57:06.322107369,50.9,Bac+2,0.9,C1201,27190,0.0,0,"Excellente présentation, compétences techniques à jour. Reprise rapide visée.",0,0,0.6587324598610194,0.15783879293504566,0.18342874720393498
PROD_01842,2026-02-25 06:40:19.166388797,35.9,Bac+5,1.7,M1602,35143,1.0,0,"Candidat très dynamique, mobilité nationale validée. Projet clair.",0,0,0.6079294419284307,0.13182605168574138,0.26024450638582797
PROD_01843,2026-02-25 07:23:32.010670224,31.9,Bac+2,0.8,J1506,76032,0.0,0,"Excellente présentation, compétences techniques à jour. Reprise rapide visée.",0,0,0.6553258668138182,0.16001420595196125,0.18465992723422053
PROD_01844,2026-02-25 08:06:44.854951651,20.9,Sans diplôme,0.6,K2106,37248,0.0,0,"Profil autonome, recherche active, aucun frein périphérique identifié.",2,2,0.14106830755638836,0.2327970800946239,0.6261346123489877
PROD_01845,2026-02-25 08:49:57.699233078,37.9,Bac,0.7,M1805,47060,0.0,0,"Excellente présentation, compétences techniques à jour. Reprise rapide visée.",0,0,0.5953168114677797,0.1772895523742845,0.22739363615793579
PROD_01846,2026-02-25 09:33:10.543514505,41.9,Bac+5,5.7,H1504,48063,0.0,0,"Candidat très dynamique, mobilité nationale validée. Projet clair.",0,0,0.5950199983800702,0.1725265504967794,0.23245345112315036
PROD_01847,2026-02-25 10:16:23.387795932,22.9,Bac,3.0,J1301,07051,1.0,0,Problème ponctuel de mobilité géographique. Zone mal desservie.,0,0,0.6100684427954984,0.16003114722017664,0.22990040998432493
PROD_01848,2026-02-25 10:59:36.232077359,40.9,Bac,0.9,G1801,09131,0.0,0,Compétences à réactualiser sur les outils numériques. Motivation correcte.,1,1,0.21592843301591097,0.6035624547316614,0.1805091122524276
PROD_01849,2026-02-25 11:42:49.076358787,52.9,Bac+2,2.7,G1302,08498,1.0,0,"Candidat très dynamique, mobilité nationale validée. Projet clair.",1,1,0.22411758769578638,0.6216088596621225,0.15427355264209108
PROD_01850,2026-02-25 12:26:01.920640214,54.9,Bac+2,5.1,A1203,37035,0.0,0,"Candidat très dynamique, mobilité nationale validée. Projet clair.",1,1,0.1708776522950426,0.6722948520519785,0.15682749565297893
PROD_01851,2026-02-25 13:09:14.764921641,58.9,Bac+5,1.8,G1602,29249,0.0,0,Problème ponctuel de mobilité géographique. Zone mal desservie.,1,1,0.23183289082340403,0.6296693873717684,0.13849772180482767
PROD_01852,2026-02-25 13:52:27.609203068,18.9,Bac+2,0.0,D1406,67494,0.0,0,Problème ponctuel de mobilité géographique. Zone mal desservie.,2,2,0.1413908869146369,0.16143139233052398,0.6971777207548392
PROD_01853,2026-02-25 14:35:40.453484495,60.9,Bac,5.9,C1501,70516,0.0,0,"Excellente présentation, compétences techniques à jour. Reprise rapide visée.",0,0,0.6462351596966416,0.14949696485034933,0.2042678754530091
PROD_01854,2026-02-25 15:18:53.297765922,58.9,Bac,2.3,K1903,57575,0.0,0,Freins périphériques majeurs. Situation d'illettrisme numérique constatée.,0,0,0.609685586517051,0.24458672611613794,0.1457276873668111
PROD_01855,2026-02-25 16:02:06.142047349,29.9,Bac+5,5.0,M1806,70233,0.0,0,"Profil autonome, recherche active, aucun frein périphérique identifié.",0,0,0.6057900812161686,0.18158768847347273,0.21262223031035865
PROD_01856,2026-02-25 16:45:18.986328777,47.9,Sans diplôme,8.1,M1607,21703,0.0,0,Cumul de difficultés. Pas de moyen de transport et garde d'enfants complexe.,2,2,0.18630760817345798,0.17103538013000177,0.6426570116965402
PROD_01857,2026-02-25 17:28:31.830610204,39.9,Bac,3.0,M1602,59013,1.0,0,Freins périphériques majeurs. Situation d'illettrisme numérique constatée.,1,1,0.17842272046476848,0.6913597642945725,0.13021751524065905
PROD_01858,2026-02-25 18:11:44.674891631,58.9,Sans diplôme,1.0,G1801,66101,0.0,0,Information non renseignee,2,2,0.2531512885874082,0.1449161980462924,0.6019325133662994
PROD_01859,2026-02-25 18:54:57.519173058,26.9,Bac,1.7,M1805,65054,1.0,0,Problème ponctuel de mobilité géographique. Zone mal desservie.,0,0,0.5985028172866184,0.1630424116240387,0.23845477108934293
PROD_01860,2026-02-25 19:38:10.363454485,24.9,Bac,5.4,K2101,11418,0.0,0,"Perte de confiance importante. Risque d'exclusion, barrière de la langue.",1,1,0.13121197829918435,0.6300954163961294,0.23869260530468628
PROD_01861,2026-02-25 20:21:23.207735912,63.9,Bac,3.7,J1506,08110,0.0,0,"Candidat très dynamique, mobilité nationale validée. Projet clair.",0,0,0.6654104696882596,0.1417836986916878,0.19280583162005263
PROD_01862,2026-02-25 21:04:36.052017339,20.9,Bac+2,0.5,M1802,47222,1.0,1,Problème ponctuel de mobilité géographique. Zone mal desservie.,1,1,0.13822270774000303,0.7337419791525198,0.12803531310747718
PROD_01863,2026-02-25 21:47:48.896298767,48.9,Bac,6.2,A1203,80782,1.0,0,Cumul de difficultés. Pas de moyen de transport et garde d'enfants complexe.,1,1,0.1852891725390815,0.6152165496789046,0.1994942777820139
PROD_01864,2026-02-25 22:31:01.740580194,62.9,Bac,0.6,N1301,10387,1.0,0,Freins périphériques majeurs. Situation d'illettrisme numérique constatée.,1,1,0.12937561767603245,0.6321731556485183,0.23845122667544927
PROD_01865,2026-02-25 23:14:14.584861621,36.9,Sans diplôme,0.7,G1601,19114,1.0,0,Projet de reconversion à affiner. Besoin d'une formation complémentaire.,1,1,0.1290963342495033,0.7241826546914347,0.146721011059062
PROD_01866,2026-02-25 23:57:27.429143048,53.9,Bac,1.6,K1201,59295,1.0,0,Projet de reconversion à affiner. Besoin d'une formation complémentaire.,1,1,0.1329377474917558,0.6193281045373314,0.24773414797091275
PROD_01867,2026-02-26 00:40:40.273424475,21.9,Bac,2.8,J1301,67038,1.0,0,"Profil autonome, recherche active, aucun frein périphérique identifié.",0,0,0.6008042823970009,0.20834881351753687,0.19084690408546223
PROD_01868,2026-02-26 01:23:53.117705902,40.9,Bac+2,1.9,G1601,06107,1.0,0,"Profil autonome, recherche active, aucun frein périphérique identifié.",0,0,0.6009853587723292,0.1998415983262317,0.19917304290143914
PROD_01869,2026-02-26 02:07:05.961987329,40.9,Bac+5,0.7,M1607,91021,1.0,0,"Candidat très dynamique, mobilité nationale validée. Projet clair.",0,0,0.6150023947757192,0.18975594417524505,0.1952416610490358
PROD_01870,2026-02-26 02:50:18.806268757,58.9,Bac,2.7,K1304,56068,1.0,0,Information non renseignee,1,1,0.1789601580871948,0.6057768932659966,0.21526294864680862
PROD_01871,2026-02-26 03:33:31.650550184,58.9,Bac+2,13.8,N1303,26295,1.0,0,Cumul de difficultés. Pas de moyen de transport et garde d'enfants complexe.,2,2,0.18888429566731796,0.1896649904713257,0.6214507138613563
PROD_01872,2026-02-26 04:16:44.494831611,41.9,Bac+2,2.9,M1705,76502,1.0,0,"Candidat très dynamique, mobilité nationale validée. Projet clair.",0,0,0.5951158338295591,0.19780448647500348,0.2070796796954374
PROD_01873,2026-02-26 04:59:57.339113038,50.9,Bac,2.6,D1406,60415,0.0,0,Problème ponctuel de mobilité géographique. Zone mal desservie.,0,0,0.6661622821660247,0.16706917739769817,0.16676854043627715
PROD_01874,2026-02-26 05:43:10.183394465,57.9,Bac+2,1.0,C1102,57659,1.0,0,Problème ponctuel de mobilité géographique. Zone mal desservie.,1,1,0.1485924637186138,0.6003309372702976,0.2510765990110886
PROD_01875,2026-02-26 06:26:23.027675892,24.9,Sans diplôme,4.6,K2101,79058,1.0,0,Projet de reconversion à affiner. Besoin d'une formation complémentaire.,1,1,0.19268906613534625,0.610475048886219,0.19683588497843485
PROD_01876,2026-02-26 07:09:35.871957319,40.9,Bac+2,4.6,C1110,65469,0.0,0,"Candidat très dynamique, mobilité nationale validée. Projet clair.",0,0,0.6364440743682617,0.176920025118948,0.18663590051279033
PROD_01877,2026-02-26 07:52:48.716238747,49.9,Bac,1.6,J1301,91001,1.0,0,"Candidat très dynamique, mobilité nationale validée. Projet clair.",0,0,0.633120133034062,0.21222420407080245,0.15465566289513555
PROD_01878,2026-02-26 08:36:01.560520174,58.9,Bac,0.8,G1302,51134,0.0,0,"Excellente présentation, compétences techniques à jour. Reprise rapide visée.",0,0,0.7005608820455435,0.13548887315277136,0.16395024480168519
PROD_01879,2026-02-26 09:19:14.404801601,41.9,Sans diplôme,0.9,K1903,21677,1.0,0,Projet de reconversion à affiner. Besoin d'une formation complémentaire.,1,1,0.14857288021432172,0.7102520680740074,0.14117505171167088
PROD_01880,2026-02-26 10:02:27.249083028,30.9,Bac+2,8.5,N1101,50490,1.0,0,Compétences à réactualiser sur les outils numériques. Motivation correcte.,1,1,0.15937877500409092,0.6242067562670851,0.21641446872882397
PROD_01881,2026-02-26 10:45:40.093364455,18.9,Bac,2.3,M1501,38244,1.0,0,Compétences à réactualiser sur les outils numériques. Motivation correcte.,1,1,0.1850042189787793,0.5956107157111691,0.21938506531005164
PROD_01882,2026-02-26 11:28:52.937645882,43.9,Bac+2,1.2,A1401,76493,0.0,0,Projet de reconversion à affiner. Besoin d'une formation complémentaire.,1,1,0.14035627972161108,0.6951238618123734,0.16451985846601547
PROD_01883,2026-02-26 12:12:05.781927309,19.9,Sans diplôme,1.7,D1401,63263,1.0,0,Problème ponctuel de mobilité géographique. Zone mal desservie.,1,1,0.14817207009170294,0.6841977625143485,0.16763016739394854
PROD_01884,2026-02-26 12:55:18.626208737,35.9,Bac,9.6,N1301,02257,0.0,0,Freins périphériques majeurs. Situation d'illettrisme numérique constatée.,1,1,0.15286537772713638,0.595494661751641,0.2516399605212226
PROD_01885,2026-02-26 13:38:31.470490164,46.9,Bac,2.0,G1801,55516,1.0,0,Problème ponctuel de mobilité géographique. Zone mal desservie.,1,1,0.17107493879525354,0.6580712489813333,0.17085381222341323
PROD_01886,2026-02-26 14:21:44.314771591,49.9,Bac+5,1.5,C1102,85151,1.0,0,"Profil autonome, recherche active, aucun frein périphérique identifié.",0,0,0.7413359261830968,0.12941630559053408,0.12924776822636908
PROD_01887,2026-02-26 15:04:57.159053018,34.9,Bac+5,1.9,K1304,60227,1.0,0,Problème ponctuel de mobilité géographique. Zone mal desservie.,0,0,0.6061470289821067,0.1690796227417859,0.2247733482761074
PROD_01888,2026-02-26 15:48:10.003334445,53.9,Sans diplôme,2.1,N1101,10060,0.0,0,Cumul de difficultés. Pas de moyen de transport et garde d'enfants complexe.,2,2,0.13199413263348206,0.1716893033832388,0.6963165639832791
PROD_01889,2026-02-26 16:31:22.847615872,39.9,Bac+5,1.6,C1501,23224,0.0,0,"Candidat très dynamique, mobilité nationale validée. Projet clair.",0,0,0.6765175361972482,0.13756278767528876,0.18591967612746305
PROD_01890,2026-02-26 17:14:35.691897299,47.9,Bac+5,1.7,C1302,69024,1.0,0,"Candidat très dynamique, mobilité nationale validée. Projet clair.",0,0,0.7026346449653462,0.1475746975775408,0.14979065745711298
PROD_01891,2026-02-26 17:57:48.536178727,62.9,Bac,4.7,J1506,21649,1.0,0,"Excellente présentation, compétences techniques à jour. Reprise rapide visée.",0,0,0.6494989330154061,0.1938153639409888,0.15668570304360513
PROD_01892,2026-02-26 18:41:01.380460154,30.9,Sans diplôme,2.2,K1403,11226,1.0,0,Compétences à réactualiser sur les outils numériques. Motivation correcte.,1,1,0.16212470602120366,0.6356779968100651,0.20219729716873125
PROD_01893,2026-02-26 19:24:14.224741581,25.9,Bac+2,0.3,M1801,43168,0.0,0,Projet de reconversion à affiner. Besoin d'une formation complémentaire.,1,1,0.1406158987644811,0.6859838616305262,0.17340023960499273
PROD_01894,2026-02-26 20:07:27.069023008,54.9,Bac+5,4.2,A1401,17137,1.0,0,Problème ponctuel de mobilité géographique. Zone mal desservie.,1,1,0.18273621398221204,0.6385927820598954,0.17867100395789248
PROD_01895,2026-02-26 20:50:39.913304435,42.9,Sans diplôme,3.9,A1401,71531,1.0,0,Compétences à réactualiser sur les outils numériques. Motivation correcte.,1,1,0.15892055308989772,0.6972994407726851,0.14378000613741715
PROD_01896,2026-02-26 21:33:52.757585862,47.9,Bac+2,0.7,M1705,88270,0.0,0,"Perte de confiance importante. Risque d'exclusion, barrière de la langue.",0,0,0.6175310789514207,0.14675665137684998,0.23571226967172934
PROD_01897,2026-02-26 22:17:05.601867289,24.9,Bac+2,4.3,C1501,01177,1.0,0,Compétences à réactualiser sur les outils numériques. Motivation correcte.,1,1,0.1928718188854391,0.6729363511294658,0.13419182998509505
PROD_01898,2026-02-26 23:00:18.446148717,42.9,Sans diplôme,3.4,K2106,59039,0.0,0,Freins périphériques majeurs. Situation d'illettrisme numérique constatée.,1,1,0.16189420189433976,0.685343229747416,0.1527625683582442
PROD_01899,2026-02-26 23:43:31.290430144,18.9,Bac,5.3,M1602,51566,1.0,0,Compétences à réactualiser sur les outils numériques. Motivation correcte.,1,1,0.1748496847378179,0.6359851444385943,0.18916517082358775
PROD_01900,2026-02-27 00:26:44.134711571,64.0,Bac+2,0.2,K1201,27601,0.0,0,Problème ponctuel de mobilité géographique. Zone mal desservie.,1,1,0.26114922945662744,0.6110978406544239,0.1277529298889487
PROD_01901,2026-02-27 01:09:56.978992998,52.0,Bac+5,0.4,D1406,40224,1.0,0,Problème ponctuel de mobilité géographique. Zone mal desservie.,1,1,0.21047325146814752,0.5956941330055785,0.19383261552627395
PROD_01902,2026-02-27 01:53:09.823274425,35.0,Bac,2.0,C1201,55503,1.0,0,Projet de reconversion à affiner. Besoin d'une formation complémentaire.,0,0,0.64418516118341,0.22205301398904775,0.13376182482754229
PROD_01903,2026-02-27 02:36:22.667555852,45.0,Bac+2,4.8,A1202,65376,1.0,1,Projet de reconversion à affiner. Besoin d'une formation complémentaire.,1,1,0.14616367096926575,0.7095472320450387,0.1442890969856956
PROD_01904,2026-02-27 03:19:35.511837279,30.0,Sans diplôme,0.2,G1203,35281,0.0,1,"Candidat très dynamique, mobilité nationale validée. Projet clair.",1,1,0.13630322609363724,0.7153119460031923,0.14838482790317054
PROD_01905,2026-02-27 04:02:48.356118707,25.0,Sans diplôme,6.3,M1602,09292,1.0,0,Problème ponctuel de mobilité géographique. Zone mal desservie.,1,1,0.13095644484418137,0.6542405726806648,0.21480298247515384
PROD_01906,2026-02-27 04:46:01.200400134,64.0,Bac,3.7,J1506,08110,0.0,0,"Candidat très dynamique, mobilité nationale validée. Projet clair.",0,0,0.6181343674814067,0.174162044898284,0.2077035876203093
PROD_01907,2026-02-27 05:29:14.044681561,26.0,Sans diplôme,3.6,M1805,21197,1.0,0,"Excellente présentation, compétences techniques à jour. Reprise rapide visée.",1,1,0.207553560347729,0.6599862158633836,0.13246022378888744
PROD_01908,2026-02-27 06:12:26.888962988,25.0,Bac,0.7,H2502,28023,1.0,1,"Profil autonome, recherche active, aucun frein périphérique identifié.",1,1,0.1372857646434155,0.6851106368168803,0.1776035985397042
PROD_01909,2026-02-27 06:55:39.733244415,52.0,Bac+2,7.2,I1304,84083,0.0,0,Projet de reconversion à affiner. Besoin d'une formation complémentaire.,1,1,0.1620708364042458,0.6863380025189428,0.15159116107681136
PROD_01910,2026-02-27 07:38:52.577525842,51.0,Bac+2,7.3,N1301,70136,1.0,0,"Candidat très dynamique, mobilité nationale validée. Projet clair.",0,0,0.6611719375838042,0.15076894159349738,0.1880591208226984
PROD_01911,2026-02-27 08:22:05.421807269,57.0,Sans diplôme,0.2,M1806,41055,1.0,0,"Perte de confiance importante. Risque d'exclusion, barrière de la langue.",0,0,0.6562495601281286,0.1361976381192701,0.20755280175260127
PROD_01912,2026-02-27 09:05:18.266088697,37.0,Bac+5,3.0,J1301,74007,1.0,0,Compétences à réactualiser sur les outils numériques. Motivation correcte.,0,0,0.6080287207590523,0.23823994844927873,0.15373133079166892
PROD_01913,2026-02-27 09:48:31.110370124,43.0,Bac+2,2.9,M1203,36168,1.0,0,"Profil autonome, recherche active, aucun frein périphérique identifié.",0,0,0.6572848137059896,0.20624334441463843,0.136471841879372
PROD_01914,2026-02-27 10:31:43.954651551,39.0,Bac+5,0.0,G1601,79319,0.0,0,"Excellente présentation, compétences techniques à jour. Reprise rapide visée.",0,0,0.6522185340766183,0.20489227940384547,0.1428891865195362
PROD_01915,2026-02-27 11:14:56.798932978,40.0,Sans diplôme,5.8,K1201,31304,0.0,1,Cumul de difficultés. Pas de moyen de transport et garde d'enfants complexe.,2,2,0.19044832344354837,0.17835370999959735,0.6311979665568543
PROD_01916,2026-02-27 11:58:09.643214405,51.0,Bac,3.2,H1504,10408,1.0,0,Projet de reconversion à affiner. Besoin d'une formation complémentaire.,1,1,0.17111903697811076,0.6758219600685069,0.15305900295338226
PROD_01917,2026-02-27 12:41:22.487495832,21.0,Bac,0.0,C1110,02454,1.0,0,Problème ponctuel de mobilité géographique. Zone mal desservie.,1,1,0.14922857727727173,0.7177051108315984,0.13306631189112994
PROD_01918,2026-02-27 13:24:35.331777259,64.0,Bac+2,2.5,D1502,95309,0.0,0,"Perte de confiance importante. Risque d'exclusion, barrière de la langue.",2,2,0.1582399171630796,0.16898985745765988,0.6727702253792605
PROD_01919,2026-02-27 14:07:48.176058687,42.0,Bac,4.9,H1504,42163,0.0,1,Information non renseignee,1,1,0.19811645106298076,0.6031090573548584,0.19877449158216087
PROD_01920,2026-02-27 14:51:01.020340114,33.0,Bac,1.5,D1401,81016,1.0,0,"Candidat très dynamique, mobilité nationale validée. Projet clair.",0,0,0.6790959732982005,0.1335596136149597,0.18734441308683983
PROD_01921,2026-02-27 15:34:13.864621541,54.0,Bac,2.9,W1401,30324,0.0,1,Problème ponctuel de mobilité géographique. Zone mal desservie.,2,2,0.15763091132589088,0.19200988497164592,0.6503592037024631
PROD_01922,2026-02-27 16:17:26.708902968,24.0,Bac,2.1,N1301,02014,1.0,1,"Profil autonome, recherche active, aucun frein périphérique identifié.",1,1,0.22678839291952455,0.6136358075066,0.15957579957387547
PROD_01923,2026-02-27 17:00:39.553184395,61.0,Bac,9.7,M1203,67292,0.0,0,"Excellente présentation, compétences techniques à jour. Reprise rapide visée.",2,2,0.14067048915917088,0.2634888629394768,0.5958406479013523
PROD_01924,2026-02-27 17:43:52.397465822,55.0,Bac,0.7,N4101,07031,0.0,0,Compétences à réactualiser sur les outils numériques. Motivation correcte.,1,1,0.14552885153250122,0.7143077288178601,0.14016341964963863
PROD_01925,2026-02-27 18:27:05.241747249,48.0,Bac,0.7,C1201,83011,1.0,0,Information non renseignee,0,0,0.6405692062695607,0.2201946259175595,0.13923616781287979
PROD_01926,2026-02-27 19:10:18.086028677,62.0,Bac+2,6.5,H1206,39184,1.0,0,Projet de reconversion à affiner. Besoin d'une formation complémentaire.,1,1,0.14109405642309553,0.6266255385469285,0.23228040502997593
PROD_01927,2026-02-27 19:53:30.930310104,42.0,Bac+5,6.1,K1403,63178,1.0,0,Cumul de difficultés. Pas de moyen de transport et garde d'enfants complexe.,0,0,0.6393774536725847,0.21092234132813184,0.14970020499928346
PROD_01928,2026-02-27 20:36:43.774591531,34.0,Bac+2,1.5,A1202,33220,1.0,0,"Excellente présentation, compétences techniques à jour. Reprise rapide visée.",0,0,0.7139770566717725,0.1390743200890068,0.14694862323922073
PROD_01929,2026-02-27 21:19:56.618872958,36.0,Bac,2.3,H1206,27419,0.0,1,Projet de reconversion à affiner. Besoin d'une formation complémentaire.,1,1,0.1729890881697924,0.683805299745741,0.14320561208446658
PROD_01930,2026-02-27 22:03:09.463154385,40.0,Bac+5,13.6,M1806,67232,1.0,1,Compétences à réactualiser sur les outils numériques. Motivation correcte.,1,1,0.21016547578583084,0.6365514166754673,0.15328310753870178
PROD_01931,2026-02-27 22:46:22.307435812,57.0,Bac,1.5,A1202,81067,0.0,0,Projet de reconversion à affiner. Besoin d'une formation complémentaire.,1,1,0.2166460540205638,0.6310820127040182,0.152271933275418
PROD_01932,2026-02-27 23:29:35.151717239,59.0,Bac,2.0,M1801,63109,1.0,0,Compétences à réactualiser sur les outils numériques. Motivation correcte.,1,1,0.22278780646417914,0.6201980308931218,0.15701416264269907
PROD_01933,2026-02-28 00:12:47.995998667,48.0,Bac,0.4,J1506,19146,1.0,0,Cumul de difficultés. Pas de moyen de transport et garde d'enfants complexe.,0,0,0.72098657872807,0.14505431489515166,0.1339591063767783
PROD_01934,2026-02-28 00:56:00.840280094,27.0,Bac+2,0.9,M1203,97228,1.0,1,Compétences à réactualiser sur les outils numériques. Motivation correcte.,1,1,0.1448563378681969,0.6549834425244689,0.2001602196073342
PROD_01935,2026-02-28 01:39:13.684561521,22.0,Sans diplôme,5.1,M1705,42328,0.0,0,Cumul de difficultés. Pas de moyen de transport et garde d'enfants complexe.,1,1,0.13798876876380534,0.6871485725018037,0.174862658734391
PROD_01936,2026-02-28 02:22:26.528842948,38.0,Bac,6.9,C1102,08185,0.0,0,"Excellente présentation, compétences techniques à jour. Reprise rapide visée.",0,0,0.6446567427354514,0.20765140163861762,0.147691855625931
PROD_01937,2026-02-28 03:05:39.373124375,56.0,Bac,0.6,M1203,45336,1.0,0,Problème ponctuel de mobilité géographique. Zone mal desservie.,0,0,0.6776076877836238,0.1538299839442091,0.1685623282721671
PROD_01938,2026-02-28 03:48:52.217405802,20.0,Bac+2,6.4,D1406,29295,1.0,0,Compétences à réactualiser sur les outils numériques. Motivation correcte.,1,1,0.25294044224421913,0.6173490939343728,0.12971046382140805
PROD_01939,2026-02-28 04:32:05.061687229,22.0,Bac+2,0.3,K1201,32087,1.0,1,Projet de reconversion à affiner. Besoin d'une formation complémentaire.,1,1,0.14705168005384792,0.7115718126899488,0.1413765072562032
PROD_01940,2026-02-28 05:15:17.905968657,63.0,Bac,0.6,I1304,08211,1.0,0,Compétences à réactualiser sur les outils numériques. Motivation correcte.,1,1,0.1831537661350658,0.6733333014481614,0.14351293241677288
PROD_01941,2026-02-28 05:58:30.750250084,26.0,Bac+5,0.7,G1203,62258,0.0,0,"Candidat très dynamique, mobilité nationale validée. Projet clair.",0,0,0.6442984602590972,0.225346522237816,0.13035501750308678
PROD_01942,2026-02-28 06:41:43.594531511,49.0,Bac+2,2.1,J1506,26255,1.0,0,Problème ponctuel de mobilité géographique. Zone mal desservie.,0,0,0.6245496088567954,0.1314627983254584,0.24398759281774615
PROD_01943,2026-02-28 07:24:56.438812938,41.0,Bac+2,1.9,G1601,06107,1.0,0,"Profil autonome, recherche active, aucun frein périphérique identifié.",0,0,0.6748542224529469,0.14220408511533472,0.18294169243171837
PROD_01944,2026-02-28 08:08:09.283094365,37.0,Bac,1.4,K2101,27481,1.0,0,"Profil autonome, recherche active, aucun frein périphérique identifié.",0,0,0.63347068806178,0.15123072786943212,0.2152985840687879
PROD_01945,2026-02-28 08:51:22.127375792,32.0,Bac+2,4.7,K1304,16067,1.0,0,"Excellente présentation, compétences techniques à jour. Reprise rapide visée.",0,0,0.635613483535037,0.1989758466500114,0.16541066981495162
PROD_01946,2026-02-28 09:34:34.971657219,41.0,Bac+5,8.2,D1502,10124,1.0,0,"Profil autonome, recherche active, aucun frein périphérique identifié.",0,0,0.6829485144041002,0.15289881116365744,0.16415267443224235
PROD_01947,2026-02-28 10:17:47.815938647,21.0,Bac+5,0.6,A1301,80827,0.0,0,Problème ponctuel de mobilité géographique. Zone mal desservie.,0,0,0.6636063679971316,0.1606862450477697,0.17570738695509872
PROD_01948,2026-02-28 11:01:00.660220074,26.0,Sans diplôme,1.1,N1301,21302,1.0,0,Projet de reconversion à affiner. Besoin d'une formation complémentaire.,0,0,0.7149041185199154,0.14501188233622664,0.14008399914385794
PROD_01949,2026-02-28 11:44:13.504501501,29.0,Sans diplôme,4.6,N1301,30264,1.0,0,Projet de reconversion à affiner. Besoin d'une formation complémentaire.,1,1,0.1663431830678545,0.6613034237164732,0.17235339321567222
PROD_01950,2026-02-28 12:27:26.348782928,39.0,Bac+5,3.1,I1304,60146,0.0,0,Compétences à réactualiser sur les outils numériques. Motivation correcte.,0,0,0.6790773968864235,0.18077906364116728,0.14014353947240918
PROD_01951,2026-02-28 13:10:39.193064355,52.0,Bac+2,0.9,K1903,02656,0.0,0,Cumul de difficultés. Pas de moyen de transport et garde d'enfants complexe.,2,2,0.15829661912756174,0.1362829070497609,0.7054204738226774
PROD_01952,2026-02-28 13:53:52.037345782,57.0,Bac+2,0.3,K1903,59042,1.0,0,Freins périphériques majeurs. Situation d'illettrisme numérique constatée.,1,1,0.13180242604909811,0.7094850267700207,0.15871254718088124
PROD_01953,2026-02-28 14:37:04.881627209,42.0,Bac+2,3.3,I1304,50370,0.0,0,"Candidat très dynamique, mobilité nationale validée. Projet clair.",0,0,0.7030183088937426,0.1452023191976202,0.1517793719086372
PROD_01954,2026-02-28 15:20:17.725908637,22.0,Bac+5,5.6,M1802,05162,1.0,0,"Candidat très dynamique, mobilité nationale validée. Projet clair.",0,0,0.6920297638311118,0.17361818740623242,0.13435204876265577
PROD_01955,2026-02-28 16:03:30.570190064,47.0,Bac+2,1.8,K1304,25393,1.0,0,"Candidat très dynamique, mobilité nationale validée. Projet clair.",0,0,0.6086799325201739,0.23600425846381504,0.15531580901601102
PROD_01956,2026-02-28 16:46:43.414471491,39.0,Bac+2,10.4,A1202,03268,1.0,0,Projet de reconversion à affiner. Besoin d'une formation complémentaire.,1,1,0.20518620458157927,0.6052330923346703,0.1895807030837504
PROD_01957,2026-02-28 17:29:56.258752918,63.0,Sans diplôme,11.5,A1203,69030,1.0,1,"Perte de confiance importante. Risque d'exclusion, barrière de la langue.",2,2,0.14993236543798522,0.24275642047067442,0.6073112140913404
PROD_01958,2026-02-28 18:13:09.103034345,42.0,Bac+2,2.2,A1301,73095,1.0,0,Projet de reconversion à affiner. Besoin d'une formation complémentaire.,1,1,0.1683881187298579,0.6826417176031265,0.14897016366701554
PROD_01959,2026-02-28 18:56:21.947315772,54.0,Bac+5,2.6,N1101,95348,1.0,0,"Candidat très dynamique, mobilité nationale validée. Projet clair.",0,0,0.6319018966224144,0.20608226569216204,0.1620158376854236
PROD_01960,2026-02-28 19:39:34.791597199,33.0,Bac,11.1,K2106,24502,0.0,0,"Candidat très dynamique, mobilité nationale validée. Projet clair.",1,1,0.2567755662654546,0.6013448905107865,0.14187954322375884
PROD_01961,2026-02-28 20:22:47.635878627,51.0,Bac,0.9,M1602,47113,1.0,0,Information non renseignee,1,1,0.15402826146267054,0.6988957638537879,0.1470759746835415
PROD_01962,2026-02-28 21:06:00.480160054,42.0,Bac+2,4.0,A1202,88486,1.0,0,Freins périphériques majeurs. Situation d'illettrisme numérique constatée.,1,1,0.1388728368843681,0.7230996844390265,0.13802747867660536
PROD_01963,2026-02-28 21:49:13.324441481,58.0,Bac+2,1.1,C1201,82084,1.0,1,Cumul de difficultés. Pas de moyen de transport et garde d'enfants complexe.,2,2,0.24781509580091823,0.1538742176357188,0.598310686563363
PROD_01964,2026-02-28 22:32:26.168722908,35.0,Bac,0.5,D1503,63008,0.0,0,Projet de reconversion à affiner. Besoin d'une formation complémentaire.,1,1,0.15534546552047523,0.6827763023973609,0.1618782320821639
PROD_01965,2026-02-28 23:15:39.013004335,24.0,Sans diplôme,1.1,G1602,02579,1.0,1,Problème ponctuel de mobilité géographique. Zone mal desservie.,2,2,0.1352493293805216,0.1769437762582404,0.687806894361238
PROD_01966,2026-02-28 23:58:51.857285762,42.0,Bac,4.8,G1602,83006,0.0,0,"Excellente présentation, compétences techniques à jour. Reprise rapide visée.",0,0,0.6108209198638221,0.23742762636186815,0.1517514537743097
PROD_01967,2026-03-01 00:42:04.701567189,35.0,Bac,1.1,M1802,89388,0.0,0,"Profil autonome, recherche active, aucun frein périphérique identifié.",0,0,0.659869693548508,0.1613376224379048,0.1787926840135872
PROD_01968,2026-03-01 01:25:17.545848617,25.0,Bac+5,0.9,C1110,57606,1.0,0,Compétences à réactualiser sur les outils numériques. Motivation correcte.,0,0,0.6241097114575415,0.2343096593776965,0.14158062916476205
PROD_01969,2026-03-01 02:08:30.390130044,64.0,Sans diplôme,0.4,N4301,47138,1.0,0,"Profil autonome, recherche active, aucun frein périphérique identifié.",0,0,0.6731897407491148,0.15576069753792945,0.1710495617129558
PROD_01970,2026-03-01 02:51:43.234411471,49.0,Bac,0.1,K2111,77034,0.0,0,"Excellente présentation, compétences techniques à jour. Reprise rapide visée.",0,0,0.6676775131663832,0.181396806777407,0.15092568005620977
PROD_01971,2026-03-01 03:34:56.078692898,56.0,Bac,1.7,N4301,16403,0.0,1,Problème ponctuel de mobilité géographique. Zone mal desservie.,2,2,0.12771296112983818,0.2699985928796028,0.602288445990559
PROD_01972,2026-03-01 04:18:08.922974325,31.0,Bac+2,4.5,D1401,32316,1.0,0,"Excellente présentation, compétences techniques à jour. Reprise rapide visée.",0,0,0.6041645948654757,0.2003415715400028,0.19549383359452152
PROD_01973,2026-03-01 05:01:21.767255752,32.0,Sans diplôme,2.5,A1203,32378,1.0,0,Compétences à réactualiser sur les outils numériques. Motivation correcte.,1,1,0.1328045038078423,0.6967885741949852,0.17040692199717256
PROD_01974,2026-03-01 05:44:34.611537179,37.0,Bac,0.9,M1802,77152,1.0,0,"Candidat très dynamique, mobilité nationale validée. Projet clair.",0,0,0.7245569409877906,0.13983915185742332,0.13560390715478612
PROD_01975,2026-03-01 06:27:47.455818607,42.0,Bac+5,1.4,J1506,44224,1.0,0,Projet de reconversion à affiner. Besoin d'une formation complémentaire.,0,0,0.694798986327821,0.14631951598022983,0.15888149769194918
PROD_01976,2026-03-01 07:11:00.300100034,41.0,Bac,0.9,K2111,62669,1.0,0,"Excellente présentation, compétences techniques à jour. Reprise rapide visée.",0,0,0.6779838894544634,0.12848940701620054,0.19352670352933604
PROD_01977,2026-03-01 07:54:13.144381461,41.0,Sans diplôme,1.0,C1302,47215,0.0,0,"Excellente présentation, compétences techniques à jour. Reprise rapide visée.",1,1,0.14941580314487263,0.6303656004379201,0.2202185964172072
PROD_01978,2026-03-01 08:37:25.988662888,57.0,Sans diplôme,0.6,K1403,44173,1.0,0,"Excellente présentation, compétences techniques à jour. Reprise rapide visée.",2,2,0.1507530951852622,0.1891525969444967,0.660094307870241
PROD_01979,2026-03-01 09:20:38.832944315,55.0,Bac,1.3,M1801,27181,1.0,0,"Perte de confiance importante. Risque d'exclusion, barrière de la langue.",2,2,0.20169693458995425,0.16668988902048748,0.6316131763895583
PROD_01980,2026-03-01 10:03:51.677225742,45.0,Bac+5,2.5,C1102,34286,1.0,0,"Excellente présentation, compétences techniques à jour. Reprise rapide visée.",0,0,0.6763277359932255,0.1591637698461187,0.1645084941606558
PROD_01981,2026-03-01 10:47:04.521507169,55.0,Bac,1.3,M1806,27083,0.0,0,Compétences à réactualiser sur les outils numériques. Motivation correcte.,1,1,0.1845144451772379,0.658003169230654,0.15748238559210803
PROD_01982,2026-03-01 11:30:17.365788597,42.0,Bac+2,2.4,K1201,39209,0.0,0,"Excellente présentation, compétences techniques à jour. Reprise rapide visée.",0,0,0.6783356296266775,0.17590188004305213,0.1457624903302704
PROD_01983,2026-03-01 12:13:30.210070024,36.0,Bac,4.4,J1506,57263,1.0,0,Compétences à réactualiser sur les outils numériques. Motivation correcte.,1,1,0.1576308534882856,0.7063065461272139,0.13606260038450058
PROD_01984,2026-03-01 12:56:43.054351451,47.0,Bac,0.5,G1801,90086,1.0,0,Compétences à réactualiser sur les outils numériques. Motivation correcte.,1,1,0.2428552052319159,0.6220912156669052,0.13505357910117888
PROD_01985,2026-03-01 13:39:55.898632878,55.0,Bac,2.3,F1603,51316,1.0,0,Projet de reconversion à affiner. Besoin d'une formation complémentaire.,1,1,0.24104906435321483,0.631263177447417,0.12768775819936817
PROD_01986,2026-03-01 14:23:08.742914305,31.0,Bac,3.7,M1806,62519,0.0,0,Compétences à réactualiser sur les outils numériques. Motivation correcte.,0,0,0.615866315141871,0.24962353639978543,0.1345101484583436
PROD_01987,2026-03-01 15:06:21.587195732,27.0,Bac,1.0,G1801,14626,1.0,0,"Candidat très dynamique, mobilité nationale validée. Projet clair.",2,2,0.14675521815680598,0.15934161555939383,0.6939031662838002
PROD_01988,2026-03-01 15:49:34.431477159,54.0,Bac+5,1.1,M1805,57496,1.0,0,Cumul de difficultés. Pas de moyen de transport et garde d'enfants complexe.,2,2,0.15155338791026715,0.18033132014202255,0.6681152919477102
PROD_01989,2026-03-01 16:32:47.275758587,62.0,Sans diplôme,0.2,J1301,40031,1.0,0,"Profil autonome, recherche active, aucun frein périphérique identifié.",1,1,0.14231711860158755,0.6698155654274741,0.1878673159709383
PROD_01990,2026-03-01 17:16:00.120040014,52.0,Bac+5,0.4,D1406,40224,1.0,0,Problème ponctuel de mobilité géographique. Zone mal desservie.,1,1,0.19487408999707628,0.6103410543456728,0.194784855657251
PROD_01991,2026-03-01 17:59:12.964321441,24.0,Bac+2,0.3,D1502,47296,0.0,0,"Profil autonome, recherche active, aucun frein périphérique identifié.",0,0,0.5999728319757283,0.14994527585191902,0.2500818921723527
PROD_01992,2026-03-01 18:42:25.808602868,59.0,Bac,9.8,C1201,02804,0.0,0,Cumul de difficultés. Pas de moyen de transport et garde d'enfants complexe.,2,2,0.14433720027455033,0.24081966225693216,0.6148431374685175
PROD_01993,2026-03-01 19:25:38.652884295,58.0,Bac+2,0.8,N4301,89119,0.0,0,Compétences à réactualiser sur les outils numériques. Motivation correcte.,1,1,0.16568078524282684,0.619310551679172,0.21500866307800115
PROD_01994,2026-03-01 20:08:51.497165722,59.0,Bac,2.2,A1203,27101,0.0,0,Projet de reconversion à affiner. Besoin d'une formation complémentaire.,1,1,0.14110593794636417,0.7187516920027965,0.1401423700508393
PROD_01995,2026-03-01 20:52:04.341447149,39.0,Bac,2.0,A1203,71315,1.0,0,Compétences à réactualiser sur les outils numériques. Motivation correcte.,0,0,0.6783423870519119,0.17598925537133486,0.14566835757675328
PROD_01996,2026-03-01 21:35:17.185728577,21.0,Bac+5,0.3,A1501,81224,0.0,0,"Excellente présentation, compétences techniques à jour. Reprise rapide visée.",0,0,0.6180314568215435,0.24115714908778413,0.1408113940906724
PROD_01997,2026-03-01 22:18:30.030010004,55.0,Bac,0.8,H1206,02339,1.0,0,Compétences à réactualiser sur les outils numériques. Motivation correcte.,1,1,0.21747778528864892,0.6075597619378592,0.17496245277349187
PROD_01998,2026-03-01 23:01:42.874291431,28.0,Bac,5.3,K1201,78009,0.0,0,Compétences à réactualiser sur les outils numériques. Motivation correcte.,0,0,0.6400531268527015,0.22686359634747494,0.1330832767998235
PROD_01999,2026-03-01 23:44:55.718572858,48.0,Bac,1.4,G1302,17113,0.0,1,"Profil autonome, recherche active, aucun frein périphérique identifié.",2,2,0.24974056639834066,0.15335052984409975,0.5969089037575597
PROD_02000,2026-03-02 00:28:08.562854285,63.0,Bac,0.1,G1602,47185,0.0,0,Freins périphériques majeurs. Situation d'illettrisme numérique constatée.,2,2,0.14845557681438568,0.24224573113463851,0.6092986920509758
PROD_02001,2026-03-02 01:11:21.407135712,50.0,Sans diplôme,1.2,C1110,81173,0.0,0,Compétences à réactualiser sur les outils numériques. Motivation correcte.,1,1,0.1477802298707035,0.6652104676741805,0.18700930245511604
PROD_02002,2026-03-02 01:54:34.251417139,27.0,Bac+2,1.5,H2502,37176,0.0,0,Information non renseignee,0,0,0.663988117073258,0.13032670659576692,0.20568517633097508
PROD_02003,2026-03-02 02:37:47.095698567,43.0,Bac+2,2.5,G1601,22185,1.0,0,"Profil autonome, recherche active, aucun frein périphérique identifié.",0,0,0.6747279407196681,0.1850266291898107,0.14024543009052118
PROD_02004,2026-03-02 03:20:59.939979994,20.0,Bac+2,2.3,D1210,60219,0.0,0,Cumul de difficultés. Pas de moyen de transport et garde d'enfants complexe.,1,1,0.1792191223860377,0.6295103191618786,0.19127055845208363
PROD_02005,2026-03-02 04:04:12.784261421,23.0,Bac+2,2.0,D1503,81265,1.0,0,"Candidat très dynamique, mobilité nationale validée. Projet clair.",2,2,0.1555993333496017,0.13601623873102983,0.7083844279193684
PROD_02006,2026-03-02 04:47:25.628542848,44.0,Bac,1.0,I1304,07208,1.0,0,Cumul de difficultés. Pas de moyen de transport et garde d'enfants complexe.,0,0,0.6139422474344903,0.1374019185521102,0.24865583401339947
PROD_02007,2026-03-02 05:30:38.472824275,19.0,Bac+5,2.9,N1303,38167,1.0,0,Freins périphériques majeurs. Situation d'illettrisme numérique constatée.,2,2,0.1836852911044412,0.19569643862799946,0.6206182702675593
PROD_02008,2026-03-02 06:13:51.317105702,28.0,Sans diplôme,1.3,H1206,71301,0.0,0,"Candidat très dynamique, mobilité nationale validée. Projet clair.",0,0,0.640422604800011,0.21015966216136914,0.14941773303861985
PROD_02009,2026-03-02 06:57:04.161387129,23.0,Sans diplôme,1.2,M1801,70049,1.0,0,"Perte de confiance importante. Risque d'exclusion, barrière de la langue.",2,2,0.1315590647620124,0.13353204716302722,0.7349088880749604
PROD_02010,2026-03-02 07:40:17.005668557,39.0,Bac+5,7.0,N1101,13028,1.0,1,"Profil autonome, recherche active, aucun frein périphérique identifié.",2,2,0.14405823704114884,0.24883049938061327,0.6071112635782379
PROD_02011,2026-03-02 08:23:29.849949984,29.0,Bac+2,3.1,D1210,23098,0.0,0,Freins périphériques majeurs. Situation d'illettrisme numérique constatée.,0,0,0.7083823263649087,0.14074569513803764,0.15087197849705364
PROD_02012,2026-03-02 09:06:42.694231411,64.0,Sans diplôme,0.4,N4301,47138,1.0,0,"Profil autonome, recherche active, aucun frein périphérique identifié.",0,0,0.6050627708698134,0.1938601307630513,0.20107709836713528
PROD_02013,2026-03-02 09:49:55.538512838,52.0,Bac+5,2.5,N1301,19181,1.0,0,"Perte de confiance importante. Risque d'exclusion, barrière de la langue.",0,0,0.6829225358114633,0.17289621693054966,0.144181247257987
PROD_02014,2026-03-02 10:33:08.382794265,23.0,Bac,0.8,C1302,21045,1.0,0,Problème ponctuel de mobilité géographique. Zone mal desservie.,1,1,0.18011537801397698,0.5961774162264823,0.22370720575954062
PROD_02015,2026-03-02 11:16:21.227075692,52.0,Bac,2.6,M1806,16359,1.0,0,Problème ponctuel de mobilité géographique. Zone mal desservie.,1,1,0.16383741272881186,0.6783104017220809,0.1578521855491073
PROD_02016,2026-03-02 11:59:34.071357119,51.0,Bac+5,0.6,C1110,37039,0.0,1,Compétences à réactualiser sur les outils numériques. Motivation correcte.,1,1,0.18805897157969995,0.6270757633719068,0.18486526504839318
PROD_02017,2026-03-02 12:42:46.915638547,51.0,Bac,2.5,N1101,21090,0.0,0,Cumul de difficultés. Pas de moyen de transport et garde d'enfants complexe.,1,1,0.18365799291461182,0.6330554725048436,0.18328653458054456
PROD_02018,2026-03-02 13:25:59.759919974,59.0,Sans diplôme,0.3,H1504,57689,0.0,0,"Profil autonome, recherche active, aucun frein périphérique identifié.",0,0,0.6358443258969908,0.16643267301094988,0.19772300109205931
PROD_02019,2026-03-02 14:09:12.604201401,45.0,Sans diplôme,0.8,N4101,14329,0.0,0,"Profil autonome, recherche active, aucun frein périphérique identifié.",1,1,0.1886181177830067,0.6723176542416772,0.13906422797531615
PROD_02020,2026-03-02 14:52:25.448482828,19.0,Bac,0.3,N1301,88251,1.0,0,"Profil autonome, recherche active, aucun frein périphérique identifié.",1,1,0.24617324189945278,0.6180543774104877,0.13577238069005948
PROD_02021,2026-03-02 15:35:38.292764255,42.0,Bac+5,1.1,G1801,76442,1.0,0,Problème ponctuel de mobilité géographique. Zone mal desservie.,0,0,0.6254796332113848,0.21645766668741073,0.1580627001012045
PROD_02022,2026-03-02 16:18:51.137045682,35.0,Bac+2,0.6,D1210,76532,1.0,0,"Candidat très dynamique, mobilité nationale validée. Projet clair.",0,0,0.6186257551833345,0.2443351091050548,0.1370391357116107
PROD_02023,2026-03-02 17:02:03.981327109,22.0,Bac,11.1,A1401,67013,0.0,0,Compétences à réactualiser sur les outils numériques. Motivation correcte.,1,1,0.20652161963183227,0.6594131621309122,0.1340652182372556
PROD_02024,2026-03-02 17:45:16.825608537,45.0,Bac,3.2,D1401,26166,1.0,0,Projet de reconversion à affiner. Besoin d'une formation complémentaire.,0,0,0.6149213475378388,0.1823264571878715,0.20275219527428973
PROD_02025,2026-03-02 18:28:29.669889964,31.0,Bac,3.6,G1801,76685,1.0,0,Cumul de difficultés. Pas de moyen de transport et garde d'enfants complexe.,1,1,0.15771535769310965,0.6280430778323203,0.2142415644745701
PROD_02026,2026-03-02 19:11:42.514171391,21.0,Bac+2,2.6,J1506,2B343,1.0,0,Information non renseignee,0,0,0.7081100251734694,0.1408298448009133,0.15106013002561727
PROD_02027,2026-03-02 19:54:55.358452818,55.0,Bac+5,2.2,G1203,65193,1.0,0,"Candidat très dynamique, mobilité nationale validée. Projet clair.",1,1,0.1831594574626732,0.633608532359207,0.18323201017811985
PROD_02028,2026-03-02 20:38:08.202734245,35.0,Sans diplôme,17.2,N1101,09297,0.0,0,"Candidat très dynamique, mobilité nationale validée. Projet clair.",0,0,0.6379479322100925,0.1898084136540128,0.1722436541358947
PROD_02029,2026-03-02 21:21:21.047015672,41.0,Sans diplôme,1.0,C1302,47215,0.0,0,"Excellente présentation, compétences techniques à jour. Reprise rapide visée.",1,1,0.14421596815970286,0.7235369868075899,0.13224704503270723
PROD_02030,2026-03-02 22:04:33.891297099,37.0,Bac+2,5.2,K2106,24388,0.0,1,Compétences à réactualiser sur les outils numériques. Motivation correcte.,1,1,0.149357696775748,0.6327558039499851,0.21788649927426695
PROD_02031,2026-03-02 22:47:46.735578527,30.0,Bac+2,1.2,D1503,88023,1.0,0,"Profil autonome, recherche active, aucun frein périphérique identifié.",0,0,0.6344678423246665,0.12853491401625428,0.23699724365907926
PROD_02032,2026-03-02 23:30:59.579859954,51.0,Bac,3.1,C1201,51547,1.0,0,Information non renseignee,0,0,0.6696889651727542,0.16347499654229275,0.16683603828495303
PROD_02033,2026-03-03 00:14:12.424141381,41.0,Bac+5,6.0,H2502,55449,1.0,0,"Profil autonome, recherche active, aucun frein périphérique identifié.",0,0,0.6155576677345294,0.25021176185413574,0.1342305704113349
PROD_02034,2026-03-03 00:57:25.268422808,27.0,Bac,4.9,A1401,62758,0.0,1,Freins périphériques majeurs. Situation d'illettrisme numérique constatée.,1,1,0.18679081147003304,0.6353584861461126,0.17785070238385436
PROD_02035,2026-03-03 01:40:38.112704235,28.0,Bac,1.8,M1602,81068,1.0,0,Compétences à réactualiser sur les outils numériques. Motivation correcte.,1,1,0.1804961568198971,0.6887133218121289,0.1307905213679741
PROD_02036,2026-03-03 02:23:50.956985662,47.0,Bac+2,0.3,K2106,11207,1.0,0,Cumul de difficultés. Pas de moyen de transport et garde d'enfants complexe.,0,0,0.6622052995297862,0.1446677527017027,0.19312694776851105
PROD_02037,2026-03-03 03:07:03.801267089,26.0,Bac+5,4.9,J1506,61362,1.0,0,"Perte de confiance importante. Risque d'exclusion, barrière de la langue.",0,0,0.6317585758070531,0.22131905400053237,0.14692237019241455
PROD_02038,2026-03-03 03:50:16.645548517,34.0,Bac,1.6,M1607,57502,1.0,0,"Excellente présentation, compétences techniques à jour. Reprise rapide visée.",1,1,0.22939890447264766,0.6425369271230463,0.128064168404306
PROD_02039,2026-03-03 04:33:29.489829944,40.0,Bac+5,1.6,C1501,23224,0.0,0,"Candidat très dynamique, mobilité nationale validée. Projet clair.",0,0,0.6037530588110264,0.16405010405715675,0.23219683713181688
PROD_02040,2026-03-03 05:16:42.334111371,35.0,Bac+5,2.1,C1501,24470,1.0,0,"Profil autonome, recherche active, aucun frein périphérique identifié.",0,0,0.6355546308272358,0.14266979061516533,0.22177557855759883
PROD_02041,2026-03-03 05:59:55.178392798,51.0,Bac,0.4,N4101,06069,1.0,0,Problème ponctuel de mobilité géographique. Zone mal desservie.,1,1,0.1688002427909042,0.685913889184718,0.14528586802437782
PROD_02042,2026-03-03 06:43:08.022674225,31.0,Bac,0.9,D1502,56056,0.0,0,Problème ponctuel de mobilité géographique. Zone mal desservie.,2,2,0.15209919007448636,0.19173167106531275,0.6561691388602009
PROD_02043,2026-03-03 07:26:20.866955652,47.0,Bac,0.0,I1304,52184,0.0,0,"Profil autonome, recherche active, aucun frein périphérique identifié.",0,0,0.6037518040969152,0.2544983647868899,0.14174983111619488
PROD_02044,2026-03-03 08:09:33.711237079,64.0,Bac+2,5.4,M1802,24504,0.0,0,Cumul de difficultés. Pas de moyen de transport et garde d'enfants complexe.,1,1,0.1373114377043727,0.5955444906539936,0.2671440716416337
PROD_02045,2026-03-03 08:52:46.555518507,47.0,Bac+2,0.3,J1301,03218,0.0,0,"Perte de confiance importante. Risque d'exclusion, barrière de la langue.",0,0,0.62115298825701,0.17290361378788344,0.20594339795510652
PROD_02046,2026-03-03 09:35:59.399799934,64.0,Bac,0.8,D1210,08029,1.0,0,"Profil autonome, recherche active, aucun frein périphérique identifié.",0,0,0.5970840535535691,0.2407818356488058,0.16213411079762513
PROD_02047,2026-03-03 10:19:12.244081361,30.0,Bac+5,3.0,J1506,66068,1.0,0,Problème ponctuel de mobilité géographique. Zone mal desservie.,0,0,0.6581112784984909,0.2031262248240175,0.13876249667749158
PROD_02048,2026-03-03 11:02:25.088362788,36.0,Bac+2,4.3,J1506,57263,1.0,0,Compétences à réactualiser sur les outils numériques. Motivation correcte.,1,1,0.18260880056044002,0.6834991943474688,0.1338920050920912
PROD_02049,2026-03-03 11:45:37.932644215,42.0,Bac+5,1.1,G1801,76442,1.0,0,Problème ponctuel de mobilité géographique. Zone mal desservie.,0,0,0.696409559363916,0.16430801360025227,0.1392824270358317
PROD_02050,2026-03-03 12:28:50.776925642,19.0,Bac+2,3.2,K1304,21058,1.0,0,Cumul de difficultés. Pas de moyen de transport et garde d'enfants complexe.,1,1,0.16466603830443644,0.6234560204063804,0.21187794128918314
PROD_02051,2026-03-03 13:12:03.621207069,30.0,Bac,5.8,M1602,62413,1.0,1,Information non renseignee,1,1,0.1386770194284399,0.6285114399974089,0.2328115405741512
PROD_02052,2026-03-03 13:55:16.465488497,59.0,Bac,1.0,K2101,76452,1.0,0,Compétences à réactualiser sur les outils numériques. Motivation correcte.,1,1,0.15826312074650623,0.693324053885186,0.1484128253683078
PROD_02053,2026-03-03 14:38:29.309769924,36.0,Bac+5,0.7,K1403,65433,1.0,0,Information non renseignee,0,0,0.6182235344699688,0.22696513579451738,0.15481132973551381
PROD_02054,2026-03-03 15:21:42.154051351,56.0,Bac,2.9,D1401,01361,1.0,0,"Profil autonome, recherche active, aucun frein périphérique identifié.",0,0,0.6785501736644701,0.1501043621688158,0.17134546416671406
PROD_02055,2026-03-03 16:04:54.998332778,22.0,Bac+2,1.8,M1501,63327,0.0,0,"Profil autonome, recherche active, aucun frein périphérique identifié.",1,1,0.13757156291692904,0.650290962813055,0.21213747427001595
PROD_02056,2026-03-03 16:48:07.842614205,24.0,Bac,0.8,D1503,10059,1.0,0,"Profil autonome, recherche active, aucun frein périphérique identifié.",1,1,0.14998949150683466,0.6198698361127969,0.2301406723803684
PROD_02057,2026-03-03 17:31:20.686895632,26.0,Bac,0.7,A1202,51445,1.0,0,Compétences à réactualiser sur les outils numériques. Motivation correcte.,1,1,0.22109997042867102,0.631939678623443,0.14696035094788595
PROD_02058,2026-03-03 18:14:33.531177059,56.0,Bac+5,1.5,H1206,35256,1.0,0,Projet de reconversion à affiner. Besoin d'une formation complémentaire.,1,1,0.14786062378098,0.7128215602031599,0.13931781601586013
PROD_02059,2026-03-03 18:57:46.375458487,48.0,Bac,1.9,N1303,59635,1.0,0,"Profil autonome, recherche active, aucun frein périphérique identifié.",0,0,0.6098701834181418,0.23377008319545267,0.15635973338640552
PROD_02060,2026-03-03 19:40:59.219739914,55.0,Bac,0.0,I1304,51142,1.0,1,Cumul de difficultés. Pas de moyen de transport et garde d'enfants complexe.,2,2,0.19561353883414834,0.2038905772543917,0.60049588391146
PROD_02061,2026-03-03 20:24:12.064021341,34.0,Bac+2,0.7,M1607,19275,1.0,0,Compétences à réactualiser sur les outils numériques. Motivation correcte.,1,1,0.2054629862521675,0.6024474219968026,0.1920895917510299
PROD_02062,2026-03-03 21:07:24.908302768,43.0,Bac,4.1,F1603,87199,0.0,0,Information non renseignee,1,1,0.227895454980822,0.6301929012541557,0.1419116437650223
PROD_02063,2026-03-03 21:50:37.752584195,35.0,Bac,2.0,C1201,55503,0.0,0,Projet de reconversion à affiner. Besoin d'une formation complémentaire.,0,0,0.6194316176756353,0.2200327692200725,0.16053561310429224
PROD_02064,2026-03-03 22:33:50.596865622,48.0,Sans diplôme,1.5,K2106,54244,1.0,0,"Excellente présentation, compétences techniques à jour. Reprise rapide visée.",1,1,0.1701375184695855,0.6262696114496127,0.20359287008080185
PROD_02065,2026-03-03 23:17:03.441147049,52.0,Bac,5.1,H2502,42252,1.0,1,"Excellente présentation, compétences techniques à jour. Reprise rapide visée.",2,2,0.19912557480367538,0.18153845246127967,0.619335972735045
PROD_02066,2026-03-04 00:00:16.285428477,51.0,Bac,1.5,K1304,31449,1.0,0,Projet de reconversion à affiner. Besoin d'une formation complémentaire.,1,1,0.18732854345915367,0.6384123429422247,0.17425911359862167
PROD_02067,2026-03-04 00:43:29.129709904,63.0,Bac,0.8,K1403,25421,0.0,0,Freins périphériques majeurs. Situation d'illettrisme numérique constatée.,1,1,0.14202483844275654,0.5977766153441936,0.26019854621304994
PROD_02068,2026-03-04 01:26:41.973991331,42.0,Bac,10.2,C1110,65383,0.0,0,"Perte de confiance importante. Risque d'exclusion, barrière de la langue.",1,1,0.19181832090194453,0.6612089252695865,0.14697275382846897
PROD_02069,2026-03-04 02:09:54.818272758,51.0,Sans diplôme,1.8,M1806,70167,1.0,0,"Profil autonome, recherche active, aucun frein périphérique identifié.",1,1,0.14983390173238884,0.6366038761877274,0.21356222207988373
PROD_02070,2026-03-04 02:53:07.662554185,50.0,Bac,0.2,N4301,02198,0.0,0,Problème ponctuel de mobilité géographique. Zone mal desservie.,2,2,0.22198827000416183,0.1779773501116378,0.6000343798842005
PROD_02071,2026-03-04 03:36:20.506835612,56.0,Bac+2,1.7,M1805,61137,0.0,0,Projet de reconversion à affiner. Besoin d'une formation complémentaire.,1,1,0.17440359387864385,0.6066322467232074,0.21896415939814873
PROD_02072,2026-03-04 04:19:33.351117039,42.0,Bac+5,5.7,H1504,48063,0.0,0,"Candidat très dynamique, mobilité nationale validée. Projet clair.",0,0,0.6378647074261466,0.1286314964115774,0.23350379616227596
PROD_02073,2026-03-04 05:02:46.195398467,46.0,Bac,1.1,C1501,27380,1.0,1,Problème ponctuel de mobilité géographique. Zone mal desservie.,1,1,0.14254831080988237,0.6203751411256007,0.23707654806451695
PROD_02074,2026-03-04 05:45:59.039679894,62.0,Bac,4.9,W1401,70479,1.0,0,Compétences à réactualiser sur les outils numériques. Motivation correcte.,1,1,0.15400621624190755,0.6723840062796891,0.17360977747840334
PROD_02075,2026-03-04 06:29:11.883961321,36.0,Bac,5.6,C1302,77501,1.0,0,Information non renseignee,0,0,0.5972262555335734,0.21449386208486432,0.18827988238156224
PROD_02076,2026-03-04 07:12:24.728242748,25.0,Bac,1.1,C1501,42042,1.0,1,Compétences à réactualiser sur les outils numériques. Motivation correcte.,1,1,0.18997688998549928,0.5977281730503884,0.2122949369641124
PROD_02077,2026-03-04 07:55:37.572524175,30.0,Bac,1.7,M1802,07104,1.0,0,Projet de reconversion à affiner. Besoin d'une formation complémentaire.,1,1,0.15614629230775498,0.6404013051658828,0.2034524025263622
PROD_02078,2026-03-04 08:38:50.416805602,63.0,Bac+5,1.4,N1101,29165,0.0,0,Problème ponctuel de mobilité géographique. Zone mal desservie.,1,1,0.18769727204942876,0.6464464186311011,0.16585630931947015
PROD_02079,2026-03-04 09:22:03.261087029,42.0,Bac+2,6.0,K1403,63178,1.0,0,Cumul de difficultés. Pas de moyen de transport et garde d'enfants complexe.,0,0,0.6254960046863978,0.21243123305675182,0.1620727622568504
PROD_02080,2026-03-04 10:05:16.105368457,31.0,Bac,3.7,M1806,62519,0.0,0,Compétences à réactualiser sur les outils numériques. Motivation correcte.,0,0,0.6557449317769593,0.19669666675449732,0.14755840146854343
PROD_02081,2026-03-04 10:48:28.949649884,34.0,Bac,1.2,K2101,62389,1.0,0,Projet de reconversion à affiner. Besoin d'une formation complémentaire.,1,1,0.18684680033101436,0.6366054853838712,0.1765477142851144
PROD_02082,2026-03-04 11:31:41.793931311,22.0,Bac+2,7.7,D1210,14374,1.0,0,"Perte de confiance importante. Risque d'exclusion, barrière de la langue.",1,1,0.13285009389598293,0.692337411508573,0.17481249459544412
PROD_02083,2026-03-04 12:14:54.638212738,42.0,Bac,11.8,C1201,39424,1.0,0,"Candidat très dynamique, mobilité nationale validée. Projet clair.",1,1,0.13336039055073365,0.652720492188313,0.21391911726095336
PROD_02084,2026-03-04 12:58:07.482494165,46.0,Bac,1.5,D1210,32410,1.0,1,Problème ponctuel de mobilité géographique. Zone mal desservie.,1,1,0.14892916746774554,0.6577510268665965,0.19331980566565798
PROD_02085,2026-03-04 13:41:20.326775592,57.0,Bac,2.4,W1401,21617,0.0,0,"Perte de confiance importante. Risque d'exclusion, barrière de la langue.",1,1,0.18832330636137828,0.6631205405488924,0.14855615308972936
PROD_02086,2026-03-04 14:24:33.171057019,62.0,Bac,1.7,A1401,24209,1.0,0,"Candidat très dynamique, mobilité nationale validée. Projet clair.",1,1,0.14960959376442645,0.6155714779320288,0.23481892830354478
PROD_02087,2026-03-04 15:07:46.015338447,59.0,Bac+5,2.7,J1506,79276,0.0,0,Projet de reconversion à affiner. Besoin d'une formation complémentaire.,0,0,0.6198902078311568,0.1939633312966863,0.18614646087215692
PROD_02088,2026-03-04 15:50:58.859619874,35.0,Sans diplôme,0.5,A1301,10336,1.0,0,Problème ponctuel de mobilité géographique. Zone mal desservie.,1,1,0.22632840231811696,0.6066719238685766,0.1669996738133065
PROD_02089,2026-03-04 16:34:11.703901301,46.0,Sans diplôme,0.5,M1805,64259,0.0,0,Problème ponctuel de mobilité géographique. Zone mal desservie.,1,1,0.1651166176065158,0.6511369720214351,0.1837464103720492
PROD_02090,2026-03-04 17:17:24.548182728,54.0,Bac,2.2,M1805,77455,0.0,0,Problème ponctuel de mobilité géographique. Zone mal desservie.,1,1,0.1790353026218432,0.6301129555493866,0.19085174182877018
PROD_02091,2026-03-04 18:00:37.392464155,21.0,Bac,3.8,J1506,03283,1.0,0,"Excellente présentation, compétences techniques à jour. Reprise rapide visée.",0,0,0.6276763487487422,0.13357343150150153,0.23875021974975624
PROD_02092,2026-03-04 18:43:50.236745582,52.0,Sans diplôme,0.4,M1203,32367,1.0,0,"Excellente présentation, compétences techniques à jour. Reprise rapide visée.",2,2,0.15981153478764307,0.2137185206341143,0.6264699445782426
PROD_02093,2026-03-04 19:27:03.081027009,21.0,Bac+2,0.1,D1502,27248,1.0,0,Compétences à réactualiser sur les outils numériques. Motivation correcte.,1,1,0.17082273796856826,0.6646477562130366,0.1645295058183951
PROD_02094,2026-03-04 20:10:15.925308437,23.0,Bac+2,1.4,D1401,64256,1.0,0,Cumul de difficultés. Pas de moyen de transport et garde d'enfants complexe.,2,2,0.1650912115295955,0.13379885138347952,0.7011099370869249
PROD_02095,2026-03-04 20:53:28.769589864,20.0,Bac,7.8,M1607,25209,1.0,0,Cumul de difficultés. Pas de moyen de transport et garde d'enfants complexe.,2,2,0.14563731067637692,0.22241862437812066,0.6319440649455025
PROD_02096,2026-03-04 21:36:41.613871291,56.0,Sans diplôme,0.8,A1501,50302,0.0,0,Freins périphériques majeurs. Situation d'illettrisme numérique constatée.,2,2,0.13709884004132444,0.21020021214085077,0.6527009478178247
PROD_02097,2026-03-04 22:19:54.458152718,29.0,Bac+5,5.5,N4301,59344,0.0,1,Problème ponctuel de mobilité géographique. Zone mal desservie.,1,1,0.1275861634086584,0.6500102614737139,0.22240357511762776
PROD_02098,2026-03-04 23:03:07.302434145,24.0,Sans diplôme,2.0,D1503,49193,1.0,0,Compétences à réactualiser sur les outils numériques. Motivation correcte.,1,1,0.18627218362145065,0.6148093043717479,0.19891851200680144
PROD_02099,2026-03-04 23:46:20.146715572,24.0,Bac,1.0,N1303,71406,1.0,0,"Profil autonome, recherche active, aucun frein périphérique identifié.",0,0,0.6268799546479011,0.16086860084214466,0.2122514445099542
PROD_02100,2026-03-05 00:29:32.990996999,20.1,Bac,6.6,H2502,11396,1.0,0,Problème ponctuel de mobilité géographique. Zone mal desservie.,1,1,0.17279055028253248,0.6287472562910413,0.19846219342642624
PROD_02101,2026-03-05 01:12:45.835278427,54.1,Bac+2,3.1,D1406,24468,0.0,0,"Perte de confiance importante. Risque d'exclusion, barrière de la langue.",1,1,0.20138245784885864,0.604401811979823,0.19421573017131832
PROD_02102,2026-03-05 01:55:58.679559854,19.1,Bac+2,3.2,K1304,21058,1.0,0,Cumul de difficultés. Pas de moyen de transport et garde d'enfants complexe.,1,1,0.17470623653549855,0.6316070518544703,0.19368671161003115
PROD_02103,2026-03-05 02:39:11.523841281,37.1,Bac,3.2,G1602,45161,1.0,0,"Profil autonome, recherche active, aucun frein périphérique identifié.",0,0,0.6285254952970901,0.22841190633515673,0.14306259836775315
PROD_02104,2026-03-05 03:22:24.368122708,48.1,Sans diplôme,0.5,M1203,62828,0.0,0,"Candidat très dynamique, mobilité nationale validée. Projet clair.",0,0,0.6250020625427319,0.20387999232218793,0.17111794513508014
PROD_02105,2026-03-05 04:05:37.212404135,27.1,Bac+2,1.2,A1501,46262,0.0,0,"Candidat très dynamique, mobilité nationale validée. Projet clair.",0,0,0.635465569206774,0.21571018330711544,0.14882424748611056
PROD_02106,2026-03-05 04:48:50.056685562,24.1,Sans diplôme,0.8,J1301,67166,1.0,0,Projet de reconversion à affiner. Besoin d'une formation complémentaire.,1,1,0.177254741861339,0.6213645158748042,0.20138074226385672
PROD_02107,2026-03-05 05:32:02.900966989,21.1,Bac,1.6,G1801,59412,1.0,0,Problème ponctuel de mobilité géographique. Zone mal desservie.,1,1,0.1426329061082956,0.6495677707774292,0.20779932311427518
PROD_02108,2026-03-05 06:15:15.745248417,28.1,Bac,5.3,K1201,78009,0.0,0,Compétences à réactualiser sur les outils numériques. Motivation correcte.,0,0,0.6121654904707642,0.20862745566380564,0.17920705386543018
PROD_02109,2026-03-05 06:58:28.589529844,50.1,Bac,1.2,K1601,02540,1.0,1,"Perte de confiance importante. Risque d'exclusion, barrière de la langue.",2,2,0.15951040751011583,0.20969442737472715,0.6307951651151571
PROD_02110,2026-03-05 07:41:41.433811271,48.1,Bac,1.4,G1302,17113,0.0,1,"Profil autonome, recherche active, aucun frein périphérique identifié.",2,2,0.17668519693534182,0.196711054590501,0.6266037484741572
PROD_02111,2026-03-05 08:24:54.278092698,30.1,Bac+2,1.4,G1601,62148,0.0,0,"Excellente présentation, compétences techniques à jour. Reprise rapide visée.",0,0,0.668620442745223,0.15735236887747697,0.1740271883773
PROD_02112,2026-03-05 09:08:07.122374125,62.1,Bac+5,0.0,F1603,60108,1.0,0,Information non renseignee,1,1,0.24616734702616874,0.6031630639539922,0.15066958901983907
PROD_02113,2026-03-05 09:51:19.966655552,27.1,Bac+5,0.6,K1601,54421,1.0,1,"Candidat très dynamique, mobilité nationale validée. Projet clair.",0,0,0.6555331871740017,0.16521815816854837,0.17924865465744996
PROD_02114,2026-03-05 10:34:32.810936979,22.1,Bac,3.6,G1601,87183,0.0,0,Compétences à réactualiser sur les outils numériques. Motivation correcte.,1,1,0.17973160146898906,0.6849111718853518,0.1353572266456592
PROD_02115,2026-03-05 11:17:45.655218407,20.1,Bac+5,5.6,M1203,45108,1.0,0,Problème ponctuel de mobilité géographique. Zone mal desservie.,0,0,0.6863482527440092,0.13499291504350341,0.17865883221248735
PROD_02116,2026-03-05 12:00:58.499499834,36.1,Bac+2,5.6,W1401,57566,1.0,0,"Excellente présentation, compétences techniques à jour. Reprise rapide visée.",0,0,0.6332527702257029,0.18938177286275118,0.1773654569115459
PROD_02117,2026-03-05 12:44:11.343781261,23.1,Bac,3.0,J1301,07051,1.0,0,Problème ponctuel de mobilité géographique. Zone mal desservie.,0,0,0.601776383097027,0.12939875436482784,0.2688248625381452
PROD_02118,2026-03-05 13:27:24.188062688,61.1,Bac+2,4.9,M1203,14630,0.0,0,Projet de reconversion à affiner. Besoin d'une formation complémentaire.,1,1,0.1891776423733004,0.6456738800009985,0.16514847762570117
PROD_02119,2026-03-05 14:10:37.032344115,25.1,Bac+5,0.6,G1601,76588,1.0,0,"Perte de confiance importante. Risque d'exclusion, barrière de la langue.",1,1,0.1569866559867198,0.6226800095543986,0.2203333344588816
PROD_02120,2026-03-05 14:53:49.876625542,39.1,Bac,0.2,M1705,02668,1.0,0,Cumul de difficultés. Pas de moyen de transport et garde d'enfants complexe.,0,0,0.6250973240447417,0.20869702943958746,0.16620564651567082
PROD_02121,2026-03-05 15:37:02.720906969,53.1,Bac,1.5,K1601,65351,0.0,1,Projet de reconversion à affiner. Besoin d'une formation complémentaire.,2,2,0.16573969118034332,0.17534344321076326,0.6589168656088935
PROD_02122,2026-03-05 16:20:15.565188397,62.1,Bac+5,0.8,C1102,58200,1.0,0,Problème ponctuel de mobilité géographique. Zone mal desservie.,1,1,0.19357511491350435,0.6297960380552078,0.1766288470312879
PROD_02123,2026-03-05 17:03:28.409469824,38.1,Bac,3.6,D1210,31340,0.0,0,"Perte de confiance importante. Risque d'exclusion, barrière de la langue.",0,0,0.6411914543563819,0.21070833813274012,0.14810020751087796
PROD_02124,2026-03-05 17:46:41.253751251,30.1,Sans diplôme,1.3,W1401,21432,1.0,0,"Profil autonome, recherche active, aucun frein périphérique identifié.",1,1,0.1399913491137059,0.7109939991898472,0.1490146516964469
PROD_02125,2026-03-05 18:29:54.098032678,31.1,Bac,6.1,J1506,55148,1.0,0,"Excellente présentation, compétences techniques à jour. Reprise rapide visée.",0,0,0.6262984547360274,0.18842012799913962,0.18528141726483296
PROD_02126,2026-03-05 19:13:06.942314105,29.1,Bac,1.1,G1801,80197,1.0,0,"Excellente présentation, compétences techniques à jour. Reprise rapide visée.",1,1,0.15208655018716732,0.6023063685280516,0.24560708128478104
PROD_02127,2026-03-05 19:56:19.786595532,27.1,Bac+2,12.1,G1601,51110,0.0,1,Information non renseignee,0,0,0.7382275424707377,0.12923383082301348,0.13253862670624877
PROD_02128,2026-03-05 20:39:32.630876959,60.1,Bac,1.3,K1304,18194,1.0,0,"Profil autonome, recherche active, aucun frein périphérique identifié.",1,1,0.202660442800432,0.6281253917581437,0.1692141654414243
PROD_02129,2026-03-05 21:22:45.475158387,42.1,Sans diplôme,2.1,C1110,73129,0.0,0,Compétences à réactualiser sur les outils numériques. Motivation correcte.,2,2,0.14345668024789252,0.2264032143717275,0.63014010538038
PROD_02130,2026-03-05 22:05:58.319439814,26.1,Bac+2,1.6,G1302,22068,1.0,0,Problème ponctuel de mobilité géographique. Zone mal desservie.,1,1,0.12803905006529456,0.6482115572076922,0.22374939272701322
PROD_02131,2026-03-05 22:49:11.163721241,36.1,Bac+2,2.3,K2111,58236,1.0,0,Problème ponctuel de mobilité géographique. Zone mal desservie.,1,1,0.1388382201222517,0.6932343079978279,0.1679274718799204
PROD_02132,2026-03-05 23:32:24.008002668,44.1,Bac,0.4,G1203,70521,1.0,0,"Profil autonome, recherche active, aucun frein périphérique identifié.",1,1,0.16779909767949663,0.6037310217981865,0.22846988052231687
PROD_02133,2026-03-06 00:15:36.852284095,58.1,Sans diplôme,5.7,I1304,03173,0.0,0,Cumul de difficultés. Pas de moyen de transport et garde d'enfants complexe.,2,2,0.21911262576960944,0.1780816297407692,0.6028057444896213
PROD_02134,2026-03-06 00:58:49.696565522,30.1,Bac,1.7,M1802,07104,1.0,0,Projet de reconversion à affiner. Besoin d'une formation complémentaire.,1,1,0.24319229945832868,0.597756498157359,0.15905120238431236
PROD_02135,2026-03-06 01:42:02.540846949,42.1,Bac+2,8.3,M1806,69037,1.0,0,Cumul de difficultés. Pas de moyen de transport et garde d'enfants complexe.,1,1,0.15996558766652128,0.7012195230495045,0.13881488928397423
PROD_02136,2026-03-06 02:25:15.385128377,61.1,Bac+2,1.7,K2101,31542,1.0,0,Projet de reconversion à affiner. Besoin d'une formation complémentaire.,2,2,0.1962651755024491,0.1519939162780145,0.6517409082195363
PROD_02137,2026-03-06 03:08:28.229409804,22.1,Bac+2,1.8,A1203,41288,0.0,1,Compétences à réactualiser sur les outils numériques. Motivation correcte.,1,1,0.1336929391075434,0.7331810789925441,0.13312598189991243
PROD_02138,2026-03-06 03:51:41.073691231,54.1,Bac+5,1.2,H1504,61122,0.0,0,Projet de reconversion à affiner. Besoin d'une formation complémentaire.,1,1,0.1596047265633496,0.607127748452321,0.23326752498432946
PROD_02139,2026-03-06 04:34:53.917972658,40.1,Bac+5,1.7,J1301,59163,1.0,0,Compétences à réactualiser sur les outils numériques. Motivation correcte.,0,0,0.6169319899047705,0.16206287207418316,0.22100513802104635
PROD_02140,2026-03-06 05:18:06.762254085,64.1,Bac,2.9,A1401,85266,1.0,0,Compétences à réactualiser sur les outils numériques. Motivation correcte.,1,1,0.1873042976661848,0.6657052920399945,0.14699041029382065
PROD_02141,2026-03-06 06:01:19.606535512,60.1,Bac+2,2.4,M1705,54032,1.0,0,Freins périphériques majeurs. Situation d'illettrisme numérique constatée.,1,1,0.18848391905646394,0.6618591323359986,0.14965694860753742
PROD_02142,2026-03-06 06:44:32.450816939,43.1,Bac,0.8,K1601,05073,1.0,0,"Profil autonome, recherche active, aucun frein périphérique identifié.",2,2,0.15566894466749434,0.21569648151468454,0.6286345738178211
PROD_02143,2026-03-06 07:27:45.295098367,38.1,Bac,3.6,D1210,31340,0.0,0,"Perte de confiance importante. Risque d'exclusion, barrière de la langue.",0,0,0.64254317907821,0.15768498693012298,0.199771833991667
PROD_02144,2026-03-06 08:10:58.139379794,52.1,Bac+2,3.2,G1203,02355,1.0,0,Cumul de difficultés. Pas de moyen de transport et garde d'enfants complexe.,2,2,0.1662187930887575,0.23223137779280184,0.6015498291184407
PROD_02145,2026-03-06 08:54:10.983661221,30.1,Sans diplôme,10.7,G1601,80827,1.0,0,Freins périphériques majeurs. Situation d'illettrisme numérique constatée.,2,2,0.18595394046395275,0.20446284319626412,0.6095832163397832
PROD_02146,2026-03-06 09:37:23.827942648,47.1,Bac+2,10.6,W1401,03056,1.0,0,Problème ponctuel de mobilité géographique. Zone mal desservie.,1,1,0.19207791559521367,0.635659788648647,0.17226229575613927
PROD_02147,2026-03-06 10:20:36.672224075,38.1,Bac+2,0.2,C1302,72047,1.0,0,Freins périphériques majeurs. Situation d'illettrisme numérique constatée.,0,0,0.6420429723095841,0.17192631814016546,0.18603070955025047
PROD_02148,2026-03-06 11:03:49.516505502,27.1,Bac,1.2,M1203,45044,1.0,0,"Perte de confiance importante. Risque d'exclusion, barrière de la langue.",0,0,0.6361769434456171,0.14880134263474432,0.21502171391963854
PROD_02149,2026-03-06 11:47:02.360786929,62.1,Bac+5,0.1,M1801,60032,1.0,0,"Perte de confiance importante. Risque d'exclusion, barrière de la langue.",0,0,0.6311437279568466,0.22688666186270948,0.14196961018044393
PROD_02150,2026-03-06 12:30:15.205068357,37.1,Bac+5,7.2,N1301,61463,0.0,0,Cumul de difficultés. Pas de moyen de transport et garde d'enfants complexe.,0,0,0.6011021659682063,0.24753510151473668,0.151362732517057
PROD_02151,2026-03-06 13:13:28.049349784,34.1,Bac+5,0.3,K1403,2A018,1.0,0,Projet de reconversion à affiner. Besoin d'une formation complémentaire.,0,0,0.6719518748929185,0.17018523977619557,0.1578628853308859
PROD_02152,2026-03-06 13:56:40.893631211,62.1,Bac,2.4,H2502,81027,1.0,0,"Profil autonome, recherche active, aucun frein périphérique identifié.",1,1,0.14101469550510706,0.6886993702266165,0.17028593426827643
PROD_02153,2026-03-06 14:39:53.737912638,61.1,Bac+2,1.7,K2101,31542,1.0,0,Projet de reconversion à affiner. Besoin d'une formation complémentaire.,2,2,0.21195942236062826,0.1525833984995481,0.6354571791398236
PROD_02154,2026-03-06 15:23:06.582194065,33.1,Sans diplôme,0.8,K1403,2B149,0.0,0,Problème ponctuel de mobilité géographique. Zone mal desservie.,1,1,0.13762222357376758,0.6695385228387855,0.1928392535874469
PROD_02155,2026-03-06 16:06:19.426475492,26.1,Bac+2,0.2,G1203,10140,1.0,0,Projet de reconversion à affiner. Besoin d'une formation complémentaire.,1,1,0.16411534469005834,0.696105602269373,0.1397790530405687
PROD_02156,2026-03-06 16:49:32.270756919,51.1,Sans diplôme,2.2,N1101,86289,1.0,0,Compétences à réactualiser sur les outils numériques. Motivation correcte.,1,1,0.18606941519916295,0.6519664772393486,0.16196410756148838
PROD_02157,2026-03-06 17:32:45.115038347,23.1,Sans diplôme,1.2,M1801,70049,1.0,0,"Perte de confiance importante. Risque d'exclusion, barrière de la langue.",2,2,0.14167780312406636,0.19973253312897538,0.6585896637469582
PROD_02158,2026-03-06 18:15:57.959319774,56.1,Bac,5.0,C1201,2B287,0.0,0,Projet de reconversion à affiner. Besoin d'une formation complémentaire.,0,0,0.6646203924139444,0.15422614122322223,0.18115346636283333
PROD_02159,2026-03-06 18:59:10.803601201,52.1,Bac+2,0.8,C1302,56264,1.0,0,Problème ponctuel de mobilité géographique. Zone mal desservie.,1,1,0.208460771974733,0.6497749758628351,0.14176425216243194
PROD_02160,2026-03-06 19:42:23.647882628,41.1,Bac,1.2,A1501,89318,0.0,0,Compétences à réactualiser sur les outils numériques. Motivation correcte.,1,1,0.19603483850547443,0.6016945673151097,0.20227059417941584
PROD_02161,2026-03-06 20:25:36.492164055,35.1,Bac,7.1,C1110,64211,0.0,0,"Excellente présentation, compétences techniques à jour. Reprise rapide visée.",0,0,0.6200303970464192,0.19168908891136338,0.18828051404221746
PROD_02162,2026-03-06 21:08:49.336445482,48.1,Bac,1.9,N1303,59635,1.0,0,"Profil autonome, recherche active, aucun frein périphérique identifié.",0,0,0.6049901641364054,0.22218428854105898,0.17282554732253563
PROD_02163,2026-03-06 21:52:02.180726909,22.1,Bac,5.2,M1203,63260,0.0,0,"Profil autonome, recherche active, aucun frein périphérique identifié.",0,0,0.6999891784920838,0.15420675931069125,0.145804062197225
PROD_02164,2026-03-06 22:35:15.025008337,48.1,Bac,2.9,D1406,69143,1.0,0,"Perte de confiance importante. Risque d'exclusion, barrière de la langue.",2,2,0.1621900979829457,0.21419366419641458,0.6236162378206397
PROD_02165,2026-03-06 23:18:27.869289764,62.1,Sans diplôme,0.2,J1301,40031,1.0,0,"Profil autonome, recherche active, aucun frein périphérique identifié.",1,1,0.17151623990534856,0.6572908382975752,0.17119292179707624
PROD_02166,2026-03-07 00:01:40.713571191,28.1,Bac+2,3.7,K2101,22224,1.0,1,Cumul de difficultés. Pas de moyen de transport et garde d'enfants complexe.,1,1,0.2598528207727222,0.6019632541868353,0.13818392504044252
PROD_02167,2026-03-07 00:44:53.557852618,56.1,Bac,2.2,H1206,21179,1.0,0,Projet de reconversion à affiner. Besoin d'une formation complémentaire.,1,1,0.2645382210176302,0.596451857320414,0.13900992166195592
PROD_02168,2026-03-07 01:28:06.402134045,24.1,Bac+5,0.6,W1401,21630,1.0,0,"Candidat très dynamique, mobilité nationale validée. Projet clair.",0,0,0.6829437552090702,0.18215471191663882,0.13490153287429094
PROD_02169,2026-03-07 02:11:19.246415472,61.1,Bac+2,4.6,A1501,67426,0.0,0,Problème ponctuel de mobilité géographique. Zone mal desservie.,1,1,0.1451158443659078,0.6496734388309228,0.2052107168031695
PROD_02170,2026-03-07 02:54:32.090696899,26.1,Bac+5,0.3,M1805,84026,1.0,0,Cumul de difficultés. Pas de moyen de transport et garde d'enfants complexe.,0,0,0.6691134573515378,0.170036402762071,0.16085013988639119
PROD_02171,2026-03-07 03:37:44.934978327,42.1,Bac,10.6,C1201,58250,0.0,0,Cumul de difficultés. Pas de moyen de transport et garde d'enfants complexe.,1,1,0.13156744061495645,0.6387111874515017,0.2297213719335418
PROD_02172,2026-03-07 04:20:57.779259754,55.1,Bac,7.9,A1401,44024,1.0,0,Cumul de difficultés. Pas de moyen de transport et garde d'enfants complexe.,2,2,0.20528277110819845,0.17298100529244473,0.6217362235993568
PROD_02173,2026-03-07 05:04:10.623541181,33.1,Bac+5,5.1,J1301,29193,1.0,0,"Profil autonome, recherche active, aucun frein périphérique identifié.",0,0,0.6982854412641742,0.12947243773770245,0.1722421209981233
PROD_02174,2026-03-07 05:47:23.467822608,41.1,Bac,4.5,C1110,65469,0.0,0,"Candidat très dynamique, mobilité nationale validée. Projet clair.",0,0,0.6578033078010528,0.18043614770930946,0.16176054448963775
PROD_02175,2026-03-07 06:30:36.312104035,59.1,Sans diplôme,0.6,K2101,45051,1.0,0,"Perte de confiance importante. Risque d'exclusion, barrière de la langue.",2,2,0.19001266288563687,0.17756849821059587,0.6324188389037673
PROD_02176,2026-03-07 07:13:49.156385462,55.1,Sans diplôme,1.8,H2502,01385,1.0,0,Cumul de difficultés. Pas de moyen de transport et garde d'enfants complexe.,2,2,0.15678310968528644,0.22248589601265434,0.6207309943020592
PROD_02177,2026-03-07 07:57:02.000666889,22.1,Bac,0.4,K1201,38286,1.0,0,Cumul de difficultés. Pas de moyen de transport et garde d'enfants complexe.,0,0,0.6974488774235803,0.1722728364644452,0.1302782861119745
PROD_02178,2026-03-07 08:40:14.844948317,43.1,Sans diplôme,0.9,N1101,28371,1.0,0,Problème ponctuel de mobilité géographique. Zone mal desservie.,1,1,0.17801458502866196,0.6153502409781433,0.20663517399319475
PROD_02179,2026-03-07 09:23:27.689229744,28.1,Bac+2,5.7,M1705,27097,1.0,0,"Excellente présentation, compétences techniques à jour. Reprise rapide visée.",0,0,0.6011468272951878,0.1994244547960973,0.19942871790871494
PROD_02180,2026-03-07 10:06:40.533511171,26.1,Bac+5,4.0,W1401,21631,1.0,1,"Excellente présentation, compétences techniques à jour. Reprise rapide visée.",0,0,0.6286130551605845,0.12926822977102156,0.2421187150683939
PROD_02181,2026-03-07 10:49:53.377792598,20.1,Bac,4.0,M1602,34109,1.0,0,Projet de reconversion à affiner. Besoin d'une formation complémentaire.,1,1,0.17175117324838018,0.6110868625795759,0.21716196417204392
PROD_02182,2026-03-07 11:33:06.222074025,57.1,Sans diplôme,0.6,M1806,85011,1.0,0,"Excellente présentation, compétences techniques à jour. Reprise rapide visée.",1,1,0.13198802851671415,0.6725723251984392,0.19543964628484667
PROD_02183,2026-03-07 12:16:19.066355452,63.1,Bac+2,1.7,D1210,21715,0.0,1,Cumul de difficultés. Pas de moyen de transport et garde d'enfants complexe.,2,2,0.12775119810439275,0.188783511982257,0.6834652899133502
PROD_02184,2026-03-07 12:59:31.910636879,55.1,Sans diplôme,4.8,A1301,76522,1.0,1,"Perte de confiance importante. Risque d'exclusion, barrière de la langue.",2,2,0.19672304920933736,0.1816115849463994,0.6216653658442632
PROD_02185,2026-03-07 13:42:44.754918307,46.1,Bac+2,6.4,D1502,70038,1.0,0,"Excellente présentation, compétences techniques à jour. Reprise rapide visée.",0,0,0.6114004448816434,0.13533564097326314,0.2532639141450935
PROD_02186,2026-03-07 14:25:57.599199734,41.1,Bac+5,3.5,M1806,08391,0.0,0,"Excellente présentation, compétences techniques à jour. Reprise rapide visée.",0,0,0.6419143733988748,0.16251282241117243,0.19557280418995276
PROD_02187,2026-03-07 15:09:10.443481161,63.1,Bac,2.6,M1501,60051,1.0,0,Problème ponctuel de mobilité géographique. Zone mal desservie.,2,2,0.19537870708361416,0.1719520414373275,0.6326692514790584
PROD_02188,2026-03-07 15:52:23.287762588,45.1,Sans diplôme,8.9,A1203,86086,1.0,0,"Profil autonome, recherche active, aucun frein périphérique identifié.",0,0,0.6969309131457848,0.16058811276798163,0.14248097408623356
PROD_02189,2026-03-07 16:35:36.132044015,51.1,Sans diplôme,1.7,M1203,14096,1.0,0,Freins périphériques majeurs. Situation d'illettrisme numérique constatée.,2,2,0.14242076978527637,0.19394733647020374,0.6636318937445198
PROD_02190,2026-03-07 17:18:48.976325442,52.1,Bac+2,3.2,G1203,02355,1.0,0,Cumul de difficultés. Pas de moyen de transport et garde d'enfants complexe.,2,2,0.15228438453611792,0.13907294553362487,0.7086426699302573
PROD_02191,2026-03-07 18:02:01.820606869,58.1,Bac+5,1.0,M1501,59164,1.0,1,"Excellente présentation, compétences techniques à jour. Reprise rapide visée.",1,1,0.23330316730085332,0.6191100419481523,0.14758679075099435
PROD_02192,2026-03-07 18:45:14.664888297,51.1,Bac+2,1.9,C1110,06019,1.0,1,Compétences à réactualiser sur les outils numériques. Motivation correcte.,1,1,0.1705430474991713,0.6000671378114356,0.22938981468939312
PROD_02193,2026-03-07 19:28:27.509169724,48.1,Sans diplôme,1.1,A1203,08330,1.0,1,Freins périphériques majeurs. Situation d'illettrisme numérique constatée.,1,1,0.14650087100394196,0.6865763678436103,0.16692276115244775
PROD_02194,2026-03-07 20:11:40.353451151,45.1,Bac+5,2.4,C1102,34286,1.0,0,"Excellente présentation, compétences techniques à jour. Reprise rapide visée.",0,0,0.6834120941620926,0.15349326136841154,0.16309464446949587
PROD_02195,2026-03-07 20:54:53.197732578,48.1,Sans diplôme,9.6,C1110,03074,1.0,0,Information non renseignee,2,2,0.19948485320596873,0.13367292398868194,0.6668422228053493
PROD_02196,2026-03-07 21:38:06.042014005,49.1,Bac,0.8,I1304,23125,1.0,0,"Candidat très dynamique, mobilité nationale validée. Projet clair.",0,0,0.6039795605684496,0.1697599489598994,0.226260490471651
PROD_02197,2026-03-07 22:21:18.886295432,29.1,Bac+2,5.5,N4301,59344,0.0,1,Problème ponctuel de mobilité géographique. Zone mal desservie.,1,1,0.18704571100294495,0.6410610578822954,0.17189323111475963
PROD_02198,2026-03-07 23:04:31.730576859,33.1,Bac+2,0.1,D1406,87009,0.0,0,"Candidat très dynamique, mobilité nationale validée. Projet clair.",0,0,0.654420861690352,0.20348085558796453,0.1420982827216835
PROD_02199,2026-03-07 23:47:44.574858287,37.1,Bac,5.2,K2111,65162,1.0,0,"Perte de confiance importante. Risque d'exclusion, barrière de la langue.",1,1,0.1967613366478835,0.646229219715953,0.15700944363616343
PROD_02200,2026-03-08 00:30:57.419139714,24.1,Bac,1.1,N4301,21193,1.0,0,Projet de reconversion à affiner. Besoin d'une formation complémentaire.,1,1,0.13069193962262357,0.6088612498453251,0.2604468105320513
PROD_02201,2026-03-08 01:14:10.263421141,42.1,Bac+2,2.9,J1506,52273,1.0,0,"Excellente présentation, compétences techniques à jour. Reprise rapide visée.",0,0,0.62783635211071,0.22863427815081028,0.14352936973847974
PROD_02202,2026-03-08 01:57:23.107702568,42.1,Bac,1.2,D1210,76012,0.0,0,"Perte de confiance importante. Risque d'exclusion, barrière de la langue.",2,2,0.1950359848016923,0.16266558279662924,0.6422984324016785
PROD_02203,2026-03-08 02:40:35.951983995,27.1,Bac,2.4,N1101,58067,0.0,0,"Candidat très dynamique, mobilité nationale validée. Projet clair.",1,1,0.196646707797251,0.6471497071997669,0.15620358500298204
PROD_02204,2026-03-08 03:23:48.796265422,42.1,Bac+2,2.9,K2101,61453,0.0,0,Compétences à réactualiser sur les outils numériques. Motivation correcte.,2,2,0.24233260983871563,0.1494422450134848,0.6082251451477996
PROD_02205,2026-03-08 04:07:01.640546849,32.1,Bac+5,0.3,C1501,80572,0.0,0,"Excellente présentation, compétences techniques à jour. Reprise rapide visée.",0,0,0.698220148688178,0.15938353663547072,0.14239631467635122
PROD_02206,2026-03-08 04:50:14.484828277,55.1,Bac+5,4.1,A1401,17137,1.0,0,Problème ponctuel de mobilité géographique. Zone mal desservie.,1,1,0.2503854474260314,0.6080749947094191,0.14153955786454953
PROD_02207,2026-03-08 05:33:27.329109704,30.1,Bac+2,0.2,K1304,78334,1.0,0,"Perte de confiance importante. Risque d'exclusion, barrière de la langue.",2,2,0.22255944928920715,0.146284942683301,0.6311556080274918
PROD_02208,2026-03-08 06:16:40.173391131,36.1,Sans diplôme,2.3,K2111,71528,1.0,1,Compétences à réactualiser sur les outils numériques. Motivation correcte.,2,2,0.15654819643197904,0.14248879212654292,0.700963011441478
PROD_02209,2026-03-08 06:59:53.017672558,51.1,Bac,1.0,C1501,08040,1.0,0,Information non renseignee,0,0,0.7108839036779583,0.13925237827001638,0.14986371805202534
PROD_02210,2026-03-08 07:43:05.861953985,26.1,Bac+5,4.0,W1401,21631,1.0,1,"Excellente présentation, compétences techniques à jour. Reprise rapide visée.",0,0,0.713742813450854,0.15344275867065615,0.13281442787848985
PROD_02211,2026-03-08 08:26:18.706235412,20.1,Bac,9.9,J1301,11290,0.0,1,Projet de reconversion à affiner. Besoin d'une formation complémentaire.,1,1,0.14441618271682108,0.6981375040576763,0.15744631322550262
PROD_02212,2026-03-08 09:09:31.550516839,55.1,Bac,4.0,N1303,70431,1.0,0,Problème ponctuel de mobilité géographique. Zone mal desservie.,1,1,0.12755659856753027,0.6871630435782362,0.18528035785423358
PROD_02213,2026-03-08 09:52:44.394798267,20.1,Sans diplôme,2.7,N1101,40165,0.0,0,Compétences à réactualiser sur les outils numériques. Motivation correcte.,1,1,0.22263838298713853,0.5952933315683453,0.18206828544451614
PROD_02214,2026-03-08 10:35:57.239079694,36.1,Sans diplôme,1.6,M1607,2B304,0.0,0,Cumul de difficultés. Pas de moyen de transport et garde d'enfants complexe.,2,2,0.221316477683313,0.12863845694302758,0.6500450653736595
PROD_02215,2026-03-08 11:19:10.083361121,20.1,Bac,1.2,K2111,27185,0.0,0,"Perte de confiance importante. Risque d'exclusion, barrière de la langue.",0,0,0.6583891624324497,0.14302338952671445,0.19858744804083583
PROD_02216,2026-03-08 12:02:22.927642548,41.1,Bac,1.9,D1502,94065,1.0,0,Cumul de difficultés. Pas de moyen de transport et garde d'enfants complexe.,1,1,0.14746640757254986,0.7090165314490813,0.14351706097836892
PROD_02217,2026-03-08 12:45:35.771923975,39.1,Bac,1.8,N4101,09009,1.0,0,Freins périphériques majeurs. Situation d'illettrisme numérique constatée.,0,0,0.613284535068193,0.17550065020459543,0.21121481472721154
PROD_02218,2026-03-08 13:28:48.616205402,51.1,Bac+2,1.9,C1110,06019,1.0,1,Compétences à réactualiser sur les outils numériques. Motivation correcte.,1,1,0.18190777157493004,0.6311364945052871,0.18695573391978293
PROD_02219,2026-03-08 14:12:01.460486829,20.1,Bac,0.6,K1201,56228,1.0,0,"Profil autonome, recherche active, aucun frein périphérique identifié.",0,0,0.6976930727913125,0.1604699254572769,0.14183700175141056
PROD_02220,2026-03-08 14:55:14.304768257,21.1,Sans diplôme,0.8,M1203,27429,1.0,0,"Candidat très dynamique, mobilité nationale validée. Projet clair.",2,2,0.25596850339326616,0.13212142053359663,0.6119100760731372
PROD_02221,2026-03-08 15:38:27.149049684,32.1,Bac,4.6,H1206,68316,0.0,0,"Profil autonome, recherche active, aucun frein périphérique identifié.",0,0,0.6454765511775539,0.18314624183481962,0.1713772069876265
PROD_02222,2026-03-08 16:21:39.993331111,62.1,Sans diplôme,10.0,F1603,59174,1.0,0,Projet de reconversion à affiner. Besoin d'une formation complémentaire.,2,2,0.20154594844095264,0.15304367331593918,0.6454103782431082
PROD_02223,2026-03-08 17:04:52.837612538,45.1,Bac+5,2.2,M1802,21341,1.0,1,"Excellente présentation, compétences techniques à jour. Reprise rapide visée.",0,0,0.5991467568644667,0.2593555735660727,0.14149766956946058
PROD_02224,2026-03-08 17:48:05.681893965,26.1,Bac,1.4,I1304,59387,0.0,0,"Candidat très dynamique, mobilité nationale validée. Projet clair.",0,0,0.6086468464233404,0.21839062163679113,0.17296253193986844
PROD_02225,2026-03-08 18:31:18.526175392,53.1,Sans diplôme,10.7,K2101,89261,0.0,0,"Candidat très dynamique, mobilité nationale validée. Projet clair.",2,2,0.24254058226182162,0.1572902078273726,0.6001692099108058
PROD_02226,2026-03-08 19:14:31.370456819,62.1,Sans diplôme,3.6,C1302,09170,1.0,0,Freins périphériques majeurs. Situation d'illettrisme numérique constatée.,2,2,0.24976847737105753,0.13933125316175377,0.6109002694671887
PROD_02227,2026-03-08 19:57:44.214738247,23.1,Bac+2,6.0,N1303,67248,0.0,0,Problème ponctuel de mobilité géographique. Zone mal desservie.,0,0,0.665160241617208,0.17259506818239112,0.1622446902004009
PROD_02228,2026-03-08 20:40:57.059019674,35.1,Bac+5,2.1,C1501,24470,1.0,0,"Profil autonome, recherche active, aucun frein périphérique identifié.",0,0,0.6238430246454738,0.15723213458573032,0.21892484076879587
PROD_02229,2026-03-08 21:24:09.903301101,52.1,Bac+5,2.4,M1705,47032,0.0,0,Projet de reconversion à affiner. Besoin d'une formation complémentaire.,1,1,0.22904230081828084,0.6097971673522996,0.16116053182941958
PROD_02230,2026-03-08 22:07:22.747582528,44.1,Bac+2,2.2,N4301,14484,1.0,0,Compétences à réactualiser sur les outils numériques. Motivation correcte.,1,1,0.1635090515600581,0.6934252115797009,0.14306573686024093
PROD_02231,2026-03-08 22:50:35.591863955,19.1,Bac+2,2.5,C1501,57295,0.0,0,Projet de reconversion à affiner. Besoin d'une formation complémentaire.,1,1,0.20561674142355896,0.6284127729758798,0.16597048560056116
PROD_02232,2026-03-08 23:33:48.436145382,51.1,Bac,3.9,D1406,69075,1.0,0,Compétences à réactualiser sur les outils numériques. Motivation correcte.,1,1,0.17084240677969836,0.6835493554391885,0.1456082377811132
PROD_02233,2026-03-09 00:17:01.280426809,41.1,Bac,2.0,A1401,14334,0.0,0,"Profil autonome, recherche active, aucun frein périphérique identifié.",1,1,0.12759626810374428,0.5971585915965244,0.27524514029973135
PROD_02234,2026-03-09 01:00:14.124708237,60.1,Bac+2,0.5,M1802,57377,0.0,0,Problème ponctuel de mobilité géographique. Zone mal desservie.,1,1,0.1287475700585333,0.6078273577002625,0.26342507224120415
PROD_02235,2026-03-09 01:43:26.968989664,26.1,Bac,0.3,H1504,34261,1.0,0,Projet de reconversion à affiner. Besoin d'une formation complémentaire.,1,1,0.1995464543445735,0.6511405504758718,0.14931299517955465
PROD_02236,2026-03-09 02:26:39.813271091,44.1,Bac+5,0.4,G1601,67091,1.0,1,Projet de reconversion à affiner. Besoin d'une formation complémentaire.,1,1,0.16724742768376125,0.6320746322368076,0.20067794007943118
PROD_02237,2026-03-09 03:09:52.657552518,46.1,Bac,0.2,M1602,84054,1.0,0,"Perte de confiance importante. Risque d'exclusion, barrière de la langue.",2,2,0.2190986160020048,0.14906478466790887,0.6318365993300864
PROD_02238,2026-03-09 03:53:05.501833945,48.1,Bac+5,0.1,G1801,21581,0.0,0,"Perte de confiance importante. Risque d'exclusion, barrière de la langue.",0,0,0.6076199044623014,0.13626775616920536,0.2561123393684932
PROD_02239,2026-03-09 04:36:18.346115372,44.1,Bac,0.8,K1903,65110,1.0,1,"Candidat très dynamique, mobilité nationale validée. Projet clair.",1,1,0.16152237103755007,0.628198901390867,0.21027872757158295
PROD_02240,2026-03-09 05:19:31.190396799,27.1,Bac+2,8.7,C1201,68353,1.0,1,Information non renseignee,0,0,0.6891355399236385,0.17769989683872592,0.13316456323763556
PROD_02241,2026-03-09 06:02:44.034678227,50.1,Bac+5,1.7,J1506,28349,0.0,0,Compétences à réactualiser sur les outils numériques. Motivation correcte.,2,2,0.13801155866005657,0.17241545748562162,0.6895729838543219
PROD_02242,2026-03-09 06:45:56.878959654,44.1,Sans diplôme,0.8,G1801,78431,1.0,0,Problème ponctuel de mobilité géographique. Zone mal desservie.,1,1,0.19002695477021161,0.6379392439385059,0.17203380129128254
PROD_02243,2026-03-09 07:29:09.723241081,58.1,Bac+5,6.9,M1607,26244,1.0,0,"Perte de confiance importante. Risque d'exclusion, barrière de la langue.",1,1,0.1443829182697795,0.6019315152870969,0.25368556644312357
PROD_02244,2026-03-09 08:12:22.567522508,31.1,Bac+2,0.8,C1102,51522,0.0,0,"Perte de confiance importante. Risque d'exclusion, barrière de la langue.",1,1,0.23461142736149718,0.6130840077922812,0.15230456484622157
PROD_02245,2026-03-09 08:55:35.411803935,42.1,Bac,0.2,D1401,28064,0.0,0,"Candidat très dynamique, mobilité nationale validée. Projet clair.",0,0,0.6418562323722167,0.22420791445083943,0.1339358531769439
PROD_02246,2026-03-09 09:38:48.256085362,60.1,Bac,6.9,K1304,26359,1.0,0,"Profil autonome, recherche active, aucun frein périphérique identifié.",0,0,0.7304524426049779,0.13213562329884634,0.13741193409617578
PROD_02247,2026-03-09 10:22:01.100366789,40.1,Bac+2,2.3,D1210,22386,1.0,0,"Profil autonome, recherche active, aucun frein périphérique identifié.",0,0,0.6733137249737468,0.17595232601523852,0.15073394901101472
PROD_02248,2026-03-09 11:05:13.944648217,52.1,Bac+2,3.1,N1301,57705,0.0,0,"Candidat très dynamique, mobilité nationale validée. Projet clair.",0,0,0.6543416315394933,0.1594288534959943,0.18622951496451237
PROD_02249,2026-03-09 11:48:26.788929644,51.1,Bac+2,1.8,C1501,71347,1.0,1,Freins périphériques majeurs. Situation d'illettrisme numérique constatée.,2,2,0.20201867908067284,0.16623716206096226,0.6317441588583649
PROD_02250,2026-03-09 12:31:39.633211071,38.1,Bac+2,0.3,M1802,11203,1.0,0,Problème ponctuel de mobilité géographique. Zone mal desservie.,0,0,0.6027242695175061,0.1926257121232632,0.20465001835923066
PROD_02251,2026-03-09 13:14:52.477492498,53.1,Bac+5,2.3,C1110,24398,1.0,0,Problème ponctuel de mobilité géographique. Zone mal desservie.,2,2,0.19131771658848393,0.16685013664495818,0.6418321467665579
PROD_02252,2026-03-09 13:58:05.321773925,40.1,Sans diplôme,7.8,J1301,62768,1.0,0,Compétences à réactualiser sur les outils numériques. Motivation correcte.,2,2,0.24922494929580055,0.1553028551960376,0.5954721955081619
PROD_02253,2026-03-09 14:41:18.166055352,37.1,Bac+5,2.8,M1801,27342,1.0,0,"Profil autonome, recherche active, aucun frein périphérique identifié.",0,0,0.6093425610811796,0.1356699176405792,0.2549875212782412
PROD_02254,2026-03-09 15:24:31.010336779,42.1,Bac+5,0.5,C1302,09262,1.0,0,"Excellente présentation, compétences techniques à jour. Reprise rapide visée.",0,0,0.6854680033366546,0.14844130703796984,0.16609068962537557
PROD_02255,2026-03-09 16:07:43.854618207,40.1,Bac,4.1,C1201,11181,1.0,0,"Excellente présentation, compétences techniques à jour. Reprise rapide visée.",0,0,0.5975800174707097,0.16596375297804805,0.2364562295512423
PROD_02256,2026-03-09 16:50:56.698899634,62.1,Bac,6.3,D1502,45288,0.0,0,Compétences à réactualiser sur les outils numériques. Motivation correcte.,1,1,0.17609328588538312,0.6802192176247192,0.14368749648989776
PROD_02257,2026-03-09 17:34:09.543181061,36.1,Bac+2,1.9,M1801,86026,0.0,0,"Profil autonome, recherche active, aucun frein périphérique identifié.",0,0,0.6432809940821587,0.21297691818134293,0.1437420877364984
PROD_02258,2026-03-09 18:17:22.387462488,61.1,Bac,0.2,A1203,63359,1.0,0,Problème ponctuel de mobilité géographique. Zone mal desservie.,1,1,0.23106603037038595,0.6362597133874901,0.13267425624212392
PROD_02259,2026-03-09 19:00:35.231743915,54.1,Bac,9.2,G1203,03182,0.0,1,"Excellente présentation, compétences techniques à jour. Reprise rapide visée.",0,0,0.6163865889659969,0.1475954289609374,0.23601798207306574
PROD_02260,2026-03-09 19:43:48.076025342,20.1,Sans diplôme,2.8,G1203,53029,1.0,0,"Excellente présentation, compétences techniques à jour. Reprise rapide visée.",1,1,0.20590317832875038,0.6078113045123477,0.18628551715890196
PROD_02261,2026-03-09 20:27:00.920306769,33.1,Bac,3.2,H1206,47193,1.0,0,"Perte de confiance importante. Risque d'exclusion, barrière de la langue.",1,1,0.1636975169080222,0.6944168690322499,0.141885614059728
PROD_02262,2026-03-09 21:10:13.764588197,63.1,Bac+2,11.4,A1401,30350,0.0,0,Compétences à réactualiser sur les outils numériques. Motivation correcte.,2,2,0.19859846456312674,0.1405535004709816,0.6608480349658917
PROD_02263,2026-03-09 21:53:26.608869624,43.1,Bac,1.8,D1406,76315,0.0,0,"Profil autonome, recherche active, aucun frein périphérique identifié.",0,0,0.6511882280490849,0.14613710941897295,0.2026746625319421
PROD_02264,2026-03-09 22:36:39.453151051,50.1,Bac+2,0.3,D1502,25523,1.0,0,Cumul de difficultés. Pas de moyen de transport et garde d'enfants complexe.,0,0,0.604507773862756,0.17757124299556637,0.21792098314167763
PROD_02265,2026-03-09 23:19:52.297432478,37.1,Sans diplôme,3.9,A1203,05178,1.0,1,Cumul de difficultés. Pas de moyen de transport et garde d'enfants complexe.,2,2,0.19699524174673966,0.1896678272591238,0.6133369309941366
PROD_02266,2026-03-10 00:03:05.141713905,47.1,Bac,1.0,C1302,72153,0.0,1,Projet de reconversion à affiner. Besoin d'une formation complémentaire.,1,1,0.16346319292545006,0.6704202400013294,0.16611656707322053
PROD_02267,2026-03-10 00:46:17.985995332,51.1,Bac+2,1.1,I1304,32104,1.0,0,Problème ponctuel de mobilité géographique. Zone mal desservie.,0,0,0.6723903413406135,0.14038834257462102,0.1872213160847655
PROD_02268,2026-03-10 01:29:30.830276759,22.1,Sans diplôme,0.9,M1806,58038,0.0,0,Freins périphériques majeurs. Situation d'illettrisme numérique constatée.,2,2,0.24317922034645925,0.1582281901554458,0.598592589498095
PROD_02269,2026-03-10 02:12:43.674558187,47.1,Bac+2,0.2,K1903,40035,1.0,1,Projet de reconversion à affiner. Besoin d'une formation complémentaire.,1,1,0.15637421739146984,0.6021880237254712,0.24143775888305896
PROD_02270,2026-03-10 02:55:56.518839614,42.1,Sans diplôme,2.1,C1110,73129,0.0,0,Compétences à réactualiser sur les outils numériques. Motivation correcte.,2,2,0.16946351013924169,0.20578630044915822,0.6247501894116001
PROD_02271,2026-03-10 03:39:09.363121041,42.1,Bac+2,3.1,M1602,13012,1.0,0,Compétences à réactualiser sur les outils numériques. Motivation correcte.,1,1,0.15481383747439947,0.6044075411629585,0.24077862136264205
PROD_02272,2026-03-10 04:22:22.207402468,63.1,Bac,10.4,A1203,43258,1.0,0,Freins périphériques majeurs. Situation d'illettrisme numérique constatée.,2,2,0.1293994667560809,0.26200961727640937,0.6085909159675097
PROD_02273,2026-03-10 05:05:35.051683895,52.1,Bac+2,9.6,K1403,15133,1.0,0,Projet de reconversion à affiner. Besoin d'une formation complémentaire.,2,2,0.19641641639122634,0.160959235080964,0.6426243485278097
PROD_02274,2026-03-10 05:48:47.895965322,44.1,Bac+2,1.2,A1401,76493,0.0,0,Projet de reconversion à affiner. Besoin d'une formation complémentaire.,1,1,0.154182295163744,0.6721198753948215,0.17369782944143453
PROD_02275,2026-03-10 06:32:00.740246749,20.1,Bac+2,6.3,K1403,52316,1.0,0,Compétences à réactualiser sur les outils numériques. Motivation correcte.,1,1,0.13706344655911365,0.7289962530462641,0.13394030039462224
PROD_02276,2026-03-10 07:15:13.584528177,43.1,Bac,0.8,A1301,77278,0.0,0,Projet de reconversion à affiner. Besoin d'une formation complémentaire.,1,1,0.1703191501831912,0.7001688395608657,0.12951201025594306
PROD_02277,2026-03-10 07:58:26.428809604,21.1,Bac+2,1.3,K1903,60636,0.0,0,"Candidat très dynamique, mobilité nationale validée. Projet clair.",0,0,0.6305460738899314,0.1304635790605398,0.23899034704952876
PROD_02278,2026-03-10 08:41:39.273091031,27.1,Bac,4.1,G1601,71106,0.0,0,Freins périphériques majeurs. Situation d'illettrisme numérique constatée.,0,0,0.6068225533680535,0.17254467360301792,0.2206327730289286
PROD_02279,2026-03-10 09:24:52.117372458,36.1,Bac+5,2.7,M1602,21680,1.0,0,Information non renseignee,0,0,0.6510243804164833,0.2175026042672796,0.13147301531623715
PROD_02280,2026-03-10 10:08:04.961653885,54.1,Bac+2,0.1,H1206,01031,0.0,0,"Excellente présentation, compétences techniques à jour. Reprise rapide visée.",1,1,0.1951464612625171,0.6154303680120586,0.18942317072542425
PROD_02281,2026-03-10 10:51:17.805935312,43.1,Bac+2,2.1,H2502,47056,1.0,0,"Candidat très dynamique, mobilité nationale validée. Projet clair.",0,0,0.6087934536635509,0.21104364362333558,0.18016290271311355
PROD_02282,2026-03-10 11:34:30.650216739,26.1,Bac,0.9,M1602,48089,0.0,0,"Perte de confiance importante. Risque d'exclusion, barrière de la langue.",2,2,0.17308430816090303,0.21984787120963628,0.6070678206294606
PROD_02283,2026-03-10 12:17:43.494498167,42.1,Bac,0.5,M1802,06076,1.0,1,Problème ponctuel de mobilité géographique. Zone mal desservie.,1,1,0.1788080788268235,0.6549073124363636,0.16628460873681294
PROD_02284,2026-03-10 13:00:56.338779594,35.1,Bac,0.5,D1406,54591,1.0,0,Projet de reconversion à affiner. Besoin d'une formation complémentaire.,0,0,0.6310484614626368,0.23070278509001546,0.13824875344734772
PROD_02285,2026-03-10 13:44:09.183061021,37.1,Bac+5,1.8,G1203,72193,1.0,0,"Excellente présentation, compétences techniques à jour. Reprise rapide visée.",0,0,0.7353607619378622,0.13274530196780437,0.13189393609433347
PROD_02286,2026-03-10 14:27:22.027342448,50.1,Sans diplôme,4.5,K2111,59005,1.0,0,Freins périphériques majeurs. Situation d'illettrisme numérique constatée.,1,1,0.1414626224971139,0.7036098573680879,0.15492752013479827
PROD_02287,2026-03-10 15:10:34.871623875,19.1,Bac+5,1.7,G1602,22186,0.0,0,"Profil autonome, recherche active, aucun frein périphérique identifié.",0,0,0.6404746845798619,0.161205625702388,0.1983196897177501
PROD_02288,2026-03-10 15:53:47.715905302,40.1,Sans diplôme,4.4,H2502,62200,1.0,0,Compétences à réactualiser sur les outils numériques. Motivation correcte.,1,1,0.13099498968812115,0.7147540569418758,0.15425095337000305
PROD_02289,2026-03-10 16:37:00.560186729,24.1,Bac+5,3.6,K2106,02232,0.0,0,"Candidat très dynamique, mobilité nationale validée. Projet clair.",0,0,0.6202504489868387,0.16792886200143944,0.21182068901172188
PROD_02290,2026-03-10 17:20:13.404468157,53.1,Bac,2.0,M1801,33280,1.0,0,"Perte de confiance importante. Risque d'exclusion, barrière de la langue.",0,0,0.7046621549178167,0.1458151506381872,0.1495226944439961
PROD_02291,2026-03-10 18:03:26.248749584,29.1,Sans diplôme,4.6,N1301,30264,1.0,0,Projet de reconversion à affiner. Besoin d'une formation complémentaire.,1,1,0.1550567750065637,0.6962103742132657,0.14873285078017062
PROD_02292,2026-03-10 18:46:39.093031011,27.1,Bac+2,1.3,M1806,14661,1.0,0,"Excellente présentation, compétences techniques à jour. Reprise rapide visée.",0,0,0.6388174108405875,0.1510462564247165,0.21013633273469598
PROD_02293,2026-03-10 19:29:51.937312438,63.1,Bac+2,0.2,J1506,2B153,1.0,0,"Candidat très dynamique, mobilité nationale validée. Projet clair.",0,0,0.6368267235803756,0.17261859969708163,0.19055467672254275
PROD_02294,2026-03-10 20:13:04.781593865,56.1,Bac,2.9,D1401,01361,1.0,0,"Profil autonome, recherche active, aucun frein périphérique identifié.",0,0,0.6823649538467513,0.14401322720323415,0.17362181895001452
PROD_02295,2026-03-10 20:56:17.625875292,55.1,Bac+5,0.6,A1501,62864,1.0,0,Problème ponctuel de mobilité géographique. Zone mal desservie.,1,1,0.14755613804785192,0.6153981484001909,0.23704571355195714
PROD_02296,2026-03-10 21:39:30.470156719,42.1,Bac+2,0.3,F1603,64363,0.0,0,Freins périphériques majeurs. Situation d'illettrisme numérique constatée.,2,2,0.2184754164569581,0.1311808788544929,0.650343704688549
PROD_02297,2026-03-10 22:22:43.314438147,46.1,Bac+5,1.1,K1304,02722,1.0,0,"Excellente présentation, compétences techniques à jour. Reprise rapide visée.",1,1,0.1956488651846124,0.622392642039243,0.1819584927761445
PROD_02298,2026-03-10 23:05:56.158719574,54.1,Bac,6.8,A1501,97116,1.0,0,"Excellente présentation, compétences techniques à jour. Reprise rapide visée.",0,0,0.6011246662909261,0.15302223174745155,0.24585310196162236
PROD_02299,2026-03-10 23:49:09.003001001,39.1,Bac+5,2.5,N4301,29076,1.0,0,"Candidat très dynamique, mobilité nationale validée. Projet clair.",0,0,0.6349788384874637,0.15108621839725275,0.21393494311528352
PROD_02300,2026-03-11 00:32:21.847282428,50.2,Bac+2,1.1,D1210,44102,1.0,0,"Excellente présentation, compétences techniques à jour. Reprise rapide visée.",0,0,0.6105394502236716,0.22001532494536513,0.16944522483096325
PROD_02301,2026-03-11 01:15:34.691563855,45.2,Bac+5,0.6,D1503,04151,1.0,0,"Perte de confiance importante. Risque d'exclusion, barrière de la langue.",0,0,0.6226675397330704,0.20106295773696675,0.17626950252996282
PROD_02302,2026-03-11 01:58:47.535845282,40.2,Sans diplôme,2.9,K1201,39153,0.0,0,"Profil autonome, recherche active, aucun frein périphérique identifié.",1,1,0.21033791994967932,0.6425061481724482,0.14715593187787246
PROD_02303,2026-03-11 02:42:00.380126709,31.2,Sans diplôme,2.2,K1403,11226,1.0,0,Compétences à réactualiser sur les outils numériques. Motivation correcte.,1,1,0.12980776789485038,0.6595646002771822,0.2106276318279674
PROD_02304,2026-03-11 03:25:13.224408136,26.2,Bac+2,6.2,C1201,33510,1.0,1,"Excellente présentation, compétences techniques à jour. Reprise rapide visée.",1,1,0.1367561387634576,0.7086742236293542,0.15456963760718823
PROD_02305,2026-03-11 04:08:26.068689564,25.2,Bac,4.2,H1504,56248,1.0,1,Compétences à réactualiser sur les outils numériques. Motivation correcte.,1,1,0.16194547428411132,0.6807065719183717,0.15734795379751698
PROD_02306,2026-03-11 04:51:38.912970991,21.2,Sans diplôme,2.0,D1401,35314,0.0,0,Cumul de difficultés. Pas de moyen de transport et garde d'enfants complexe.,1,1,0.17775642454260748,0.6642163257507223,0.15802724970667015
PROD_02307,2026-03-11 05:34:51.757252418,34.2,Sans diplôme,1.0,K1201,15040,1.0,0,Compétences à réactualiser sur les outils numériques. Motivation correcte.,1,1,0.1655255570564017,0.5982664289838738,0.23620801395972446
PROD_02308,2026-03-11 06:18:04.601533845,29.2,Bac,1.1,G1801,80197,1.0,0,"Excellente présentation, compétences techniques à jour. Reprise rapide visée.",1,1,0.16173293729859775,0.6278820662561189,0.2103849964452834
PROD_02309,2026-03-11 07:01:17.445815272,44.2,Bac,5.0,H1504,50054,1.0,0,"Profil autonome, recherche active, aucun frein périphérique identifié.",1,1,0.21426220357641512,0.6541745079383755,0.13156328848520937
PROD_02310,2026-03-11 07:44:30.290096699,28.2,Bac,5.3,K1201,78009,0.0,0,Compétences à réactualiser sur les outils numériques. Motivation correcte.,0,0,0.6538125483273708,0.19402408072959576,0.15216337094303345
PROD_02311,2026-03-11 08:27:43.134378126,48.2,Bac+5,1.5,M1602,29003,1.0,0,"Excellente présentation, compétences techniques à jour. Reprise rapide visée.",0,0,0.6044517989965368,0.1969913108243473,0.19855689017911593
PROD_02312,2026-03-11 09:10:55.978659554,40.2,Bac,1.7,A1202,47289,0.0,0,Projet de reconversion à affiner. Besoin d'une formation complémentaire.,1,1,0.19596854406955228,0.6399909854394618,0.16404047049098602
PROD_02313,2026-03-11 09:54:08.822940981,32.2,Bac+2,0.2,H1206,62550,1.0,0,Projet de reconversion à affiner. Besoin d'une formation complémentaire.,0,0,0.6221049468390546,0.24477198721784943,0.13312306594309598
PROD_02314,2026-03-11 10:37:21.667222408,23.2,Bac+5,4.1,D1502,57453,1.0,0,"Profil autonome, recherche active, aucun frein périphérique identifié.",0,0,0.6386360718227294,0.15056048103393235,0.21080344714333824
PROD_02315,2026-03-11 11:20:34.511503835,47.2,Sans diplôme,9.9,G1302,07240,0.0,0,Cumul de difficultés. Pas de moyen de transport et garde d'enfants complexe.,2,2,0.13961119274839218,0.14713336341204764,0.7132554438395602
PROD_02316,2026-03-11 12:03:47.355785262,35.2,Bac,1.4,M1501,61194,1.0,0,Information non renseignee,1,1,0.13577017574800956,0.6951440050348286,0.16908581921716181
PROD_02317,2026-03-11 12:47:00.200066689,29.2,Bac+2,6.8,M1203,52053,0.0,0,Projet de reconversion à affiner. Besoin d'une formation complémentaire.,1,1,0.21074484233595453,0.5994709046016886,0.1897842530623568
PROD_02318,2026-03-11 13:30:13.044348116,47.2,Sans diplôme,0.7,N4301,46172,0.0,0,"Candidat très dynamique, mobilité nationale validée. Projet clair.",1,1,0.16400103895722826,0.611040620564662,0.2249583404781097
PROD_02319,2026-03-11 14:13:25.888629544,42.2,Bac+2,0.1,C1501,33378,0.0,0,Problème ponctuel de mobilité géographique. Zone mal desservie.,1,1,0.17386667319069898,0.6603832784507365,0.16575004835856444
PROD_02320,2026-03-11 14:56:38.732910971,19.2,Bac+2,2.6,W1401,26058,1.0,0,Cumul de difficultés. Pas de moyen de transport et garde d'enfants complexe.,0,0,0.642855306936287,0.16121454981830702,0.19593014324540597
PROD_02321,2026-03-11 15:39:51.577192398,33.2,Bac+2,0.2,A1301,11120,1.0,0,"Candidat très dynamique, mobilité nationale validée. Projet clair.",0,0,0.6147701182814481,0.17021950278024667,0.2150103789383052
PROD_02322,2026-03-11 16:23:04.421473825,35.2,Bac,0.4,G1801,06058,0.0,0,Problème ponctuel de mobilité géographique. Zone mal desservie.,1,1,0.20155442438445342,0.6688731963522769,0.1295723792632697
PROD_02323,2026-03-11 17:06:17.265755252,42.2,Bac+2,1.7,K1403,14220,1.0,0,"Candidat très dynamique, mobilité nationale validée. Projet clair.",1,1,0.20194835266095268,0.6108658753434091,0.18718577199563824
PROD_02324,2026-03-11 17:49:30.110036679,31.2,Bac,0.8,D1502,56056,0.0,0,Problème ponctuel de mobilité géographique. Zone mal desservie.,2,2,0.18630248283284526,0.13120530125200408,0.6824922159151507
PROD_02325,2026-03-11 18:32:42.954318106,32.2,Bac+5,1.7,M1805,07008,0.0,0,Freins périphériques majeurs. Situation d'illettrisme numérique constatée.,0,0,0.627533462493139,0.21178761927838827,0.16067891822847272
PROD_02326,2026-03-11 19:15:55.798599534,46.2,Bac,1.1,C1501,27380,1.0,1,Problème ponctuel de mobilité géographique. Zone mal desservie.,1,1,0.1298674717451853,0.7326926455147977,0.13743988274001695
PROD_02327,2026-03-11 19:59:08.642880961,35.2,Bac+2,3.1,M1802,38256,1.0,0,Compétences à réactualiser sur les outils numériques. Motivation correcte.,0,0,0.6242925766694554,0.1500780538825131,0.22562936944803152
PROD_02328,2026-03-11 20:42:21.487162388,44.2,Sans diplôme,5.8,K1403,62690,0.0,0,"Excellente présentation, compétences techniques à jour. Reprise rapide visée.",2,2,0.21763831458192986,0.15029480020712566,0.6320668852109446
PROD_02329,2026-03-11 21:25:34.331443815,61.2,Sans diplôme,1.0,G1601,27180,0.0,0,Projet de reconversion à affiner. Besoin d'une formation complémentaire.,2,2,0.23773682424614834,0.1407664875045088,0.6214966882493428
PROD_02330,2026-03-11 22:08:47.175725242,24.2,Bac,0.2,G1601,35253,1.0,0,Compétences à réactualiser sur les outils numériques. Motivation correcte.,1,1,0.13020392738279377,0.6581633337864629,0.2116327388307434
PROD_02331,2026-03-11 22:52:00.020006669,33.2,Bac,3.3,C1302,11408,0.0,0,"Excellente présentation, compétences techniques à jour. Reprise rapide visée.",0,0,0.5966841486821066,0.14018551185887398,0.2631303394590194
PROD_02332,2026-03-11 23:35:12.864288096,56.2,Bac,1.1,I1304,52064,0.0,0,Compétences à réactualiser sur les outils numériques. Motivation correcte.,1,1,0.1323938324021302,0.7031888651641339,0.16441730243373587
PROD_02333,2026-03-12 00:18:25.708569524,32.2,Bac+5,1.7,M1805,07008,0.0,0,Freins périphériques majeurs. Situation d'illettrisme numérique constatée.,0,0,0.6057360944408255,0.15799155638860082,0.23627234917057363
PROD_02334,2026-03-12 01:01:38.552850951,55.2,Bac+5,3.9,K1304,10065,1.0,0,Compétences à réactualiser sur les outils numériques. Motivation correcte.,0,0,0.6342852166801799,0.16544596067020562,0.2002688226496145
PROD_02335,2026-03-12 01:44:51.397132378,29.2,Bac+2,1.8,C1201,88471,1.0,0,Information non renseignee,0,0,0.6091912614278898,0.14154141859441183,0.24926731997769835
PROD_02336,2026-03-12 02:28:04.241413805,42.2,Sans diplôme,2.9,K2101,61453,1.0,0,Compétences à réactualiser sur les outils numériques. Motivation correcte.,2,2,0.207058129195994,0.1418105729028336,0.6511312979011724
PROD_02337,2026-03-12 03:11:17.085695232,45.2,Bac+2,6.0,G1302,78403,1.0,0,"Excellente présentation, compétences techniques à jour. Reprise rapide visée.",0,0,0.6222079258399593,0.1355526621722616,0.24223941198777907
PROD_02338,2026-03-12 03:54:29.929976659,46.2,Bac+2,0.7,M1801,41017,0.0,1,Compétences à réactualiser sur les outils numériques. Motivation correcte.,1,1,0.17248626644367918,0.6388040792540516,0.18870965430226927
PROD_02339,2026-03-12 04:37:42.774258086,21.2,Bac+5,2.4,A1202,01302,1.0,0,Problème ponctuel de mobilité géographique. Zone mal desservie.,0,0,0.6207521828581598,0.23566617738687787,0.14358163975496233
PROD_02340,2026-03-12 05:20:55.618539514,51.2,Bac+2,1.8,C1501,71347,1.0,1,Freins périphériques majeurs. Situation d'illettrisme numérique constatée.,2,2,0.16434279402075902,0.16522224602119606,0.6704349599580449
PROD_02341,2026-03-12 06:04:08.462820941,53.2,Bac,2.0,M1801,33280,1.0,0,"Perte de confiance importante. Risque d'exclusion, barrière de la langue.",0,0,0.6118823206068364,0.18181384174093004,0.2063038376522335
PROD_02342,2026-03-12 06:47:21.307102368,63.2,Bac,3.1,H1206,62798,1.0,0,Problème ponctuel de mobilité géographique. Zone mal desservie.,1,1,0.17433066463114263,0.6714756127730648,0.15419372259579256
PROD_02343,2026-03-12 07:30:34.151383795,30.2,Bac,1.1,M1602,53119,1.0,0,"Candidat très dynamique, mobilité nationale validée. Projet clair.",1,1,0.17613588317911194,0.6933938916953923,0.13047022512549566
PROD_02344,2026-03-12 08:13:46.995665222,62.2,Sans diplôme,0.6,N1303,65078,1.0,0,"Perte de confiance importante. Risque d'exclusion, barrière de la langue.",2,2,0.15459242193277198,0.15017957960776682,0.6952279984594611
PROD_02345,2026-03-12 08:56:59.839946649,62.2,Sans diplôme,0.2,G1801,17067,1.0,0,Cumul de difficultés. Pas de moyen de transport et garde d'enfants complexe.,2,2,0.1926961076567391,0.18325974797306524,0.6240441443701957
PROD_02346,2026-03-12 09:40:12.684228076,47.2,Bac,1.8,J1506,65010,1.0,0,Freins périphériques majeurs. Situation d'illettrisme numérique constatée.,0,0,0.7235778507217909,0.1446724161200431,0.13174973315816596
PROD_02347,2026-03-12 10:23:25.528509504,37.2,Bac+2,0.5,N4101,28175,1.0,0,"Excellente présentation, compétences techniques à jour. Reprise rapide visée.",1,1,0.1796380639061717,0.6313858725922193,0.188976063501609
PROD_02348,2026-03-12 11:06:38.372790931,30.2,Bac+5,1.7,A1501,06083,1.0,1,"Candidat très dynamique, mobilité nationale validée. Projet clair.",1,1,0.13969407587171093,0.6168006680656319,0.24350525606265716
PROD_02349,2026-03-12 11:49:51.217072358,29.2,Bac+2,0.8,H2502,59327,1.0,0,Freins périphériques majeurs. Situation d'illettrisme numérique constatée.,0,0,0.6189336112626362,0.16920057771341407,0.2118658110239497
PROD_02350,2026-03-12 12:33:04.061353785,58.2,Sans diplôme,1.2,G1801,79271,1.0,0,"Candidat très dynamique, mobilité nationale validée. Projet clair.",0,0,0.735514742926204,0.12758014889461883,0.13690510817917717
PROD_02351,2026-03-12 13:16:16.905635212,50.2,Bac+5,21.2,D1210,01424,0.0,0,"Candidat très dynamique, mobilité nationale validée. Projet clair.",0,0,0.6709482770746156,0.1720350537716767,0.15701666915370774
PROD_02352,2026-03-12 13:59:29.749916639,49.2,Bac,0.7,M1602,53168,1.0,0,Compétences à réactualiser sur les outils numériques. Motivation correcte.,1,1,0.13624866539204475,0.5989278743768573,0.26482346023109793
PROD_02353,2026-03-12 14:42:42.594198066,24.2,Bac,2.1,M1501,31344,0.0,0,"Profil autonome, recherche active, aucun frein périphérique identifié.",0,0,0.6948475587142969,0.14178738529662502,0.16336505598907805
PROD_02354,2026-03-12 15:25:55.438479494,52.2,Bac+2,3.1,K1403,38459,1.0,1,Freins périphériques majeurs. Situation d'illettrisme numérique constatée.,2,2,0.19134339901057532,0.1646444342883942,0.6440121667010306
PROD_02355,2026-03-12 16:09:08.282760921,49.2,Bac+2,0.4,N1301,02284,1.0,0,Projet de reconversion à affiner. Besoin d'une formation complémentaire.,1,1,0.2099441549149316,0.6565035781179174,0.13355226696715106
PROD_02356,2026-03-12 16:52:21.127042348,51.2,Sans diplôme,0.5,H2502,21196,1.0,0,"Profil autonome, recherche active, aucun frein périphérique identifié.",0,0,0.5976706469245183,0.2201165492847454,0.1822128037907363
PROD_02357,2026-03-12 17:35:33.971323775,48.2,Sans diplôme,1.1,A1203,08330,1.0,1,Freins périphériques majeurs. Situation d'illettrisme numérique constatée.,1,1,0.13383715343645247,0.6986984208744785,0.16746442568906905
PROD_02358,2026-03-12 18:18:46.815605202,27.2,Bac+2,12.0,G1601,51110,0.0,1,Information non renseignee,0,0,0.6038297051963956,0.1446095912382372,0.25156070356536725
PROD_02359,2026-03-12 19:01:59.659886629,63.2,Bac+2,3.5,M1501,22184,0.0,0,"Profil autonome, recherche active, aucun frein périphérique identifié.",1,1,0.19738172780893498,0.5954507428602586,0.2071675293308065
PROD_02360,2026-03-12 19:45:12.504168056,63.2,Bac+2,2.5,G1302,65062,0.0,0,Compétences à réactualiser sur les outils numériques. Motivation correcte.,1,1,0.12767335947805086,0.6990629106249746,0.17326372989697458
PROD_02361,2026-03-12 20:28:25.348449484,24.2,Bac+2,2.0,D1503,49193,1.0,0,Compétences à réactualiser sur les outils numériques. Motivation correcte.,1,1,0.2656544384831889,0.5972272774900917,0.13711828402671933
PROD_02362,2026-03-12 21:11:38.192730911,36.2,Bac+2,1.1,A1203,57623,0.0,0,"Candidat très dynamique, mobilité nationale validée. Projet clair.",1,1,0.18861827651936042,0.6243971613862214,0.18698456209441816
PROD_02363,2026-03-12 21:54:51.037012338,32.2,Bac+2,4.7,K1304,16067,1.0,0,"Excellente présentation, compétences techniques à jour. Reprise rapide visée.",0,0,0.6291802595967905,0.2346687505949386,0.13615098980827092
PROD_02364,2026-03-12 22:38:03.881293765,55.2,Bac,1.9,I1304,61159,0.0,0,Compétences à réactualiser sur les outils numériques. Motivation correcte.,0,0,0.6183578554968656,0.14776067168338736,0.23388147281974703
PROD_02365,2026-03-12 23:21:16.725575192,50.2,Bac+5,15.9,K2101,18050,1.0,0,Projet de reconversion à affiner. Besoin d'une formation complémentaire.,1,1,0.21284465554320445,0.6182694788921934,0.16888586556460217
PROD_02366,2026-03-13 00:04:29.569856619,42.2,Bac+5,0.2,M1805,25204,1.0,0,Information non renseignee,0,0,0.6219464844082929,0.183829147267304,0.19422436832440307
PROD_02367,2026-03-13 00:47:42.414138046,40.2,Bac+2,2.2,D1210,22386,1.0,0,"Profil autonome, recherche active, aucun frein périphérique identifié.",0,0,0.6358871804666032,0.1518133614202962,0.2122994581131006
PROD_02368,2026-03-13 01:30:55.258419474,62.2,Bac+5,5.3,M1607,55257,0.0,0,Information non renseignee,1,1,0.1870735562461935,0.6100995240358426,0.20282691971796396
PROD_02369,2026-03-13 02:14:08.102700901,57.2,Bac+5,0.4,H1504,39581,1.0,0,Compétences à réactualiser sur les outils numériques. Motivation correcte.,1,1,0.25226571583178886,0.6126307687836905,0.1351035153845206
PROD_02370,2026-03-13 02:57:20.946982328,25.2,Bac,2.7,K2111,17283,0.0,0,Compétences à réactualiser sur les outils numériques. Motivation correcte.,0,0,0.6377884905883059,0.21594719141884594,0.14626431799284817
PROD_02371,2026-03-13 03:40:33.791263755,32.2,Bac+5,1.7,M1805,07008,0.0,0,Freins périphériques majeurs. Situation d'illettrisme numérique constatée.,0,0,0.606585435369218,0.24822699595154205,0.1451875686792399
PROD_02372,2026-03-13 04:23:46.635545182,47.2,Bac+2,0.4,F1603,80151,1.0,1,"Candidat très dynamique, mobilité nationale validée. Projet clair.",0,0,0.7092184060712452,0.15667590060367345,0.13410569332508135
PROD_02373,2026-03-13 05:06:59.479826609,53.2,Bac+2,3.6,M1802,25559,1.0,0,Compétences à réactualiser sur les outils numériques. Motivation correcte.,1,1,0.21077112917405338,0.6132830627262336,0.17594580809971305
PROD_02374,2026-03-13 05:50:12.324108036,42.2,Bac,3.3,C1302,95024,1.0,0,Cumul de difficultés. Pas de moyen de transport et garde d'enfants complexe.,0,0,0.6199552774331266,0.14888172074065514,0.23116300182621824
PROD_02375,2026-03-13 06:33:25.168389464,58.2,Bac+5,1.6,C1201,40134,0.0,0,Projet de reconversion à affiner. Besoin d'une formation complémentaire.,1,1,0.19778645085471033,0.6437955177874891,0.15841803135780053
PROD_02376,2026-03-13 07:16:38.012670891,62.2,Bac+2,0.1,M1801,60032,1.0,0,"Perte de confiance importante. Risque d'exclusion, barrière de la langue.",0,0,0.6345498976543038,0.18482371922179605,0.18062638312390014
PROD_02377,2026-03-13 07:59:50.856952318,50.2,Bac+5,0.7,C1501,45082,1.0,0,Compétences à réactualiser sur les outils numériques. Motivation correcte.,0,0,0.6754052868895357,0.16708737097415177,0.1575073421363125
PROD_02378,2026-03-13 08:43:03.701233745,34.2,Bac+2,1.6,M1607,57502,1.0,0,"Excellente présentation, compétences techniques à jour. Reprise rapide visée.",1,1,0.2111155689154517,0.6607350243736091,0.12814940671093922
PROD_02379,2026-03-13 09:26:16.545515172,20.2,Bac,2.8,K1201,58104,1.0,0,Freins périphériques majeurs. Situation d'illettrisme numérique constatée.,0,0,0.6233894706141545,0.17058932755120818,0.20602120183463732
PROD_02380,2026-03-13 10:09:29.389796599,47.2,Bac,2.0,G1801,55516,1.0,0,Problème ponctuel de mobilité géographique. Zone mal desservie.,1,1,0.22607683183560387,0.6318513472073191,0.14207182095707704
PROD_02381,2026-03-13 10:52:42.234078026,32.2,Bac,0.6,M1805,25150,0.0,0,Freins périphériques majeurs. Situation d'illettrisme numérique constatée.,0,0,0.6119484705491829,0.17543495854046565,0.21261657091035147
PROD_02382,2026-03-13 11:35:55.078359454,21.2,Bac,9.6,J1301,77253,1.0,0,Problème ponctuel de mobilité géographique. Zone mal desservie.,0,0,0.628007818746474,0.14986008356649008,0.22213209768703587
PROD_02383,2026-03-13 12:19:07.922640881,29.2,Bac+2,3.1,D1210,23098,0.0,0,Freins périphériques majeurs. Situation d'illettrisme numérique constatée.,0,0,0.5973722349311629,0.2606607576806153,0.14196700738822182
PROD_02384,2026-03-13 13:02:20.766922308,39.2,Bac+5,0.7,D1406,43123,0.0,0,"Profil autonome, recherche active, aucun frein périphérique identifié.",0,0,0.6004445057786074,0.17060601890812238,0.2289494753132702
PROD_02385,2026-03-13 13:45:33.611203735,60.2,Bac+2,2.3,M1705,54032,1.0,0,Freins périphériques majeurs. Situation d'illettrisme numérique constatée.,1,1,0.14797589604917055,0.6270475748370649,0.22497652911376453
PROD_02386,2026-03-13 14:28:46.455485162,53.2,Bac,1.5,K1601,65351,0.0,1,Projet de reconversion à affiner. Besoin d'une formation complémentaire.,2,2,0.14051130611137544,0.17626467653207115,0.6832240173565535
PROD_02387,2026-03-13 15:11:59.299766589,32.2,Sans diplôme,1.3,K1304,58224,1.0,0,Compétences à réactualiser sur les outils numériques. Motivation correcte.,0,0,0.6737238394524612,0.1855212395774549,0.14075492097008394
PROD_02388,2026-03-13 15:55:12.144048016,21.2,Bac,2.5,D1406,76523,1.0,0,Compétences à réactualiser sur les outils numériques. Motivation correcte.,1,1,0.16336541251321907,0.6013696679630138,0.23526491952376705
PROD_02389,2026-03-13 16:38:24.988329444,28.2,Bac+5,3.6,A1301,11325,0.0,0,Cumul de difficultés. Pas de moyen de transport et garde d'enfants complexe.,0,0,0.6372253076177142,0.13101512225002726,0.2317595701322585
PROD_02390,2026-03-13 17:21:37.832610871,42.2,Sans diplôme,2.9,K2101,61453,0.0,0,Compétences à réactualiser sur les outils numériques. Motivation correcte.,2,2,0.174676844998484,0.14451316142474022,0.6808099935767757
PROD_02391,2026-03-13 18:04:50.676892298,34.2,Bac,3.8,N4301,32465,0.0,0,"Excellente présentation, compétences techniques à jour. Reprise rapide visée.",0,0,0.6185192267498041,0.166026657759573,0.2154541154906229
PROD_02392,2026-03-13 18:48:03.521173725,60.2,Bac,0.8,W1401,77333,1.0,0,"Excellente présentation, compétences techniques à jour. Reprise rapide visée.",2,2,0.1748822891704983,0.1967150989370898,0.6284026118924119
PROD_02393,2026-03-13 19:31:16.365455152,40.2,Bac,2.8,M1805,78236,0.0,0,Compétences à réactualiser sur les outils numériques. Motivation correcte.,0,0,0.6984017737710343,0.1553933132972537,0.146204912931712
PROD_02394,2026-03-13 20:14:29.209736579,48.2,Bac,2.6,M1705,15159,1.0,0,"Perte de confiance importante. Risque d'exclusion, barrière de la langue.",0,0,0.6840371892466647,0.1574919287003735,0.1584708820529618
PROD_02395,2026-03-13 20:57:42.054018006,50.2,Sans diplôme,4.5,C1102,51583,0.0,0,Problème ponctuel de mobilité géographique. Zone mal desservie.,1,1,0.15510878593482788,0.6263700267373252,0.21852118732784687
PROD_02396,2026-03-13 21:40:54.898299434,44.2,Bac+2,0.3,K2106,80734,1.0,0,Freins périphériques majeurs. Situation d'illettrisme numérique constatée.,0,0,0.7234093801363866,0.13376914342131133,0.14282147644230211
PROD_02397,2026-03-13 22:24:07.742580861,24.2,Bac,1.8,K2101,37199,1.0,0,Freins périphériques majeurs. Situation d'illettrisme numérique constatée.,2,2,0.13741629850275855,0.16796768642464843,0.6946160150725931
PROD_02398,2026-03-13 23:07:20.586862288,46.2,Bac+2,3.4,G1801,23075,1.0,0,Compétences à réactualiser sur les outils numériques. Motivation correcte.,1,1,0.20923567008195118,0.6595420030044831,0.13122232691356572
PROD_02399,2026-03-13 23:50:33.431143715,24.2,Bac,0.7,D1503,10059,1.0,0,"Profil autonome, recherche active, aucun frein périphérique identifié.",1,1,0.14358355110122134,0.72632609957625,0.1300903493225286
PROD_02400,2026-03-14 00:33:46.275425142,40.2,Sans diplôme,3.0,C1501,81062,0.0,0,Cumul de difficultés. Pas de moyen de transport et garde d'enfants complexe.,0,0,0.693026219392562,0.13837632528635277,0.1685974553210852
PROD_02401,2026-03-14 01:16:59.119706569,50.2,Sans diplôme,2.7,C1501,77277,1.0,0,Cumul de difficultés. Pas de moyen de transport et garde d'enfants complexe.,1,1,0.13004958745139483,0.7179354017541546,0.15201501079445057
PROD_02402,2026-03-14 02:00:11.963987996,41.2,Bac,7.2,G1801,61404,1.0,0,Problème ponctuel de mobilité géographique. Zone mal desservie.,1,1,0.17694501776816368,0.6172080853259636,0.20584689690587266
PROD_02403,2026-03-14 02:43:24.808269424,60.2,Bac+2,5.2,G1302,88083,1.0,0,Projet de reconversion à affiner. Besoin d'une formation complémentaire.,1,1,0.23922336454918514,0.5956977031017668,0.16507893234904802
PROD_02404,2026-03-14 03:26:37.652550851,42.2,Bac,1.6,M1806,42315,1.0,0,"Excellente présentation, compétences techniques à jour. Reprise rapide visée.",1,1,0.17152797621348403,0.62239013673568,0.20608188705083597
PROD_02405,2026-03-14 04:09:50.496832278,49.2,Bac,0.1,K2111,77034,0.0,0,"Excellente présentation, compétences techniques à jour. Reprise rapide visée.",0,0,0.6394527330221932,0.21598236712579233,0.14456489985201448
PROD_02406,2026-03-14 04:53:03.341113705,42.2,Bac,4.8,G1602,83006,0.0,0,"Excellente présentation, compétences techniques à jour. Reprise rapide visée.",0,0,0.6891318523632153,0.16376425308541548,0.14710389455136924
PROD_02407,2026-03-14 05:36:16.185395132,29.2,Sans diplôme,0.3,D1503,09043,1.0,0,"Profil autonome, recherche active, aucun frein périphérique identifié.",0,0,0.6378793724633425,0.22404233899886405,0.13807828853779347
PROD_02408,2026-03-14 06:19:29.029676559,25.2,Bac,1.1,C1501,42042,1.0,1,Compétences à réactualiser sur les outils numériques. Motivation correcte.,1,1,0.14559215993085245,0.6775772277807146,0.1768306122884329
PROD_02409,2026-03-14 07:02:41.873957986,62.2,Sans diplôme,9.9,F1603,59174,1.0,0,Projet de reconversion à affiner. Besoin d'une formation complémentaire.,2,2,0.2107650655845345,0.18638199034960817,0.6028529440658572
PROD_02410,2026-03-14 07:45:54.718239414,58.2,Bac,2.9,M1805,34242,1.0,0,Problème ponctuel de mobilité géographique. Zone mal desservie.,1,1,0.1826203939653125,0.6240366856988818,0.1933429203358057
PROD_02411,2026-03-14 08:29:07.562520841,53.2,Bac,1.4,K1903,46205,0.0,0,Problème ponctuel de mobilité géographique. Zone mal desservie.,1,1,0.15146976873095613,0.6662399936305873,0.18229023763845664
PROD_02412,2026-03-14 09:12:20.406802268,48.2,Bac,3.5,K2111,44067,0.0,0,"Profil autonome, recherche active, aucun frein périphérique identifié.",0,0,0.6475252936562104,0.1418610171030451,0.21061368924074453
PROD_02413,2026-03-14 09:55:33.251083695,19.2,Sans diplôme,4.5,K2106,62164,0.0,0,Cumul de difficultés. Pas de moyen de transport et garde d'enfants complexe.,2,2,0.13441339877757955,0.16653000488426112,0.6990565963381594
PROD_02414,2026-03-14 10:38:46.095365122,20.2,Sans diplôme,2.2,G1302,62703,0.0,0,Problème ponctuel de mobilité géographique. Zone mal desservie.,2,2,0.23394451824942358,0.130531656443451,0.6355238253071255
PROD_02415,2026-03-14 11:21:58.939646549,46.2,Bac+5,1.0,M1802,21036,0.0,0,Compétences à réactualiser sur les outils numériques. Motivation correcte.,0,0,0.6096362892645271,0.16908133760002458,0.22128237313544835
PROD_02416,2026-03-14 12:05:11.783927976,21.2,Sans diplôme,4.5,M1801,11168,1.0,1,"Profil autonome, recherche active, aucun frein périphérique identifié.",2,2,0.2266436106823782,0.160928234280995,0.6124281550366268
PROD_02417,2026-03-14 12:48:24.628209404,29.2,Bac+2,0.3,I1304,72367,0.0,0,"Profil autonome, recherche active, aucun frein périphérique identifié.",0,0,0.6661011808934155,0.17003922111703307,0.1638595979895514
PROD_02418,2026-03-14 13:31:37.472490831,42.2,Bac,8.8,K1601,70275,1.0,0,Cumul de difficultés. Pas de moyen de transport et garde d'enfants complexe.,2,2,0.17666070742998757,0.13101255836335682,0.6923267342066557
PROD_02419,2026-03-14 14:14:50.316772258,33.2,Bac,4.2,K1601,70362,1.0,0,Compétences à réactualiser sur les outils numériques. Motivation correcte.,1,1,0.1876980596016014,0.6706906184351628,0.1416113219632359
PROD_02420,2026-03-14 14:58:03.161053685,63.2,Bac+5,1.4,N1101,29165,0.0,0,Problème ponctuel de mobilité géographique. Zone mal desservie.,1,1,0.15348199247992475,0.6321729208542336,0.21434508666584162
PROD_02421,2026-03-14 15:41:16.005335112,48.2,Bac,0.3,K1403,34045,1.0,0,Compétences à réactualiser sur les outils numériques. Motivation correcte.,2,2,0.20010017902047517,0.14960898761733146,0.6502908333621934
PROD_02422,2026-03-14 16:24:28.849616539,20.2,Bac+2,0.1,A1501,67432,1.0,0,Compétences à réactualiser sur les outils numériques. Motivation correcte.,1,1,0.2359960289194391,0.6134287036492506,0.15057526743131022
PROD_02423,2026-03-14 17:07:41.693897966,59.2,Bac,0.9,N1303,57725,0.0,1,Cumul de difficultés. Pas de moyen de transport et garde d'enfants complexe.,2,2,0.16462382951294335,0.21500980419288673,0.6203663662941699
PROD_02424,2026-03-14 17:50:54.538179394,53.2,Bac,0.9,A1301,88006,1.0,1,Cumul de difficultés. Pas de moyen de transport et garde d'enfants complexe.,2,2,0.15501219023474366,0.15491826567162947,0.6900695440936269
PROD_02425,2026-03-14 18:34:07.382460821,55.2,Bac,3.2,N1303,46157,1.0,0,Compétences à réactualiser sur les outils numériques. Motivation correcte.,1,1,0.19990397216749153,0.651911906422658,0.1481841214098505
PROD_02426,2026-03-14 19:17:20.226742248,43.2,Bac+2,5.5,H1504,88091,1.0,0,Freins périphériques majeurs. Situation d'illettrisme numérique constatée.,1,1,0.18057435024675456,0.6209689556961707,0.19845669405707478
PROD_02427,2026-03-14 20:00:33.071023675,61.2,Bac,0.7,M1602,11345,1.0,0,Freins périphériques majeurs. Situation d'illettrisme numérique constatée.,2,2,0.13385107692705384,0.25269339783148614,0.6134555252414601
PROD_02428,2026-03-14 20:43:45.915305102,46.2,Sans diplôme,0.1,C1501,90064,1.0,0,"Candidat très dynamique, mobilité nationale validée. Projet clair.",0,0,0.6720787225173356,0.18013765429299297,0.14778362318967145
PROD_02429,2026-03-14 21:26:58.759586529,46.2,Bac,0.2,M1602,84054,1.0,0,"Perte de confiance importante. Risque d'exclusion, barrière de la langue.",2,2,0.17017254601214626,0.1849388927103287,0.644888561277525
PROD_02430,2026-03-14 22:10:11.603867956,47.2,Bac+5,10.6,C1302,31171,1.0,0,"Excellente présentation, compétences techniques à jour. Reprise rapide visée.",0,0,0.6937413541753792,0.169667974086404,0.13659067173821682
PROD_02431,2026-03-14 22:53:24.448149384,29.2,Bac,8.0,H1206,32433,0.0,0,Cumul de difficultés. Pas de moyen de transport et garde d'enfants complexe.,1,1,0.2443942847251817,0.6216324808919065,0.13397323438291187
PROD_02432,2026-03-14 23:36:37.292430811,23.2,Sans diplôme,1.4,D1401,64256,1.0,0,Cumul de difficultés. Pas de moyen de transport et garde d'enfants complexe.,2,2,0.1682831587066421,0.23518914498338617,0.5965276963099717
PROD_02433,2026-03-15 00:19:50.136712238,35.2,Bac+2,0.5,C1110,13107,0.0,0,"Perte de confiance importante. Risque d'exclusion, barrière de la langue.",1,1,0.22271303406161935,0.5962250627334491,0.18106190320493154
PROD_02434,2026-03-15 01:03:02.980993665,41.2,Bac,1.9,D1502,94065,1.0,0,Cumul de difficultés. Pas de moyen de transport et garde d'enfants complexe.,1,1,0.1540707597980634,0.6204858093968137,0.22544343080512286
PROD_02435,2026-03-15 01:46:15.825275092,30.2,Bac+5,9.3,G1203,37028,1.0,0,Compétences à réactualiser sur les outils numériques. Motivation correcte.,1,1,0.13174359257101576,0.7327951528160932,0.13546125461289105
PROD_02436,2026-03-15 02:29:28.669556519,45.2,Bac,0.7,H1504,60598,0.0,0,Compétences à réactualiser sur les outils numériques. Motivation correcte.,1,1,0.22722309781838165,0.603914608514368,0.16886229366725036
PROD_02437,2026-03-15 03:12:41.513837946,24.2,Bac+5,0.9,A1401,37154,0.0,0,"Profil autonome, recherche active, aucun frein périphérique identifié.",0,0,0.6388653281795467,0.18303874131288836,0.17809593050756498
PROD_02438,2026-03-15 03:55:54.358119374,29.2,Bac,8.1,N1301,27609,1.0,1,"Perte de confiance importante. Risque d'exclusion, barrière de la langue.",1,1,0.1485443653205768,0.667881366951914,0.18357426772750918
PROD_02439,2026-03-15 04:39:07.202400801,62.2,Bac+2,2.9,J1506,79239,1.0,0,"Excellente présentation, compétences techniques à jour. Reprise rapide visée.",0,0,0.6789586831019918,0.15730996576761222,0.16373135113039597
PROD_02440,2026-03-15 05:22:20.046682228,44.2,Bac+2,4.0,K1903,80139,1.0,1,Problème ponctuel de mobilité géographique. Zone mal desservie.,2,2,0.20887244570598157,0.19075893788975667,0.6003686164042616
PROD_02441,2026-03-15 06:05:32.890963655,42.2,Bac,1.3,M1705,01405,1.0,0,Compétences à réactualiser sur les outils numériques. Motivation correcte.,0,0,0.6521113490295235,0.2002031323666788,0.1476855186037977
PROD_02442,2026-03-15 06:48:45.735245082,39.2,Bac+2,8.7,M1203,17451,0.0,0,Problème ponctuel de mobilité géographique. Zone mal desservie.,1,1,0.1359291852575159,0.6538918163944615,0.21017899834802256
PROD_02443,2026-03-15 07:31:58.579526509,42.2,Bac+2,0.7,C1501,77255,0.0,0,Problème ponctuel de mobilité géographique. Zone mal desservie.,1,1,0.24263713016527816,0.6287926307103119,0.12857023912441
PROD_02444,2026-03-15 08:15:11.423807936,21.2,Bac+2,13.4,A1401,62046,0.0,0,"Profil autonome, recherche active, aucun frein périphérique identifié.",0,0,0.6912661457175422,0.13502468526191888,0.17370916902053893
PROD_02445,2026-03-15 08:58:24.268089364,33.2,Bac+5,0.7,M1203,21503,0.0,0,Compétences à réactualiser sur les outils numériques. Motivation correcte.,1,1,0.1463516831718055,0.6455378228393541,0.2081104939888404
PROD_02446,2026-03-15 09:41:37.112370791,32.2,Sans diplôme,0.7,M1802,28379,0.0,0,"Excellente présentation, compétences techniques à jour. Reprise rapide visée.",0,0,0.6410833745108747,0.16763722536778383,0.19127940012134145
PROD_02447,2026-03-15 10:24:49.956652218,54.2,Bac+2,1.5,M1203,52007,1.0,0,Compétences à réactualiser sur les outils numériques. Motivation correcte.,1,1,0.15291292795176312,0.6314201953674605,0.21566687668077633
PROD_02448,2026-03-15 11:08:02.800933645,20.2,Bac,7.8,M1607,25209,1.0,0,Cumul de difficultés. Pas de moyen de transport et garde d'enfants complexe.,2,2,0.18611105304032008,0.139095300250974,0.6747936467087059
PROD_02449,2026-03-15 11:51:15.645215072,19.2,Bac+2,9.2,H1206,62270,1.0,0,Information non renseignee,1,1,0.20854391542662254,0.6555728026354647,0.13588328193791277
PROD_02450,2026-03-15 12:34:28.489496499,33.2,Bac,10.9,K2106,24502,0.0,0,"Candidat très dynamique, mobilité nationale validée. Projet clair.",1,1,0.2375121455450676,0.6027101125411646,0.1597777419137678
PROD_02451,2026-03-15 13:17:41.333777926,28.2,Bac+2,9.7,J1506,62737,1.0,0,Problème ponctuel de mobilité géographique. Zone mal desservie.,1,1,0.14749056511358125,0.7196104696946602,0.13289896519175848
PROD_02452,2026-03-15 14:00:54.178059354,37.2,Sans diplôme,3.8,A1203,05178,1.0,1,Cumul de difficultés. Pas de moyen de transport et garde d'enfants complexe.,2,2,0.20561213264189762,0.12959133162888545,0.6647965357292169
PROD_02453,2026-03-15 14:44:07.022340781,42.2,Bac+5,10.4,N1301,27199,1.0,0,"Perte de confiance importante. Risque d'exclusion, barrière de la langue.",0,0,0.660018980783275,0.16010911268874592,0.17987190652797905
PROD_02454,2026-03-15 15:27:19.866622208,52.2,Bac+2,1.2,C1501,04140,0.0,0,Problème ponctuel de mobilité géographique. Zone mal desservie.,1,1,0.13386174607937845,0.640897682719638,0.2252405712009835
PROD_02455,2026-03-15 16:10:32.710903635,48.2,Bac+5,0.1,G1801,21581,0.0,0,"Perte de confiance importante. Risque d'exclusion, barrière de la langue.",0,0,0.7117625716558061,0.12962518773391235,0.1586122406102815
PROD_02456,2026-03-15 16:53:45.555185062,37.2,Sans diplôme,3.5,H1206,63041,1.0,0,Problème ponctuel de mobilité géographique. Zone mal desservie.,1,1,0.1676388539091471,0.6432098095108133,0.18915133658003958
PROD_02457,2026-03-15 17:36:58.399466489,39.2,Sans diplôme,1.8,M1602,02423,1.0,0,Freins périphériques majeurs. Situation d'illettrisme numérique constatée.,2,2,0.15759242597860468,0.2413091086691762,0.6010984653522191
PROD_02458,2026-03-15 18:20:11.243747916,48.2,Bac+2,2.5,D1503,65200,1.0,0,Information non renseignee,1,1,0.2139942482246546,0.5972879686856272,0.1887177830897182
PROD_02459,2026-03-15 19:03:24.088029344,57.2,Bac+2,1.0,K2101,63381,1.0,0,"Candidat très dynamique, mobilité nationale validée. Projet clair.",1,1,0.1377426308551297,0.6537684670331876,0.2084889021116827
PROD_02460,2026-03-15 19:46:36.932310771,53.2,Bac,1.5,M1501,01361,1.0,0,Cumul de difficultés. Pas de moyen de transport et garde d'enfants complexe.,2,2,0.17841381539429468,0.16716973488218542,0.6544164497235199
PROD_02461,2026-03-15 20:29:49.776592198,42.2,Bac+2,1.3,D1210,21432,1.0,0,Freins périphériques majeurs. Situation d'illettrisme numérique constatée.,0,0,0.6161304042390889,0.20320996326407453,0.18065963249683653
PROD_02462,2026-03-15 21:13:02.620873625,50.2,Bac,0.2,K1201,54260,1.0,0,"Profil autonome, recherche active, aucun frein périphérique identifié.",0,0,0.6484833178129461,0.18807196575778484,0.16344471642926905
PROD_02463,2026-03-15 21:56:15.465155052,51.2,Sans diplôme,1.7,M1203,14096,1.0,0,Freins périphériques majeurs. Situation d'illettrisme numérique constatée.,2,2,0.1495555882875311,0.16135696071464425,0.6890874509978246
PROD_02464,2026-03-15 22:39:28.309436479,43.2,Bac,1.7,G1203,80384,1.0,0,Compétences à réactualiser sur les outils numériques. Motivation correcte.,1,1,0.13091016744122735,0.6867066495805463,0.1823831829782263
PROD_02465,2026-03-15 23:22:41.153717906,53.2,Bac+2,2.1,K1304,65261,1.0,0,Projet de reconversion à affiner. Besoin d'une formation complémentaire.,1,1,0.1997188551405088,0.6675559954526773,0.1327251494068139
PROD_02466,2026-03-16 00:05:53.997999334,57.2,Bac+5,1.4,C1102,88324,1.0,0,Compétences à réactualiser sur les outils numériques. Motivation correcte.,1,1,0.15099955494340062,0.6838530764370386,0.1651473686195607
PROD_02467,2026-03-16 00:49:06.842280761,64.2,Bac+5,1.1,J1301,61445,1.0,0,Problème ponctuel de mobilité géographique. Zone mal desservie.,0,0,0.6139870627713567,0.25726870746667174,0.12874422976197153
PROD_02468,2026-03-16 01:32:19.686562188,52.2,Bac+5,0.6,M1805,02252,1.0,0,"Candidat très dynamique, mobilité nationale validée. Projet clair.",1,1,0.15506488960523196,0.6276332925545149,0.21730181784025304
PROD_02469,2026-03-16 02:15:32.530843615,57.2,Sans diplôme,0.9,G1602,26311,1.0,0,Freins périphériques majeurs. Situation d'illettrisme numérique constatée.,2,2,0.20534431118800042,0.1370425737316756,0.6576131150803239
PROD_02470,2026-03-16 02:58:45.375125042,52.2,Sans diplôme,2.1,N1101,72259,1.0,0,Freins périphériques majeurs. Situation d'illettrisme numérique constatée.,2,2,0.1284830630885676,0.1868302625164507,0.6846866743949817
PROD_02471,2026-03-16 03:41:58.219406469,19.2,Bac+2,2.6,W1401,26058,1.0,0,Cumul de difficultés. Pas de moyen de transport et garde d'enfants complexe.,0,0,0.612555790588756,0.1468081389962662,0.2406360704149778
PROD_02472,2026-03-16 04:25:11.063687896,42.2,Bac+5,1.8,G1601,01064,1.0,0,"Excellente présentation, compétences techniques à jour. Reprise rapide visée.",1,1,0.16538198497049775,0.6405075878897152,0.1941104271397871
PROD_02473,2026-03-16 05:08:23.907969324,59.2,Bac+2,13.5,N1303,26295,0.0,0,Cumul de difficultés. Pas de moyen de transport et garde d'enfants complexe.,2,2,0.1732432841386716,0.213110730453502,0.6136459854078263
PROD_02474,2026-03-16 05:51:36.752250751,30.2,Bac+2,7.9,H2502,14550,0.0,0,Compétences à réactualiser sur les outils numériques. Motivation correcte.,1,1,0.20024596457966282,0.6581434994631835,0.14161053595715367
PROD_02475,2026-03-16 06:34:49.596532178,55.2,Bac,1.6,A1401,27522,1.0,1,"Perte de confiance importante. Risque d'exclusion, barrière de la langue.",2,2,0.149558265964039,0.2041628491438051,0.6462788848921559
PROD_02476,2026-03-16 07:18:02.440813605,55.2,Bac+2,1.4,K1403,59005,0.0,0,Information non renseignee,1,1,0.14389376883816243,0.6785040964077099,0.17760213475412767
PROD_02477,2026-03-16 08:01:15.285095032,40.2,Bac+2,2.2,D1210,22386,1.0,0,"Profil autonome, recherche active, aucun frein périphérique identifié.",0,0,0.6213714074892778,0.14274424227028903,0.2358843502404332
PROD_02478,2026-03-16 08:44:28.129376459,30.2,Bac+2,0.7,C1201,28375,1.0,0,"Excellente présentation, compétences techniques à jour. Reprise rapide visée.",0,0,0.5993313146420285,0.23795098719778576,0.16271769816018575
PROD_02479,2026-03-16 09:27:40.973657886,42.2,Bac,3.3,K1201,15076,0.0,0,Cumul de difficultés. Pas de moyen de transport et garde d'enfants complexe.,2,2,0.13364292194011954,0.2278669363452886,0.6384901417145918
PROD_02480,2026-03-16 10:10:53.817939314,48.2,Bac+2,5.7,A1202,57142,0.0,0,"Candidat très dynamique, mobilité nationale validée. Projet clair.",0,0,0.6442939647648976,0.1603325970970877,0.19537343813801467
PROD_02481,2026-03-16 10:54:06.662220741,54.2,Bac,1.6,H1206,19122,0.0,0,Compétences à réactualiser sur les outils numériques. Motivation correcte.,1,1,0.14867733058775517,0.7045483021405169,0.146774367271728
PROD_02482,2026-03-16 11:37:19.506502168,46.2,Bac,0.4,K2106,11244,0.0,0,"Perte de confiance importante. Risque d'exclusion, barrière de la langue.",0,0,0.595824949124698,0.26295029017325144,0.1412247607020506
PROD_02483,2026-03-16 12:20:32.350783595,31.2,Bac,1.1,A1401,31031,1.0,0,Projet de reconversion à affiner. Besoin d'une formation complémentaire.,1,1,0.18019507802199242,0.6288715561787458,0.1909333657992618
PROD_02484,2026-03-16 13:03:45.195065022,20.2,Bac,0.3,C1201,77055,1.0,0,"Excellente présentation, compétences techniques à jour. Reprise rapide visée.",0,0,0.6505994681230893,0.16151024501979497,0.1878902868571157
PROD_02485,2026-03-16 13:46:58.039346449,60.2,Bac+2,0.4,F1603,57578,1.0,0,Compétences à réactualiser sur les outils numériques. Motivation correcte.,0,0,0.6456392498697401,0.21620247512963608,0.13815827500062383
PROD_02486,2026-03-16 14:30:10.883627876,35.2,Bac,7.0,C1110,64211,0.0,0,"Excellente présentation, compétences techniques à jour. Reprise rapide visée.",0,0,0.6255018184005887,0.18045801727470723,0.19404016432470406
PROD_02487,2026-03-16 15:13:23.727909304,44.2,Sans diplôme,9.0,D1210,47095,1.0,0,"Perte de confiance importante. Risque d'exclusion, barrière de la langue.",2,2,0.13791972364666913,0.14912834726595356,0.7129519290873773
PROD_02488,2026-03-16 15:56:36.572190731,52.2,Bac,1.2,I1304,17205,1.0,0,"Profil autonome, recherche active, aucun frein périphérique identifié.",2,2,0.14079919534898358,0.21186127129236368,0.6473395333586528
PROD_02489,2026-03-16 16:39:49.416472158,36.2,Sans diplôme,0.4,C1110,39234,1.0,0,"Profil autonome, recherche active, aucun frein périphérique identifié.",1,1,0.21194185175574404,0.6161346703601686,0.17192347788408735
PROD_02490,2026-03-16 17:23:02.260753585,46.2,Bac,1.1,C1501,27380,1.0,1,Problème ponctuel de mobilité géographique. Zone mal desservie.,1,1,0.18302721955584408,0.6028940809957052,0.2140786994484507
PROD_02491,2026-03-16 18:06:15.105035012,21.2,Bac+2,6.1,K1304,08003,1.0,0,Cumul de difficultés. Pas de moyen de transport et garde d'enfants complexe.,1,1,0.15331033418405213,0.6111010211359518,0.23558864467999607
PROD_02492,2026-03-16 18:49:27.949316439,26.2,Bac+2,0.0,D1210,54068,1.0,1,Problème ponctuel de mobilité géographique. Zone mal desservie.,1,1,0.21303915753530664,0.6594122572120161,0.1275485852526772
PROD_02493,2026-03-16 19:32:40.793597866,47.2,Bac+5,0.1,D1502,17442,1.0,0,"Candidat très dynamique, mobilité nationale validée. Projet clair.",0,0,0.6926225205861547,0.15442489915605767,0.15295258025778763
PROD_02494,2026-03-16 20:15:53.637879294,33.2,Bac,4.2,K1601,70362,1.0,0,Compétences à réactualiser sur les outils numériques. Motivation correcte.,1,1,0.2215269765347126,0.6100868313748941,0.1683861920903934
PROD_02495,2026-03-16 20:59:06.482160721,44.2,Bac+2,12.1,M1801,57406,1.0,0,"Profil autonome, recherche active, aucun frein périphérique identifié.",0,0,0.6360652252070409,0.1652255593320212,0.1987092154609379
PROD_02496,2026-03-16 21:42:19.326442148,24.2,Bac+2,1.8,K1403,80390,0.0,0,Cumul de difficultés. Pas de moyen de transport et garde d'enfants complexe.,0,0,0.6046014709736233,0.25066111326908547,0.14473741575729127
PROD_02497,2026-03-16 22:25:32.170723575,28.2,Bac,7.7,M1501,69181,1.0,0,Compétences à réactualiser sur les outils numériques. Motivation correcte.,1,1,0.22436843222267444,0.6153284003806453,0.16030316739668027
PROD_02498,2026-03-16 23:08:45.015005002,36.2,Bac,0.3,H2502,74096,1.0,0,Freins périphériques majeurs. Situation d'illettrisme numérique constatée.,0,0,0.5964013752150096,0.1779416720489603,0.22565695273603012
PROD_02499,2026-03-16 23:51:57.859286429,38.2,Bac,0.2,D1503,01030,0.0,0,Projet de reconversion à affiner. Besoin d'une formation complémentaire.,1,1,0.22343761278626878,0.64156428648349,0.13499810073024132
PROD_02500,2026-03-17 00:35:10.703567856,47.3,Bac+5,2.0,D1210,31097,1.0,0,"Profil autonome, recherche active, aucun frein périphérique identifié.",0,0,0.6743239252426303,0.15996782370753723,0.16570825104983247
PROD_02501,2026-03-17 01:18:23.547849284,46.3,Sans diplôme,0.4,H1504,77268,1.0,0,Problème ponctuel de mobilité géographique. Zone mal desservie.,1,1,0.21211299910721473,0.637072386281585,0.15081461461120027
PROD_02502,2026-03-17 02:01:36.392130711,55.3,Bac+2,1.3,C1302,76158,1.0,0,Freins périphériques majeurs. Situation d'illettrisme numérique constatée.,2,2,0.2502608759301851,0.13468472296046916,0.6150544011093457
PROD_02503,2026-03-17 02:44:49.236412138,37.3,Bac,2.1,D1406,63122,1.0,1,"Perte de confiance importante. Risque d'exclusion, barrière de la langue.",1,1,0.1392391653694905,0.7244590806141421,0.13630175401636746
PROD_02504,2026-03-17 03:28:02.080693565,32.3,Bac,1.9,M1801,47014,1.0,0,"Candidat très dynamique, mobilité nationale validée. Projet clair.",0,0,0.7150502807447235,0.15272991514463868,0.13221980411063777
PROD_02505,2026-03-17 04:11:14.924974992,36.3,Sans diplôme,1.6,M1607,2B304,0.0,0,Cumul de difficultés. Pas de moyen de transport et garde d'enfants complexe.,2,2,0.14771777204428566,0.23607548924785526,0.616206738707859
PROD_02506,2026-03-17 04:54:27.769256419,20.3,Bac,1.7,G1801,71425,0.0,0,Freins périphériques majeurs. Situation d'illettrisme numérique constatée.,1,1,0.1549186992285414,0.6129546467611735,0.2321266540102851
PROD_02507,2026-03-17 05:37:40.613537846,50.3,Bac+2,0.4,W1401,45070,1.0,0,Information non renseignee,0,0,0.6453204729013717,0.22206170669698327,0.132617820401645
PROD_02508,2026-03-17 06:20:53.457819274,60.3,Bac,0.9,J1301,71528,1.0,0,Projet de reconversion à affiner. Besoin d'une formation complémentaire.,1,1,0.1849667246124583,0.6074748045596327,0.20755847082790901
PROD_02509,2026-03-17 07:04:06.302100701,51.3,Sans diplôme,0.5,K1601,76519,1.0,0,Compétences à réactualiser sur les outils numériques. Motivation correcte.,1,1,0.21515726117546513,0.5974457810234729,0.18739695780106203
PROD_02510,2026-03-17 07:47:19.146382128,58.3,Bac,0.2,M1602,33017,1.0,1,"Profil autonome, recherche active, aucun frein périphérique identifié.",2,2,0.1601545955263991,0.24129856882637762,0.5985468356472232
PROD_02511,2026-03-17 08:30:31.990663555,23.3,Bac,9.6,M1501,48187,0.0,1,Problème ponctuel de mobilité géographique. Zone mal desservie.,2,2,0.22422901918929852,0.15187912381337249,0.6238918569973291
PROD_02512,2026-03-17 09:13:44.834944982,43.3,Bac,0.7,K1601,05073,1.0,0,"Profil autonome, recherche active, aucun frein périphérique identifié.",2,2,0.139185867755255,0.15120148562237895,0.709612646622366
PROD_02513,2026-03-17 09:56:57.679226409,21.3,Bac+2,0.2,A1203,36182,1.0,0,Projet de reconversion à affiner. Besoin d'une formation complémentaire.,1,1,0.15364545075055633,0.7147494890336642,0.13160506021577945
PROD_02514,2026-03-17 10:40:10.523507836,44.3,Bac,3.7,M1802,63082,0.0,1,Projet de reconversion à affiner. Besoin d'une formation complémentaire.,0,0,0.7341356318495188,0.1369356576083084,0.1289287105421728
PROD_02515,2026-03-17 11:23:23.367789264,43.3,Sans diplôme,0.3,K1201,76154,1.0,0,"Profil autonome, recherche active, aucun frein périphérique identifié.",1,1,0.237445620872334,0.6058426922255584,0.15671168690210757
PROD_02516,2026-03-17 12:06:36.212070691,23.3,Bac,0.5,D1210,61493,0.0,0,"Excellente présentation, compétences techniques à jour. Reprise rapide visée.",1,1,0.14831812673210096,0.7040235296371882,0.14765834363071084
PROD_02517,2026-03-17 12:49:49.056352118,43.3,Bac,0.9,K1304,24263,1.0,0,"Excellente présentation, compétences techniques à jour. Reprise rapide visée.",0,0,0.6166045299861207,0.15467204453501837,0.22872342547886093
PROD_02518,2026-03-17 13:33:01.900633545,20.3,Bac+2,5.2,J1301,86059,1.0,0,"Profil autonome, recherche active, aucun frein périphérique identifié.",0,0,0.6347792052244611,0.16589400302329338,0.19932679175224555
PROD_02519,2026-03-17 14:16:14.744914972,55.3,Bac,7.8,A1401,44024,1.0,0,Cumul de difficultés. Pas de moyen de transport et garde d'enfants complexe.,2,2,0.14259633015262385,0.1956277316410132,0.6617759382063629
PROD_02520,2026-03-17 14:59:27.589196399,51.3,Sans diplôme,2.1,N1101,86289,1.0,0,Compétences à réactualiser sur les outils numériques. Motivation correcte.,1,1,0.23921829114136872,0.6063218329990314,0.15445987585959986
PROD_02521,2026-03-17 15:42:40.433477826,27.3,Bac+5,2.3,M1805,90058,0.0,0,"Candidat très dynamique, mobilité nationale validée. Projet clair.",0,0,0.6860010477504096,0.15592362118798214,0.15807533106160826
PROD_02522,2026-03-17 16:25:53.277759254,43.3,Bac,0.7,A1301,77278,0.0,0,Projet de reconversion à affiner. Besoin d'une formation complémentaire.,1,1,0.15988333464112645,0.6060880160987457,0.23402864926012779
PROD_02523,2026-03-17 17:09:06.122040681,29.3,Bac+2,9.5,A1202,70536,0.0,0,"Perte de confiance importante. Risque d'exclusion, barrière de la langue.",2,2,0.21927071992961578,0.1564989488290188,0.6242303312413654
PROD_02524,2026-03-17 17:52:18.966322108,50.3,Sans diplôme,1.2,C1110,81173,0.0,0,Compétences à réactualiser sur les outils numériques. Motivation correcte.,1,1,0.14375663839155095,0.6352266529314252,0.22101670867702383
PROD_02525,2026-03-17 18:35:31.810603535,26.3,Bac,0.9,M1602,48089,0.0,0,"Perte de confiance importante. Risque d'exclusion, barrière de la langue.",2,2,0.15396822798367193,0.18379776256089514,0.6622340094554329
PROD_02526,2026-03-17 19:18:44.654884962,35.3,Bac,1.1,M1802,89388,0.0,0,"Profil autonome, recherche active, aucun frein périphérique identifié.",0,0,0.6436773764544026,0.19439618809074488,0.16192643545485252
PROD_02527,2026-03-17 20:01:57.499166389,40.3,Bac+2,3.6,H2502,32239,1.0,0,"Excellente présentation, compétences techniques à jour. Reprise rapide visée.",0,0,0.6024932655907421,0.155231669022862,0.24227506538639587
PROD_02528,2026-03-17 20:45:10.343447816,22.3,Bac,0.4,G1602,79265,1.0,0,Cumul de difficultés. Pas de moyen de transport et garde d'enfants complexe.,1,1,0.20932774870666548,0.5988437109222312,0.1918285403711033
PROD_02529,2026-03-17 21:28:23.187729244,32.3,Bac,0.7,I1304,77194,1.0,0,"Excellente présentation, compétences techniques à jour. Reprise rapide visée.",0,0,0.6158473644716461,0.176044341248585,0.20810829427976887
PROD_02530,2026-03-17 22:11:36.032010671,26.3,Bac+2,6.2,C1201,33510,1.0,1,"Excellente présentation, compétences techniques à jour. Reprise rapide visée.",1,1,0.12788092714356075,0.6784320451627788,0.19368702769366042
PROD_02531,2026-03-17 22:54:48.876292098,57.3,Bac,10.3,G1203,47238,1.0,0,Freins périphériques majeurs. Situation d'illettrisme numérique constatée.,2,2,0.12872205457629415,0.16346423904631002,0.7078137063773958
PROD_02532,2026-03-17 23:38:01.720573525,31.3,Bac,0.7,G1602,33172,0.0,0,Projet de reconversion à affiner. Besoin d'une formation complémentaire.,0,0,0.6474982459980427,0.2159773351921334,0.13652441880982386
PROD_02533,2026-03-18 00:21:14.564854952,44.3,Bac+5,0.4,M1801,21238,1.0,0,Projet de reconversion à affiner. Besoin d'une formation complémentaire.,0,0,0.6325418978514239,0.2003261983133966,0.1671319038351795
PROD_02534,2026-03-18 01:04:27.409136379,55.3,Bac+2,0.6,A1501,62864,1.0,0,Problème ponctuel de mobilité géographique. Zone mal desservie.,1,1,0.16679356991250976,0.6443341989860321,0.18887223110145812
PROD_02535,2026-03-18 01:47:40.253417806,20.3,Bac+2,2.3,N1101,83004,1.0,0,"Candidat très dynamique, mobilité nationale validée. Projet clair.",0,0,0.6614278942506617,0.1892931501323353,0.14927895561700297
PROD_02536,2026-03-18 02:30:53.097699234,50.3,Sans diplôme,1.1,D1401,65077,1.0,0,Problème ponctuel de mobilité géographique. Zone mal desservie.,1,1,0.13881409605255882,0.6896665485791181,0.17151935536832308
PROD_02537,2026-03-18 03:14:05.941980661,28.3,Sans diplôme,1.8,K2111,62453,1.0,0,Freins périphériques majeurs. Situation d'illettrisme numérique constatée.,1,1,0.19443752919120139,0.6010525727726622,0.2045098980361364
PROD_02538,2026-03-18 03:57:18.786262088,52.3,Bac+5,0.4,D1406,40224,1.0,0,Problème ponctuel de mobilité géographique. Zone mal desservie.,1,1,0.12779654003308763,0.6650969034421942,0.2071065565247182
PROD_02539,2026-03-18 04:40:31.630543515,32.3,Bac+2,1.7,I1304,57328,1.0,0,"Perte de confiance importante. Risque d'exclusion, barrière de la langue.",0,0,0.6728275921661233,0.1484706361855954,0.1787017716482813
PROD_02540,2026-03-18 05:23:44.474824942,35.3,Bac+5,2.1,C1501,24470,1.0,0,"Profil autonome, recherche active, aucun frein périphérique identifié.",0,0,0.6162008994468053,0.20934607517018278,0.17445302538301188
PROD_02541,2026-03-18 06:06:57.319106369,22.3,Bac+5,5.5,M1802,05162,1.0,0,"Candidat très dynamique, mobilité nationale validée. Projet clair.",0,0,0.6658364554297919,0.1426569389117434,0.19150660565846475
PROD_02542,2026-03-18 06:50:10.163387796,25.3,Bac,1.7,K1403,31176,1.0,0,Problème ponctuel de mobilité géographique. Zone mal desservie.,1,1,0.1757659751159953,0.5997988120697535,0.22443521281425127
PROD_02543,2026-03-18 07:33:23.007669224,38.3,Bac+2,0.9,N1301,77333,0.0,0,Information non renseignee,0,0,0.617991942421449,0.17563253861034253,0.20637551896820852
PROD_02544,2026-03-18 08:16:35.851950651,43.3,Bac+2,5.3,A1203,12263,1.0,1,Cumul de difficultés. Pas de moyen de transport et garde d'enfants complexe.,1,1,0.1809621509343041,0.6208009068930053,0.1982369421726906
PROD_02545,2026-03-18 08:59:48.696232078,27.3,Bac,1.5,H2502,37176,0.0,0,Information non renseignee,0,0,0.5979039530415603,0.1515654748732102,0.2505305720852295
PROD_02546,2026-03-18 09:43:01.540513505,62.3,Bac,5.2,N4101,65125,1.0,0,Problème ponctuel de mobilité géographique. Zone mal desservie.,1,1,0.20081906458909327,0.6351558009216568,0.16402513448924994
PROD_02547,2026-03-18 10:26:14.384794932,43.3,Bac+2,6.6,K1403,73191,0.0,0,"Profil autonome, recherche active, aucun frein périphérique identifié.",0,0,0.6476332238275421,0.13696577355837458,0.21540100261408335
PROD_02548,2026-03-18 11:09:27.229076359,40.3,Sans diplôme,1.5,A1202,25164,1.0,0,Cumul de difficultés. Pas de moyen de transport et garde d'enfants complexe.,1,1,0.17046442717997667,0.6019872343679888,0.22754833845203448
PROD_02549,2026-03-18 11:52:40.073357786,46.3,Sans diplôme,0.4,C1302,63404,1.0,0,"Perte de confiance importante. Risque d'exclusion, barrière de la langue.",1,1,0.13509124064117228,0.7028984179549413,0.16201034140388637
PROD_02550,2026-03-18 12:35:52.917639214,47.3,Sans diplôme,1.9,A1501,59263,0.0,0,"Profil autonome, recherche active, aucun frein périphérique identifié.",1,1,0.20556108093343334,0.6453175305218182,0.14912138854474843
PROD_02551,2026-03-18 13:19:05.761920641,61.3,Bac,0.7,C1102,28022,1.0,0,"Profil autonome, recherche active, aucun frein périphérique identifié.",1,1,0.18349625912698184,0.6782831540714295,0.13822058680158866
PROD_02552,2026-03-18 14:02:18.606202068,31.3,Bac+2,0.3,N4101,02780,1.0,0,Compétences à réactualiser sur les outils numériques. Motivation correcte.,1,1,0.2346878134476133,0.6223888445267582,0.1429233420256284
PROD_02553,2026-03-18 14:45:31.450483495,50.3,Sans diplôme,0.2,M1705,60165,0.0,0,"Profil autonome, recherche active, aucun frein périphérique identifié.",1,1,0.18308598210915886,0.6062924284224221,0.21062158946841902
PROD_02554,2026-03-18 15:28:44.294764922,43.3,Sans diplôme,1.3,A1202,10362,0.0,0,Compétences à réactualiser sur les outils numériques. Motivation correcte.,1,1,0.22430246302937915,0.6059161373536971,0.16978139961692373
PROD_02555,2026-03-18 16:11:57.139046349,44.3,Bac,3.7,M1802,63082,0.0,1,Projet de reconversion à affiner. Besoin d'une formation complémentaire.,0,0,0.630579642702907,0.1875748472488981,0.18184551004819488
PROD_02556,2026-03-18 16:55:09.983327776,55.3,Sans diplôme,3.9,G1302,32336,0.0,0,"Profil autonome, recherche active, aucun frein périphérique identifié.",1,1,0.16254496693200285,0.6930147531430036,0.14444027992499353
PROD_02557,2026-03-18 17:38:22.827609204,53.3,Bac+5,1.4,K2106,17397,1.0,0,Freins périphériques majeurs. Situation d'illettrisme numérique constatée.,2,2,0.14736476478673188,0.15299139840342166,0.6996438368098464
PROD_02558,2026-03-18 18:21:35.671890631,39.3,Bac,8.4,C1302,80726,0.0,0,Cumul de difficultés. Pas de moyen de transport et garde d'enfants complexe.,2,2,0.20193399256667144,0.13054848267034141,0.6675175247629872
PROD_02559,2026-03-18 19:04:48.516172058,48.3,Sans diplôme,1.5,K2106,54244,1.0,0,"Excellente présentation, compétences techniques à jour. Reprise rapide visée.",1,1,0.1780918076640409,0.6883449586200119,0.13356323371594725
PROD_02560,2026-03-18 19:48:01.360453485,49.3,Bac+5,0.5,H1206,63122,0.0,1,"Profil autonome, recherche active, aucun frein périphérique identifié.",0,0,0.6276013310561978,0.15853440439926955,0.2138642645445327
PROD_02561,2026-03-18 20:31:14.204734912,52.3,Sans diplôme,1.5,A1301,70411,1.0,1,Freins périphériques majeurs. Situation d'illettrisme numérique constatée.,2,2,0.15509496485357327,0.13099642301074915,0.7139086121356775
PROD_02562,2026-03-18 21:14:27.049016339,22.3,Bac+2,2.0,A1301,10063,1.0,0,Problème ponctuel de mobilité géographique. Zone mal desservie.,1,1,0.18772378210033888,0.6683872695700176,0.1438889483296435
PROD_02563,2026-03-18 21:57:39.893297766,58.3,Bac+2,1.0,C1102,57659,1.0,0,Problème ponctuel de mobilité géographique. Zone mal desservie.,1,1,0.20547605681757003,0.6033504946285103,0.1911734485539197
PROD_02564,2026-03-18 22:40:52.737579194,61.3,Bac+2,0.8,C1302,28281,0.0,0,Compétences à réactualiser sur les outils numériques. Motivation correcte.,1,1,0.13606092992183513,0.6570510021915402,0.20688806788662462
PROD_02565,2026-03-18 23:24:05.581860621,42.3,Bac+2,0.3,G1302,43096,1.0,1,Compétences à réactualiser sur les outils numériques. Motivation correcte.,1,1,0.1410580163251671,0.6572749054050793,0.2016670782697536
PROD_02566,2026-03-19 00:07:18.426142048,53.3,Bac+5,0.3,G1601,11161,1.0,0,"Perte de confiance importante. Risque d'exclusion, barrière de la langue.",1,1,0.14175665234738538,0.6270940890932779,0.23114925855933666
PROD_02567,2026-03-19 00:50:31.270423475,36.3,Bac+2,15.6,A1501,26355,1.0,0,"Candidat très dynamique, mobilité nationale validée. Projet clair.",1,1,0.18526407324709457,0.6309469122001107,0.18378901455279473
PROD_02568,2026-03-19 01:33:44.114704902,24.3,Bac,4.5,K1903,59419,0.0,0,Compétences à réactualiser sur les outils numériques. Motivation correcte.,1,1,0.26705989026833876,0.5979151749533641,0.13502493477829713
PROD_02569,2026-03-19 02:16:56.958986329,60.3,Bac+5,0.5,H1504,36029,0.0,0,Compétences à réactualiser sur les outils numériques. Motivation correcte.,1,1,0.21742076672114186,0.6513310224285929,0.13124821085026528
PROD_02570,2026-03-19 03:00:09.803267756,51.3,Bac+2,0.1,A1301,30270,0.0,0,Compétences à réactualiser sur les outils numériques. Motivation correcte.,1,1,0.134429210503318,0.6929400086441746,0.17263078085250738
PROD_02571,2026-03-19 03:43:22.647549184,58.3,Bac,2.3,G1302,41042,0.0,0,"Profil autonome, recherche active, aucun frein périphérique identifié.",1,1,0.17726233920572226,0.677704907244075,0.14503275355020284
PROD_02572,2026-03-19 04:26:35.491830611,57.3,Bac+5,1.0,H1206,56123,1.0,0,"Excellente présentation, compétences techniques à jour. Reprise rapide visée.",0,0,0.6285021106637527,0.1443778587896478,0.2271200305465995
PROD_02573,2026-03-19 05:09:48.336112038,55.3,Sans diplôme,2.4,W1401,79090,1.0,0,"Profil autonome, recherche active, aucun frein périphérique identifié.",2,2,0.12836479530884964,0.2725527956330521,0.5990824090580983
PROD_02574,2026-03-19 05:53:01.180393465,62.3,Bac+2,2.5,K1903,51082,1.0,0,Projet de reconversion à affiner. Besoin d'une formation complémentaire.,1,1,0.26414726121913484,0.5993447636272158,0.13650797515364932
PROD_02575,2026-03-19 06:36:14.024674892,36.3,Bac+5,3.7,K2111,57294,0.0,0,"Excellente présentation, compétences techniques à jour. Reprise rapide visée.",0,0,0.6341229745274236,0.17520925756618508,0.1906677679063913
PROD_02576,2026-03-19 07:19:26.868956319,54.3,Bac+5,0.8,A1202,10080,1.0,0,Compétences à réactualiser sur les outils numériques. Motivation correcte.,1,1,0.18820777856350576,0.662667950580536,0.14912427085595825
PROD_02577,2026-03-19 08:02:39.713237746,19.3,Bac,4.4,C1501,36082,1.0,0,Projet de reconversion à affiner. Besoin d'une formation complémentaire.,1,1,0.16956606052403408,0.6082493413530426,0.22218459812292324
PROD_02578,2026-03-19 08:45:52.557519174,52.3,Bac+5,4.6,H1504,56018,0.0,0,"Profil autonome, recherche active, aucun frein périphérique identifié.",0,0,0.6014480908880419,0.15590793640859407,0.24264397270336407
PROD_02579,2026-03-19 09:29:05.401800601,25.3,Sans diplôme,5.0,G1602,25502,0.0,1,Cumul de difficultés. Pas de moyen de transport et garde d'enfants complexe.,2,2,0.13862629981147384,0.12885262374377385,0.7325210764447524
PROD_02580,2026-03-19 10:12:18.246082028,42.3,Bac,1.6,M1806,42315,1.0,0,"Excellente présentation, compétences techniques à jour. Reprise rapide visée.",1,1,0.16069363050845292,0.6487795080637049,0.19052686142784214
PROD_02581,2026-03-19 10:55:31.090363455,45.3,Sans diplôme,8.8,A1203,86086,1.0,0,"Profil autonome, recherche active, aucun frein périphérique identifié.",0,0,0.6871222361988009,0.18468703060504704,0.1281907331961521
PROD_02582,2026-03-19 11:38:43.934644882,56.3,Sans diplôme,0.4,M1705,77364,1.0,0,"Perte de confiance importante. Risque d'exclusion, barrière de la langue.",2,2,0.19700118847430625,0.18081916133321854,0.6221796501924752
PROD_02583,2026-03-19 12:21:56.778926309,58.3,Bac+5,1.8,N1101,22194,1.0,0,"Profil autonome, recherche active, aucun frein périphérique identifié.",0,0,0.6734793632931773,0.17300388888468582,0.15351674782213692
PROD_02584,2026-03-19 13:05:09.623207736,28.3,Bac,6.8,M1203,51112,1.0,0,"Perte de confiance importante. Risque d'exclusion, barrière de la langue.",2,2,0.14381182009572596,0.15718215698141536,0.6990060229228587
PROD_02585,2026-03-19 13:48:22.467489164,48.3,Bac,0.6,C1110,17145,1.0,0,Projet de reconversion à affiner. Besoin d'une formation complémentaire.,0,0,0.71915419785349,0.13662611394434301,0.144219688202167
PROD_02586,2026-03-19 14:31:35.311770591,58.3,Bac+2,0.1,C1102,97113,1.0,0,"Candidat très dynamique, mobilité nationale validée. Projet clair.",1,1,0.18877513490923792,0.6503013867132741,0.160923478377488
PROD_02587,2026-03-19 15:14:48.156052018,42.3,Sans diplôme,2.0,C1110,73129,0.0,0,Compétences à réactualiser sur les outils numériques. Motivation correcte.,2,2,0.15006967524660983,0.24718226865961934,0.6027480560937708
PROD_02588,2026-03-19 15:58:01.000333445,39.3,Bac+2,0.2,D1210,27309,0.0,0,"Candidat très dynamique, mobilité nationale validée. Projet clair.",0,0,0.6930550294404638,0.14869172055759455,0.15825325000194163
PROD_02589,2026-03-19 16:41:13.844614872,21.3,Bac,2.6,J1506,28191,0.0,0,Freins périphériques majeurs. Situation d'illettrisme numérique constatée.,0,0,0.6584145545401336,0.20017853385770534,0.141406911602161
PROD_02590,2026-03-19 17:24:26.688896299,31.3,Bac+2,1.0,M1203,80358,1.0,0,Cumul de difficultés. Pas de moyen de transport et garde d'enfants complexe.,2,2,0.16102743561062005,0.14164068446876715,0.6973318799206127
PROD_02591,2026-03-19 18:07:39.533177726,23.3,Bac+5,0.7,D1401,64456,0.0,0,Compétences à réactualiser sur les outils numériques. Motivation correcte.,1,1,0.1977445180945555,0.6189858043289803,0.18326967757646417
PROD_02592,2026-03-19 18:50:52.377459154,25.3,Sans diplôme,6.8,M1705,42066,1.0,0,Problème ponctuel de mobilité géographique. Zone mal desservie.,1,1,0.19735852790337832,0.6156148620643758,0.18702661003224597
PROD_02593,2026-03-19 19:34:05.221740581,42.3,Sans diplôme,0.7,D1401,70195,1.0,0,"Excellente présentation, compétences techniques à jour. Reprise rapide visée.",0,0,0.6241871173861209,0.16782741982041943,0.2079854627934597
PROD_02594,2026-03-19 20:17:18.066022008,33.3,Bac,2.1,C1501,64354,1.0,0,"Excellente présentation, compétences techniques à jour. Reprise rapide visée.",1,1,0.22685532145005935,0.6084644240695802,0.1646802544803604
PROD_02595,2026-03-19 21:00:30.910303435,34.3,Bac+5,4.9,K2111,39162,0.0,1,"Profil autonome, recherche active, aucun frein périphérique identifié.",0,0,0.690179242466874,0.142978274693172,0.16684248283995398
PROD_02596,2026-03-19 21:43:43.754584862,37.3,Bac+5,2.8,M1801,27342,1.0,0,"Profil autonome, recherche active, aucun frein périphérique identifié.",0,0,0.5985571003125099,0.18966524671571955,0.2117776529717706
PROD_02597,2026-03-19 22:26:56.598866289,38.3,Bac+2,1.9,A1202,39084,1.0,0,"Excellente présentation, compétences techniques à jour. Reprise rapide visée.",1,1,0.20572296725538247,0.6508156559107059,0.1434613768339117
PROD_02598,2026-03-19 23:10:09.443147716,43.3,Sans diplôme,0.4,N1303,16315,0.0,0,Projet de reconversion à affiner. Besoin d'une formation complémentaire.,1,1,0.20956300768273065,0.6189346065585004,0.17150238575876897
PROD_02599,2026-03-19 23:53:22.287429144,20.3,Bac+5,1.0,A1501,62315,1.0,0,"Profil autonome, recherche active, aucun frein périphérique identifié.",0,0,0.6795269609022789,0.16332674656373464,0.15714629253398643
PROD_02600,2026-03-20 00:36:35.131710571,52.3,Bac,1.1,A1203,89181,1.0,0,Freins périphériques majeurs. Situation d'illettrisme numérique constatée.,1,1,0.1657717492995461,0.6838282158606813,0.1504000348397726
PROD_02601,2026-03-20 01:19:47.975991998,50.3,Sans diplôme,1.5,D1503,27341,0.0,0,Information non renseignee,1,1,0.16454335089830818,0.6088868922486321,0.2265697568530597
PROD_02602,2026-03-20 02:03:00.820273425,20.3,Bac,0.2,D1210,59278,1.0,0,Information non renseignee,1,1,0.155285316594941,0.679850353472477,0.16486432993258193
PROD_02603,2026-03-20 02:46:13.664554852,26.3,Bac,0.4,N4301,22308,1.0,0,"Perte de confiance importante. Risque d'exclusion, barrière de la langue.",2,2,0.12968041152275123,0.2693854282455391,0.6009341602317096
PROD_02604,2026-03-20 03:29:26.508836279,39.3,Bac,5.9,I1304,38248,0.0,0,"Excellente présentation, compétences techniques à jour. Reprise rapide visée.",0,0,0.6509011243237877,0.1379617157089921,0.21113715996722024
PROD_02605,2026-03-20 04:12:39.353117706,53.3,Bac+2,1.5,C1501,39285,1.0,0,Projet de reconversion à affiner. Besoin d'une formation complémentaire.,1,1,0.17194092928537297,0.6128561950853761,0.2152028756292509
PROD_02606,2026-03-20 04:55:52.197399134,28.3,Bac+5,1.6,H1206,33168,1.0,1,Compétences à réactualiser sur les outils numériques. Motivation correcte.,1,1,0.18885242484140274,0.6832555181277468,0.1278920570308505
PROD_02607,2026-03-20 05:39:05.041680561,62.3,Sans diplôme,0.2,G1801,17067,1.0,0,Cumul de difficultés. Pas de moyen de transport et garde d'enfants complexe.,2,2,0.14088304367118987,0.2566087805328626,0.6025081757959475
PROD_02608,2026-03-20 06:22:17.885961988,43.3,Bac,0.9,K1304,24263,1.0,0,"Excellente présentation, compétences techniques à jour. Reprise rapide visée.",0,0,0.6827408735650963,0.18640525738910116,0.13085386904580257
PROD_02609,2026-03-20 07:05:30.730243415,59.3,Bac,0.9,N1303,57725,0.0,1,Cumul de difficultés. Pas de moyen de transport et garde d'enfants complexe.,2,2,0.2541890343190265,0.129351324836647,0.6164596408443265
PROD_02610,2026-03-20 07:48:43.574524842,52.3,Bac+5,0.4,H1504,22259,1.0,0,"Profil autonome, recherche active, aucun frein périphérique identifié.",0,0,0.6908340572516307,0.1353956661930535,0.1737702765553158
PROD_02611,2026-03-20 08:31:56.418806269,34.3,Sans diplôme,3.3,H2502,17164,1.0,0,Compétences à réactualiser sur les outils numériques. Motivation correcte.,1,1,0.22776960797216608,0.6074365642890636,0.16479382773877038
PROD_02612,2026-03-20 09:15:09.263087696,64.3,Sans diplôme,0.2,K2106,36079,1.0,0,Cumul de difficultés. Pas de moyen de transport et garde d'enfants complexe.,2,2,0.18146928729542292,0.21168644224904926,0.6068442704555279
PROD_02613,2026-03-20 09:58:22.107369124,19.3,Bac,2.3,M1802,50305,0.0,0,"Excellente présentation, compétences techniques à jour. Reprise rapide visée.",0,0,0.6977067925399686,0.1745795330826218,0.1277136743774096
PROD_02614,2026-03-20 10:41:34.951650551,30.3,Bac,7.9,H2502,14550,0.0,0,Compétences à réactualiser sur les outils numériques. Motivation correcte.,1,1,0.19548739761014303,0.6269156732698955,0.1775969291199615
PROD_02615,2026-03-20 11:24:47.795931978,35.3,Bac+2,0.3,G1601,27288,0.0,0,Cumul de difficultés. Pas de moyen de transport et garde d'enfants complexe.,0,0,0.6183506015622552,0.14154563504100123,0.24010376339674358
PROD_02616,2026-03-20 12:08:00.640213405,54.3,Bac,9.1,G1203,03182,0.0,1,"Excellente présentation, compétences techniques à jour. Reprise rapide visée.",0,0,0.6216766839196144,0.20579174924792937,0.17253156683245624
PROD_02617,2026-03-20 12:51:13.484494832,44.3,Bac,2.0,A1301,71201,1.0,1,Projet de reconversion à affiner. Besoin d'une formation complémentaire.,1,1,0.16289307431037134,0.7043334405688544,0.13277348512077425
PROD_02618,2026-03-20 13:34:26.328776259,31.3,Bac+2,1.7,N1303,63379,0.0,0,"Candidat très dynamique, mobilité nationale validée. Projet clair.",0,0,0.6684661602081954,0.1889896229870269,0.14254421680477772
PROD_02619,2026-03-20 14:17:39.173057686,29.3,Bac,4.0,K1403,89409,1.0,0,Information non renseignee,0,0,0.6189475471221508,0.13582382147120353,0.24522863140664564
PROD_02620,2026-03-20 15:00:52.017339114,64.3,Bac,2.4,N4101,13094,1.0,0,"Candidat très dynamique, mobilité nationale validée. Projet clair.",2,2,0.1456620964635879,0.17656839428388676,0.6777695092525253
PROD_02621,2026-03-20 15:44:04.861620541,27.3,Bac,2.5,K1304,15098,1.0,0,Cumul de difficultés. Pas de moyen de transport et garde d'enfants complexe.,0,0,0.5957544741807799,0.18737427625902792,0.21687124956019221
PROD_02622,2026-03-20 16:27:17.705901968,20.3,Bac+2,0.1,A1501,67432,1.0,0,Compétences à réactualiser sur les outils numériques. Motivation correcte.,1,1,0.2672105548599428,0.5978060890415576,0.13498335609849954
PROD_02623,2026-03-20 17:10:30.550183395,62.3,Sans diplôme,0.2,J1301,40031,1.0,0,"Profil autonome, recherche active, aucun frein périphérique identifié.",1,1,0.14057402016438653,0.694664770421835,0.16476120941377836
PROD_02624,2026-03-20 17:53:43.394464822,53.3,Bac+2,2.0,D1503,58085,0.0,0,Compétences à réactualiser sur les outils numériques. Motivation correcte.,1,1,0.14697876191713632,0.7207756550692506,0.1322455830136131
PROD_02625,2026-03-20 18:36:56.238746249,63.3,Bac,1.0,H1206,55155,0.0,0,"Candidat très dynamique, mobilité nationale validée. Projet clair.",1,1,0.14344684975072536,0.6452079730288635,0.21134517722041124
PROD_02626,2026-03-20 19:20:09.083027676,42.3,Sans diplôme,3.8,K2106,69120,0.0,0,Problème ponctuel de mobilité géographique. Zone mal desservie.,1,1,0.18346072414772996,0.6424098554117883,0.17412942044048174
PROD_02627,2026-03-20 20:03:21.927309104,42.3,Bac,1.4,M1607,89277,1.0,1,"Excellente présentation, compétences techniques à jour. Reprise rapide visée.",1,1,0.19457083311865075,0.6010855230612363,0.20434364382011294
PROD_02628,2026-03-20 20:46:34.771590531,38.3,Bac,0.7,M1805,47060,0.0,0,"Excellente présentation, compétences techniques à jour. Reprise rapide visée.",0,0,0.6432041044160652,0.18327560585690572,0.17352028972702904
PROD_02629,2026-03-20 21:29:47.615871958,26.3,Bac+5,2.5,N1101,25296,0.0,0,"Candidat très dynamique, mobilité nationale validée. Projet clair.",0,0,0.6268675713365274,0.20690740504415556,0.16622502361931707
PROD_02630,2026-03-20 22:13:00.460153385,38.3,Bac+2,0.2,C1302,72047,1.0,0,Freins périphériques majeurs. Situation d'illettrisme numérique constatée.,0,0,0.6028435046968538,0.1874040462458317,0.20975244905731452
PROD_02631,2026-03-20 22:56:13.304434812,22.3,Sans diplôme,4.8,K1903,26035,1.0,0,Freins périphériques majeurs. Situation d'illettrisme numérique constatée.,2,2,0.1280701712179263,0.24791856644916818,0.6240112623329055
PROD_02632,2026-03-20 23:39:26.148716239,20.3,Bac,6.5,H2502,11396,0.0,0,Problème ponctuel de mobilité géographique. Zone mal desservie.,1,1,0.15498061444830946,0.6633411521620862,0.18167823338960432
PROD_02633,2026-03-21 00:22:38.992997666,26.3,Bac,0.4,N4301,22308,0.0,0,"Perte de confiance importante. Risque d'exclusion, barrière de la langue.",2,2,0.14799053132611953,0.20333696365911305,0.6486725050147675
PROD_02634,2026-03-21 01:05:51.837279094,42.3,Bac+2,3.3,G1602,33176,1.0,0,"Profil autonome, recherche active, aucun frein périphérique identifié.",0,0,0.6490728907340951,0.21739464806691938,0.13353246119898549
PROD_02635,2026-03-21 01:49:04.681560521,62.3,Bac+2,9.9,F1603,59174,1.0,0,Projet de reconversion à affiner. Besoin d'une formation complémentaire.,2,2,0.209704496955746,0.15468997262647496,0.635605530417779
PROD_02636,2026-03-21 02:32:17.525841948,63.3,Sans diplôme,4.1,H2502,71145,1.0,0,Projet de reconversion à affiner. Besoin d'une formation complémentaire.,2,2,0.17217003475906423,0.19533507723823013,0.6324948880027057
PROD_02637,2026-03-21 03:15:30.370123375,59.3,Bac+5,1.9,M1802,83060,1.0,0,"Excellente présentation, compétences techniques à jour. Reprise rapide visée.",0,0,0.6180700957903611,0.14731572213714855,0.23461418207249035
PROD_02638,2026-03-21 03:58:43.214404802,54.3,Bac+2,3.2,C1102,55363,1.0,0,Compétences à réactualiser sur les outils numériques. Motivation correcte.,1,1,0.15078767917987,0.6428765787107819,0.20633574210934813
PROD_02639,2026-03-21 04:41:56.058686229,23.3,Bac,9.6,M1501,48187,0.0,1,Problème ponctuel de mobilité géographique. Zone mal desservie.,2,2,0.18275179315863904,0.14264754273886207,0.6746006641024989
PROD_02640,2026-03-21 05:25:08.902967656,42.3,Bac+2,8.3,N1301,24355,0.0,1,Compétences à réactualiser sur les outils numériques. Motivation correcte.,1,1,0.177099376089442,0.5990225597857952,0.22387806412476274
PROD_02641,2026-03-21 06:08:21.747249084,39.3,Bac+5,6.9,N1101,13028,1.0,1,"Profil autonome, recherche active, aucun frein périphérique identifié.",2,2,0.26013105208938414,0.13912929448235675,0.6007396534282591
PROD_02642,2026-03-21 06:51:34.591530511,53.3,Bac+2,5.6,N4101,06053,1.0,0,Projet de reconversion à affiner. Besoin d'une formation complémentaire.,0,0,0.6493349935806747,0.12946739240618027,0.22119761401314503
PROD_02643,2026-03-21 07:34:47.435811938,47.3,Bac+2,3.7,A1202,06150,1.0,0,Problème ponctuel de mobilité géographique. Zone mal desservie.,1,1,0.19331794738354996,0.6378455466740889,0.1688365059423611
PROD_02644,2026-03-21 08:18:00.280093365,39.3,Bac,4.6,H1206,80489,0.0,0,"Profil autonome, recherche active, aucun frein périphérique identifié.",1,1,0.12833906473329834,0.7336108084778958,0.1380501267888058
PROD_02645,2026-03-21 09:01:13.124374792,58.3,Bac+5,5.9,J1506,30265,1.0,0,"Candidat très dynamique, mobilité nationale validée. Projet clair.",0,0,0.6175159467043814,0.24204571129892777,0.14043834199669086
PROD_02646,2026-03-21 09:44:25.968656219,25.3,Bac+2,5.0,G1602,25502,0.0,1,Cumul de difficultés. Pas de moyen de transport et garde d'enfants complexe.,2,2,0.1584645748580396,0.2251785864356617,0.6163568387062988
PROD_02647,2026-03-21 10:27:38.812937646,42.3,Bac+5,4.1,M1801,67528,1.0,0,"Profil autonome, recherche active, aucun frein périphérique identifié.",0,0,0.6231214915640225,0.1468758800319064,0.23000262840407107
PROD_02648,2026-03-21 11:10:51.657219074,24.3,Bac+5,0.6,W1401,21630,1.0,0,"Candidat très dynamique, mobilité nationale validée. Projet clair.",0,0,0.6115663721555891,0.1368151222775515,0.25161850556685944
PROD_02649,2026-03-21 11:54:04.501500501,42.3,Bac,10.0,C1110,65383,0.0,0,"Perte de confiance importante. Risque d'exclusion, barrière de la langue.",1,1,0.18401990749859642,0.6067425623023895,0.20923753019901403
PROD_02650,2026-03-21 12:37:17.345781928,46.3,Bac,2.2,A1401,35123,1.0,0,"Excellente présentation, compétences techniques à jour. Reprise rapide visée.",1,1,0.2113651369570187,0.6304615369675061,0.1581733260754753
PROD_02651,2026-03-21 13:20:30.190063355,60.3,Sans diplôme,2.5,G1302,74057,0.0,0,Cumul de difficultés. Pas de moyen de transport et garde d'enfants complexe.,2,2,0.15295577056885332,0.14599163925793565,0.701052590173211
PROD_02652,2026-03-21 14:03:43.034344782,34.3,Bac+2,0.7,H1206,51587,1.0,0,"Perte de confiance importante. Risque d'exclusion, barrière de la langue.",0,0,0.6628705079364239,0.12761773345035674,0.20951175861321938
PROD_02653,2026-03-21 14:46:55.878626209,46.3,Bac,1.4,N1101,63303,0.0,0,"Profil autonome, recherche active, aucun frein périphérique identifié.",0,0,0.6070388524132584,0.23440249720850193,0.15855865037823968
PROD_02654,2026-03-21 15:30:08.722907636,44.3,Bac,0.1,K1201,23086,1.0,0,Compétences à réactualiser sur les outils numériques. Motivation correcte.,1,1,0.15667672168585764,0.5985234063205388,0.24479987199360354
PROD_02655,2026-03-21 16:13:21.567189064,44.3,Bac+2,0.6,N1301,70422,1.0,0,Projet de reconversion à affiner. Besoin d'une formation complémentaire.,1,1,0.17344206824418046,0.6347387768160884,0.19181915493973123
PROD_02656,2026-03-21 16:56:34.411470491,48.3,Bac,0.1,C1110,23012,1.0,0,"Excellente présentation, compétences techniques à jour. Reprise rapide visée.",0,0,0.5955716510841615,0.26521507280531226,0.1392132761105262
PROD_02657,2026-03-21 17:39:47.255751918,26.3,Bac+2,5.9,N4101,76546,0.0,1,Freins périphériques majeurs. Situation d'illettrisme numérique constatée.,0,0,0.6946780408354855,0.15672101990253248,0.14860093926198206
PROD_02658,2026-03-21 18:23:00.100033345,36.3,Bac+5,2.7,M1602,21680,1.0,0,Information non renseignee,0,0,0.630388944078842,0.20310388837936466,0.1665071675417933
PROD_02659,2026-03-21 19:06:12.944314772,55.3,Bac+5,0.6,K1601,34045,0.0,1,Problème ponctuel de mobilité géographique. Zone mal desservie.,2,2,0.1752038309439688,0.16118347846750813,0.6636126905885231
PROD_02660,2026-03-21 19:49:25.788596199,61.3,Bac,9.5,M1203,67292,0.0,0,"Excellente présentation, compétences techniques à jour. Reprise rapide visée.",2,2,0.1848020516810489,0.16187244327883302,0.6533255050401181
PROD_02661,2026-03-21 20:32:38.632877626,23.3,Bac,4.6,K1304,41266,1.0,0,Problème ponctuel de mobilité géographique. Zone mal desservie.,1,1,0.23574405231428464,0.6005484693934228,0.1637074782922926
PROD_02662,2026-03-21 21:15:51.477159054,42.3,Bac+5,0.5,G1801,18100,0.0,0,"Candidat très dynamique, mobilité nationale validée. Projet clair.",0,0,0.6247443375541977,0.13670833266780724,0.2385473297779951
PROD_02663,2026-03-21 21:59:04.321440481,39.3,Bac+5,6.9,N1101,13028,1.0,1,"Profil autonome, recherche active, aucun frein périphérique identifié.",2,2,0.23018539748869846,0.15656597844430598,0.6132486240669955
PROD_02664,2026-03-21 22:42:17.165721908,42.3,Bac,1.3,D1210,21432,1.0,0,Freins périphériques majeurs. Situation d'illettrisme numérique constatée.,0,0,0.69536816911237,0.1630745300472157,0.14155730084041432
PROD_02665,2026-03-21 23:25:30.010003335,54.3,Bac,2.9,W1401,30324,0.0,1,Problème ponctuel de mobilité géographique. Zone mal desservie.,2,2,0.15976933554325903,0.13063433071323755,0.7095963337435034
PROD_02666,2026-03-22 00:08:42.854284762,23.3,Bac+2,0.3,K1903,04200,1.0,0,Cumul de difficultés. Pas de moyen de transport et garde d'enfants complexe.,2,2,0.16494830455866033,0.21240622754189514,0.6226454678994444
PROD_02667,2026-03-22 00:51:55.698566189,19.3,Sans diplôme,1.6,M1805,64459,0.0,0,Freins périphériques majeurs. Situation d'illettrisme numérique constatée.,2,2,0.2117038120092833,0.18819981860175045,0.6000963693889663
PROD_02668,2026-03-22 01:35:08.542847616,50.3,Bac,0.7,A1203,11257,1.0,0,Cumul de difficultés. Pas de moyen de transport et garde d'enfants complexe.,1,1,0.14376040406803384,0.6285075225693872,0.22773207336257895
PROD_02669,2026-03-22 02:18:21.387129044,43.3,Bac,0.8,K1304,51601,1.0,0,"Candidat très dynamique, mobilité nationale validée. Projet clair.",0,0,0.709472917115456,0.15567470462526195,0.13485237825928204
PROD_02670,2026-03-22 03:01:34.231410471,19.3,Sans diplôme,11.9,M1203,45087,1.0,0,Compétences à réactualiser sur les outils numériques. Motivation correcte.,1,1,0.22096781433851576,0.5957610381385856,0.18327114752289864
PROD_02671,2026-03-22 03:44:47.075691898,24.3,Bac+2,3.8,A1401,72048,1.0,0,Compétences à réactualiser sur les outils numériques. Motivation correcte.,1,1,0.13609049947450227,0.6840192190748049,0.17989028145069286
PROD_02672,2026-03-22 04:27:59.919973325,43.3,Sans diplôme,3.8,A1401,71531,1.0,0,Compétences à réactualiser sur les outils numériques. Motivation correcte.,1,1,0.12830459249925033,0.6817433093589891,0.18995209814176062
PROD_02673,2026-03-22 05:11:12.764254752,52.3,Bac,15.2,N4301,21471,1.0,0,"Candidat très dynamique, mobilité nationale validée. Projet clair.",2,2,0.1708180680121833,0.18395648954002067,0.645225442447796
PROD_02674,2026-03-22 05:54:25.608536179,48.3,Bac,3.4,K2111,44067,0.0,0,"Profil autonome, recherche active, aucun frein périphérique identifié.",0,0,0.6978222302217549,0.14681293089429817,0.1553648388839469
PROD_02675,2026-03-22 06:37:38.452817606,34.3,Sans diplôme,2.1,K2101,52105,1.0,0,Freins périphériques majeurs. Situation d'illettrisme numérique constatée.,1,1,0.12917103426951557,0.6691226945072903,0.20170627122319407
PROD_02676,2026-03-22 07:20:51.297099034,28.3,Bac,0.6,A1202,2A228,1.0,0,Cumul de difficultés. Pas de moyen de transport et garde d'enfants complexe.,1,1,0.14456290851018505,0.725257970726167,0.1301791207636479
PROD_02677,2026-03-22 08:04:04.141380461,63.3,Bac,0.1,G1602,47185,0.0,0,Freins périphériques majeurs. Situation d'illettrisme numérique constatée.,2,2,0.1663615240790474,0.1885078629649324,0.6451306129560203
PROD_02678,2026-03-22 08:47:16.985661888,21.3,Bac+5,1.5,D1503,56107,0.0,0,"Perte de confiance importante. Risque d'exclusion, barrière de la langue.",0,0,0.6351265433853773,0.21982795423355267,0.14504550238107
PROD_02679,2026-03-22 09:30:29.829943315,24.3,Bac,3.9,M1806,25397,1.0,0,"Candidat très dynamique, mobilité nationale validée. Projet clair.",0,0,0.6811067767867511,0.18331636442299587,0.135576858790253
PROD_02680,2026-03-22 10:13:42.674224742,54.3,Bac,2.0,D1210,69047,0.0,0,Projet de reconversion à affiner. Besoin d'une formation complémentaire.,1,1,0.17724583904280145,0.5954440775137076,0.2273100834434909
PROD_02681,2026-03-22 10:56:55.518506169,49.3,Bac+2,2.5,I1304,43110,1.0,0,Freins périphériques majeurs. Situation d'illettrisme numérique constatée.,0,0,0.6453998158627628,0.21123957296314883,0.14336061117408833
PROD_02682,2026-03-22 11:40:08.362787596,58.3,Bac+2,0.6,A1401,56094,1.0,0,"Excellente présentation, compétences techniques à jour. Reprise rapide visée.",0,0,0.6356855186176716,0.1362342646685755,0.22808021671375286
PROD_02683,2026-03-22 12:23:21.207069024,39.3,Bac+5,3.0,N1101,82031,0.0,0,"Excellente présentation, compétences techniques à jour. Reprise rapide visée.",0,0,0.7368539592011816,0.1307536656262785,0.13239237517253993
PROD_02684,2026-03-22 13:06:34.051350451,21.3,Bac,7.3,M1806,50274,1.0,0,"Excellente présentation, compétences techniques à jour. Reprise rapide visée.",0,0,0.6587860422126627,0.15906682827555438,0.18214712951178294
PROD_02685,2026-03-22 13:49:46.895631878,47.3,Bac+2,0.6,N1101,43100,0.0,0,"Perte de confiance importante. Risque d'exclusion, barrière de la langue.",0,0,0.6139330542908198,0.2546591541111714,0.1314077915980088
PROD_02686,2026-03-22 14:32:59.739913305,25.3,Bac+2,6.1,M1602,09292,1.0,0,Problème ponctuel de mobilité géographique. Zone mal desservie.,1,1,0.18005771761745165,0.6876859172219979,0.1322563651605505
PROD_02687,2026-03-22 15:16:12.584194732,30.3,Bac+2,9.2,G1203,37028,1.0,0,Compétences à réactualiser sur les outils numériques. Motivation correcte.,1,1,0.13241734820819934,0.6979075541872508,0.1696750976045498
PROD_02688,2026-03-22 15:59:25.428476159,58.3,Bac+2,0.1,C1102,35125,1.0,0,"Profil autonome, recherche active, aucun frein périphérique identifié.",2,2,0.18727339625250433,0.20909588739366314,0.6036307163538325
PROD_02689,2026-03-22 16:42:38.272757586,20.3,Bac+5,1.0,A1301,10259,1.0,1,Problème ponctuel de mobilité géographique. Zone mal desservie.,1,1,0.15131905911481175,0.7031566395758616,0.1455243013093267
PROD_02690,2026-03-22 17:25:51.117039014,57.3,Bac+2,1.0,M1805,67361,1.0,0,Problème ponctuel de mobilité géographique. Zone mal desservie.,1,1,0.2363017361269168,0.6247637040863958,0.13893455978668734
PROD_02691,2026-03-22 18:09:03.961320441,29.3,Bac,0.8,C1201,91080,1.0,0,"Perte de confiance importante. Risque d'exclusion, barrière de la langue.",0,0,0.6663893417172866,0.14205254852570118,0.19155810975701223
PROD_02692,2026-03-22 18:52:16.805601868,27.3,Bac+5,0.6,K1601,54421,1.0,1,"Candidat très dynamique, mobilité nationale validée. Projet clair.",0,0,0.7139762999419831,0.12986930462271776,0.15615439543529916
PROD_02693,2026-03-22 19:35:29.649883295,28.3,Bac,1.1,W1401,18040,0.0,0,Compétences à réactualiser sur les outils numériques. Motivation correcte.,1,1,0.1501154036914726,0.6455658745161958,0.20431872179233157
PROD_02694,2026-03-22 20:18:42.494164722,48.3,Sans diplôme,1.5,G1801,80701,1.0,0,Problème ponctuel de mobilité géographique. Zone mal desservie.,1,1,0.17493793325400073,0.6168935429258992,0.2081685238201001
PROD_02695,2026-03-22 21:01:55.338446149,58.3,Bac+2,0.1,C1102,97113,1.0,0,"Candidat très dynamique, mobilité nationale validée. Projet clair.",1,1,0.14159513905594084,0.6017701403677905,0.25663472057626857
PROD_02696,2026-03-22 21:45:08.182727576,51.3,Bac+2,0.6,D1502,21700,1.0,1,Problème ponctuel de mobilité géographique. Zone mal desservie.,1,1,0.20180137705126913,0.6671712314601738,0.13102739148855713
PROD_02697,2026-03-22 22:28:21.027009004,26.3,Bac,0.1,N4101,2B036,1.0,1,Projet de reconversion à affiner. Besoin d'une formation complémentaire.,1,1,0.2131643853283986,0.6367195465250023,0.15011606814659906
PROD_02698,2026-03-22 23:11:33.871290431,51.3,Bac,5.5,F1603,07069,0.0,0,"Candidat très dynamique, mobilité nationale validée. Projet clair.",1,1,0.2470674237330494,0.614370038537402,0.13856253772954852
PROD_02699,2026-03-22 23:54:46.715571858,22.3,Bac+2,0.9,M1806,58038,0.0,0,Freins périphériques majeurs. Situation d'illettrisme numérique constatée.,2,2,0.18545243364900477,0.21529979259582221,0.599247773755173
PROD_02700,2026-03-23 00:37:59.559853285,44.4,Bac,16.1,H1206,49192,1.0,1,Projet de reconversion à affiner. Besoin d'une formation complémentaire.,1,1,0.18753938502528036,0.6497740261544733,0.16268658882024634
PROD_02701,2026-03-23 01:21:12.404134712,55.4,Bac,1.3,M1801,27181,1.0,0,"Perte de confiance importante. Risque d'exclusion, barrière de la langue.",2,2,0.14233778190153812,0.19790711346675402,0.6597551046317078
PROD_02702,2026-03-23 02:04:25.248416139,37.4,Bac+2,0.2,G1601,44007,1.0,0,"Profil autonome, recherche active, aucun frein périphérique identifié.",0,0,0.665558397443188,0.18500688968245868,0.1494347128743533
PROD_02703,2026-03-23 02:47:38.092697566,39.4,Bac,3.0,M1203,88252,1.0,0,Compétences à réactualiser sur les outils numériques. Motivation correcte.,1,1,0.18294607597268672,0.6449699431050607,0.17208398092225252
PROD_02704,2026-03-23 03:30:50.936978994,57.4,Bac+2,0.3,H2502,85125,0.0,0,Cumul de difficultés. Pas de moyen de transport et garde d'enfants complexe.,1,1,0.24759631474632166,0.603838516622873,0.14856516863080538
PROD_02705,2026-03-23 04:14:03.781260421,42.4,Bac,0.6,M1806,77494,1.0,0,"Profil autonome, recherche active, aucun frein périphérique identifié.",0,0,0.6316056993425129,0.14176244413174427,0.22663185652574286
PROD_02706,2026-03-23 04:57:16.625541848,25.4,Bac+5,1.9,K1304,40027,1.0,0,"Profil autonome, recherche active, aucun frein périphérique identifié.",0,0,0.5975019878732291,0.18588126724384343,0.2166167448829275
PROD_02707,2026-03-23 05:40:29.469823275,23.4,Bac+2,5.2,N4101,57384,1.0,0,Problème ponctuel de mobilité géographique. Zone mal desservie.,1,1,0.22076986605450494,0.6094796990404914,0.16975043490500363
PROD_02708,2026-03-23 06:23:42.314104702,57.4,Bac+5,1.0,H1206,56123,1.0,0,"Excellente présentation, compétences techniques à jour. Reprise rapide visée.",0,0,0.6661919122404186,0.12828703058490737,0.205521057174674
PROD_02709,2026-03-23 07:06:55.158386129,49.4,Bac,2.0,J1506,26255,1.0,0,Problème ponctuel de mobilité géographique. Zone mal desservie.,0,0,0.5974164537482022,0.1330155764794604,0.26956796977233743
PROD_02710,2026-03-23 07:50:08.002667556,62.4,Bac,2.9,J1506,79239,1.0,0,"Excellente présentation, compétences techniques à jour. Reprise rapide visée.",0,0,0.6019591468182024,0.169140464009226,0.2289003891725716
PROD_02711,2026-03-23 08:33:20.846948984,20.4,Sans diplôme,2.8,G1203,53029,1.0,0,"Excellente présentation, compétences techniques à jour. Reprise rapide visée.",1,1,0.2630591673286832,0.6033947800473916,0.13354605262392527
PROD_02712,2026-03-23 09:16:33.691230411,52.4,Bac,7.1,I1304,84083,0.0,0,Projet de reconversion à affiner. Besoin d'une formation complémentaire.,1,1,0.16243414018639016,0.659911988721911,0.17765387109169883
PROD_02713,2026-03-23 09:59:46.535511838,52.4,Bac+2,0.4,D1502,84119,1.0,0,Compétences à réactualiser sur les outils numériques. Motivation correcte.,0,0,0.6269066261186471,0.21645835053824766,0.15663502334310522
PROD_02714,2026-03-23 10:42:59.379793265,38.4,Bac+2,0.3,M1802,11203,1.0,0,Problème ponctuel de mobilité géographique. Zone mal desservie.,0,0,0.6634505007704513,0.12754629837255885,0.20900320085698984
PROD_02715,2026-03-23 11:26:12.224074692,43.4,Bac,1.7,G1203,80384,1.0,0,Compétences à réactualiser sur les outils numériques. Motivation correcte.,1,1,0.19065153796606035,0.662402993130261,0.14694546890367866
PROD_02716,2026-03-23 12:09:25.068356119,54.4,Sans diplôme,0.3,K2111,51027,0.0,0,"Perte de confiance importante. Risque d'exclusion, barrière de la langue.",2,2,0.20695189476043913,0.17820372332567966,0.6148443819138811
PROD_02717,2026-03-23 12:52:37.912637546,55.4,Bac+2,5.3,G1302,50579,1.0,0,"Perte de confiance importante. Risque d'exclusion, barrière de la langue.",0,0,0.6626735431788779,0.20227042678050702,0.13505603004061503
PROD_02718,2026-03-23 13:35:50.756918974,21.4,Bac+5,1.5,D1503,56107,0.0,0,"Perte de confiance importante. Risque d'exclusion, barrière de la langue.",0,0,0.6632320438856956,0.18478187735028098,0.15198607876402345
PROD_02719,2026-03-23 14:19:03.601200401,22.4,Sans diplôme,5.0,M1705,42328,0.0,0,Cumul de difficultés. Pas de moyen de transport et garde d'enfants complexe.,1,1,0.16755971279091417,0.5950581116625893,0.23738217554649654
PROD_02720,2026-03-23 15:02:16.445481828,52.4,Bac,0.2,M1602,64060,1.0,0,"Perte de confiance importante. Risque d'exclusion, barrière de la langue.",2,2,0.13064977321396376,0.17367586005233593,0.6956743667337003
PROD_02721,2026-03-23 15:45:29.289763255,22.4,Bac+2,0.9,M1705,63434,1.0,1,Cumul de difficultés. Pas de moyen de transport et garde d'enfants complexe.,1,1,0.19451468191155818,0.6714551286991576,0.13403018938928424
PROD_02722,2026-03-23 16:28:42.134044682,43.4,Bac,0.8,K1903,62542,1.0,0,Compétences à réactualiser sur les outils numériques. Motivation correcte.,1,1,0.21799764018161505,0.6373988844717012,0.14460347534668372
PROD_02723,2026-03-23 17:11:54.978326109,42.4,Bac,0.9,C1302,24024,1.0,1,"Profil autonome, recherche active, aucun frein périphérique identifié.",0,0,0.6658768838868125,0.13099334713114152,0.20312976898204593
PROD_02724,2026-03-23 17:55:07.822607536,26.4,Bac,0.3,H1504,34261,1.0,0,Projet de reconversion à affiner. Besoin d'une formation complémentaire.,1,1,0.18018064743520645,0.5961412973412618,0.2236780552235318
PROD_02725,2026-03-23 18:38:20.666888964,42.4,Bac+5,1.9,M1203,72019,1.0,0,"Excellente présentation, compétences techniques à jour. Reprise rapide visée.",0,0,0.6780281082732861,0.19084505678947025,0.13112683493724367
PROD_02726,2026-03-23 19:21:33.511170391,53.4,Bac+5,3.1,H1206,88459,1.0,1,Problème ponctuel de mobilité géographique. Zone mal desservie.,1,1,0.21454614516049264,0.6118571140785389,0.17359674076096843
PROD_02727,2026-03-23 20:04:46.355451818,26.4,Bac+5,4.8,J1506,61362,1.0,0,"Perte de confiance importante. Risque d'exclusion, barrière de la langue.",0,0,0.6439405196964743,0.20254264646128994,0.1535168338422358
PROD_02728,2026-03-23 20:47:59.199733245,44.4,Bac,1.2,A1202,31343,1.0,0,Compétences à réactualiser sur les outils numériques. Motivation correcte.,1,1,0.13585452119351832,0.6799009228646026,0.18424455594187916
PROD_02729,2026-03-23 21:31:12.044014672,45.4,Sans diplôme,8.8,A1203,86086,1.0,0,"Profil autonome, recherche active, aucun frein périphérique identifié.",0,0,0.6611163718163677,0.1965683945867811,0.14231523359685117
PROD_02730,2026-03-23 22:14:24.888296099,32.4,Sans diplôme,0.3,M1801,78305,1.0,0,Projet de reconversion à affiner. Besoin d'une formation complémentaire.,1,1,0.17392136061574542,0.6517448491022284,0.1743337902820261
PROD_02731,2026-03-23 22:57:37.732577526,24.4,Bac+2,2.6,M1806,21395,1.0,0,Problème ponctuel de mobilité géographique. Zone mal desservie.,1,1,0.19586966362068747,0.6163651891395497,0.1877651472397628
PROD_02732,2026-03-23 23:40:50.576858954,63.4,Bac,7.0,K2111,85254,1.0,0,Problème ponctuel de mobilité géographique. Zone mal desservie.,1,1,0.21028261517220692,0.600687837803399,0.18902954702439412
PROD_02733,2026-03-24 00:24:03.421140381,57.4,Sans diplôme,0.9,G1602,26311,1.0,0,Freins périphériques majeurs. Situation d'illettrisme numérique constatée.,2,2,0.15065426419113334,0.21931158531068,0.6300341504981866
PROD_02734,2026-03-24 01:07:16.265421808,49.4,Bac+2,2.6,M1203,27533,1.0,0,Cumul de difficultés. Pas de moyen de transport et garde d'enfants complexe.,0,0,0.6350622549790406,0.21761127495101168,0.14732647006994776
PROD_02735,2026-03-24 01:50:29.109703235,60.4,Bac+2,0.7,D1503,02655,0.0,0,Compétences à réactualiser sur les outils numériques. Motivation correcte.,2,2,0.19228102435981592,0.1562237525917948,0.6514952230483894
PROD_02736,2026-03-24 02:33:41.953984662,48.4,Bac,0.6,M1705,88270,0.0,0,"Perte de confiance importante. Risque d'exclusion, barrière de la langue.",0,0,0.6196417199429924,0.1850835129404919,0.19527476711651565
PROD_02737,2026-03-24 03:16:54.798266089,28.4,Sans diplôme,7.0,K1304,72128,1.0,0,Freins périphériques majeurs. Situation d'illettrisme numérique constatée.,1,1,0.16691438055359054,0.6900414320258781,0.14304418742053138
PROD_02738,2026-03-24 04:00:07.642547516,52.4,Bac+2,4.1,M1801,58208,1.0,0,Projet de reconversion à affiner. Besoin d'une formation complémentaire.,0,0,0.6631706772703224,0.20594579059781015,0.13088353213186743
PROD_02739,2026-03-24 04:43:20.486828944,42.4,Bac+2,4.1,M1805,38483,1.0,0,Problème ponctuel de mobilité géographique. Zone mal desservie.,1,1,0.2533290879451011,0.5973950822281646,0.14927582982673426
PROD_02740,2026-03-24 05:26:33.331110371,55.4,Sans diplôme,0.8,K2111,57364,1.0,0,Cumul de difficultés. Pas de moyen de transport et garde d'enfants complexe.,2,2,0.18477895375382794,0.12847124300443805,0.6867498032417341
PROD_02741,2026-03-24 06:09:46.175391798,51.4,Bac+2,0.8,C1201,27190,0.0,0,"Excellente présentation, compétences techniques à jour. Reprise rapide visée.",0,0,0.6239142901615686,0.18635228701260187,0.1897334228258295
PROD_02742,2026-03-24 06:52:59.019673225,48.4,Bac+2,1.6,N1301,63139,1.0,0,Freins périphériques majeurs. Situation d'illettrisme numérique constatée.,0,0,0.62418098841972,0.20554785818617421,0.17027115339410576
PROD_02743,2026-03-24 07:36:11.863954652,36.4,Bac+5,0.6,K1403,65433,1.0,0,Information non renseignee,0,0,0.7157764961556584,0.1404960732287926,0.143727430615549
PROD_02744,2026-03-24 08:19:24.708236079,51.4,Bac+5,0.7,M1805,57445,1.0,0,Problème ponctuel de mobilité géographique. Zone mal desservie.,1,1,0.17635208842075326,0.6282726277915253,0.1953752837877215
PROD_02745,2026-03-24 09:02:37.552517506,37.4,Sans diplôme,0.6,G1601,19114,1.0,0,Projet de reconversion à affiner. Besoin d'une formation complémentaire.,1,1,0.13958397521090746,0.6780982909088759,0.18231773388021666
PROD_02746,2026-03-24 09:45:50.396798934,46.4,Bac,5.5,K1601,31498,1.0,0,Problème ponctuel de mobilité géographique. Zone mal desservie.,1,1,0.19827242856034097,0.6518007684511925,0.1499268029884665
PROD_02747,2026-03-24 10:29:03.241080361,41.4,Bac+2,1.2,A1501,89318,0.0,0,Compétences à réactualiser sur les outils numériques. Motivation correcte.,1,1,0.1462109776767074,0.6048260362629634,0.24896298606032918
PROD_02748,2026-03-24 11:12:16.085361788,58.4,Bac,3.4,D1406,86098,0.0,0,"Perte de confiance importante. Risque d'exclusion, barrière de la langue.",2,2,0.16034704494565813,0.1620384242721297,0.6776145307822122
PROD_02749,2026-03-24 11:55:28.929643215,31.4,Bac,3.3,N4101,47174,1.0,0,Problème ponctuel de mobilité géographique. Zone mal desservie.,1,1,0.19626871604135737,0.6094414213563629,0.19428986260227965
PROD_02750,2026-03-24 12:38:41.773924642,43.4,Sans diplôme,2.7,K1201,64067,1.0,0,"Profil autonome, recherche active, aucun frein périphérique identifié.",0,0,0.6675167975687943,0.16622838890189578,0.16625481352930987
PROD_02751,2026-03-24 13:21:54.618206069,20.4,Bac,3.6,M1501,21588,0.0,0,"Profil autonome, recherche active, aucun frein périphérique identifié.",0,0,0.6411028356906284,0.12780605937137118,0.2310911049380004
PROD_02752,2026-03-24 14:05:07.462487496,57.4,Bac+2,6.9,K1201,45207,0.0,0,Projet de reconversion à affiner. Besoin d'une formation complémentaire.,1,1,0.19937698792483904,0.6051489097634917,0.19547410231166928
PROD_02753,2026-03-24 14:48:20.306768924,57.4,Sans diplôme,3.1,D1210,51625,1.0,0,"Perte de confiance importante. Risque d'exclusion, barrière de la langue.",2,2,0.1400638920889061,0.250692756272486,0.6092433516386079
PROD_02754,2026-03-24 15:31:33.151050351,35.4,Bac,2.5,J1506,34174,0.0,0,Compétences à réactualiser sur les outils numériques. Motivation correcte.,0,0,0.6952108609501217,0.17328851843906798,0.13150062061081028
PROD_02755,2026-03-24 16:14:45.995331778,29.4,Bac+2,8.2,N1301,17483,1.0,0,"Perte de confiance importante. Risque d'exclusion, barrière de la langue.",2,2,0.14724618241441884,0.16097614502082636,0.6917776725647548
PROD_02756,2026-03-24 16:57:58.839613205,42.4,Bac+2,0.1,H2502,15229,0.0,0,Problème ponctuel de mobilité géographique. Zone mal desservie.,1,1,0.15404599119022286,0.6350760061629844,0.21087800264679268
PROD_02757,2026-03-24 17:41:11.683894632,31.4,Sans diplôme,1.6,M1805,23144,1.0,0,Projet de reconversion à affiner. Besoin d'une formation complémentaire.,1,1,0.13064801717337468,0.70587749823718,0.16347448458944525
PROD_02758,2026-03-24 18:24:24.528176059,62.4,Bac,6.4,H1206,39184,1.0,0,Projet de reconversion à affiner. Besoin d'une formation complémentaire.,1,1,0.13147987500174604,0.606811014771953,0.26170911022630095
PROD_02759,2026-03-24 19:07:37.372457486,33.4,Bac+5,0.9,K1403,09187,1.0,1,Projet de reconversion à affiner. Besoin d'une formation complémentaire.,1,1,0.15632323272880908,0.689861910835861,0.15381485643532988
PROD_02760,2026-03-24 19:50:50.216738914,59.4,Bac,4.3,G1602,64057,1.0,1,Cumul de difficultés. Pas de moyen de transport et garde d'enfants complexe.,2,2,0.19214043048807744,0.16333078079991042,0.6445287887120121
PROD_02761,2026-03-24 20:34:03.061020341,22.4,Bac+5,2.4,M1805,01054,0.0,0,Cumul de difficultés. Pas de moyen de transport et garde d'enfants complexe.,0,0,0.6508636089555013,0.20972813168278312,0.13940825936171555
PROD_02762,2026-03-24 21:17:15.905301768,40.4,Bac+2,0.7,N1301,23219,1.0,0,"Excellente présentation, compétences techniques à jour. Reprise rapide visée.",0,0,0.5963475108161296,0.1791617857936397,0.22449070339023072
PROD_02763,2026-03-24 22:00:28.749583195,19.4,Bac,6.5,G1302,34248,1.0,0,Problème ponctuel de mobilité géographique. Zone mal desservie.,1,1,0.17742818496712157,0.6194804159468277,0.20309139908605078
PROD_02764,2026-03-24 22:43:41.593864622,26.4,Bac,12.5,K1201,21363,0.0,0,Problème ponctuel de mobilité géographique. Zone mal desservie.,1,1,0.2234845935102981,0.607863845065302,0.16865156142439997
PROD_02765,2026-03-24 23:26:54.438146049,42.4,Bac+2,1.7,I1304,71441,1.0,0,"Candidat très dynamique, mobilité nationale validée. Projet clair.",0,0,0.6337321693633314,0.17821554050672278,0.1880522901299458
PROD_02766,2026-03-25 00:10:07.282427476,49.4,Bac,2.3,D1406,88383,0.0,0,"Profil autonome, recherche active, aucun frein périphérique identifié.",0,0,0.6156780637129772,0.1929956694193452,0.19132626686767762
PROD_02767,2026-03-25 00:53:20.126708904,55.4,Bac,0.7,H1206,02339,1.0,0,Compétences à réactualiser sur les outils numériques. Motivation correcte.,1,1,0.14505824991080762,0.5975328021344448,0.25740894795474756
PROD_02768,2026-03-25 01:36:32.970990331,32.4,Bac+2,0.2,M1806,77031,1.0,0,"Excellente présentation, compétences techniques à jour. Reprise rapide visée.",0,0,0.6744467802254261,0.15641706552407833,0.16913615425049552
PROD_02769,2026-03-25 02:19:45.815271758,53.4,Bac+5,0.8,N4101,40212,1.0,0,Compétences à réactualiser sur les outils numériques. Motivation correcte.,1,1,0.18359914551241927,0.5986812826617225,0.21771957182585822
PROD_02770,2026-03-25 03:02:58.659553185,42.4,Bac,2.1,A1301,73095,1.0,0,Projet de reconversion à affiner. Besoin d'une formation complémentaire.,1,1,0.20055773496908247,0.6188033746551149,0.1806388903758026
PROD_02771,2026-03-25 03:46:11.503834612,26.4,Bac+5,4.8,J1506,61362,1.0,0,"Perte de confiance importante. Risque d'exclusion, barrière de la langue.",0,0,0.6723658875819705,0.1630993007744072,0.16453481164362233
PROD_02772,2026-03-25 04:29:24.348116039,41.4,Bac,0.0,C1201,27367,1.0,0,Freins périphériques majeurs. Situation d'illettrisme numérique constatée.,0,0,0.6721337368671332,0.16708128693456736,0.16078497619829946
PROD_02773,2026-03-25 05:12:37.192397466,32.4,Bac+5,10.7,M1806,50461,1.0,0,"Excellente présentation, compétences techniques à jour. Reprise rapide visée.",0,0,0.5958835072248232,0.26897469269072494,0.13514180008445187
PROD_02774,2026-03-25 05:55:50.036678894,35.4,Bac+2,0.2,N1301,64001,0.0,0,Problème ponctuel de mobilité géographique. Zone mal desservie.,0,0,0.6200796343412457,0.22525393108684671,0.1546664345719076
PROD_02775,2026-03-25 06:39:02.880960321,52.4,Bac+2,5.4,D1401,88482,1.0,1,Freins périphériques majeurs. Situation d'illettrisme numérique constatée.,2,2,0.1286519919069124,0.2687888682713109,0.6025591398217767
PROD_02776,2026-03-25 07:22:15.725241748,24.4,Bac,2.6,M1806,21395,1.0,0,Problème ponctuel de mobilité géographique. Zone mal desservie.,1,1,0.2144452096490444,0.6131768576202564,0.17237793273069923
PROD_02777,2026-03-25 08:05:28.569523175,57.4,Bac,4.5,N4101,10103,1.0,0,Compétences à réactualiser sur les outils numériques. Motivation correcte.,1,1,0.17516872770240355,0.6755300216564095,0.14930125064118693
PROD_02778,2026-03-25 08:48:41.413804602,62.4,Sans diplôme,0.2,M1805,58029,0.0,0,Problème ponctuel de mobilité géographique. Zone mal desservie.,0,0,0.6341695943877061,0.1964927764682411,0.16933762914405276
PROD_02779,2026-03-25 09:31:54.258086029,30.4,Bac+2,0.2,K2106,66123,0.0,0,Compétences à réactualiser sur les outils numériques. Motivation correcte.,2,2,0.13319841771209967,0.1922929870234919,0.6745085952644083
PROD_02780,2026-03-25 10:15:07.102367456,33.4,Bac+2,2.0,D1502,50504,1.0,1,Problème ponctuel de mobilité géographique. Zone mal desservie.,0,0,0.7083169885847881,0.13826640387079966,0.15341660754441225
PROD_02781,2026-03-25 10:58:19.946648884,38.4,Bac+2,0.2,C1302,72047,1.0,0,Freins périphériques majeurs. Situation d'illettrisme numérique constatée.,0,0,0.6423442883149287,0.22799405397882466,0.1296616577062466
PROD_02782,2026-03-25 11:41:32.790930311,42.4,Bac+5,0.2,K2101,56027,1.0,0,"Candidat très dynamique, mobilité nationale validée. Projet clair.",0,0,0.6627028069613519,0.1388877214325411,0.19840947160610703
PROD_02783,2026-03-25 12:24:45.635211738,43.4,Bac+2,2.9,A1301,10406,1.0,0,Compétences à réactualiser sur les outils numériques. Motivation correcte.,1,1,0.15037281992840065,0.7183978138391802,0.1312293662324191
PROD_02784,2026-03-25 13:07:58.479493165,59.4,Sans diplôme,5.0,H1206,02044,1.0,0,Compétences à réactualiser sur les outils numériques. Motivation correcte.,2,2,0.16313160235971905,0.20237482925712916,0.6344935683831519
PROD_02785,2026-03-25 13:51:11.323774592,54.4,Bac,2.0,D1210,69047,0.0,0,Projet de reconversion à affiner. Besoin d'une formation complémentaire.,1,1,0.16652833185706473,0.6068942493366443,0.226577418806291
PROD_02786,2026-03-25 14:34:24.168056019,19.4,Bac,1.7,M1805,51584,1.0,0,"Perte de confiance importante. Risque d'exclusion, barrière de la langue.",0,0,0.6851792794144483,0.1310053256184642,0.18381539496708746
PROD_02787,2026-03-25 15:17:37.012337446,63.4,Sans diplôme,0.2,D1401,02411,0.0,0,Cumul de difficultés. Pas de moyen de transport et garde d'enfants complexe.,2,2,0.16974167178282357,0.1613673359870797,0.6688909922300967
PROD_02788,2026-03-25 16:00:49.856618874,42.4,Bac,1.4,M1607,89277,1.0,1,"Excellente présentation, compétences techniques à jour. Reprise rapide visée.",1,1,0.2321272389721931,0.6350223386061562,0.13285042242165068
PROD_02789,2026-03-25 16:44:02.700900301,41.4,Bac,0.7,N1303,50106,1.0,0,"Profil autonome, recherche active, aucun frein périphérique identifié.",0,0,0.6001612669249062,0.20778936041354873,0.19204937266154504
PROD_02790,2026-03-25 17:27:15.545181728,36.4,Bac+2,1.7,W1401,06158,1.0,0,"Profil autonome, recherche active, aucun frein périphérique identifié.",0,0,0.6417561324832548,0.16305609541337715,0.19518777210336805
PROD_02791,2026-03-25 18:10:28.389463155,52.4,Bac+2,3.1,N1301,57705,0.0,0,"Candidat très dynamique, mobilité nationale validée. Projet clair.",0,0,0.6211749008475612,0.20760847572659574,0.17121662342584304
PROD_02792,2026-03-25 18:53:41.233744582,40.4,Bac+2,1.4,M1607,67167,0.0,1,Compétences à réactualiser sur les outils numériques. Motivation correcte.,1,1,0.1700838604102124,0.676169330857781,0.15374680873200663
PROD_02793,2026-03-25 19:36:54.078026009,64.4,Bac+2,0.2,K1201,27601,0.0,0,Problème ponctuel de mobilité géographique. Zone mal desservie.,1,1,0.2404170721252402,0.6041381029828131,0.15544482489194666
PROD_02794,2026-03-25 20:20:06.922307436,51.4,Sans diplôme,8.7,I1304,18043,1.0,1,Problème ponctuel de mobilité géographique. Zone mal desservie.,2,2,0.19365916812997236,0.1370310060388209,0.6693098258312067
PROD_02795,2026-03-25 21:03:19.766588864,26.4,Bac+2,6.1,C1201,33510,1.0,1,"Excellente présentation, compétences techniques à jour. Reprise rapide visée.",1,1,0.23049490677535633,0.6411190851361233,0.1283860080885204
PROD_02796,2026-03-25 21:46:32.610870291,29.4,Bac+2,8.1,N1301,17483,0.0,0,"Perte de confiance importante. Risque d'exclusion, barrière de la langue.",2,2,0.15013332057339526,0.23124917683360952,0.6186175025929952
PROD_02797,2026-03-25 22:29:45.455151718,34.4,Bac+5,3.3,M1801,43160,1.0,0,Problème ponctuel de mobilité géographique. Zone mal desservie.,1,1,0.1498767164646053,0.6152164792706096,0.23490680426478505
PROD_02798,2026-03-25 23:12:58.299433145,54.4,Bac,2.2,A1401,28394,1.0,0,"Perte de confiance importante. Risque d'exclusion, barrière de la langue.",0,0,0.6367906689240904,0.15336487155128703,0.20984445952462255
PROD_02799,2026-03-25 23:56:11.143714572,27.4,Bac,1.5,H2502,37176,0.0,0,Information non renseignee,0,0,0.697341587660688,0.13920503910498022,0.1634533732343318
PROD_02800,2026-03-26 00:39:23.987995999,61.4,Sans diplôme,2.4,N1303,67203,1.0,0,"Excellente présentation, compétences techniques à jour. Reprise rapide visée.",2,2,0.13146636327909572,0.22449842912487994,0.6440352075960243
PROD_02801,2026-03-26 01:22:36.832277426,22.4,Bac+5,2.6,A1203,66090,1.0,0,"Perte de confiance importante. Risque d'exclusion, barrière de la langue.",2,2,0.18945614668492966,0.20185577002674904,0.6086880832883214
PROD_02802,2026-03-26 02:05:49.676558854,22.4,Bac,4.1,G1801,53025,1.0,0,Compétences à réactualiser sur les outils numériques. Motivation correcte.,1,1,0.14868207848143072,0.6735412039574968,0.1777767175610725
PROD_02803,2026-03-26 02:49:02.520840281,40.4,Bac,3.2,G1203,09193,1.0,0,Projet de reconversion à affiner. Besoin d'une formation complémentaire.,1,1,0.25912727024196336,0.6097462506895428,0.13112647906849384
PROD_02804,2026-03-26 03:32:15.365121708,19.4,Bac+2,3.1,K1304,21058,1.0,0,Cumul de difficultés. Pas de moyen de transport et garde d'enfants complexe.,1,1,0.14263161734049012,0.612537347441729,0.24483103521778082
PROD_02805,2026-03-26 04:15:28.209403135,43.4,Bac+2,0.4,N1303,16315,0.0,0,Projet de reconversion à affiner. Besoin d'une formation complémentaire.,1,1,0.22884664305023358,0.6178804882571591,0.15327286869260726
PROD_02806,2026-03-26 04:58:41.053684562,39.4,Bac,1.6,K1403,64190,1.0,1,"Perte de confiance importante. Risque d'exclusion, barrière de la langue.",0,0,0.596565722494193,0.18797837992264782,0.21545589758315914
PROD_02807,2026-03-26 05:41:53.897965989,48.4,Bac+5,7.4,M1802,16303,0.0,0,"Profil autonome, recherche active, aucun frein périphérique identifié.",0,0,0.6811210939144636,0.17587256662575917,0.1430063394597772
PROD_02808,2026-03-26 06:25:06.742247416,30.4,Sans diplôme,0.4,D1401,62601,0.0,0,"Candidat très dynamique, mobilité nationale validée. Projet clair.",1,1,0.2291128972819264,0.6209294313970675,0.14995767132100613
PROD_02809,2026-03-26 07:08:19.586528844,50.4,Bac,0.2,N4301,02198,0.0,0,Problème ponctuel de mobilité géographique. Zone mal desservie.,2,2,0.17258566380137186,0.18823907505986467,0.6391752611387634
PROD_02810,2026-03-26 07:51:32.430810271,50.4,Bac,0.4,N4101,67083,1.0,1,"Excellente présentation, compétences techniques à jour. Reprise rapide visée.",1,1,0.15215699833490517,0.6916513630032285,0.15619163866186636
PROD_02811,2026-03-26 08:34:45.275091698,31.4,Bac,3.8,K2101,77216,1.0,0,"Profil autonome, recherche active, aucun frein périphérique identifié.",0,0,0.6865977114464914,0.13924393962484638,0.17415834892866222
PROD_02812,2026-03-26 09:17:58.119373125,21.4,Bac,0.1,D1502,27248,1.0,0,Compétences à réactualiser sur les outils numériques. Motivation correcte.,1,1,0.12751339319372232,0.6808779463335162,0.19160866047276148
PROD_02813,2026-03-26 10:01:10.963654552,54.4,Bac+5,0.4,C1201,95422,1.0,0,Compétences à réactualiser sur les outils numériques. Motivation correcte.,1,1,0.24005303705979633,0.59529486330973,0.16465209963047367
PROD_02814,2026-03-26 10:44:23.807935979,42.4,Bac+2,0.1,H1206,81273,1.0,0,Compétences à réactualiser sur les outils numériques. Motivation correcte.,1,1,0.19289519804906555,0.6285562198868854,0.1785485820640491
PROD_02815,2026-03-26 11:27:36.652217406,44.4,Bac,2.3,M1801,16284,0.0,0,"Excellente présentation, compétences techniques à jour. Reprise rapide visée.",0,0,0.6270409977019034,0.21167293106697244,0.1612860712311242
PROD_02816,2026-03-26 12:10:49.496498834,54.4,Bac+2,0.8,G1801,94052,0.0,0,Projet de reconversion à affiner. Besoin d'une formation complémentaire.,1,1,0.13672094690120892,0.6017519403616394,0.2615271127371517
PROD_02817,2026-03-26 12:54:02.340780261,60.4,Bac+2,1.4,D1406,70280,0.0,0,Projet de reconversion à affiner. Besoin d'une formation complémentaire.,1,1,0.14786905821852714,0.6369442090805612,0.2151867327009117
PROD_02818,2026-03-26 13:37:15.185061688,48.4,Bac,0.8,G1801,76221,0.0,0,"Candidat très dynamique, mobilité nationale validée. Projet clair.",0,0,0.6255273849096812,0.14368072355193764,0.23079189153838117
PROD_02819,2026-03-26 14:20:28.029343115,54.4,Bac,2.2,A1401,28394,1.0,0,"Perte de confiance importante. Risque d'exclusion, barrière de la langue.",0,0,0.6388071984022584,0.19703161939595787,0.16416118220178372
PROD_02820,2026-03-26 15:03:40.873624542,53.4,Bac,3.5,H1206,71015,1.0,0,Problème ponctuel de mobilité géographique. Zone mal desservie.,1,1,0.19338883605615553,0.6182290429267518,0.18838212101709262
PROD_02821,2026-03-26 15:46:53.717905969,52.4,Bac,1.2,C1501,04140,1.0,0,Problème ponctuel de mobilité géographique. Zone mal desservie.,1,1,0.18091437375944408,0.616943804881653,0.2021418213589029
PROD_02822,2026-03-26 16:30:06.562187396,39.4,Bac+2,6.3,K1304,33532,1.0,0,Compétences à réactualiser sur les outils numériques. Motivation correcte.,1,1,0.13525546753342094,0.6953203509766641,0.1694241814899149
PROD_02823,2026-03-26 17:13:19.406468823,38.4,Bac+2,1.2,C1102,33162,0.0,0,Projet de reconversion à affiner. Besoin d'une formation complémentaire.,0,0,0.5965213222822723,0.2618909471554188,0.14158773056230894
PROD_02824,2026-03-26 17:56:32.250750251,21.4,Sans diplôme,4.4,M1801,11168,1.0,1,"Profil autonome, recherche active, aucun frein périphérique identifié.",2,2,0.13733479453894312,0.13399971217322673,0.7286654932878301
PROD_02825,2026-03-26 18:39:45.095031678,50.4,Bac+5,2.3,G1601,39559,0.0,1,Projet de reconversion à affiner. Besoin d'une formation complémentaire.,1,1,0.21676027724295233,0.6239484339847403,0.15929128877230736
PROD_02826,2026-03-26 19:22:57.939313105,24.4,Bac+2,6.7,H1206,31273,0.0,0,"Candidat très dynamique, mobilité nationale validée. Projet clair.",0,0,0.7216275084566006,0.1471435533710649,0.13122893817233447
PROD_02827,2026-03-26 20:06:10.783594532,39.4,Bac+5,0.4,J1301,64063,1.0,1,Compétences à réactualiser sur les outils numériques. Motivation correcte.,1,1,0.14299722709458354,0.701582514137691,0.15542025876772547
PROD_02828,2026-03-26 20:49:23.627875959,43.4,Sans diplôme,0.9,N1101,28371,1.0,0,Problème ponctuel de mobilité géographique. Zone mal desservie.,1,1,0.17857869003964488,0.6928578663238713,0.12856344363648387
PROD_02829,2026-03-26 21:32:36.472157386,39.4,Bac+2,6.3,K1304,33532,1.0,0,Compétences à réactualiser sur les outils numériques. Motivation correcte.,1,1,0.18093564916866942,0.6806165048674157,0.1384478459639149
PROD_02830,2026-03-26 22:15:49.316438813,26.4,Bac+2,3.4,N4101,50413,0.0,0,Compétences à réactualiser sur les outils numériques. Motivation correcte.,1,1,0.19271899827086952,0.617493779642595,0.18978722208653553
PROD_02831,2026-03-26 22:59:02.160720241,33.4,Bac+2,3.0,M1607,81275,1.0,0,Compétences à réactualiser sur les outils numériques. Motivation correcte.,1,1,0.1345363077027149,0.6594955612347537,0.20596813106253142
PROD_02832,2026-03-26 23:42:15.005001668,49.4,Bac+2,4.7,C1201,32375,1.0,0,"Candidat très dynamique, mobilité nationale validée. Projet clair.",0,0,0.6012104972045311,0.236697464544182,0.16209203825128687
PROD_02833,2026-03-27 00:25:27.849283095,61.4,Bac+2,4.8,M1203,14630,0.0,0,Projet de reconversion à affiner. Besoin d'une formation complémentaire.,1,1,0.13640887622871145,0.6088737302920298,0.2547173934792587
PROD_02834,2026-03-27 01:08:40.693564522,42.4,Bac+5,0.7,M1501,2A331,1.0,0,"Excellente présentation, compétences techniques à jour. Reprise rapide visée.",0,0,0.6746646791554018,0.13559151737023148,0.18974380347436667
PROD_02835,2026-03-27 01:51:53.537845949,38.4,Bac+2,5.6,C1302,80568,1.0,0,"Profil autonome, recherche active, aucun frein périphérique identifié.",0,0,0.6824416254008523,0.1691678528461706,0.1483905217529771
PROD_02836,2026-03-27 02:35:06.382127376,19.4,Bac+2,1.6,M1805,64459,0.0,0,Freins périphériques majeurs. Situation d'illettrisme numérique constatée.,2,2,0.17998387187421183,0.2106059770601457,0.6094101510656424
PROD_02837,2026-03-27 03:18:19.226408803,20.4,Bac+2,0.4,K2111,14741,1.0,1,Problème ponctuel de mobilité géographique. Zone mal desservie.,1,1,0.17509057747585427,0.6096889026320136,0.2152205198921322
PROD_02838,2026-03-27 04:01:32.070690231,41.4,Bac+5,5.8,M1801,28271,0.0,0,"Candidat très dynamique, mobilité nationale validée. Projet clair.",0,0,0.6681813893754293,0.13852181337060085,0.1932967972539699
PROD_02839,2026-03-27 04:44:44.914971658,33.4,Bac+5,0.8,M1802,50092,0.0,0,"Perte de confiance importante. Risque d'exclusion, barrière de la langue.",0,0,0.6341137070907084,0.16044483637430115,0.2054414565349905
PROD_02840,2026-03-27 05:27:57.759253085,24.4,Bac+2,0.3,D1502,47296,0.0,0,"Profil autonome, recherche active, aucun frein périphérique identifié.",0,0,0.607224899174769,0.24967764584410693,0.1430974549811241
PROD_02841,2026-03-27 06:11:10.603534512,43.4,Bac+2,4.5,C1110,76359,0.0,0,Freins périphériques majeurs. Situation d'illettrisme numérique constatée.,1,1,0.20241808289333474,0.5997729775593323,0.19780893954733292
PROD_02842,2026-03-27 06:54:23.447815939,20.4,Bac+2,0.4,M1501,27366,1.0,0,"Perte de confiance importante. Risque d'exclusion, barrière de la langue.",1,1,0.14777315033869123,0.6029490076727004,0.24927784198860836
PROD_02843,2026-03-27 07:37:36.292097366,50.4,Bac+2,0.6,N1303,56061,1.0,0,"Profil autonome, recherche active, aucun frein périphérique identifié.",0,0,0.6293198104305937,0.1559270945676097,0.2147530950017966
PROD_02844,2026-03-27 08:20:49.136378793,28.4,Bac+5,5.5,M1705,27097,1.0,0,"Excellente présentation, compétences techniques à jour. Reprise rapide visée.",0,0,0.6321804575133331,0.16184386204697615,0.20597568043969078
PROD_02845,2026-03-27 09:04:01.980660221,28.4,Bac+5,5.5,M1705,27097,1.0,0,"Excellente présentation, compétences techniques à jour. Reprise rapide visée.",0,0,0.6628864433582492,0.1597130019487159,0.1774005546930349
PROD_02846,2026-03-27 09:47:14.824941648,40.4,Bac+5,0.2,D1401,88010,1.0,0,"Candidat très dynamique, mobilité nationale validée. Projet clair.",0,0,0.609631355370361,0.2138766589765437,0.17649198565309535
PROD_02847,2026-03-27 10:30:27.669223075,51.4,Bac,3.9,I1304,10288,1.0,0,"Candidat très dynamique, mobilité nationale validée. Projet clair.",0,0,0.6092845627229169,0.16859664823623283,0.2221187890408503
PROD_02848,2026-03-27 11:13:40.513504502,43.4,Sans diplôme,3.8,J1506,88254,1.0,0,Problème ponctuel de mobilité géographique. Zone mal desservie.,0,0,0.681875813687647,0.1531395573417697,0.16498462897058325
PROD_02849,2026-03-27 11:56:53.357785929,55.4,Bac,0.6,N4101,07031,0.0,0,Compétences à réactualiser sur les outils numériques. Motivation correcte.,1,1,0.21560109711069683,0.6123164170696206,0.17208248581968255
PROD_02850,2026-03-27 12:40:06.202067356,30.4,Bac,0.4,N1303,62795,1.0,0,Problème ponctuel de mobilité géographique. Zone mal desservie.,0,0,0.662871288640553,0.1406327765805229,0.1964959347789241
PROD_02851,2026-03-27 13:23:19.046348783,55.4,Bac+2,2.4,W1401,79090,1.0,0,"Profil autonome, recherche active, aucun frein périphérique identifié.",2,2,0.14652524626201852,0.1649919428363882,0.6884828109015932
PROD_02852,2026-03-27 14:06:31.890630211,47.4,Bac+5,1.0,A1501,70061,1.0,0,"Profil autonome, recherche active, aucun frein périphérique identifié.",0,0,0.6911575058917616,0.1763324610775638,0.13251003303067457
PROD_02853,2026-03-27 14:49:44.734911638,29.4,Bac+2,0.6,G1302,61225,1.0,0,Projet de reconversion à affiner. Besoin d'une formation complémentaire.,1,1,0.18968794697967026,0.6785930950570213,0.13171895796330846
PROD_02854,2026-03-27 15:32:57.579193065,28.4,Bac,1.8,M1501,69256,0.0,0,Projet de reconversion à affiner. Besoin d'une formation complémentaire.,1,1,0.23105287108217754,0.6298532781493302,0.13909385076849223
PROD_02855,2026-03-27 16:16:10.423474492,59.4,Bac,4.9,N1303,11369,0.0,0,Problème ponctuel de mobilité géographique. Zone mal desservie.,1,1,0.12846505289763632,0.7419399739923428,0.12959497311002088
PROD_02856,2026-03-27 16:59:23.267755919,35.4,Bac+2,0.2,C1110,52384,1.0,1,Compétences à réactualiser sur les outils numériques. Motivation correcte.,1,1,0.1419946700694729,0.7277352375561793,0.13027009237434783
PROD_02857,2026-03-27 17:42:36.112037346,43.4,Bac+2,5.1,F1603,17100,0.0,0,Problème ponctuel de mobilité géographique. Zone mal desservie.,1,1,0.12970900957571035,0.6050778486662515,0.26521314175803823
PROD_02858,2026-03-27 18:25:48.956318773,50.4,Bac,5.0,K2101,29134,0.0,0,Projet de reconversion à affiner. Besoin d'une formation complémentaire.,0,0,0.6381878261291831,0.15552973469969025,0.20628243917112662
PROD_02859,2026-03-27 19:09:01.800600201,26.4,Bac,3.3,N4101,81126,1.0,0,"Perte de confiance importante. Risque d'exclusion, barrière de la langue.",2,2,0.14768691929662914,0.21320937656533284,0.6391037041380381
PROD_02860,2026-03-27 19:52:14.644881628,45.4,Bac,3.6,A1203,06037,0.0,0,"Profil autonome, recherche active, aucun frein périphérique identifié.",0,0,0.6101068975469169,0.17471942011622488,0.21517368233685819
PROD_02861,2026-03-27 20:35:27.489163055,34.4,Bac+2,0.2,M1802,63277,0.0,1,Problème ponctuel de mobilité géographique. Zone mal desservie.,1,1,0.21139586189317286,0.648260923545729,0.14034321456109822
PROD_02862,2026-03-27 21:18:40.333444482,37.4,Bac,3.8,A1203,65331,1.0,0,Freins périphériques majeurs. Situation d'illettrisme numérique constatée.,1,1,0.2068353531237615,0.6266664193615485,0.16649822751469
PROD_02863,2026-03-27 22:01:53.177725909,61.4,Bac,4.8,G1601,72105,1.0,0,Problème ponctuel de mobilité géographique. Zone mal desservie.,1,1,0.167719575676104,0.6531144878556027,0.17916593646829337
PROD_02864,2026-03-27 22:45:06.022007336,29.4,Bac,3.1,W1401,70026,0.0,1,Projet de reconversion à affiner. Besoin d'une formation complémentaire.,1,1,0.20212980597402663,0.6246136084659952,0.17325658555997814
PROD_02865,2026-03-27 23:28:18.866288763,33.4,Bac+2,0.2,A1301,11120,1.0,0,"Candidat très dynamique, mobilité nationale validée. Projet clair.",0,0,0.7016908313209653,0.13188512973576705,0.16642403894326763
PROD_02866,2026-03-28 00:11:31.710570191,47.4,Bac+2,2.7,M1607,59375,0.0,0,Cumul de difficultés. Pas de moyen de transport et garde d'enfants complexe.,0,0,0.6024165678161656,0.15915653595049303,0.23842689623334137
PROD_02867,2026-03-28 00:54:44.554851618,40.4,Bac,1.0,K2106,33003,0.0,0,Compétences à réactualiser sur les outils numériques. Motivation correcte.,0,0,0.6096812003792565,0.1827551360754035,0.20756366354533995
PROD_02868,2026-03-28 01:37:57.399133045,54.4,Bac,1.6,H1206,19122,0.0,0,Compétences à réactualiser sur les outils numériques. Motivation correcte.,1,1,0.1604987820648744,0.6746439295285442,0.16485728840658131
PROD_02869,2026-03-28 02:21:10.243414472,28.4,Bac+5,3.9,M1607,51051,0.0,0,"Profil autonome, recherche active, aucun frein périphérique identifié.",0,0,0.6256871140654318,0.20922250708877937,0.16509037884578887
PROD_02870,2026-03-28 03:04:23.087695899,19.4,Bac,1.7,M1805,51584,1.0,0,"Perte de confiance importante. Risque d'exclusion, barrière de la langue.",0,0,0.6774746931243367,0.17841390638935425,0.14411140048630902
PROD_02871,2026-03-28 03:47:35.931977326,38.4,Bac+2,1.2,C1102,33162,0.0,0,Projet de reconversion à affiner. Besoin d'une formation complémentaire.,0,0,0.6288849050470319,0.19940608043835495,0.17170901451461318
PROD_02872,2026-03-28 04:30:48.776258753,58.4,Bac+2,1.1,C1201,82084,1.0,1,Cumul de difficultés. Pas de moyen de transport et garde d'enfants complexe.,2,2,0.1328109586045656,0.1927230182743684,0.674466023121066
PROD_02873,2026-03-28 05:14:01.620540181,59.4,Sans diplôme,1.0,K1403,59032,1.0,0,"Perte de confiance importante. Risque d'exclusion, barrière de la langue.",2,2,0.13838697038149758,0.23562836813946367,0.6259846614790388
PROD_02874,2026-03-28 05:57:14.464821608,56.4,Sans diplôme,4.5,G1302,06153,0.0,0,Cumul de difficultés. Pas de moyen de transport et garde d'enfants complexe.,2,2,0.14341978379271,0.1594200121714102,0.6971602040358797
PROD_02875,2026-03-28 06:40:27.309103035,20.4,Bac+5,5.8,G1801,62322,1.0,0,"Excellente présentation, compétences techniques à jour. Reprise rapide visée.",0,0,0.6015278633437713,0.1588838510182282,0.23958828563800053
PROD_02876,2026-03-28 07:23:40.153384462,46.4,Bac,0.6,N1303,10190,1.0,0,"Profil autonome, recherche active, aucun frein périphérique identifié.",0,0,0.6786596202850699,0.17809234209444744,0.1432480376204827
PROD_02877,2026-03-28 08:06:52.997665889,24.4,Bac+5,0.6,W1401,21630,1.0,0,"Candidat très dynamique, mobilité nationale validée. Projet clair.",0,0,0.6545339680474022,0.16881853346189354,0.1766474984907043
PROD_02878,2026-03-28 08:50:05.841947316,48.4,Sans diplôme,0.5,M1203,62828,0.0,0,"Candidat très dynamique, mobilité nationale validée. Projet clair.",0,0,0.65800781106116,0.14181723849377212,0.20017495044506786
PROD_02879,2026-03-28 09:33:18.686228743,24.4,Bac+2,4.3,I1304,03097,0.0,0,"Profil autonome, recherche active, aucun frein périphérique identifié.",0,0,0.6564583740789882,0.20716679347668718,0.1363748324443246
PROD_02880,2026-03-28 10:16:31.530510171,53.4,Bac+2,2.8,K1903,41204,1.0,0,Cumul de difficultés. Pas de moyen de transport et garde d'enfants complexe.,0,0,0.6995299083016265,0.15618309642897651,0.14428699526939695
PROD_02881,2026-03-28 10:59:44.374791598,62.4,Sans diplôme,0.1,K1304,46140,0.0,0,"Candidat très dynamique, mobilité nationale validée. Projet clair.",2,2,0.13006661074616893,0.22956582218147237,0.6403675670723586
PROD_02882,2026-03-28 11:42:57.219073025,43.4,Bac+2,0.4,D1210,62459,0.0,0,Problème ponctuel de mobilité géographique. Zone mal desservie.,0,0,0.615920847994013,0.25157292126789005,0.13250623073809692
PROD_02883,2026-03-28 12:26:10.063354452,45.4,Bac+5,0.6,K1403,07007,1.0,0,"Candidat très dynamique, mobilité nationale validée. Projet clair.",0,0,0.6289499383006992,0.1690150480203393,0.20203501367896148
PROD_02884,2026-03-28 13:09:22.907635879,22.4,Bac+5,2.6,M1802,22314,0.0,1,"Perte de confiance importante. Risque d'exclusion, barrière de la langue.",1,1,0.1696139501682688,0.6650752688727101,0.1653107809590212
PROD_02885,2026-03-28 13:52:35.751917306,32.4,Bac,4.5,H1206,68316,0.0,0,"Profil autonome, recherche active, aucun frein périphérique identifié.",0,0,0.6541652701547771,0.15158294913072076,0.19425178071450214
PROD_02886,2026-03-28 14:35:48.596198733,23.4,Bac+2,5.9,N1303,67248,0.0,0,Problème ponctuel de mobilité géographique. Zone mal desservie.,0,0,0.6339479955659086,0.1900326633431808,0.17601934109091055
PROD_02887,2026-03-28 15:19:01.440480161,46.4,Bac+5,8.2,M1602,41271,1.0,0,Projet de reconversion à affiner. Besoin d'une formation complémentaire.,1,1,0.16283380448030635,0.6442283107709943,0.19293788474869933
PROD_02888,2026-03-28 16:02:14.284761588,44.4,Bac+5,5.4,M1801,40229,1.0,0,"Excellente présentation, compétences techniques à jour. Reprise rapide visée.",0,0,0.63118677750189,0.201719025408537,0.167094197089573
PROD_02889,2026-03-28 16:45:27.129043015,30.4,Bac,0.4,N1303,62795,0.0,0,Problème ponctuel de mobilité géographique. Zone mal desservie.,0,0,0.6582353689015672,0.14927492210986187,0.19248970898857093
PROD_02890,2026-03-28 17:28:39.973324442,44.4,Bac+5,5.4,M1801,40229,1.0,0,"Excellente présentation, compétences techniques à jour. Reprise rapide visée.",0,0,0.6946358029111221,0.16495059803324683,0.14041359905563103
PROD_02891,2026-03-28 18:11:52.817605869,41.4,Bac,3.8,N1301,15078,1.0,0,"Profil autonome, recherche active, aucun frein périphérique identifié.",0,0,0.6707029991270486,0.13518353063875227,0.19411347023419917
PROD_02892,2026-03-28 18:55:05.661887296,51.4,Bac,1.8,K1304,19005,0.0,0,"Candidat très dynamique, mobilité nationale validée. Projet clair.",0,0,0.6282268620491946,0.12923657180913928,0.24253656614166608
PROD_02893,2026-03-28 19:38:18.506168723,22.4,Bac,5.1,M1203,63260,0.0,0,"Profil autonome, recherche active, aucun frein périphérique identifié.",0,0,0.6397007272353733,0.17303805028744973,0.18726122247717697
PROD_02894,2026-03-28 20:21:31.350450151,54.4,Bac,0.0,D1503,53165,0.0,0,Cumul de difficultés. Pas de moyen de transport et garde d'enfants complexe.,2,2,0.17158522230708007,0.1608328022354516,0.6675819754574683
PROD_02895,2026-03-28 21:04:44.194731578,47.4,Bac+5,2.0,H1504,60276,1.0,0,"Excellente présentation, compétences techniques à jour. Reprise rapide visée.",0,0,0.6737322317592387,0.13564422492121092,0.1906235433195504
PROD_02896,2026-03-28 21:47:57.039013005,63.4,Bac,8.4,M1806,69200,0.0,0,Cumul de difficultés. Pas de moyen de transport et garde d'enfants complexe.,1,1,0.20726758474983153,0.650418272471837,0.14231414277833143
PROD_02897,2026-03-28 22:31:09.883294432,21.4,Bac+2,4.8,J1506,50317,0.0,0,"Profil autonome, recherche active, aucun frein périphérique identifié.",0,0,0.6909818258888739,0.1579447606818457,0.15107341342928038
PROD_02898,2026-03-28 23:14:22.727575859,24.4,Bac+2,5.5,M1801,29172,1.0,0,"Profil autonome, recherche active, aucun frein périphérique identifié.",0,0,0.6772217639100143,0.15006026865548708,0.1727179674344986
PROD_02899,2026-03-28 23:57:35.571857286,49.4,Bac+2,3.1,H1206,81164,1.0,0,Compétences à réactualiser sur les outils numériques. Motivation correcte.,1,1,0.1704768668360725,0.6327374465866462,0.19678568657728124
PROD_02900,2026-03-29 00:40:48.416138713,42.5,Bac+2,4.6,H1504,26145,1.0,0,"Candidat très dynamique, mobilité nationale validée. Projet clair.",0,0,0.664710299637791,0.17653024812939602,0.15875945223281293
PROD_02901,2026-03-29 01:24:01.260420141,53.5,Bac+5,0.3,G1601,11161,1.0,0,"Perte de confiance importante. Risque d'exclusion, barrière de la langue.",1,1,0.203384826713457,0.6596825985861616,0.13693257470038134
PROD_02902,2026-03-29 02:07:14.104701568,37.5,Bac+2,6.1,K1601,19044,0.0,0,Compétences à réactualiser sur les outils numériques. Motivation correcte.,1,1,0.19949262943533672,0.6541393858135696,0.1463679847510937
PROD_02903,2026-03-29 02:50:26.948982995,36.5,Bac,9.3,N1301,02257,0.0,0,Freins périphériques majeurs. Situation d'illettrisme numérique constatée.,1,1,0.16904631170641013,0.6732495503900916,0.15770413790349824
PROD_02904,2026-03-29 03:33:39.793264422,57.5,Sans diplôme,3.0,D1210,51625,1.0,0,"Perte de confiance importante. Risque d'exclusion, barrière de la langue.",2,2,0.2541043048772177,0.13574537037900875,0.6101503247437736
PROD_02905,2026-03-29 04:16:52.637545849,22.5,Bac,2.0,N4301,67183,1.0,0,"Excellente présentation, compétences techniques à jour. Reprise rapide visée.",1,1,0.18466480074904507,0.6507409385857117,0.1645942606652433
PROD_02906,2026-03-29 05:00:05.481827276,47.5,Bac+2,0.5,H1206,36075,1.0,0,Projet de reconversion à affiner. Besoin d'une formation complémentaire.,1,1,0.2220661452614468,0.62003357292506,0.15790028181349325
PROD_02907,2026-03-29 05:43:18.326108703,61.5,Bac,0.4,K1304,02616,1.0,0,Freins périphériques majeurs. Situation d'illettrisme numérique constatée.,2,2,0.21993068911193625,0.17131496543483565,0.608754345453228
PROD_02908,2026-03-29 06:26:31.170390131,48.5,Bac,0.8,G1801,76221,0.0,0,"Candidat très dynamique, mobilité nationale validée. Projet clair.",0,0,0.6299600151893862,0.22662710446407644,0.1434128803465374
PROD_02909,2026-03-29 07:09:44.014671558,36.5,Bac,1.8,G1602,12030,1.0,0,"Candidat très dynamique, mobilité nationale validée. Projet clair.",2,2,0.1830726891388767,0.2006378966355445,0.6162894142255788
PROD_02910,2026-03-29 07:52:56.858952985,38.5,Bac,2.3,A1501,26374,1.0,0,Projet de reconversion à affiner. Besoin d'une formation complémentaire.,1,1,0.1867929424123341,0.670887881974075,0.14231917561359086
PROD_02911,2026-03-29 08:36:09.703234412,51.5,Bac+2,3.0,C1201,51547,1.0,0,Information non renseignee,0,0,0.632253657891839,0.22786149757866386,0.13988484452949718
PROD_02912,2026-03-29 09:19:22.547515839,19.5,Bac+5,0.7,G1602,10409,1.0,1,Compétences à réactualiser sur les outils numériques. Motivation correcte.,1,1,0.21233014815253687,0.650943911655973,0.1367259401914902
PROD_02913,2026-03-29 10:02:35.391797266,37.5,Bac,0.0,W1401,85213,1.0,0,Freins périphériques majeurs. Situation d'illettrisme numérique constatée.,1,1,0.18551062957777265,0.6539106264441097,0.16057874397811767
PROD_02914,2026-03-29 10:45:48.236078693,63.5,Bac+5,2.0,G1801,50195,0.0,0,Projet de reconversion à affiner. Besoin d'une formation complémentaire.,1,1,0.16062407612321716,0.5967808294060419,0.2425950944707409
PROD_02915,2026-03-29 11:29:01.080360121,24.5,Bac+5,0.3,D1502,47296,0.0,0,"Profil autonome, recherche active, aucun frein périphérique identifié.",0,0,0.6469450098643217,0.18859400584544406,0.16446098429023426
PROD_02916,2026-03-29 12:12:13.924641548,43.5,Bac,1.0,H2502,53169,0.0,1,"Profil autonome, recherche active, aucun frein périphérique identifié.",0,0,0.608618449812174,0.22220977332748915,0.1691717768603369
PROD_02917,2026-03-29 12:55:26.768922975,21.5,Bac+2,0.8,M1203,27429,1.0,0,"Candidat très dynamique, mobilité nationale validée. Projet clair.",2,2,0.14064690249585748,0.22015798328164393,0.6391951142224986
PROD_02918,2026-03-29 13:38:39.613204402,42.5,Bac+2,1.1,M1602,70393,1.0,1,Cumul de difficultés. Pas de moyen de transport et garde d'enfants complexe.,2,2,0.14901385265189787,0.20481265574399976,0.6461734916041024
PROD_02919,2026-03-29 14:21:52.457485829,62.5,Bac,7.4,A1202,65156,1.0,0,"Perte de confiance importante. Risque d'exclusion, barrière de la langue.",1,1,0.16147103437631805,0.6798447590113459,0.15868420661233607
PROD_02920,2026-03-29 15:05:05.301767256,43.5,Bac+2,7.1,K1304,55493,1.0,0,"Excellente présentation, compétences techniques à jour. Reprise rapide visée.",0,0,0.6206321848085673,0.22216223138997734,0.15720558380145536
PROD_02921,2026-03-29 15:48:18.146048683,44.5,Bac,2.0,M1602,29190,0.0,0,"Perte de confiance importante. Risque d'exclusion, barrière de la langue.",1,1,0.1479482749344496,0.6199732464499075,0.2320784786156429
PROD_02922,2026-03-29 16:31:30.990330111,48.5,Bac,3.1,C1501,59385,0.0,0,"Profil autonome, recherche active, aucun frein périphérique identifié.",2,2,0.2624408447725355,0.13628760476741394,0.6012715504600505
PROD_02923,2026-03-29 17:14:43.834611538,53.5,Bac,3.5,H1206,71015,1.0,0,Problème ponctuel de mobilité géographique. Zone mal desservie.,1,1,0.2435604852999374,0.6277424319378941,0.1286970827621685
PROD_02924,2026-03-29 17:57:56.678892965,45.5,Bac+5,2.1,M1802,21341,1.0,1,"Excellente présentation, compétences techniques à jour. Reprise rapide visée.",0,0,0.6547988532952141,0.2076116891937403,0.13758945751104557
PROD_02925,2026-03-29 18:41:09.523174392,44.5,Bac+5,1.5,A1501,27187,1.0,0,Cumul de difficultés. Pas de moyen de transport et garde d'enfants complexe.,0,0,0.6454216148207996,0.21371669599709212,0.14086168918210826
PROD_02926,2026-03-29 19:24:22.367455819,38.5,Bac,0.6,M1805,47060,0.0,0,"Excellente présentation, compétences techniques à jour. Reprise rapide visée.",0,0,0.6069388381469653,0.15155536877260328,0.24150579308043146
PROD_02927,2026-03-29 20:07:35.211737246,42.5,Bac+2,2.0,C1110,73129,0.0,0,Compétences à réactualiser sur les outils numériques. Motivation correcte.,2,2,0.1306055804519468,0.21715448547820368,0.6522399340698495
PROD_02928,2026-03-29 20:50:48.056018673,48.5,Bac+5,1.7,C1302,69024,1.0,0,"Candidat très dynamique, mobilité nationale validée. Projet clair.",0,0,0.6736554745491076,0.14783469361396673,0.1785098318369257
PROD_02929,2026-03-29 21:34:00.900300101,54.5,Bac+2,0.6,J1506,70176,1.0,1,Problème ponctuel de mobilité géographique. Zone mal desservie.,1,1,0.2526182629660524,0.6029528659296279,0.14442887110431968
PROD_02930,2026-03-29 22:17:13.744581528,63.5,Bac,1.0,K2101,80830,0.0,0,Problème ponctuel de mobilité géographique. Zone mal desservie.,1,1,0.2211764085066942,0.5957521274804845,0.18307146401282137
PROD_02931,2026-03-29 23:00:26.588862955,47.5,Bac,0.2,C1501,45012,1.0,0,Problème ponctuel de mobilité géographique. Zone mal desservie.,1,1,0.24586342047914625,0.5962314083058857,0.15790517121496805
PROD_02932,2026-03-29 23:43:39.433144382,62.5,Bac+5,5.3,M1607,55257,0.0,0,Information non renseignee,1,1,0.2337895818358343,0.5959836996641242,0.17022671850004145
PROD_02933,2026-03-30 00:26:52.277425809,61.5,Bac,9.4,M1203,67292,0.0,0,"Excellente présentation, compétences techniques à jour. Reprise rapide visée.",2,2,0.16588944299680114,0.19374323976918434,0.6403673172340145
PROD_02934,2026-03-30 01:10:05.121707236,62.5,Bac,0.3,J1301,08080,1.0,0,"Candidat très dynamique, mobilité nationale validée. Projet clair.",0,0,0.6759769807291505,0.16507921938157516,0.15894379988927437
PROD_02935,2026-03-30 01:53:17.965988663,54.5,Bac,0.6,G1601,51339,0.0,0,Information non renseignee,1,1,0.19906988578188006,0.6277777007390125,0.17315241347910748
PROD_02936,2026-03-30 02:36:30.810270091,63.5,Sans diplôme,11.9,M1806,58077,1.0,0,"Perte de confiance importante. Risque d'exclusion, barrière de la langue.",2,2,0.1915783383918297,0.15309337712176385,0.6553282844864065
PROD_02937,2026-03-30 03:19:43.654551518,34.5,Bac,2.1,A1203,21295,1.0,0,Compétences à réactualiser sur les outils numériques. Motivation correcte.,1,1,0.18116838015647738,0.616812111351362,0.20201950849216055
PROD_02938,2026-03-30 04:02:56.498832945,29.5,Sans diplôme,0.3,G1602,80622,0.0,0,"Candidat très dynamique, mobilité nationale validée. Projet clair.",0,0,0.6027244164006311,0.1405905318243977,0.25668505177497114
PROD_02939,2026-03-30 04:46:09.343114372,46.5,Bac+2,1.3,A1203,35321,1.0,1,Freins périphériques majeurs. Situation d'illettrisme numérique constatée.,1,1,0.14926503504402283,0.5962429211603971,0.2544920437955801
PROD_02940,2026-03-30 05:29:22.187395799,50.5,Bac+2,0.7,M1602,78209,0.0,0,Cumul de difficultés. Pas de moyen de transport et garde d'enfants complexe.,1,1,0.15927407142921704,0.6859500411227041,0.1547758874480789
PROD_02941,2026-03-30 06:12:35.031677226,40.5,Sans diplôme,4.3,H2502,62200,1.0,0,Compétences à réactualiser sur les outils numériques. Motivation correcte.,1,1,0.1797764389113678,0.6380739852443793,0.18214957584425284
PROD_02942,2026-03-30 06:55:47.875958653,54.5,Bac,0.1,H1206,01031,0.0,0,"Excellente présentation, compétences techniques à jour. Reprise rapide visée.",1,1,0.13801786261059446,0.6799072066162329,0.1820749307731726
PROD_02943,2026-03-30 07:39:00.720240081,52.5,Bac,15.1,N4301,21471,1.0,0,"Candidat très dynamique, mobilité nationale validée. Projet clair.",2,2,0.21932297755358113,0.13199695148170018,0.6486800709647187
PROD_02944,2026-03-30 08:22:13.564521508,49.5,Bac+2,4.1,D1210,02659,1.0,1,Compétences à réactualiser sur les outils numériques. Motivation correcte.,1,1,0.22281160526570065,0.6489977139433015,0.12819068079099782
PROD_02945,2026-03-30 09:05:26.408802935,37.5,Bac,2.0,D1406,63122,1.0,1,"Perte de confiance importante. Risque d'exclusion, barrière de la langue.",1,1,0.20654357142516871,0.6189728724424469,0.17448355613238442
PROD_02946,2026-03-30 09:48:39.253084362,52.5,Bac,0.3,J1301,55007,0.0,0,Problème ponctuel de mobilité géographique. Zone mal desservie.,0,0,0.7267224269098264,0.13914622538065283,0.13413134770952082
PROD_02947,2026-03-30 10:31:52.097365789,36.5,Bac,2.3,K1201,59414,0.0,0,"Profil autonome, recherche active, aucun frein périphérique identifié.",0,0,0.6854026827303568,0.13407383311774837,0.18052348415189487
PROD_02948,2026-03-30 11:15:04.941647216,52.5,Bac+5,0.4,D1406,40224,1.0,0,Problème ponctuel de mobilité géographique. Zone mal desservie.,1,1,0.1585607516596566,0.6322149960485808,0.20922425229176267
PROD_02949,2026-03-30 11:58:17.785928643,44.5,Bac+2,0.4,G1203,70521,1.0,0,"Profil autonome, recherche active, aucun frein périphérique identifié.",1,1,0.2067664392356707,0.6077082109631675,0.18552534980116175
PROD_02950,2026-03-30 12:41:30.630210071,34.5,Sans diplôme,0.1,A1202,21112,1.0,0,"Perte de confiance importante. Risque d'exclusion, barrière de la langue.",1,1,0.16993386092732668,0.6194745755803338,0.21059156349233954
PROD_02951,2026-03-30 13:24:43.474491498,48.5,Sans diplôme,0.4,K2106,44162,0.0,0,Freins périphériques majeurs. Situation d'illettrisme numérique constatée.,2,2,0.16905158124452835,0.21412261513687475,0.616825803618597
PROD_02952,2026-03-30 14:07:56.318772925,40.5,Sans diplôme,4.3,H2502,62200,1.0,0,Compétences à réactualiser sur les outils numériques. Motivation correcte.,1,1,0.2021149070146353,0.6368106092959176,0.1610744836894471
PROD_02953,2026-03-30 14:51:09.163054352,28.5,Bac,0.0,M1602,63443,0.0,1,Problème ponctuel de mobilité géographique. Zone mal desservie.,1,1,0.15282507641437393,0.6296565154455829,0.2175184081400432
PROD_02954,2026-03-30 15:34:22.007335779,47.5,Bac,1.2,N4301,07223,1.0,0,"Excellente présentation, compétences techniques à jour. Reprise rapide visée.",0,0,0.6649660334237139,0.19984907474808922,0.13518489182819693
PROD_02955,2026-03-30 16:17:34.851617206,46.5,Bac,2.3,H2502,58276,0.0,0,"Profil autonome, recherche active, aucun frein périphérique identifié.",0,0,0.6776789511117549,0.1929094622361449,0.12941158665210017
PROD_02956,2026-03-30 17:00:47.695898633,19.5,Bac+2,2.6,W1401,26058,1.0,0,Cumul de difficultés. Pas de moyen de transport et garde d'enfants complexe.,0,0,0.7240874826818567,0.14559491841009134,0.13031759890805192
PROD_02957,2026-03-30 17:44:00.540180061,46.5,Bac+5,1.0,M1802,21036,0.0,0,Compétences à réactualiser sur les outils numériques. Motivation correcte.,0,0,0.7044447599200929,0.13727938046476612,0.15827585961514096
PROD_02958,2026-03-30 18:27:13.384461488,64.5,Bac+2,0.9,M1602,27514,1.0,0,Problème ponctuel de mobilité géographique. Zone mal desservie.,2,2,0.17925415408584705,0.14289289072633882,0.6778529551878142
PROD_02959,2026-03-30 19:10:26.228742915,36.5,Bac,0.4,M1602,55570,0.0,0,Cumul de difficultés. Pas de moyen de transport et garde d'enfants complexe.,2,2,0.17992908543119132,0.17694560734244555,0.6431253072263631
PROD_02960,2026-03-30 19:53:39.073024342,52.5,Bac+5,2.4,N1301,19181,1.0,0,"Perte de confiance importante. Risque d'exclusion, barrière de la langue.",0,0,0.6419531802610219,0.21865435142446746,0.13939246831451066
PROD_02961,2026-03-30 20:36:51.917305769,56.5,Bac+5,4.0,N1101,33015,0.0,0,Freins périphériques majeurs. Situation d'illettrisme numérique constatée.,0,0,0.6458504136057592,0.17408061361994037,0.1800689727743004
PROD_02962,2026-03-30 21:20:04.761587196,50.5,Bac+2,0.7,M1607,51097,1.0,0,Problème ponctuel de mobilité géographique. Zone mal desservie.,1,1,0.19287336996499416,0.6468379108789228,0.160288719156083
PROD_02963,2026-03-30 22:03:17.605868623,38.5,Bac+2,1.8,M1806,50251,0.0,0,"Candidat très dynamique, mobilité nationale validée. Projet clair.",0,0,0.6212757158073178,0.1732923112998812,0.20543197289280102
PROD_02964,2026-03-30 22:46:30.450150051,29.5,Bac,1.3,D1401,41051,1.0,0,Cumul de difficultés. Pas de moyen de transport et garde d'enfants complexe.,0,0,0.6128588702411947,0.23118612681118217,0.15595500294762316
PROD_02965,2026-03-30 23:29:43.294431478,47.5,Bac,4.8,D1401,02518,1.0,1,Compétences à réactualiser sur les outils numériques. Motivation correcte.,1,1,0.2173132459196296,0.641696754831961,0.14098999924840938
PROD_02966,2026-03-31 00:12:56.138712905,23.5,Sans diplôme,0.3,K1903,04200,1.0,0,Cumul de difficultés. Pas de moyen de transport et garde d'enfants complexe.,2,2,0.21066417114455183,0.16671291318245815,0.62262291567299
PROD_02967,2026-03-31 00:56:08.982994332,43.5,Bac,4.7,F1603,39565,1.0,1,"Perte de confiance importante. Risque d'exclusion, barrière de la langue.",1,1,0.21352957956989627,0.6467027373032185,0.13976768312688526
PROD_02968,2026-03-31 01:39:21.827275759,35.5,Bac,1.9,C1201,55503,0.0,0,Projet de reconversion à affiner. Besoin d'une formation complémentaire.,0,0,0.7033925007960059,0.15747119100240545,0.13913630820158865
PROD_02969,2026-03-31 02:22:34.671557186,21.5,Bac,0.3,A1301,54040,0.0,0,Problème ponctuel de mobilité géographique. Zone mal desservie.,1,1,0.13893165549050857,0.6183070577690408,0.2427612867404506
PROD_02970,2026-03-31 03:05:47.515838613,63.5,Bac+5,1.3,C1102,31217,0.0,1,Information non renseignee,0,0,0.7278479166978333,0.13207217423563342,0.14007990906653325
PROD_02971,2026-03-31 03:49:00.360120041,32.5,Bac,1.8,M1801,47014,1.0,0,"Candidat très dynamique, mobilité nationale validée. Projet clair.",0,0,0.6594653928178503,0.14111116153444453,0.19942344564770514
PROD_02972,2026-03-31 04:32:13.204401468,48.5,Bac,5.0,K2106,52395,1.0,0,"Profil autonome, recherche active, aucun frein périphérique identifié.",0,0,0.6133345923212618,0.23306325047119805,0.1536021572075402
PROD_02973,2026-03-31 05:15:26.048682895,28.5,Bac+2,3.8,D1502,31184,1.0,0,Problème ponctuel de mobilité géographique. Zone mal desservie.,1,1,0.17796580208904997,0.6451227281560497,0.17691146975490035
PROD_02974,2026-03-31 05:58:38.892964322,43.5,Bac+2,0.2,M1203,32133,1.0,0,Projet de reconversion à affiner. Besoin d'une formation complémentaire.,1,1,0.23558100449878555,0.6006494148256823,0.16376958067553204
PROD_02975,2026-03-31 06:41:51.737245749,38.5,Bac,0.6,J1301,14089,1.0,0,"Profil autonome, recherche active, aucun frein périphérique identifié.",0,0,0.5983506571203964,0.24444840280664504,0.1572009400729586
PROD_02976,2026-03-31 07:25:04.581527176,50.5,Bac+5,3.6,N4301,34045,0.0,0,Compétences à réactualiser sur les outils numériques. Motivation correcte.,1,1,0.25280159422851434,0.6117034866392296,0.1354949191322561
PROD_02977,2026-03-31 08:08:17.425808603,29.5,Bac+5,3.5,H2502,79115,0.0,0,"Excellente présentation, compétences techniques à jour. Reprise rapide visée.",0,0,0.6512675893307852,0.18337242738689938,0.1653599832823154
PROD_02978,2026-03-31 08:51:30.270090031,36.5,Sans diplôme,3.8,C1302,48158,0.0,0,Compétences à réactualiser sur les outils numériques. Motivation correcte.,1,1,0.1628804422994823,0.6070507764729797,0.23006878122753804
PROD_02979,2026-03-31 09:34:43.114371458,63.5,Bac+2,0.6,G1203,36194,0.0,0,Problème ponctuel de mobilité géographique. Zone mal desservie.,1,1,0.13633617931941236,0.6357732037550787,0.22789061692550894
PROD_02980,2026-03-31 10:17:55.958652885,56.5,Bac,2.5,G1601,86248,1.0,0,Problème ponctuel de mobilité géographique. Zone mal desservie.,1,1,0.15848163287733374,0.6910931884178244,0.15042517870484184
PROD_02981,2026-03-31 11:01:08.802934312,33.5,Bac,0.6,A1401,71248,1.0,0,Cumul de difficultés. Pas de moyen de transport et garde d'enfants complexe.,1,1,0.224451155036141,0.6038908433991501,0.1716580015647089
PROD_02982,2026-03-31 11:44:21.647215739,24.5,Bac+5,1.7,K1403,80390,0.0,0,Cumul de difficultés. Pas de moyen de transport et garde d'enfants complexe.,0,0,0.6634815443144083,0.1502575506177275,0.1862609050678642
PROD_02983,2026-03-31 12:27:34.491497166,49.5,Bac+5,4.1,D1210,02659,1.0,1,Compétences à réactualiser sur les outils numériques. Motivation correcte.,1,1,0.2265404891374242,0.6020219511611289,0.17143755970144692
PROD_02984,2026-03-31 13:10:47.335778593,35.5,Bac,1.9,C1201,55503,0.0,0,Projet de reconversion à affiner. Besoin d'une formation complémentaire.,0,0,0.7190646019506844,0.14978376457580256,0.131151633473513
PROD_02985,2026-03-31 13:54:00.180060021,61.5,Sans diplôme,4.6,M1705,58056,1.0,0,"Profil autonome, recherche active, aucun frein périphérique identifié.",2,2,0.16180121875248837,0.13296302408339467,0.7052357571641169
PROD_02986,2026-03-31 14:37:13.024341448,37.5,Bac+5,12.5,N1303,42191,1.0,0,Problème ponctuel de mobilité géographique. Zone mal desservie.,0,0,0.6951502605858698,0.16333977731681307,0.14150996209731712
PROD_02987,2026-03-31 15:20:25.868622875,23.5,Bac+2,7.0,K1201,2B315,1.0,1,Cumul de difficultés. Pas de moyen de transport et garde d'enfants complexe.,1,1,0.2138253892205015,0.6066101632071342,0.17956444757236423
PROD_02988,2026-03-31 16:03:38.712904302,42.5,Bac,4.0,H1206,02181,1.0,0,"Excellente présentation, compétences techniques à jour. Reprise rapide visée.",0,0,0.6421948351072773,0.2002564181516204,0.15754874674110234
PROD_02989,2026-03-31 16:46:51.557185729,63.5,Sans diplôme,0.5,A1501,28342,1.0,0,Freins périphériques majeurs. Situation d'illettrisme numérique constatée.,1,1,0.19633848627629846,0.618710155212598,0.18495135851110356
PROD_02990,2026-03-31 17:30:04.401467156,27.5,Bac+5,2.3,M1203,71407,0.0,0,"Candidat très dynamique, mobilité nationale validée. Projet clair.",0,0,0.7178097079536326,0.14902878294342997,0.1331615091029374
PROD_02991,2026-03-31 18:13:17.245748583,21.5,Bac,0.3,A1301,54040,0.0,0,Problème ponctuel de mobilité géographique. Zone mal desservie.,1,1,0.1295510039138232,0.6522831315552324,0.21816586453094433
PROD_02992,2026-03-31 18:56:30.090030011,42.5,Bac+2,0.4,M1705,67249,1.0,0,"Profil autonome, recherche active, aucun frein périphérique identifié.",0,0,0.6945517652481185,0.1522981582751524,0.15315007647672915
PROD_02993,2026-03-31 19:39:42.934311438,64.5,Bac+2,0.9,A1301,55142,1.0,0,Projet de reconversion à affiner. Besoin d'une formation complémentaire.,1,1,0.14629457123158793,0.6714663752826684,0.18223905348574365
PROD_02994,2026-03-31 20:22:55.778592865,44.5,Bac,2.0,M1602,29190,0.0,0,"Perte de confiance importante. Risque d'exclusion, barrière de la langue.",1,1,0.21787515148004344,0.6269590923336693,0.15516575618628725
PROD_02995,2026-03-31 21:06:08.622874292,33.5,Bac+2,1.2,G1602,54026,1.0,0,"Excellente présentation, compétences techniques à jour. Reprise rapide visée.",0,0,0.7119195418022843,0.13639664755181677,0.1516838106458989
PROD_02996,2026-03-31 21:49:21.467155719,52.5,Bac,5.3,D1401,88482,1.0,1,Freins périphériques majeurs. Situation d'illettrisme numérique constatée.,2,2,0.15872520223759096,0.15638054039564178,0.6848942573667673
PROD_02997,2026-03-31 22:32:34.311437146,36.5,Bac,1.8,G1602,12030,1.0,0,"Candidat très dynamique, mobilité nationale validée. Projet clair.",2,2,0.13072388249341685,0.2504522691594239,0.6188238483471593
PROD_02998,2026-03-31 23:15:47.155718573,45.5,Bac+5,8.0,N4301,64344,1.0,0,Compétences à réactualiser sur les outils numériques. Motivation correcte.,1,1,0.18580805074329956,0.6800227815367577,0.1341691677199428
PROD_02999,2026-03-31 23:59:00.000000000,28.5,Bac+2,0.3,M1501,11176,1.0,0,Freins périphériques majeurs. Situation d'illettrisme numérique constatée.,2,2,0.13381187615942536,0.2344178875912448,0.6317702362493298
